trade_key,rule_type,ticker,symbol,timeframe,watchlist,side,entry_signal,entry_time_et,entry_time_ms,entry_price,exit_signal,exit_time_et,exit_time_ms,exit_price,qty,position_value,bars_held,pnl_usd,pnl_pct,mfe_usd,mfe_pct,mae_usd,mae_pct,commission,logged_at
flip-only|AGQ|1d|1573223400000|1582554600000,flip-only,AGQ,AMEX:AGQ,1d,Swing 1D,LONG,Swing Low,2019-11-08 09:30,1573223400000,28.57,Flip Short,2020-02-24 09:30,1582554600000,34.62,339,9685.23,71,2029.53,20.9339,2041.26,21.055,484.29,4.9952,21.42,2026-07-25T00:24:22.406Z
flip-only|AGQ|1d|1651152600000|1664976600000,flip-only,AGQ,AMEX:AGQ,1d,Swing 1D,LONG,Swing Low,2022-04-28 09:30,1651152600000,32.58,Flip Short,2022-10-05 09:30,1664976600000,23.57,360,11728.8,110,-3263.81,-27.7995,211.47,1.8012,5418.93,46.1557,20.21,2026-07-25T00:24:22.406Z
flip-only|AGQ|1d|1676385000000|1680701400000,flip-only,AGQ,AMEX:AGQ,1d,Swing 1D,LONG,Swing Low,2023-02-14 09:30,1676385000000,25.7,Flip Short,2023-04-05 09:30,1680701400000,33.22,331,8506.7,35,2469.62,29.0024,2656.04,31.1918,1372.23,16.115,19.5,2026-07-25T00:24:22.406Z
flip-only|AGQ|1d|1687440600000|1700231400000,flip-only,AGQ,AMEX:AGQ,1d,Swing 1D,LONG,Swing Low,2023-06-22 09:30,1687440600000,26.25,Flip Short,2023-11-17 09:30,1700231400000,27.75,418,10972.5,104,604.43,5.5031,2797.99,25.4745,2080.07,18.9382,22.57,2026-07-25T00:24:22.406Z
flip-only|AGQ|1d|1722000600000|1727271000000,flip-only,AGQ,AMEX:AGQ,1d,Swing 1D,LONG,Swing Low,2024-07-26 09:30,1722000600000,33.3,Flip Short,2024-09-25 09:30,1727271000000,42.52,354,11788.2,42,3237.04,27.4326,3620.25,30.6801,1087.95,9.2199,26.84,2026-07-25T00:24:22.406Z
flip-only|GLD|1d|1555507800000|1559655000000,flip-only,GLD,AMEX:GLD,1d,Swing 1D,LONG,Swing Low,2019-04-17 09:30,1555507800000,120.46,Flip Short,2019-06-04 09:30,1559655000000,124.88,82,9877.72,32,342.32,3.4621,390.28,3.9472,85.32,0.8629,20.12,2026-07-25T00:24:31.326Z
flip-only|GLD|1d|1573223400000|1577975400000,flip-only,GLD,AMEX:GLD,1d,Swing 1D,LONG,Swing Low,2019-11-08 09:30,1573223400000,137.73,Flip Short,2020-01-02 09:30,1577975400000,143.86,74,10192.02,36,432.78,4.242,443.43,4.3464,124.15,1.2169,20.84,2026-07-25T00:24:31.326Z
flip-only|GLD|1d|1584365400000|1586871000000,flip-only,GLD,AMEX:GLD,1d,Swing 1D,LONG,Swing Low,2020-03-16 09:30,1584365400000,137.56,Flip Short,2020-04-14 09:30,1586871000000,162.73,75,10317,20,1865.23,18.0611,1877.43,18.1793,118.32,1.1457,22.52,2026-07-25T00:24:31.326Z
flip-only|GLD|1d|1625059800000|1631021400000,flip-only,GLD,AMEX:GLD,1d,Swing 1D,LONG,Swing Low,2021-06-30 09:30,1625059800000,164.57,Flip Short,2021-09-07 09:30,1631021400000,169.56,76,12507.32,47,353.85,2.8263,517.97,4.1372,308.15,2.4613,25.39,2026-07-25T00:24:31.326Z
flip-only|GLD|1d|1651584600000|1668177000000,flip-only,GLD,AMEX:GLD,1d,Swing 1D,LONG,Swing Low,2022-05-03 09:30,1651584600000,173.89,Flip Short,2022-11-11 09:30,1668177000000,163.91,74,12867.86,134,-763.52,-5.9276,262.41,2.0372,1738.55,13.4973,25,2026-07-25T00:24:31.326Z
flip-only|GLD|1d|1687354200000|1697722200000,flip-only,GLD,AMEX:GLD,1d,Swing 1D,LONG,Swing Low,2023-06-21 09:30,1687354200000,179.15,Flip Short,2023-10-19 09:30,1697722200000,181.04,67,12003.05,84,102.5,0.8531,328.36,2.7329,738.95,6.1502,24.13,2026-07-25T00:24:31.326Z
flip-only|IYC|1d|1664199000000|1669991400000,flip-only,IYC,AMEX:IYC,1d,Swing 1D,LONG,Swing Low,2022-09-26 09:30,1664199000000,59.18,Flip Short,2022-12-02 09:30,1669991400000,62.32,167,9883.06,48,504.09,5.0954,709.89,7.1757,537.6,5.4342,20.29,2026-07-25T00:24:40.498Z
flip-only|IYC|1d|1671805800000|1674829800000,flip-only,IYC,AMEX:IYC,1d,Swing 1D,LONG,Swing Low,2022-12-23 09:30,1671805800000,56.48,Flip Short,2023-01-27 09:30,1674829800000,63.7,185,10448.8,22,1313.47,12.5579,1358.55,12.989,167.7,1.6034,22.23,2026-07-25T00:24:40.498Z
flip-only|IYC|1d|1693229400000|1701181800000,flip-only,IYC,AMEX:IYC,1d,Swing 1D,LONG,Swing Low,2023-08-28 09:30,1693229400000,69.01,Flip Short,2023-11-28 09:30,1701181800000,71.13,171,11800.71,64,338.56,2.8661,449.9,3.8087,1048.06,8.8725,23.96,2026-07-25T00:24:40.498Z
flip-only|IYC|1d|1722864600000|1726493400000,flip-only,IYC,AMEX:IYC,1d,Swing 1D,LONG,Swing Low,2024-08-05 09:30,1722864600000,74.59,Flip Short,2024-09-16 09:30,1726493400000,85.42,155,11561.45,29,1653.85,14.2906,1667.09,14.405,44.11,0.3812,24.8,2026-07-25T00:24:40.498Z
flip-only|IYC|1d|1741098600000|1747229400000,flip-only,IYC,AMEX:IYC,1d,Swing 1D,LONG,Swing Low,2025-03-04 09:30,1741098600000,93.35,Flip Short,2025-05-14 09:30,1747229400000,97.12,145,13535.75,50,519.03,3.8307,562.11,4.1487,2288.59,16.8908,27.62,2026-07-25T00:24:40.498Z
flip-only|IYC|1d|1763389800000|1765809000000,flip-only,IYC,AMEX:IYC,1d,Swing 1D,LONG,Swing Low,2025-11-17 09:30,1763389800000,100.38,Flip Short,2025-12-15 09:30,1765809000000,105.03,142,14253.96,19,631.13,4.4233,654.57,4.5876,502.73,3.5235,29.17,2026-07-25T00:24:40.498Z
flip-only|IYC|1d|1770993000000|1776691800000,flip-only,IYC,AMEX:IYC,1d,Swing 1D,LONG,Swing Low,2026-02-13 09:30,1770993000000,101,Flip Short,2026-04-20 09:30,1776691800000,104.64,147,14847,44,504.85,3.397,676.05,4.5489,1045.32,7.0336,30.23,2026-07-25T00:24:40.498Z
flip-only|IYC|1d|1782307800000|1782307800000,flip-only,IYC,AMEX:IYC,1d,Swing 1D,LONG,Swing Low,2026-06-24 09:30,1782307800000,99.68,Margin call,2026-06-24 09:30,1782307800000,99.68,1,99.68,0,-0.2,-0.1998,0,0,0.1,0.0999,0.2,2026-07-25T00:24:40.498Z
flip-only|IYG|1d|1582641000000|1590586200000,flip-only,IYG,AMEX:IYG,1d,Swing 1D,LONG,Swing Low,2020-02-25 09:30,1582641000000,49.45,Flip Short,2020-05-27 09:30,1590586200000,41.3,201,9939.45,64,-1656.39,-16.6482,0.11,0.0011,4158.58,41.7973,18.24,2026-07-25T00:24:49.641Z
flip-only|IYG|1d|1600954200000|1605018600000,flip-only,IYG,AMEX:IYG,1d,Swing 1D,LONG,Swing Low,2020-09-24 09:30,1600954200000,39.07,Flip Short,2020-11-10 09:30,1605018600000,45.73,213,8321.91,33,1400.52,16.8125,1572.14,18.8727,89.26,1.0715,18.06,2026-07-25T00:24:49.641Z
flip-only|IYG|1d|1626787800000|1628515800000,flip-only,IYG,AMEX:IYG,1d,Swing 1D,LONG,Swing Low,2021-07-20 09:30,1626787800000,59.37,Flip Short,2021-08-09 09:30,1628515800000,63.75,163,9677.31,14,693.87,7.1629,738.49,7.6236,24.35,0.2513,20.07,2026-07-25T00:24:49.641Z
flip-only|IYG|1d|1643121000000|1660570200000,flip-only,IYG,AMEX:IYG,1d,Swing 1D,LONG,Swing Low,2022-01-25 09:30,1643121000000,61.21,Flip Short,2022-08-15 09:30,1660570200000,56.13,168,10283.28,139,-873.15,-8.4825,1088.44,10.574,2249.72,21.8556,19.71,2026-07-25T00:24:49.641Z
flip-only|IYG|1d|1664199000000|1668177000000,flip-only,IYG,AMEX:IYG,1d,Swing 1D,LONG,Swing Low,2022-09-26 09:30,1664199000000,48.11,Flip Short,2022-11-11 09:30,1668177000000,55.91,195,9381.45,34,1500.72,15.9807,1511.62,16.0967,455.93,4.8551,20.28,2026-07-25T00:24:49.641Z
flip-only|IYG|1d|1678714200000|1686835800000,flip-only,IYG,AMEX:IYG,1d,Swing 1D,LONG,Swing Low,2023-03-13 09:30,1678714200000,49.25,Flip Short,2023-06-15 09:30,1686835800000,51.66,215,10588.75,66,496.45,4.6838,692.46,6.5331,388.99,3.6699,21.7,2026-07-25T00:24:49.641Z
flip-only|IYG|1d|1695648600000|1700577000000,flip-only,IYG,AMEX:IYG,1d,Swing 1D,LONG,Swing Low,2023-09-25 09:30,1695648600000,52.33,Flip Short,2023-11-21 09:30,1700577000000,54.39,220,11512.6,41,429.72,3.7289,505.49,4.3863,917.91,7.9651,23.48,2026-07-25T00:24:49.641Z
flip-only|IYG|1d|1722951000000|1724679000000,flip-only,IYG,AMEX:IYG,1d,Swing 1D,LONG,Swing Low,2024-08-06 09:30,1722951000000,64.36,Flip Short,2024-08-26 09:30,1724679000000,70.13,186,11970.96,14,1048.2,8.7475,1061.25,8.8563,19.41,0.162,25.02,2026-07-25T00:24:49.641Z
flip-only|IYG|1d|1741699800000|1747229400000,flip-only,IYG,AMEX:IYG,1d,Swing 1D,LONG,Swing Low,2025-03-11 09:30,1741699800000,75.34,Flip Short,2025-05-14 09:30,1747229400000,82.37,172,12958.48,45,1182.03,9.1126,1268.44,9.7787,1622.88,12.5112,27.13,2026-07-25T00:24:49.641Z
flip-only|IYG|1d|1763476200000|1764945000000,flip-only,IYG,AMEX:IYG,1d,Swing 1D,LONG,Swing Low,2025-11-18 09:30,1763476200000,85.51,Flip Short,2025-12-05 09:30,1764945000000,90.26,165,14109.15,12,754.75,5.344,840.59,5.9518,45.46,0.3219,29,2026-07-25T00:24:49.641Z
flip-only|IYG|1d|1770993000000|1781530200000,flip-only,IYG,AMEX:IYG,1d,Swing 1D,LONG,Swing Low,2026-02-13 09:30,1770993000000,87.14,Flip Short,2026-06-15 09:30,1781530200000,90.78,171,14900.94,83,592.02,3.969,607.54,4.0731,1259.78,8.4459,30.42,2026-07-25T00:24:49.641Z
flip-only|JNUG|1d|1555421400000|1561123800000,flip-only,JNUG,AMEX:JNUG,1d,Swing 1D,LONG,Swing Low,2019-04-16 09:30,1555421400000,431,Flip Short,2019-06-21 09:30,1561123800000,572.5,22,9482,46,3090.92,32.5652,3103.52,32.6979,2550.48,26.8713,22.08,2026-07-25T00:24:58.620Z
flip-only|JNUG|1d|1569936600000|1576247400000,flip-only,JNUG,AMEX:JNUG,1d,Swing 1D,LONG,Swing Low,2019-10-01 09:30,1569936600000,565.7,Flip Short,2019-12-13 09:30,1576247400000,657.3,22,12445.4,52,1988.29,15.9602,3184.15,25.5594,933.37,7.4922,26.91,2026-07-25T00:24:58.620Z
flip-only|JNUG|1d|1600954200000|1620653400000,flip-only,JNUG,AMEX:JNUG,1d,Swing 1D,LONG,Swing Low,2020-09-24 09:30,1600954200000,115.22,Flip Short,2021-05-10 09:30,1620653400000,105,126,14517.72,156,-1315.47,-9.0521,4467.3,30.7406,5416.14,37.2698,27.75,2026-07-25T00:24:58.620Z
flip-only|JNUG|1d|1676557800000|1681306200000,flip-only,JNUG,AMEX:JNUG,1d,Swing 1D,LONG,Swing Low,2023-02-16 09:30,1676557800000,32.86,Flip Short,2023-04-12 09:30,1681306200000,48.44,407,13374.02,37,6307.97,47.1187,6327.69,47.266,1747.19,13.051,33.09,2026-07-25T00:24:58.620Z
flip-only|JNUG|1d|1687354200000|1701181800000,flip-only,JNUG,AMEX:JNUG,1d,Swing 1D,LONG,Swing Low,2023-06-21 09:30,1687354200000,32.55,Flip Short,2023-11-28 09:30,1701181800000,32.86,603,19627.65,111,147.49,0.7507,4581.26,23.3175,5923,30.1467,39.44,2026-07-25T00:24:58.620Z
flip-only|JNUG|1d|1722951000000|1726752600000,flip-only,JNUG,AMEX:JNUG,1d,Swing 1D,LONG,Swing Low,2024-08-06 09:30,1722951000000,35.97,Flip Short,2024-09-19 09:30,1726752600000,48.31,556,19999.32,31,6814.18,34.038,8175.44,40.8378,787.28,3.9326,46.86,2026-07-25T00:24:58.620Z
flip-only|MEXX|1d|1559136600000|1571059800000,flip-only,MEXX,AMEX:MEXX,1d,Swing 1D,LONG,Swing Low,2019-05-29 09:30,1559136600000,25.08,Flip Short,2019-10-14 09:30,1571059800000,25.73,398,9981.84,96,238.48,2.3867,1689.48,16.9086,3249.7,32.5236,20.22,2026-07-25T00:25:10.355Z
flip-only|MEXX|1d|1600954200000|1602509400000,flip-only,MEXX,AMEX:MEXX,1d,Swing 1D,LONG,Swing Low,2020-09-24 09:30,1600954200000,4.76,Flip Short,2020-10-12 09:30,1602509400000,7.58,2029,9658.04,12,5696.74,58.9255,5712.12,59.0846,9.66,0.0999,25.04,2026-07-25T00:25:10.355Z
flip-only|MEXX|1d|1694007000000|1701700200000,flip-only,MEXX,AMEX:MEXX,1d,Swing 1D,LONG,Swing Low,2023-09-06 09:30,1694007000000,25.4,Flip Short,2023-12-04 09:30,1701700200000,28.21,618,15697.2,62,1703.45,10.8411,1974.26,12.5646,5590.06,35.5762,33.13,2026-07-25T00:25:10.355Z
flip-only|MIDU|1d|1600954200000|1602250200000,flip-only,MIDU,AMEX:MIDU,1d,Swing 1D,LONG,Swing Low,2020-09-24 09:30,1600954200000,19.32,Flip Short,2020-10-09 09:30,1602250200000,27.09,514,9930.48,11,3969.93,39.9372,3983.85,40.0773,344.03,3.4609,23.85,2026-07-25T00:25:20.338Z
flip-only|MIDU|1d|1664199000000|1669905000000,flip-only,MIDU,AMEX:MIDU,1d,Swing 1D,LONG,Swing Low,2022-09-26 09:30,1664199000000,28.95,Flip Short,2022-12-01 09:30,1669905000000,43.44,474,13722.3,47,6833.95,49.752,6854.54,49.9019,843.22,6.1388,34.31,2026-07-25T00:25:20.338Z
flip-only|MIDU|1d|1763389800000|1765463400000,flip-only,MIDU,AMEX:MIDU,1d,Swing 1D,LONG,Swing Low,2025-11-17 09:30,1763389800000,46.71,Flip Short,2025-12-11 09:30,1765463400000,53.78,442,20645.82,17,3080.52,14.9059,3263.41,15.7909,1775.39,8.5907,44.42,2026-07-25T00:25:20.338Z
flip-only|MIDU|1d|1773149400000|1776778200000,flip-only,MIDU,AMEX:MIDU,1d,Swing 1D,LONG,Swing Low,2026-03-10 09:30,1773149400000,55.55,Flip Short,2026-04-21 09:30,1776778200000,66.74,427,23719.85,29,4725.91,19.904,4754.41,20.024,3490.96,14.7028,52.22,2026-07-25T00:25:20.338Z
flip-only|MSFT|1d|1600695000000|1611585000000,flip-only,MSFT,NASDAQ:MSFT,1d,Swing 1D,LONG,Swing Low,2020-09-21 09:30,1600695000000,197.19,Flip Short,2021-01-25 09:30,1611585000000,229.12,49,9662.31,86,1543.68,15.9604,1601.46,16.5577,49.35,0.5103,20.89,2026-07-25T00:25:29.265Z
flip-only|MSFT|1d|1633095000000|1634650200000,flip-only,MSFT,NASDAQ:MSFT,1d,Swing 1D,LONG,Swing Low,2021-10-01 09:30,1633095000000,282.12,Flip Short,2021-10-19 09:30,1634650200000,308.35,40,11284.8,12,1025.58,9.0791,1037.92,9.1883,86.08,0.7621,23.62,2026-07-25T00:25:29.265Z
flip-only|MSFT|1d|1641565800000|1641565800000,flip-only,MSFT,NASDAQ:MSFT,1d,Swing 1D,LONG,Swing Low,2022-01-07 09:30,1641565800000,314.15,Margin call,2022-01-07 09:30,1641565800000,314.15,1,314.15,0,-0.63,-0.1998,0,0,0.31,0.0999,0.63,2026-07-25T00:25:29.265Z
flip-only|MSFT|1d|1641565800000|1648647000000,flip-only,MSFT,NASDAQ:MSFT,1d,Swing 1D,LONG,Swing Low,2022-01-07 09:30,1641565800000,314.15,Flip Short,2022-03-30 09:30,1648647000000,313.76,39,12251.85,56,-39.7,-0.3237,348.89,2.8448,1734.1,14.1397,24.49,2026-07-25T00:25:29.265Z
flip-only|MSFT|1d|1663335000000|1669905000000,flip-only,MSFT,NASDAQ:MSFT,1d,Swing 1D,LONG,Swing Low,2022-09-16 09:30,1663335000000,244.26,Flip Short,2022-12-01 09:30,1669905000000,253.87,51,12457.26,53,464.71,3.7267,552.11,4.4276,1584.79,12.7091,25.4,2026-07-25T00:25:29.265Z
flip-only|MSFT|1d|1713879000000|1716384600000,flip-only,MSFT,NASDAQ:MSFT,1d,Swing 1D,LONG,Swing Low,2024-04-23 09:30,1713879000000,404.24,Flip Short,2024-05-22 09:30,1716384600000,430.09,32,12935.68,21,800.5,6.1821,906.42,7.0002,531.66,4.1059,26.7,2026-07-25T00:25:29.265Z
flip-only|MSFT|1d|1722864600000|1733409000000,flip-only,MSFT,NASDAQ:MSFT,1d,Swing 1D,LONG,Swing Low,2024-08-05 09:30,1722864600000,389.17,Flip Short,2024-12-05 09:30,1733409000000,437.92,33,12842.61,86,1581.46,12.3018,1725.6,13.4231,131.31,1.0215,27.29,2026-07-25T00:25:29.265Z
flip-only|MSFT|1d|1738679400000|1746192600000,flip-only,MSFT,NASDAQ:MSFT,1d,Swing 1D,LONG,Swing Low,2025-02-04 09:30,1738679400000,412.69,Flip Short,2025-05-02 09:30,1746192600000,431.74,37,15269.53,61,673.61,4.407,883.83,5.7824,2527.57,16.5365,31.24,2026-07-25T00:25:29.265Z
flip-only|MSFT|1d|1763562600000|1776691800000,flip-only,MSFT,NASDAQ:MSFT,1d,Swing 1D,LONG,Swing Low,2025-11-19 09:30,1763562600000,490.1,Flip Short,2026-04-20 09:30,1776691800000,421.15,32,15683.2,102,-2235.56,-14.2402,147.2,0.9376,4297.92,27.3773,29.16,2026-07-25T00:25:29.265Z
flip-only|URTY|1d|1600954200000|1602077400000,flip-only,URTY,AMEX:URTY,1d,Swing 1D,LONG,Swing Low,2020-09-24 09:30,1600954200000,32.29,Flip Short,2020-10-07 09:30,1602077400000,42.88,308,9945.32,9,3238.57,32.5312,3840.05,38.5731,404.19,4.06,23.15,2026-07-25T00:25:38.460Z
flip-only|URTY|1d|1664199000000|1675261800000,flip-only,URTY,AMEX:URTY,1d,Swing 1D,LONG,Swing Low,2022-09-26 09:30,1664199000000,34.77,Flip Short,2023-02-01 09:30,1675261800000,48.51,374,13003.98,88,5107.61,39.2381,5380.08,41.3312,966.7,7.4265,31.15,2026-07-25T00:25:38.460Z
flip-only|URTY|1d|1734964200000|1749562200000,flip-only,URTY,AMEX:URTY,1d,Swing 1D,LONG,Swing Low,2024-12-23 09:30,1734964200000,49.97,Flip Short,2025-06-10 09:30,1749562200000,38.76,362,18089.14,114,-4090.14,-22.5884,1784.67,9.8561,10450.93,57.7169,32.12,2026-07-25T00:25:38.460Z
flip-only|URTY|1d|1763130600000|1765463400000,flip-only,URTY,AMEX:URTY,1d,Swing 1D,LONG,Swing Low,2025-11-14 09:30,1763130600000,46.09,Flip Short,2025-12-11 09:30,1765463400000,58.94,295,13596.55,18,3759.77,27.6247,4151.8,30.5052,827.8,6.0822,30.98,2026-07-25T00:25:38.460Z
flip-only|URTY|1d|1773149400000|1776691800000,flip-only,URTY,AMEX:URTY,1d,Swing 1D,LONG,Swing Low,2026-03-10 09:30,1773149400000,55.48,Flip Short,2026-04-20 09:30,1776691800000,69.33,321,17809.08,28,4405.79,24.7143,5131.03,28.7825,3012.74,16.9,40.06,2026-07-25T00:25:38.460Z
flip-only|XLI|1d|1565875800000|1568381400000,flip-only,XLI,AMEX:XLI,1d,Swing 1D,LONG,Swing Low,2019-08-15 09:30,1565875800000,73.09,Flip Short,2019-09-13 09:30,1568381400000,79.28,136,9940.24,20,821.12,8.2523,834.62,8.388,132.34,1.33,20.72,2026-07-25T00:25:47.496Z
flip-only|XLI|1d|1582727400000|1582727400000,flip-only,XLI,AMEX:XLI,1d,Swing 1D,LONG,Swing Low,2020-02-26 09:30,1582727400000,78.39,Margin call,2020-02-26 09:30,1582727400000,78.39,1,78.39,0,-0.16,-0.1998,0,0,0.08,0.0999,0.16,2026-07-25T00:25:47.496Z
flip-only|XLI|1d|1582727400000|1590586200000,flip-only,XLI,AMEX:XLI,1d,Swing 1D,LONG,Swing Low,2020-02-26 09:30,1582727400000,78.39,Flip Short,2020-05-27 09:30,1590586200000,67.96,137,10739.43,63,-1448.96,-13.4785,126.26,1.1745,4213.9,39.1984,20.05,2026-07-25T00:25:47.496Z
flip-only|XLI|1d|1626787800000|1628861400000,flip-only,XLI,AMEX:XLI,1d,Swing 1D,LONG,Swing Low,2021-07-20 09:30,1626787800000,100.08,Flip Short,2021-08-13 09:30,1628861400000,105.34,93,9307.44,18,470.08,5.0455,516.14,5.5399,22.33,0.2396,19.1,2026-07-25T00:25:47.496Z
flip-only|XLI|1d|1632231000000|1632231000000,flip-only,XLI,AMEX:XLI,1d,Swing 1D,LONG,Swing Low,2021-09-21 09:30,1632231000000,99.34,Margin call,2021-09-21 09:30,1632231000000,99.34,1,99.34,0,-0.2,-0.1998,0,0,0.1,0.0999,0.2,2026-07-25T00:25:47.496Z
flip-only|XLI|1d|1632231000000|1635255000000,flip-only,XLI,AMEX:XLI,1d,Swing 1D,LONG,Swing Low,2021-09-21 09:30,1632231000000,99.34,Flip Short,2021-10-26 09:30,1635255000000,104.93,98,9735.32,25,527.8,5.4161,588.06,6.0345,192.02,1.9704,20.02,2026-07-25T00:25:47.496Z
flip-only|XLI|1d|1643121000000|1648733400000,flip-only,XLI,AMEX:XLI,1d,Swing 1D,LONG,Swing Low,2022-01-25 09:30,1643121000000,100.01,Flip Short,2022-03-31 09:30,1648733400000,104.32,101,10101.01,46,414.67,4.1012,517.12,5.1144,677.71,6.7026,20.64,2026-07-25T00:25:47.496Z
flip-only|XLI|1d|1664199000000|1668004200000,flip-only,XLI,AMEX:XLI,1d,Swing 1D,LONG,Swing Low,2022-09-26 09:30,1664199000000,84.49,Flip Short,2022-11-09 09:30,1668004200000,96.35,127,10730.23,32,1483.25,13.8093,1626.3,15.1411,231.71,2.1573,22.97,2026-07-25T00:25:47.496Z
flip-only|XLI|1d|1678973400000|1686231000000,flip-only,XLI,AMEX:XLI,1d,Swing 1D,LONG,Swing Low,2023-03-16 09:30,1678973400000,96.4,Flip Short,2023-06-08 09:30,1686231000000,102.31,126,12146.4,58,719.62,5.9187,764.01,6.2838,164.61,1.3538,25.04,2026-07-25T00:25:47.496Z
flip-only|XLI|1d|1694525400000|1700577000000,flip-only,XLI,AMEX:XLI,1d,Swing 1D,LONG,Swing Low,2023-09-12 09:30,1694525400000,105.12,Flip Short,2023-11-21 09:30,1700577000000,105.76,122,12824.64,50,52.35,0.4078,120.16,0.936,1110.82,8.653,25.73,2026-07-25T00:25:47.496Z
flip-only|XLI|1d|1718631000000|1721223000000,flip-only,XLI,AMEX:XLI,1d,Swing 1D,LONG,Swing Low,2024-06-17 09:30,1718631000000,120.73,Flip Short,2024-07-17 09:30,1721223000000,127.63,107,12918.11,20,711.73,5.504,798.14,6.1723,64.28,0.4971,26.57,2026-07-25T00:25:47.496Z
flip-only|XLI|1d|1722951000000|1724679000000,flip-only,XLI,AMEX:XLI,1d,Swing 1D,LONG,Swing Low,2024-08-06 09:30,1722951000000,121.31,Flip Short,2024-08-26 09:30,1724679000000,129.56,113,13708.03,14,903.9,6.5874,920.8,6.7105,73.6,0.5364,28.35,2026-07-25T00:25:47.496Z
flip-only|XLI|1d|1734618600000|1747143000000,flip-only,XLI,AMEX:XLI,1d,Swing 1D,LONG,Swing Low,2024-12-19 09:30,1734618600000,133.08,Flip Short,2025-05-13 09:30,1747143000000,140.75,110,14638.8,97,813.58,5.5521,955.56,6.5211,2250.94,15.3612,30.12,2026-07-25T00:25:47.496Z
flip-only|XLI|1d|1763562600000|1765549800000,flip-only,XLI,AMEX:XLI,1d,Swing 1D,LONG,Swing Low,2025-11-19 09:30,1763562600000,150,Flip Short,2025-12-12 09:30,1765549800000,158.22,103,15450,16,814.91,5.2693,831.21,5.3746,311.06,2.0113,31.75,2026-07-25T00:25:47.496Z
flip-only|NVDA|1d|1774877400000|1776346200000,flip-only,NVDA,NASDAQ:NVDA,1d,Swing 1D,LONG,Swing Low,2026-03-30 09:30,1774877400000,168.78,Flip Short,2026-04-16 09:30,1776346200000,197.43,59,9958.02,12,1668.74,16.741,1855.62,18.6158,276.05,2.7693,21.61,2026-07-25T00:25:56.494Z
flip-only|INTL|1d|1478179800000|1478179800000,flip-only,INTL,CBOE:INTL,1d,Swing 1D,LONG,Swing Low,2016-11-03 09:30,1478179800000,34.81,Margin call,2016-11-03 09:30,1478179800000,34.81,1,34.81,0,-0.07,-0.1998,0,0,0.03,0.0999,0.07,2026-07-25T00:26:05.450Z
flip-only|INTL|1d|1478179800000|1479479400000,flip-only,INTL,CBOE:INTL,1d,Swing 1D,LONG,Swing Low,2016-11-03 09:30,1478179800000,34.81,Flip Short,2016-11-18 09:30,1479479400000,39.21,286,9955.66,11,1237.23,12.415,1448.64,14.5364,58.58,0.5878,21.17,2026-07-25T00:26:05.450Z
flip-only|INTL|1d|1490275800000|1497965400000,flip-only,INTL,CBOE:INTL,1d,Swing 1D,LONG,Swing Low,2017-03-23 09:30,1490275800000,36.22,Flip Short,2017-06-20 09:30,1497965400000,38.83,309,11191.98,61,783.3,6.9918,962.16,8.5883,867.12,7.74,23.19,2026-07-25T00:26:05.450Z
flip-only|INTL|1d|1518013800000|1520861400000,flip-only,INTL,CBOE:INTL,1d,Swing 1D,LONG,Swing Low,2018-02-07 09:30,1518013800000,40.23,Flip Short,2018-03-12 09:30,1520861400000,45.59,296,11908.08,22,1561.16,13.097,1583.53,13.2847,500.31,4.1972,25.4,2026-07-25T00:26:05.450Z
flip-only|INTL|1d|1557408600000|1564061400000,flip-only,INTL,CBOE:INTL,1d,Swing 1D,LONG,Swing Low,2019-05-09 09:30,1557408600000,36.98,Flip Short,2019-07-25 09:30,1564061400000,40.9,361,13349.78,53,1387.01,10.3793,1419.82,10.6249,1053.03,7.8801,28.11,2026-07-25T00:26:05.450Z
flip-only|INTL|1d|1573741800000|1576506600000,flip-only,INTL,CBOE:INTL,1d,Swing 1D,LONG,Swing Low,2019-11-14 09:30,1573741800000,38.57,Flip Short,2019-12-16 09:30,1576506600000,45,386,14888.02,21,2449.72,16.4379,2467.09,16.5544,219.47,1.4727,32.26,2026-07-25T00:26:05.450Z
flip-only|INTL|1d|1582900200000|1590067800000,flip-only,INTL,CBOE:INTL,1d,Swing 1D,LONG,Swing Low,2020-02-28 09:30,1582900200000,44.52,Flip Short,2020-05-21 09:30,1590067800000,42.81,378,16828.56,58,-679.39,-4.0331,916.83,5.4426,6257.61,37.1473,33.01,2026-07-25T00:26:05.450Z
flip-only|INTL|1d|1670250600000|1686144600000,flip-only,INTL,CBOE:INTL,1d,Swing 1D,LONG,Swing Low,2022-12-05 09:30,1670250600000,20.07,Flip Short,2023-06-07 09:30,1686144600000,21.1,827,16597.89,126,817.76,4.922,1132.93,6.8189,876.68,5.2766,34.05,2026-07-25T00:26:05.450Z
flip-only|INTL|1d|1692624600000|1692624600000,flip-only,INTL,CBOE:INTL,1d,Swing 1D,LONG,Swing Low,2023-08-21 09:30,1692624600000,20.46,Margin call,2023-08-21 09:30,1692624600000,20.46,1,20.46,0,-0.04,-0.1998,0,0,0.02,0.0999,0.04,2026-07-25T00:26:05.450Z
flip-only|INTL|1d|1692624600000|1700058600000,flip-only,INTL,CBOE:INTL,1d,Swing 1D,LONG,Swing Low,2023-08-21 09:30,1692624600000,20.46,Flip Short,2023-11-15 09:30,1700058600000,20.92,857,17534.22,61,358.76,2.044,445.25,2.5368,1234.47,7.0333,35.46,2026-07-25T00:26:05.450Z
flip-only|INTL|1d|1722605400000|1727271000000,flip-only,INTL,CBOE:INTL,1d,Swing 1D,LONG,Swing Low,2024-08-02 09:30,1722605400000,22.13,Flip Short,2024-09-25 09:30,1727271000000,23.58,801,17726.13,37,1124.84,6.3393,1175.76,6.6263,1059.03,5.9684,36.61,2026-07-25T00:26:05.450Z
flip-only|INTL|1d|1731508200000|1739889000000,flip-only,INTL,CBOE:INTL,1d,Swing 1D,LONG,Swing Low,2024-11-13 09:30,1731508200000,22.64,Flip Short,2025-02-18 09:30,1739889000000,23.88,839,18994.96,63,1001.33,5.2663,1021.37,5.3717,841.21,4.4242,39.03,2026-07-25T00:26:05.450Z
flip-only|INTL|1d|1744032600000|1744291800000,flip-only,INTL,CBOE:INTL,1d,Swing 1D,LONG,Swing Low,2025-04-07 09:30,1744032600000,20.83,Flip Short,2025-04-10 09:30,1744291800000,21.73,929,19351.07,3,796.56,4.1123,3334.34,17.2136,400.24,2.0662,39.54,2026-07-25T00:26:05.450Z
flip-only|INTL|1d|1774013400000|1776691800000,flip-only,INTL,CBOE:INTL,1d,Swing 1D,LONG,Swing Low,2026-03-20 09:30,1774013400000,27.93,Flip Short,2026-04-20 09:30,1776691800000,30.59,740,20668.2,20,1925.1,9.305,2177.13,10.5232,546.07,2.6394,43.3,2026-07-25T00:26:05.450Z
flip-only|MU|1d|1558359000000|1562851800000,flip-only,MU,NASDAQ:MU,1d,Swing 1D,LONG,Swing Low,2019-05-20 09:30,1558359000000,34.75,Flip Short,2019-07-11 09:30,1562851800000,43.22,277,9625.75,36,2324.59,24.1256,2552.62,26.4922,732.6,7.6032,21.6,2026-07-25T00:26:14.551Z
flip-only|MU|1d|1582900200000|1591363800000,flip-only,MU,NASDAQ:MU,1d,Swing 1D,LONG,Swing Low,2020-02-28 09:30,1582900200000,48.65,Flip Short,2020-06-05 09:30,1591363800000,52.66,243,11821.95,68,949.81,8.0263,1679.46,14.1921,4269.18,36.0763,24.62,2026-07-25T00:26:14.551Z
flip-only|MU|1d|1597411800000|1602682200000,flip-only,MU,NASDAQ:MU,1d,Swing 1D,LONG,Swing Low,2020-08-14 09:30,1597411800000,45.6,Flip Short,2020-10-14 09:30,1602682200000,52.01,287,13087.2,42,1811.66,13.8291,2038.96,15.5643,974.54,7.4391,28.01,2026-07-25T00:26:14.551Z
flip-only|MU|1d|1620826200000|1636554600000,flip-only,MU,NASDAQ:MU,1d,Swing 1D,LONG,Swing Low,2021-05-12 09:30,1620826200000,79.14,Flip Short,2021-11-10 09:30,1636554600000,74.16,186,14720.04,127,-954.79,-6.4799,1216.6,8.2567,2520.14,17.1034,28.51,2026-07-25T00:26:14.551Z
flip-only|MU|1d|1671805800000|1680183000000,flip-only,MU,NASDAQ:MU,1d,Swing 1D,LONG,Swing Low,2022-12-23 09:30,1671805800000,49,Flip Short,2023-03-30 09:30,1680183000000,64.03,285,13965,65,4251.34,30.4124,4380.73,31.338,150.76,1.0785,32.21,2026-07-25T00:26:14.551Z
flip-only|MU|1d|1721395800000|1749043800000,flip-only,MU,NASDAQ:MU,1d,Swing 1D,LONG,Swing Low,2024-07-19 09:30,1721395800000,116.69,Flip Short,2025-06-04 09:30,1749043800000,102.38,156,18203.64,219,-2266.53,-12.4386,62.92,0.3453,8621.6,47.3147,34.17,2026-07-25T00:26:14.551Z
flip-only|MU|1d|1774963800000|1776951000000,flip-only,MU,NASDAQ:MU,1d,Swing 1D,LONG,Swing Low,2026-03-31 09:30,1774963800000,321.67,Flip Short,2026-04-23 09:30,1776951000000,482.28,50,16083.5,16,7990.3,49.6305,8499.42,52.7928,525.08,3.2615,40.2,2026-07-25T00:26:14.551Z
flip-only|PLTR|1d|1615213800000|1624541400000,flip-only,PLTR,NASDAQ:PLTR,1d,Swing 1D,LONG,Swing Low,2021-03-08 09:30,1615213800000,23.77,Flip Short,2021-06-24 09:30,1624541400000,26.49,417,9912.09,76,1113.28,11.2203,1532.99,15.4504,2807.98,28.3006,20.96,2026-07-25T00:26:23.653Z
flip-only|PLTR|1d|1652103000000|1658496600000,flip-only,PLTR,NASDAQ:PLTR,1d,Swing 1D,LONG,Swing Low,2022-05-09 09:30,1652103000000,7.78,Flip Short,2022-07-22 09:30,1658496600000,10.35,1171,9110.38,51,2988.24,32.7676,3480.47,38.1652,1578.25,17.3063,21.23,2026-07-25T00:26:23.653Z
flip-only|PLTR|1d|1713533400000|1718890200000,flip-only,PLTR,NASDAQ:PLTR,1d,Swing 1D,LONG,Swing Low,2024-04-19 09:30,1713533400000,20.98,Flip Short,2024-06-20 09:30,1718890200000,26.44,666,13972.68,42,3604.78,25.773,3622.39,25.8989,446.87,3.195,31.58,2026-07-25T00:26:23.653Z
flip-only|PLTR|1d|1744032600000|1746192600000,flip-only,PLTR,NASDAQ:PLTR,1d,Swing 1D,LONG,Swing Low,2025-04-07 09:30,1744032600000,66.65,Flip Short,2025-05-02 09:30,1746192600000,118.66,239,15929.35,18,12386.1,77.6788,12780.13,80.1499,142.6,0.8943,44.29,2026-07-25T00:26:23.653Z
flip-only|AAPL|1d|1582900200000|1588944600000,flip-only,AAPL,NASDAQ:AAPL,1d,Swing 1D,LONG,Swing Low,2020-02-28 09:30,1582900200000,64.32,Flip Short,2020-05-08 09:30,1588944600000,76.41,146,9390.72,49,1744.59,18.5593,1755.75,18.678,1640.21,17.4488,20.55,2026-07-25T00:26:32.636Z
flip-only|AAPL|1d|1614177000000|1619789400000,flip-only,AAPL,NASDAQ:AAPL,1d,Swing 1D,LONG,Swing Low,2021-02-24 09:30,1614177000000,124.94,Flip Short,2021-04-30 09:30,1619789400000,131.78,93,11619.42,46,612.25,5.2639,1116.47,9.5991,823.51,7.0803,23.87,2026-07-25T00:26:32.636Z
flip-only|AAPL|1d|1645799400000|1648647000000,flip-only,AAPL,NASDAQ:AAPL,1d,Swing 1D,LONG,Swing Low,2022-02-25 09:30,1645799400000,163.84,Flip Short,2022-03-30 09:30,1648647000000,178.55,75,12288,23,1077.57,8.7605,1125.46,9.1499,1042.79,8.4778,25.68,2026-07-25T00:26:32.636Z
flip-only|AAPL|1d|1652362200000|1658755800000,flip-only,AAPL,NASDAQ:AAPL,1d,Swing 1D,LONG,Swing Low,2022-05-12 09:30,1652362200000,142.77,Flip Short,2022-07-25 09:30,1658755800000,154.01,91,12992.07,49,995.83,7.6573,1216.42,9.3534,1262.42,9.7072,27.01,2026-07-25T00:26:32.636Z
flip-only|AAPL|1d|1664458200000|1675693800000,flip-only,AAPL,NASDAQ:AAPL,1d,Swing 1D,LONG,Swing Low,2022-09-29 09:30,1664458200000,146.1,Flip Short,2023-02-06 09:30,1675693800000,152.57,96,14025.6,88,592.45,4.2198,1080.37,7.6952,2119.31,15.0952,28.67,2026-07-25T00:26:32.636Z
flip-only|AAPL|1d|1692019800000|1700145000000,flip-only,AAPL,NASDAQ:AAPL,1d,Swing 1D,LONG,Swing Low,2023-08-14 09:30,1692019800000,177.97,Flip Short,2023-11-16 09:30,1700145000000,189.57,84,14949.48,67,943.53,6.3051,993.89,6.6417,1048.15,7.0043,30.87,2026-07-25T00:26:32.636Z
flip-only|AAPL|1d|1737556200000|1751895000000,flip-only,AAPL,NASDAQ:AAPL,1d,Swing 1D,LONG,Swing Low,2025-01-22 09:30,1737556200000,219.79,Flip Short,2025-07-07 09:30,1751895000000,212.68,71,15605.09,113,-535.52,-3.4282,2129.3,13.6313,3606.79,23.0898,30.71,2026-07-25T00:26:32.636Z
flip-only|AAPL|1d|1767882600000|1777901400000,flip-only,AAPL,NASDAQ:AAPL,1d,Swing 1D,LONG,Swing Low,2026-01-08 09:30,1767882600000,257.02,Flip Short,2026-05-04 09:30,1777901400000,279.65,59,15164.18,79,1303.51,8.5874,1766.64,11.6384,817.56,5.386,31.66,2026-07-25T00:26:32.636Z
flip-only|DXYZ|1d|1740493800000|1748352600000,flip-only,DXYZ,NYSE:DXYZ,1d,Swing 1D,LONG,Swing Low,2025-02-25 09:30,1740493800000,44.02,Flip Short,2025-05-27 09:30,1748352600000,49.09,223,9816.46,63,1109.85,11.2947,1120.79,11.4061,4208.91,42.8332,20.76,2026-07-25T00:26:46.449Z
flip-only|WQTM|1d|1774013400000|1776259800000,flip-only,WQTM,CBOE:WQTM,1d,Swing 1D,LONG,Swing Low,2026-03-20 09:30,1774013400000,25.54,Flip Short,2026-04-15 09:30,1776259800000,29.28,391,9986.14,17,1440.91,14.4146,1452.35,14.5292,932.75,9.3311,21.43,2026-07-25T00:27:12.027Z
flip-only|QTUM|1d|1558704600000|1563888600000,flip-only,QTUM,NASDAQ:QTUM,1d,Swing 1D,LONG,Swing Low,2019-05-24 09:30,1558704600000,23.15,Flip Short,2019-07-23 09:30,1563888600000,25.63,431,9977.65,40,1047.86,10.4915,1058.9,10.6021,139.28,1.3945,21.02,2026-07-25T00:27:22.168Z
flip-only|QTUM|1d|1641911400000|1669905000000,flip-only,QTUM,NASDAQ:QTUM,1d,Swing 1D,LONG,Swing Low,2022-01-11 09:30,1641911400000,53.75,Flip Short,2022-12-01 09:30,1669905000000,42.39,205,11018.75,224,-2348.51,-21.2925,321.08,2.911,4121.27,37.365,19.71,2026-07-25T00:27:22.168Z
flip-only|QTUM|1d|1741185000000|1741185000000,flip-only,QTUM,NASDAQ:QTUM,1d,Swing 1D,LONG,Swing Low,2025-03-05 09:30,1741185000000,78.36,Margin call,2025-03-05 09:30,1741185000000,78.36,1,78.36,0,-0.16,-0.1998,0,0,0.08,0.0999,0.16,2026-07-25T00:27:22.168Z
flip-only|QTUM|1d|1741185000000|1747143000000,flip-only,QTUM,NASDAQ:QTUM,1d,Swing 1D,LONG,Swing Low,2025-03-05 09:30,1741185000000,78.36,Flip Short,2025-05-13 09:30,1747143000000,82.91,110,8619.6,48,482.76,5.5951,568.88,6.5933,1731.22,20.0646,17.74,2026-07-25T00:27:22.168Z
flip-only|QTUM|1d|1773063000000|1776259800000,flip-only,QTUM,NASDAQ:QTUM,1d,Swing 1D,LONG,Swing Low,2026-03-09 09:30,1773063000000,108.02,Flip Short,2026-04-15 09:30,1776259800000,122.43,83,8965.66,26,1176.9,13.1137,1187.06,13.2269,557.6,6.213,19.13,2026-07-25T00:27:22.168Z
flip-only|WTAI|1d|1663939800000|1674570600000,flip-only,WTAI,CBOE:WTAI,1d,Swing 1D,LONG,Swing Low,2022-09-23 09:30,1663939800000,14.47,Flip Short,2023-01-24 09:30,1674570600000,16.16,672,9723.84,82,1115.1,11.4562,1199.88,12.3272,668.28,6.8658,20.58,2026-07-25T00:27:31.898Z
flip-only|WTAI|1d|1692019800000|1700145000000,flip-only,WTAI,CBOE:WTAI,1d,Swing 1D,LONG,Swing Low,2023-08-14 09:30,1692019800000,18,Flip Short,2023-11-16 09:30,1700145000000,18.19,614,11052,67,94.44,0.8536,480.15,4.3401,1398.69,12.6429,22.22,2026-07-25T00:27:31.898Z
flip-only|WTAI|1d|1740753000000|1747229400000,flip-only,WTAI,CBOE:WTAI,1d,Swing 1D,LONG,Swing Low,2025-02-28 09:30,1740753000000,21.18,Flip Short,2025-05-14 09:30,1747229400000,22.27,524,11098.32,52,548.39,4.9363,560.06,5.0413,2851.18,25.6645,22.77,2026-07-25T00:27:31.898Z
flip-only|FAS|1d|1600954200000|1605018600000,flip-only,FAS,AMEX:FAS,1d,Swing 1D,LONG,Swing Low,2020-09-24 09:30,1600954200000,30.61,Flip Short,2020-11-10 09:30,1605018600000,46.9,325,9948.25,33,5269.06,52.9118,5944.05,59.69,315.45,3.1677,25.19,2026-07-25T00:27:49.971Z
flip-only|FAS|1d|1626787800000|1628775000000,flip-only,FAS,AMEX:FAS,1d,Swing 1D,LONG,Swing Low,2021-07-20 09:30,1626787800000,94.85,Flip Short,2021-08-12 09:30,1628775000000,127.19,160,15176,17,5138.87,33.828,5159.22,33.962,138.38,0.9109,35.53,2026-07-25T00:27:49.971Z
flip-only|FAS|1d|1643121000000|1660743000000,flip-only,FAS,AMEX:FAS,1d,Swing 1D,LONG,Swing Low,2022-01-25 09:30,1643121000000,115.93,Flip Short,2022-08-17 09:30,1660743000000,87.93,168,19476.24,141,-4738.25,-24.304,5677.4,29.1213,10033.96,51.4675,34.25,2026-07-25T00:27:49.971Z
flip-only|FAS|1d|1664199000000|1668177000000,flip-only,FAS,AMEX:FAS,1d,Swing 1D,LONG,Swing Low,2022-09-26 09:30,1664199000000,57.1,Flip Short,2022-11-11 09:30,1668177000000,84.99,267,15245.7,34,7408.69,48.5467,7431.38,48.6954,2012.41,13.1866,37.94,2026-07-25T00:27:49.971Z
flip-only|FAS|1d|1678458600000|1688563800000,flip-only,FAS,AMEX:FAS,1d,Swing 1D,LONG,Swing Low,2023-03-10 09:30,1678458600000,64.47,Flip Short,2023-07-05 09:30,1688563800000,63.4,345,22242.15,79,-413.27,-1.8562,1112.81,4.9982,5407.69,24.2885,44.12,2026-07-25T00:27:49.971Z
flip-only|FAS|1d|1695735000000|1701095400000,flip-only,FAS,AMEX:FAS,1d,Swing 1D,LONG,Swing Low,2023-09-26 09:30,1695735000000,60.58,Flip Short,2023-11-27 09:30,1701095400000,68.26,365,22111.7,43,2756.17,12.4523,3167.99,14.3129,4347.36,19.6413,47.03,2026-07-25T00:27:49.971Z
flip-only|FAS|1d|1741699800000|1751290200000,flip-only,FAS,AMEX:FAS,1d,Swing 1D,LONG,Swing Low,2025-03-11 09:30,1741699800000,141.61,Flip Short,2025-06-30 09:30,1751290200000,167.2,178,25206.58,76,4500.05,17.8349,4921.41,19.5048,8738.31,34.6321,54.97,2026-07-25T00:27:49.971Z
flip-only|BE|1d|1559136600000|1573482600000,flip-only,BE,NYSE:BE,1d,Swing 1D,LONG,Swing Low,2019-05-29 09:30,1559136600000,11.15,Flip Short,2019-11-11 09:30,1573482600000,5.3,886,9878.9,116,-5197.68,-52.5613,1895.02,19.1633,7726.94,78.1385,14.57,2026-07-25T00:27:59.056Z
flip-only|BE|1d|1629466200000|1635255000000,flip-only,BE,NYSE:BE,1d,Swing 1D,LONG,Swing Low,2021-08-20 09:30,1629466200000,19.5,Flip Short,2021-10-26 09:30,1635255000000,26.96,245,4777.5,46,1816.32,37.9802,2109.57,44.1123,661.38,13.8298,11.38,2026-07-25T00:27:59.056Z
flip-only|BE|1d|1641565800000|1646145000000,flip-only,BE,NYSE:BE,1d,Swing 1D,LONG,Swing Low,2022-01-07 09:30,1641565800000,19.42,Flip Short,2022-03-01 09:30,1646145000000,22.09,339,6583.38,35,891.06,13.5214,1356.2,20.5797,2335.51,35.4405,14.07,2026-07-25T00:27:59.056Z
flip-only|BE|1d|1652103000000|1659101400000,flip-only,BE,NYSE:BE,1d,Swing 1D,LONG,Swing Low,2022-05-09 09:30,1652103000000,14.59,Flip Short,2022-07-29 09:30,1659101400000,20,495,7222.05,56,2660.83,36.8063,3670.63,50.7745,1551.62,21.463,17.12,2026-07-25T00:27:59.056Z
flip-only|BE|1d|1665149400000|1671028200000,flip-only,BE,NYSE:BE,1d,Swing 1D,LONG,Swing Low,2022-10-07 09:30,1665149400000,18.36,Flip Short,2022-12-14 09:30,1671028200000,22.51,532,9767.52,47,2186.06,22.3585,2618.31,26.7795,1435.53,14.6823,21.74,2026-07-25T00:27:59.056Z
flip-only|BE|1d|1678973400000|1689255000000,flip-only,BE,NYSE:BE,1d,Swing 1D,LONG,Swing Low,2023-03-16 09:30,1678973400000,18.73,Flip Short,2023-07-13 09:30,1689255000000,17.9,652,12211.96,81,-565.04,-4.6223,1220.07,9.9808,4185.01,34.2355,23.88,2026-07-25T00:27:59.056Z
flip-only|BE|1d|1692365400000|1701441000000,flip-only,BE,NYSE:BE,1d,Swing 1D,LONG,Swing Low,2023-08-18 09:30,1692365400000,14.13,Flip Short,2023-12-01 09:30,1701441000000,14.32,815,11515.95,73,131.66,1.1422,1414.73,12.2727,3776.82,32.7636,23.19,2026-07-25T00:27:59.056Z
flip-only|BE|1d|1707229800000|1712755800000,flip-only,BE,NYSE:BE,1d,Swing 1D,LONG,Swing Low,2024-02-06 09:30,1707229800000,10.95,Flip Short,2024-04-10 09:30,1712755800000,11.16,1079,11815.05,44,202.73,1.7142,1671.42,14.1324,2752.47,23.2731,23.86,2026-07-25T00:27:59.056Z
flip-only|BE|1d|1774877400000|1776259800000,flip-only,BE,NYSE:BE,1d,Swing 1D,LONG,Swing Low,2026-03-30 09:30,1774877400000,133.32,Flip Short,2026-04-15 09:30,1776259800000,219,90,11998.8,11,7679.49,63.9382,7723.5,64.3046,1524.9,12.6961,31.71,2026-07-25T00:27:59.056Z
flip-only|JNJ|1d|1545057000000|1551450600000,flip-only,JNJ,NYSE:JNJ,1d,Swing 1D,LONG,Swing Low,2018-12-17 09:30,1545057000000,128.32,Flip Short,2019-03-01 09:30,1551450600000,137.22,75,9624,50,647.58,6.7221,712.63,7.3973,558.62,5.7987,19.92,2026-07-25T00:28:08.123Z
flip-only|JNJ|1d|1559223000000|1560432600000,flip-only,JNJ,NYSE:JNJ,1d,Swing 1D,LONG,Swing Low,2019-05-30 09:30,1559223000000,131.44,Flip Short,2019-06-13 09:30,1560432600000,141.72,80,10515.2,10,800.55,7.6056,907.08,8.6178,156.92,1.4908,21.85,2026-07-25T00:28:08.123Z
flip-only|JNJ|1d|1563888600000|1570109400000,flip-only,JNJ,NYSE:JNJ,1d,Swing 1D,LONG,Swing Low,2019-07-23 09:30,1563888600000,128.61,Flip Short,2019-10-03 09:30,1570109400000,131.64,88,11317.68,51,243.74,2.1515,524.6,4.6306,211.08,1.8632,22.9,2026-07-25T00:28:08.123Z
flip-only|JNJ|1d|1572010200000|1574692200000,flip-only,JNJ,NYSE:JNJ,1d,Swing 1D,LONG,Swing Low,2019-10-25 09:30,1572010200000,127.83,Flip Short,2019-11-25 09:30,1574692200000,137.06,91,11632.53,21,815.83,7.0063,971.17,8.3404,58.95,0.5063,24.1,2026-07-25T00:28:08.123Z
flip-only|JNJ|1d|1582900200000|1587648600000,flip-only,JNJ,NYSE:JNJ,1d,Swing 1D,LONG,Swing Low,2020-02-28 09:30,1582900200000,135.36,Flip Short,2020-04-23 09:30,1587648600000,154.25,89,12047.04,38,1655.43,13.7277,1735.91,14.3951,2343.85,19.4364,25.78,2026-07-25T00:28:08.123Z
flip-only|JNJ|1d|1600781400000|1607610600000,flip-only,JNJ,NYSE:JNJ,1d,Swing 1D,LONG,Swing Low,2020-09-22 09:30,1600781400000,144.69,Flip Short,2020-12-10 09:30,1607610600000,152.82,97,14034.93,56,759.75,5.4079,840.54,5.9829,1084.91,7.7224,28.86,2026-07-25T00:28:08.123Z
flip-only|JNJ|1d|1631626200000|1639492200000,flip-only,JNJ,NYSE:JNJ,1d,Swing 1D,LONG,Swing Low,2021-09-14 09:30,1631626200000,166.4,Flip Short,2021-12-14 09:30,1639492200000,168.33,89,14809.6,64,141.98,0.9577,234.39,1.5811,953.76,6.4337,29.79,2026-07-25T00:28:08.123Z
flip-only|JNJ|1d|1655127000000|1666704600000,flip-only,JNJ,NYSE:JNJ,1d,Swing 1D,LONG,Swing Low,2022-06-13 09:30,1655127000000,170.08,Flip Short,2022-10-25 09:30,1666704600000,170.17,87,14796.96,93,-21.77,-0.147,1139.69,7.6945,963.97,6.5081,29.6,2026-07-25T00:28:08.123Z
flip-only|JNJ|1d|1674657000000|1689946200000,flip-only,JNJ,NYSE:JNJ,1d,Swing 1D,LONG,Swing Low,2023-01-25 09:30,1674657000000,167.17,Flip Short,2023-07-21 09:30,1689946200000,168.18,89,14878.13,122,60.04,0.4032,228.98,1.5375,1533.22,10.2949,29.85,2026-07-25T00:28:08.123Z
flip-only|JNJ|1d|1711546200000|1721309400000,flip-only,JNJ,NYSE:JNJ,1d,Swing 1D,LONG,Swing Low,2024-03-27 09:30,1711546200000,155.99,Flip Short,2024-07-18 09:30,1721309400000,155.6,96,14975.04,77,-67.35,-0.4493,287.42,1.9174,1249.54,8.3358,29.91,2026-07-25T00:28:08.123Z
flip-only|JNJ|1d|1730817000000|1739543400000,flip-only,JNJ,NYSE:JNJ,1d,Swing 1D,LONG,Swing Low,2024-11-05 09:30,1730817000000,157.67,Flip Short,2025-02-14 09:30,1739543400000,157.29,94,14820.98,68,-65.33,-0.4403,284.1,1.915,1611.88,10.8648,29.61,2026-07-25T00:28:08.123Z
flip-only|JNJ|1d|1776432600000|1782394200000,flip-only,JNJ,NYSE:JNJ,1d,Swing 1D,LONG,Swing Low,2026-04-17 09:30,1776432600000,234.36,Flip Short,2026-06-25 09:30,1782394200000,241.27,63,14764.68,47,405.37,2.7428,532.08,3.6001,896.13,6.0634,29.96,2026-07-25T00:28:08.123Z
flip-only|GOOGL|1d|1557840600000|1557840600000,flip-only,GOOGL,NASDAQ:GOOGL,1d,Swing 1D,LONG,Swing Low,2019-05-14 09:30,1557840600000,57.12,Margin call,2019-05-14 09:30,1557840600000,57.12,1,57.12,0,-0.11,-0.1998,0,0,0.06,0.0999,0.11,2026-07-25T00:28:17.211Z
flip-only|GOOGL|1d|1557840600000|1564407000000,flip-only,GOOGL,NASDAQ:GOOGL,1d,Swing 1D,LONG,Swing Low,2019-05-14 09:30,1557840600000,57.12,Flip Short,2019-07-29 09:30,1564407000000,62.13,174,9938.88,52,850.99,8.5537,1086.26,10.9185,1013.92,10.1913,20.75,2026-07-25T00:28:17.211Z
flip-only|GOOGL|1d|1582900200000|1589290200000,flip-only,GOOGL,NASDAQ:GOOGL,1d,Swing 1D,LONG,Swing Low,2020-02-28 09:30,1582900200000,63.72,Flip Short,2020-05-12 09:30,1589290200000,70.41,164,10450.08,51,1075.16,10.2783,1147.39,10.9688,2188.37,20.9203,22,2026-07-25T00:28:17.211Z
flip-only|GOOGL|1d|1600695000000|1604586600000,flip-only,GOOGL,NASDAQ:GOOGL,1d,Swing 1D,LONG,Swing Low,2020-09-21 09:30,1600695000000,71.58,Flip Short,2020-11-05 09:30,1604586600000,88.52,164,11739.12,33,2751.9,23.4187,2766.42,23.5423,252.82,2.1515,26.26,2026-07-25T00:28:17.211Z
flip-only|GOOGL|1d|1641479400000|1643898600000,flip-only,GOOGL,NASDAQ:GOOGL,1d,Swing 1D,LONG,Swing Low,2022-01-06 09:30,1641479400000,137,Flip Short,2022-02-03 09:30,1643898600000,145.71,106,14522,19,893.29,6.1452,1527.78,10.5099,1339.52,9.2149,29.97,2026-07-25T00:28:17.211Z
flip-only|GOOGL|1d|1650634200000|1660051800000,flip-only,GOOGL,NASDAQ:GOOGL,1d,Swing 1D,LONG,Swing Low,2022-04-22 09:30,1650634200000,125,Flip Short,2022-08-09 09:30,1660051800000,117.14,124,15500,74,-1004.67,-6.4752,34.1,0.2198,2882.38,18.5774,30.03,2026-07-25T00:28:17.211Z
flip-only|GOOGL|1d|1663248600000|1675434600000,flip-only,GOOGL,NASDAQ:GOOGL,1d,Swing 1D,LONG,Swing Low,2022-09-15 09:30,1663248600000,104.03,Flip Short,2023-02-03 09:30,1675434600000,102.93,138,14356.14,97,-180.36,-1.2551,512.8,3.5684,2869.58,19.9685,28.56,2026-07-25T00:28:17.211Z
flip-only|GOOGL|1d|1698327000000|1703169000000,flip-only,GOOGL,NASDAQ:GOOGL,1d,Swing 1D,LONG,Swing Low,2023-10-26 09:30,1698327000000,123.27,Flip Short,2023-12-21 09:30,1703169000000,139.49,114,14052.78,39,1819.13,12.932,2085.83,14.828,362.89,2.5798,29.95,2026-07-25T00:28:17.211Z
flip-only|GOOGL|1d|1709649000000|1712064600000,flip-only,GOOGL,NASDAQ:GOOGL,1d,Swing 1D,LONG,Swing Low,2024-03-05 09:30,1709649000000,131.88,Flip Short,2024-04-02 09:30,1712064600000,153.5,121,15957.48,19,2581.49,16.1611,2871.1,17.9742,163.58,1.0241,34.53,2026-07-25T00:28:17.211Z
flip-only|GOOGL|1d|1722000600000|1730295000000,flip-only,GOOGL,NASDAQ:GOOGL,1d,Swing 1D,LONG,Swing Low,2024-07-26 09:30,1722000600000,167.15,Flip Short,2024-10-30 09:30,1730295000000,180.68,112,18720.8,67,1476.4,7.8786,1496.64,7.9865,2250.88,12.0114,38.96,2026-07-25T00:28:17.211Z
flip-only|GOOGL|1d|1740493800000|1747920600000,flip-only,GOOGL,NASDAQ:GOOGL,1d,Swing 1D,LONG,Swing Low,2025-02-25 09:30,1740493800000,178.04,Flip Short,2025-05-22 09:30,1747920600000,171.85,112,19940.48,61,-732.47,-3.6696,58.46,0.2929,4221.06,21.1472,39.19,2026-07-25T00:28:17.211Z
flip-only|GOOGL|1d|1773063000000|1776691800000,flip-only,GOOGL,NASDAQ:GOOGL,1d,Swing 1D,LONG,Swing Low,2026-03-09 09:30,1773063000000,294.36,Flip Short,2026-04-20 09:30,1776691800000,340.76,65,19133.4,29,2974.72,15.5317,3098.27,16.1768,1465.38,7.6511,41.28,2026-07-25T00:28:17.211Z
flip-only|TSLA|1d|1548340200000|1563456600000,flip-only,TSLA,NASDAQ:TSLA,1d,Swing 1D,LONG,Swing Low,2019-01-24 09:30,1548340200000,18.87,Flip Short,2019-07-18 09:30,1563456600000,17,521,9831.27,121,-992.96,-10.0899,1422.92,14.4589,3693.3,37.5294,18.69,2026-07-25T00:28:26.291Z
flip-only|TSLA|1d|1584538200000|1591104600000,flip-only,TSLA,NASDAQ:TSLA,1d,Swing 1D,LONG,Swing Low,2020-03-18 09:30,1584538200000,25.93,Flip Short,2020-06-02 09:30,1591104600000,59.65,313,8116.09,52,10527.57,129.5828,10633.88,130.8914,809.4,9.9628,26.79,2026-07-25T00:28:26.291Z
flip-only|TSLA|1d|1643121000000|1648560600000,flip-only,TSLA,NASDAQ:TSLA,1d,Swing 1D,LONG,Swing Low,2022-01-25 09:30,1643121000000,304.73,Flip Short,2022-03-29 09:30,1648560600000,369.33,62,18893.26,44,3963.41,20.9569,3986.31,21.078,4445.69,23.5071,41.79,2026-07-25T00:28:26.291Z
flip-only|TSLA|1d|1652362200000|1658755800000,flip-only,TSLA,NASDAQ:TSLA,1d,Swing 1D,LONG,Swing Low,2022-05-12 09:30,1652362200000,233.67,Flip Short,2022-07-25 09:30,1658755800000,272.22,95,22198.65,49,3614.19,16.2649,4454.2,20.0451,2569.15,11.5619,48.06,2026-07-25T00:28:26.291Z
flip-only|TSLA|1d|1692365400000|1703773800000,flip-only,TSLA,NASDAQ:TSLA,1d,Swing 1D,LONG,Swing Low,2023-08-18 09:30,1692365400000,214.12,Flip Short,2023-12-28 09:30,1703773800000,263.66,123,26336.76,91,6034.65,22.8905,7951.44,30.1613,2492.49,9.4545,58.77,2026-07-25T00:28:26.291Z
flip-only|TSLA|1d|1739370600000|1747056600000,flip-only,TSLA,NASDAQ:TSLA,1d,Swing 1D,LONG,Swing Low,2025-02-12 09:30,1739370600000,329.94,Flip Short,2025-05-12 09:30,1747056600000,321.99,100,32994,61,-860.19,-2.6045,3707.01,11.2242,11601.99,35.1288,65.19,2026-07-25T00:28:26.291Z
flip-only|KARURVYSYA|1d|1624247100000|1632109500000,flip-only,KARURVYSYA,BSE:KARURVYSYA,1d,Swing 1D,LONG,Swing Low,2021-06-20 23:45,1624247100000,42.5,Flip Short,2021-09-19 23:45,1632109500000,41.65,233,9902.5,62,-217.66,-2.1958,607.55,6.1292,2456.4,24.7811,19.61,2026-07-25T00:28:35.426Z
flip-only|KARURVYSYA|1d|1728359100000|1731037500000,flip-only,KARURVYSYA,BSE:KARURVYSYA,1d,Swing 1D,LONG,Swing Low,2024-10-07 23:45,1728359100000,162.7,Flip Short,2024-11-07 22:45,1731037500000,191.75,58,9436.6,23,1664.34,17.6195,2139.46,22.6493,108.04,1.1437,20.56,2026-07-25T00:28:35.426Z
flip-only|KARURVYSYA|1d|1736739900000|1747799100000,flip-only,KARURVYSYA,BSE:KARURVYSYA,1d,Swing 1D,LONG,Swing Low,2025-01-12 22:45,1736739900000,172.3,Flip Short,2025-05-20 23:45,1747799100000,192.5,65,11199.5,86,1289.29,11.5005,1795.8,16.0186,1223.45,10.9132,23.71,2026-07-25T00:28:35.426Z
flip-only|KARURVYSYA|1d|1755661500000|1759981500000,flip-only,KARURVYSYA,BSE:KARURVYSYA,1d,Swing 1D,LONG,Swing Low,2025-08-19 23:45,1755661500000,183.5,Flip Short,2025-10-08 23:45,1759981500000,224.95,69,12661.5,34,2831.87,22.3436,3126.84,24.671,305.91,2.4137,28.18,2026-07-25T00:28:35.426Z
flip-only|ICICIBANK|1d|1565063100000|1569296700000,flip-only,ICICIBANK,BSE:ICICIBANK,1d,Swing 1D,LONG,Swing Low,2019-08-05 23:45,1565063100000,400.6,Flip Short,2019-09-23 23:45,1569296700000,443,24,9614.4,31,997.35,10.3632,1175.99,12.2193,393.61,4.0899,20.25,2026-07-25T00:28:44.368Z
flip-only|ICICIBANK|1d|1601005500000|1603338300000,flip-only,ICICIBANK,BSE:ICICIBANK,1d,Swing 1D,LONG,Swing Low,2020-09-24 23:45,1601005500000,338.1,Flip Short,2020-10-21 23:45,1603338300000,416.9,32,10819.2,18,2497.44,23.0603,2873.98,26.5372,60.42,0.5579,24.16,2026-07-25T00:28:44.368Z
flip-only|ICICIBANK|1d|1646365500000|1657597500000,flip-only,ICICIBANK,BSE:ICICIBANK,1d,Swing 1D,LONG,Swing Low,2022-03-03 22:45,1646365500000,692,Flip Short,2022-07-11 23:45,1657597500000,765.6,19,13148,88,1370.71,10.4148,1619.9,12.3082,963.15,7.3181,27.69,2026-07-25T00:28:44.368Z
flip-only|ICICIBANK|1d|1672976700000|1680666300000,flip-only,ICICIBANK,BSE:ICICIBANK,1d,Swing 1D,LONG,Swing Low,2023-01-05 22:45,1672976700000,879.8,Flip Short,2023-04-04 23:45,1680666300000,882.1,16,14076.8,59,8.61,0.0611,89.12,0.6325,1353.28,9.6039,28.19,2026-07-25T00:28:44.368Z
flip-only|ICICIBANK|1d|1695699900000|1701747900000,flip-only,ICICIBANK,BSE:ICICIBANK,1d,Swing 1D,LONG,Swing Low,2023-09-25 23:45,1695699900000,959.7,Flip Short,2023-12-04 22:45,1701747900000,999.25,15,14395.5,47,563.87,3.913,578.85,4.0171,927.15,6.4341,29.38,2026-07-25T00:28:44.368Z
flip-only|ICICIBANK|1d|1736826300000|1742355900000,flip-only,ICICIBANK,BSE:ICICIBANK,1d,Swing 1D,LONG,Swing Low,2025-01-13 22:45,1736826300000,1230.25,Flip Short,2025-03-18 23:45,1742355900000,1309.55,12,14763,45,921.12,6.2332,985.44,6.6684,533.76,3.6119,30.48,2026-07-25T00:28:44.368Z
flip-only|ICICIBANK|1d|1756439100000|1767757500000,flip-only,ICICIBANK,BSE:ICICIBANK,1d,Swing 1D,LONG,Swing Low,2025-08-28 23:45,1756439100000,1392,Flip Short,2026-01-06 22:45,1767757500000,1361.15,11,15312,89,-369.63,-2.4116,534.14,3.4849,834.81,5.4466,30.28,2026-07-25T00:28:44.368Z
flip-only|ICICIBANK|1d|1769571900000|1782704700000,flip-only,ICICIBANK,BSE:ICICIBANK,1d,Swing 1D,LONG,Swing Low,2026-01-27 22:45,1769571900000,1358.15,Flip Short,2026-06-28 23:45,1782704700000,1388.35,11,14939.65,101,301.99,2.0194,824.91,5.5161,1891.54,12.6486,30.21,2026-07-25T00:28:44.368Z
pyr25|AGQ|1d|1553866200000|1561123800000,pyr25,AGQ,AMEX:AGQ,1d,Swing 1D,LONG,Swing Low,2019-03-29 09:30,1553866200000,24.7,Flip Short,2019-06-21 09:30,1561123800000,24.86,314,7755.8,58,34.68,0.4467,221.46,2.8526,990.58,12.7593,15.56,2026-07-25T15:00:48.040Z
pyr25|AGQ|1d|1573223400000|1582554600000,pyr25,AGQ,AMEX:AGQ,1d,Swing 1D,LONG,Swing Low,2019-11-08 09:30,1573223400000,28.57,Flip Short,2020-02-24 09:30,1582554600000,34.62,258,7371.06,71,1544.6,20.9339,1553.53,21.055,368.57,4.9952,16.3,2026-07-25T15:00:48.040Z
pyr25|AGQ|1d|1583159400000|1589981400000,pyr25,AGQ,AMEX:AGQ,1d,Swing 1D,LONG,Swing Low,2020-03-02 09:30,1583159400000,27.01,Flip Short,2020-05-20 09:30,1589981400000,28.32,330,8913.3,56,414.04,4.6406,786.39,8.8138,4744.41,53.1753,18.26,2026-07-25T15:00:48.040Z
pyr25|AGQ|1d|1584451800000|1589981400000,pyr25,AGQ,AMEX:AGQ,1d,Swing 1D,LONG,Pyramid Add,2020-03-17 09:30,1584451800000,14.56,Flip Short,2020-05-20 09:30,1589981400000,28.32,82,1193.92,45,1124.8,94.1169,1141.07,95.4776,156.99,13.1363,3.52,2026-07-25T15:00:48.040Z
pyr25|AGQ|1d|1606833000000|1608647400000,pyr25,AGQ,AMEX:AGQ,1d,Swing 1D,LONG,Swing Low,2020-12-01 09:30,1606833000000,41.19,Flip Short,2020-12-22 09:30,1608647400000,49.38,262,10791.78,15,2122.05,19.6439,2651.13,24.5416,76.29,0.7062,23.73,2026-07-25T15:00:48.040Z
pyr25|AGQ|1d|1615213800000|1620653400000,pyr25,AGQ,AMEX:AGQ,1d,Swing 1D,LONG,Swing Low,2021-03-08 09:30,1615213800000,44.09,Flip Short,2021-05-10 09:30,1620653400000,52.96,263,11595.67,44,2307.29,19.8779,2321.21,19.9979,1297.67,11.1798,25.52,2026-07-25T15:00:48.040Z
pyr25|AGQ|1d|1625059800000|1636641000000,pyr25,AGQ,AMEX:AGQ,1d,Swing 1D,LONG,Swing Low,2021-06-30 09:30,1625059800000,45.23,Flip Short,2021-11-11 09:30,1636641000000,41.04,296,13388.08,94,-1265.78,-9.4451,782.85,5.8415,4545.15,33.9153,25.54,2026-07-25T15:00:48.040Z
pyr25|AGQ|1d|1633008600000|1636641000000,pyr25,AGQ,AMEX:AGQ,1d,Swing 1D,LONG,Pyramid Add,2021-09-30 09:30,1633008600000,31.02,Flip Short,2021-11-11 09:30,1636641000000,41.04,74,2295.48,30,736.15,32.0374,745.84,32.4594,12.66,0.5508,5.33,2026-07-25T15:00:48.040Z
pyr25|AGQ|1d|1639146600000|1645799400000,pyr25,AGQ,AMEX:AGQ,1d,Swing 1D,LONG,Swing Low,2021-12-10 09:30,1639146600000,31.6,Flip Short,2022-02-25 09:30,1645799400000,36.28,418,13208.8,52,1927.87,14.5807,3702.81,28.0049,949.53,7.1814,28.37,2026-07-25T15:00:48.040Z
pyr25|AGQ|1d|1651152600000|1664976600000,pyr25,AGQ,AMEX:AGQ,1d,Swing 1D,LONG,Swing Low,2022-04-28 09:30,1651152600000,32.58,Flip Short,2022-10-05 09:30,1664976600000,23.57,431,14041.98,110,-3907.51,-27.7995,253.18,1.8012,6487.66,46.1557,24.2,2026-07-25T15:00:48.040Z
pyr25|AGQ|1d|1657114200000|1664976600000,pyr25,AGQ,AMEX:AGQ,1d,Swing 1D,LONG,Pyramid Add,2022-07-06 09:30,1657114200000,22.13,Flip Short,2022-10-05 09:30,1664976600000,23.57,107,2367.91,64,149.19,6.2942,403.16,17.0091,491.36,20.73,4.89,2026-07-25T15:00:48.040Z
pyr25|AGQ|1d|1676385000000|1680701400000,pyr25,AGQ,AMEX:AGQ,1d,Swing 1D,LONG,Swing Low,2023-02-14 09:30,1676385000000,25.7,Flip Short,2023-04-05 09:30,1680701400000,33.22,436,11205.2,35,3253.03,29.0024,3498.59,31.1918,1807.53,16.115,25.69,2026-07-25T15:00:48.040Z
pyr25|AGQ|1d|1687440600000|1700231400000,pyr25,AGQ,AMEX:AGQ,1d,Swing 1D,LONG,Swing Low,2023-06-22 09:30,1687440600000,26.25,Flip Short,2023-11-17 09:30,1700231400000,27.75,521,13676.25,104,753.37,5.5031,3487.44,25.4745,2592.63,18.9382,28.13,2026-07-25T15:00:48.040Z
pyr25|AGQ|1d|1706020200000|1710423000000,pyr25,AGQ,AMEX:AGQ,1d,Swing 1D,LONG,Swing Low,2024-01-23 09:30,1706020200000,23.71,Flip Short,2024-03-14 09:30,1710423000000,29.34,631,14961.01,36,3519.06,23.498,3537.57,23.6216,595.48,3.9762,33.47,2026-07-25T15:00:48.040Z
pyr25|AGQ|1d|1722000600000|1727271000000,pyr25,AGQ,AMEX:AGQ,1d,Swing 1D,LONG,Swing Low,2024-07-26 09:30,1722000600000,33.3,Flip Short,2024-09-25 09:30,1727271000000,42.52,517,17216.1,42,4727.54,27.4326,5287.2,30.6801,1588.9,9.2199,39.2,2026-07-25T15:00:48.040Z
pyr25|AGQ|1d|1732631400000|1739889000000,pyr25,AGQ,AMEX:AGQ,1d,Swing 1D,LONG,Swing Low,2024-11-26 09:30,1732631400000,37.85,Flip Short,2025-02-18 09:30,1739889000000,42.79,557,21082.45,54,2706.66,12.8256,4006.03,18.9827,2538.72,12.0298,44.92,2026-07-25T15:00:48.040Z
pyr25|AGQ|1d|1744032600000|1749216600000,pyr25,AGQ,AMEX:AGQ,1d,Swing 1D,LONG,Swing Low,2025-04-07 09:30,1744032600000,33.92,Flip Short,2025-06-06 09:30,1749216600000,48.5,692,23472.64,42,10032.33,42.6978,10065.89,42.8407,812.35,3.4574,57.03,2026-07-25T15:00:48.040Z
pyr25|AGQ|1d|1774013400000|1784899800000,pyr25,AGQ,AMEX:AGQ,1d,Swing 1D,LONG,Swing Low,2026-03-20 09:30,1774013400000,108.24,,2026-07-24 09:30,1784899800000,64.73,273,29549.52,86,-11925.45,-40.3172,15050.97,50.8839,13840.62,46.7919,29.55,2026-07-25T15:00:48.040Z
pyr25|GLD|1d|1555507800000|1559655000000,pyr25,GLD,AMEX:GLD,1d,Swing 1D,LONG,Swing Low,2019-04-17 09:30,1555507800000,120.46,Flip Short,2019-06-04 09:30,1559655000000,124.88,63,7588.98,32,263,3.4621,299.85,3.9472,65.55,0.8629,15.46,2026-07-25T15:01:02.288Z
pyr25|GLD|1d|1573223400000|1577975400000,pyr25,GLD,AMEX:GLD,1d,Swing 1D,LONG,Swing Low,2019-11-08 09:30,1573223400000,137.73,Flip Short,2020-01-02 09:30,1577975400000,143.86,56,7712.88,36,327.51,4.242,335.57,4.3464,93.95,1.2169,15.77,2026-07-25T15:01:02.288Z
pyr25|GLD|1d|1584365400000|1586871000000,pyr25,GLD,AMEX:GLD,1d,Swing 1D,LONG,Swing Low,2020-03-16 09:30,1584365400000,137.56,Flip Short,2020-04-14 09:30,1586871000000,162.73,56,7703.36,20,1392.7,18.0611,1401.82,18.1793,88.34,1.1457,16.82,2026-07-25T15:01:02.288Z
pyr25|GLD|1d|1605018600000|1620394200000,pyr25,GLD,AMEX:GLD,1d,Swing 1D,LONG,Swing Low,2020-11-10 09:30,1605018600000,176.75,Flip Short,2021-05-07 09:30,1620394200000,171.53,52,9191,122,-289.55,-3.1472,326.73,3.5513,1029.43,11.1892,18.11,2026-07-25T15:01:02.288Z
pyr25|GLD|1d|1625059800000|1631021400000,pyr25,GLD,AMEX:GLD,1d,Swing 1D,LONG,Swing Low,2021-06-30 09:30,1625059800000,164.57,Flip Short,2021-09-07 09:30,1631021400000,169.56,53,8722.21,47,246.76,2.8263,361.22,4.1372,214.89,2.4613,17.71,2026-07-25T15:01:02.288Z
pyr25|GLD|1d|1639665000000|1644849000000,pyr25,GLD,AMEX:GLD,1d,Swing 1D,LONG,Swing Low,2021-12-16 09:30,1639665000000,167.01,Flip Short,2022-02-14 09:30,1644849000000,173.78,54,9018.54,40,347.18,3.8457,379.24,4.2009,43.58,0.4827,18.4,2026-07-25T15:01:02.288Z
pyr25|GLD|1d|1651584600000|1668177000000,pyr25,GLD,AMEX:GLD,1d,Swing 1D,LONG,Swing Low,2022-05-03 09:30,1651584600000,173.89,Flip Short,2022-11-11 09:30,1668177000000,163.91,53,9216.17,134,-546.84,-5.9276,187.94,2.0372,1245.18,13.4973,17.9,2026-07-25T15:01:02.288Z
pyr25|GLD|1d|1687354200000|1697722200000,pyr25,GLD,AMEX:GLD,1d,Swing 1D,LONG,Swing Low,2023-06-21 09:30,1687354200000,179.15,Flip Short,2023-10-19 09:30,1697722200000,181.04,49,8778.35,84,74.96,0.8531,240.14,2.7329,540.43,6.1502,17.65,2026-07-25T15:01:02.288Z
pyr25|IYC|1d|1582727400000|1589895000000,pyr25,IYC,AMEX:IYC,1d,Swing 1D,LONG,Swing Low,2020-02-26 09:30,1582727400000,55.86,Flip Short,2020-05-19 09:30,1589895000000,52.68,137,7652.82,58,-450.53,-5.8812,30.71,0.4009,2522.97,32.935,14.87,2026-07-25T15:01:14.804Z
pyr25|IYC|1d|1584624600000|1589895000000,pyr25,IYC,AMEX:IYC,1d,Swing 1D,LONG,Pyramid Add,2020-03-19 09:30,1584624600000,39.68,Flip Short,2020-05-19 09:30,1589895000000,52.68,34,1349.12,42,438.86,32.4968,448.47,33.2085,34.33,2.542,3.14,2026-07-25T15:01:14.804Z
pyr25|IYC|1d|1642602600000|1659360600000,pyr25,IYC,AMEX:IYC,1d,Swing 1D,LONG,Swing Low,2022-01-19 09:30,1642602600000,78.87,Flip Short,2022-08-01 09:30,1659360600000,65.25,96,7571.52,133,-1321.36,-17.4342,13.55,0.1788,2290.45,30.2207,13.84,2026-07-25T15:01:14.804Z
pyr25|IYC|1d|1664199000000|1669991400000,pyr25,IYC,AMEX:IYC,1d,Swing 1D,LONG,Swing Low,2022-09-26 09:30,1664199000000,59.18,Flip Short,2022-12-02 09:30,1669991400000,62.32,110,6509.8,48,332.04,5.0954,467.59,7.1757,354.11,5.4342,13.37,2026-07-25T15:01:14.804Z
pyr25|IYC|1d|1671805800000|1674829800000,pyr25,IYC,AMEX:IYC,1d,Swing 1D,LONG,Swing Low,2022-12-23 09:30,1671805800000,56.48,Flip Short,2023-01-27 09:30,1674829800000,63.7,120,6777.6,22,851.98,12.5579,881.22,12.989,108.78,1.6034,14.42,2026-07-25T15:01:14.804Z
pyr25|IYC|1d|1693229400000|1701181800000,pyr25,IYC,AMEX:IYC,1d,Swing 1D,LONG,Swing Low,2023-08-28 09:30,1693229400000,69.01,Flip Short,2023-11-28 09:30,1701181800000,71.13,108,7453.08,64,213.82,2.8661,284.15,3.8087,661.93,8.8725,15.14,2026-07-25T15:01:14.804Z
pyr25|IYC|1d|1713792600000|1718717400000,pyr25,IYC,AMEX:IYC,1d,Swing 1D,LONG,Swing Low,2024-04-22 09:30,1713792600000,76.52,Flip Short,2024-06-18 09:30,1718717400000,81,100,7652,40,432.25,5.6432,462.35,6.0361,61.65,0.8049,15.75,2026-07-25T15:01:14.804Z
pyr25|IYC|1d|1722864600000|1726493400000,pyr25,IYC,AMEX:IYC,1d,Swing 1D,LONG,Swing Low,2024-08-05 09:30,1722864600000,74.59,Flip Short,2024-09-16 09:30,1726493400000,85.42,102,7608.18,29,1088.34,14.2906,1097.05,14.405,29.03,0.3812,16.32,2026-07-25T15:01:14.804Z
pyr25|IYC|1d|1741098600000|1747229400000,pyr25,IYC,AMEX:IYC,1d,Swing 1D,LONG,Swing Low,2025-03-04 09:30,1741098600000,93.35,Flip Short,2025-05-14 09:30,1747229400000,97.12,92,8588.2,50,329.32,3.8307,356.65,4.1487,1452.07,16.8908,17.52,2026-07-25T15:01:14.804Z
pyr25|IYC|1d|1763389800000|1765809000000,pyr25,IYC,AMEX:IYC,1d,Swing 1D,LONG,Swing Low,2025-11-17 09:30,1763389800000,100.38,Flip Short,2025-12-15 09:30,1765809000000,105.03,89,8933.82,19,395.57,4.4233,410.26,4.5876,315.09,3.5235,18.28,2026-07-25T15:01:14.804Z
pyr25|IYC|1d|1770993000000|1776691800000,pyr25,IYC,AMEX:IYC,1d,Swing 1D,LONG,Swing Low,2026-02-13 09:30,1770993000000,101,Flip Short,2026-04-20 09:30,1776691800000,104.64,92,9292,44,315.96,3.397,423.11,4.5489,654.21,7.0336,18.92,2026-07-25T15:01:14.804Z
pyr25|IYG|1d|1565875800000|1572269400000,pyr25,IYG,AMEX:IYG,1d,Swing 1D,LONG,Swing Low,2019-08-15 09:30,1565875800000,42.68,Flip Short,2019-10-28 09:30,1572269400000,47.19,178,7597.04,51,786.78,10.3461,795.18,10.4566,59.22,0.7787,16,2026-07-25T15:01:25.492Z
pyr25|IYG|1d|1582641000000|1590586200000,pyr25,IYG,AMEX:IYG,1d,Swing 1D,LONG,Swing Low,2020-02-25 09:30,1582641000000,49.45,Flip Short,2020-05-27 09:30,1590586200000,41.3,165,8159.25,64,-1359.72,-16.6482,0.09,0.0011,3413.76,41.7973,14.97,2026-07-25T15:01:25.492Z
pyr25|IYG|1d|1584106200000|1590586200000,pyr25,IYG,AMEX:IYG,1d,Swing 1D,LONG,Pyramid Add,2020-03-13 09:30,1584106200000,36.24,Flip Short,2020-05-27 09:30,1590586200000,41.3,41,1485.84,51,204.28,13.7348,205.97,13.8486,306.12,20.5816,3.18,2026-07-25T15:01:25.492Z
pyr25|IYG|1d|1600954200000|1605018600000,pyr25,IYG,AMEX:IYG,1d,Swing 1D,LONG,Swing Low,2020-09-24 09:30,1600954200000,39.07,Flip Short,2020-11-10 09:30,1605018600000,45.73,187,7306.09,33,1229.56,16.8125,1380.23,18.8727,78.37,1.0715,15.86,2026-07-25T15:01:25.492Z
pyr25|IYG|1d|1626787800000|1628515800000,pyr25,IYG,AMEX:IYG,1d,Swing 1D,LONG,Swing Low,2021-07-20 09:30,1626787800000,59.37,Flip Short,2021-08-09 09:30,1628515800000,63.75,138,8193.06,14,587.45,7.1629,625.23,7.6236,20.61,0.2513,16.99,2026-07-25T15:01:25.492Z
pyr25|IYG|1d|1640097000000|1642084200000,pyr25,IYG,AMEX:IYG,1d,Swing 1D,LONG,Swing Low,2021-12-21 09:30,1640097000000,62.53,Flip Short,2022-01-13 09:30,1642084200000,67.81,140,8754.2,16,720.95,8.2273,772.45,8.8149,8.75,0.0999,18.25,2026-07-25T15:01:25.492Z
pyr25|IYG|1d|1643121000000|1660570200000,pyr25,IYG,AMEX:IYG,1d,Swing 1D,LONG,Swing Low,2022-01-25 09:30,1643121000000,61.21,Flip Short,2022-08-15 09:30,1660570200000,56.13,149,9120.29,139,-774.4,-8.4825,965.34,10.574,1995.29,21.8556,17.48,2026-07-25T15:01:25.492Z
pyr25|IYG|1d|1664199000000|1668177000000,pyr25,IYG,AMEX:IYG,1d,Swing 1D,LONG,Swing Low,2022-09-26 09:30,1664199000000,48.11,Flip Short,2022-11-11 09:30,1668177000000,55.91,177,8515.47,34,1362.19,15.9807,1372.08,16.0967,413.85,4.8551,18.41,2026-07-25T15:01:25.492Z
pyr25|IYG|1d|1678714200000|1686835800000,pyr25,IYG,AMEX:IYG,1d,Swing 1D,LONG,Swing Low,2023-03-13 09:30,1678714200000,49.25,Flip Short,2023-06-15 09:30,1686835800000,51.66,189,9308.25,66,436.42,4.6838,608.72,6.5331,341.95,3.6699,19.07,2026-07-25T15:01:25.492Z
pyr25|IYG|1d|1695648600000|1700577000000,pyr25,IYG,AMEX:IYG,1d,Swing 1D,LONG,Swing Low,2023-09-25 09:30,1695648600000,52.33,Flip Short,2023-11-21 09:30,1700577000000,54.39,191,9995.03,41,373.08,3.7289,438.85,4.3863,796.92,7.9651,20.38,2026-07-25T15:01:25.492Z
pyr25|IYG|1d|1722951000000|1724679000000,pyr25,IYG,AMEX:IYG,1d,Swing 1D,LONG,Swing Low,2024-08-06 09:30,1722951000000,64.36,Flip Short,2024-08-26 09:30,1724679000000,70.13,160,10297.6,14,901.68,8.7475,912.9,8.8563,16.7,0.162,21.52,2026-07-25T15:01:25.492Z
pyr25|IYG|1d|1741699800000|1747229400000,pyr25,IYG,AMEX:IYG,1d,Swing 1D,LONG,Swing Low,2025-03-11 09:30,1741699800000,75.34,Flip Short,2025-05-14 09:30,1747229400000,82.37,145,10924.3,45,996.48,9.1126,1069.33,9.7787,1368.12,12.5112,22.87,2026-07-25T15:01:25.492Z
pyr25|IYG|1d|1763476200000|1764945000000,pyr25,IYG,AMEX:IYG,1d,Swing 1D,LONG,Swing Low,2025-11-18 09:30,1763476200000,85.51,Flip Short,2025-12-05 09:30,1764945000000,90.26,136,11629.36,12,622.1,5.344,692.85,5.9518,37.47,0.3219,23.9,2026-07-25T15:01:25.492Z
pyr25|IYG|1d|1770993000000|1781530200000,pyr25,IYG,AMEX:IYG,1d,Swing 1D,LONG,Swing Low,2026-02-13 09:30,1770993000000,87.14,Flip Short,2026-06-15 09:30,1781530200000,90.78,139,12112.46,83,481.23,3.969,493.85,4.0731,1024.03,8.4459,24.73,2026-07-25T15:01:25.492Z
pyr25|JNUG|1d|1555421400000|1561123800000,pyr25,JNUG,AMEX:JNUG,1d,Swing 1D,LONG,Swing Low,2019-04-16 09:30,1555421400000,431,Flip Short,2019-06-21 09:30,1561123800000,572.5,16,6896,46,2247.94,32.5652,2257.1,32.6979,1854.9,26.8713,16.06,2026-07-25T15:01:35.252Z
pyr25|JNUG|1d|1569936600000|1576247400000,pyr25,JNUG,AMEX:JNUG,1d,Swing 1D,LONG,Swing Low,2019-10-01 09:30,1569936600000,565.7,Flip Short,2019-12-13 09:30,1576247400000,657.3,16,9051.2,52,1446.03,15.9602,2315.75,25.5594,678.81,7.4922,19.57,2026-07-25T15:01:35.252Z
pyr25|JNUG|1d|1583159400000|1593610200000,pyr25,JNUG,AMEX:JNUG,1d,Swing 1D,LONG,Swing Low,2020-03-02 09:30,1583159400000,517.5,Flip Short,2020-07-01 09:30,1593610200000,110.63,22,11385,85,-8964.96,-78.6649,3540.74,31.0689,10665.99,93.5909,13.82,2026-07-25T15:01:35.252Z
pyr25|JNUG|1d|1584019800000|1593610200000,pyr25,JNUG,AMEX:JNUG,1d,Swing 1D,LONG,Pyramid Add,2020-03-12 09:30,1584019800000,241.1,Flip Short,2020-07-01 09:30,1593610200000,110.63,5,1205.5,77,-654.11,-54.2062,443.29,36.7359,1040.71,86.2435,1.76,2026-07-25T15:01:35.252Z
pyr25|JNUG|1d|1600954200000|1620653400000,pyr25,JNUG,AMEX:JNUG,1d,Swing 1D,LONG,Swing Low,2020-09-24 09:30,1600954200000,115.22,Flip Short,2021-05-10 09:30,1620653400000,105,26,2995.72,156,-271.45,-9.0521,921.82,30.7406,1117.62,37.2698,5.73,2026-07-25T15:01:35.252Z
pyr25|JNUG|1d|1614868200000|1620653400000,pyr25,JNUG,AMEX:JNUG,1d,Swing 1D,LONG,Pyramid Add,2021-03-04 09:30,1614868200000,80.99,Flip Short,2021-05-10 09:30,1620653400000,105,6,485.94,46,142.94,29.3866,143.57,29.5161,52.33,10.7572,1.12,2026-07-25T15:01:35.252Z
pyr25|JNUG|1d|1624282200000|1634823000000,pyr25,JNUG,AMEX:JNUG,1d,Swing 1D,LONG,Swing Low,2021-06-21 09:30,1624282200000,87.69,Flip Short,2021-10-21 09:30,1634823000000,69.67,35,3069.15,86,-636.21,-20.7084,68.68,2.2355,1313.12,42.7417,5.51,2026-07-25T15:01:35.252Z
pyr25|JNUG|1d|1629466200000|1634823000000,pyr25,JNUG,AMEX:JNUG,1d,Swing 1D,LONG,Pyramid Add,2021-08-20 09:30,1629466200000,57.68,Flip Short,2021-10-21 09:30,1634823000000,69.67,8,461.44,43,94.9,20.5458,113.22,24.5114,59.82,12.9511,1.02,2026-07-25T15:01:35.252Z
pyr25|JNUG|1d|1639665000000|1645194600000,pyr25,JNUG,AMEX:JNUG,1d,Swing 1D,LONG,Swing Low,2021-12-16 09:30,1639665000000,55.9,Flip Short,2022-02-18 09:30,1645194600000,66.51,48,2683.2,44,503.4,18.7426,609.8,22.7038,385.72,14.3611,5.88,2026-07-25T15:01:35.252Z
pyr25|JNUG|1d|1651239000000|1668004200000,pyr25,JNUG,AMEX:JNUG,1d,Swing 1D,LONG,Swing Low,2022-04-29 09:30,1651239000000,66.91,Flip Short,2022-11-09 09:30,1668004200000,31.28,45,3010.95,134,-1607.77,-53.344,41.99,1.3932,2093.71,69.4671,4.42,2026-07-25T15:01:35.252Z
pyr25|JNUG|1d|1652448600000|1668004200000,pyr25,JNUG,AMEX:JNUG,1d,Swing 1D,LONG,Pyramid Add,2022-05-13 09:30,1652448600000,43.04,Flip Short,2022-11-09 09:30,1668004200000,31.28,11,473.44,124,-130.18,-27.4686,180.7,38.1286,248.96,52.5335,0.82,2026-07-25T15:01:35.252Z
pyr25|JNUG|1d|1676557800000|1681306200000,pyr25,JNUG,AMEX:JNUG,1d,Swing 1D,LONG,Swing Low,2023-02-16 09:30,1676557800000,32.86,Flip Short,2023-04-12 09:30,1681306200000,48.44,48,1577.28,37,743.94,47.1187,746.26,47.266,206.06,13.051,3.9,2026-07-25T15:01:35.252Z
pyr25|JNUG|1d|1687354200000|1701181800000,pyr25,JNUG,AMEX:JNUG,1d,Swing 1D,LONG,Swing Low,2023-06-21 09:30,1687354200000,32.55,Flip Short,2023-11-28 09:30,1701181800000,32.86,66,2148.3,111,16.14,0.7507,501.43,23.3175,648.29,30.1467,4.32,2026-07-25T15:01:35.252Z
pyr25|JNUG|1d|1707229800000|1711632600000,pyr25,JNUG,AMEX:JNUG,1d,Swing 1D,LONG,Swing Low,2024-02-06 09:30,1707229800000,25.8,Flip Short,2024-03-28 09:30,1711632600000,32.63,87,2244.6,36,589.13,26.2202,591.97,26.3465,339.8,15.1236,5.08,2026-07-25T15:01:35.252Z
pyr25|JNUG|1d|1722951000000|1726752600000,pyr25,JNUG,AMEX:JNUG,1d,Swing 1D,LONG,Swing Low,2024-08-06 09:30,1722951000000,35.97,Flip Short,2024-09-19 09:30,1726752600000,48.31,73,2625.81,31,894.67,34.038,1073.39,40.8378,103.37,3.9326,6.15,2026-07-25T15:01:35.252Z
pyr25|JNUG|1d|1734618600000|1738852200000,pyr25,JNUG,AMEX:JNUG,1d,Swing 1D,LONG,Swing Low,2024-12-19 09:30,1734618600000,38.08,Flip Short,2025-02-06 09:30,1738852200000,51.57,90,3427.2,31,1206.03,35.1548,1351.07,39.3827,295.93,8.626,8.07,2026-07-25T15:01:35.252Z
pyr25|JNUG|1d|1773927000000|1784899800000,pyr25,JNUG,AMEX:JNUG,1d,Swing 1D,LONG,Swing Low,2026-03-19 09:30,1773927000000,159.53,,2026-07-24 09:30,1784899800000,117.22,22,3509.66,87,-936.91,-26.6685,2102.11,59.8352,1325.93,37.7417,3.51,2026-07-25T15:01:35.252Z
pyr25|MEXX|1d|1559136600000|1571059800000,pyr25,MEXX,AMEX:MEXX,1d,Swing 1D,LONG,Swing Low,2019-05-29 09:30,1559136600000,25.08,Flip Short,2019-10-14 09:30,1571059800000,25.73,303,7599.24,96,181.55,2.3867,1286.21,16.9086,2474.02,32.5236,15.4,2026-07-25T15:01:44.562Z
pyr25|MEXX|1d|1582641000000|1591104600000,pyr25,MEXX,AMEX:MEXX,1d,Swing 1D,LONG,Swing Low,2020-02-25 09:30,1582641000000,27.05,Flip Short,2020-06-02 09:30,1591104600000,6.6,288,7790.4,68,-5899.29,-75.6495,110.29,1.4143,6876.59,88.1819,9.69,2026-07-25T15:01:44.562Z
pyr25|MEXX|1d|1583847000000|1591104600000,pyr25,MEXX,AMEX:MEXX,1d,Swing 1D,LONG,Pyramid Add,2020-03-10 09:30,1583847000000,14.04,Flip Short,2020-06-02 09:30,1591104600000,6.6,72,1010.88,58,-537.17,-53.0854,50.11,4.952,781.49,77.2307,1.49,2026-07-25T15:01:44.562Z
pyr25|MEXX|1d|1600954200000|1602509400000,pyr25,MEXX,AMEX:MEXX,1d,Swing 1D,LONG,Swing Low,2020-09-24 09:30,1600954200000,4.76,Flip Short,2020-10-12 09:30,1602509400000,7.58,564,2684.64,12,1583.52,58.9255,1587.8,59.0846,2.68,0.0999,6.96,2026-07-25T15:01:44.562Z
pyr25|MEXX|1d|1614609000000|1617715800000,pyr25,MEXX,AMEX:MEXX,1d,Swing 1D,LONG,Swing Low,2021-03-01 09:30,1614609000000,11.03,Flip Short,2021-04-06 09:30,1617715800000,14.15,388,4279.64,25,1200.79,28.0302,1225.68,28.6112,112.92,2.6359,9.77,2026-07-25T15:01:44.562Z
pyr25|MEXX|1d|1633613400000|1640701800000,pyr25,MEXX,AMEX:MEXX,1d,Swing 1D,LONG,Swing Low,2021-10-07 09:30,1633613400000,16.57,Flip Short,2021-12-28 09:30,1640701800000,19.33,302,5004.14,56,822.68,16.4235,828.52,16.5401,1339.84,26.748,10.84,2026-07-25T15:01:44.562Z
pyr25|MEXX|1d|1646749800000|1647869400000,pyr25,MEXX,AMEX:MEXX,1d,Swing 1D,LONG,Swing Low,2022-03-08 09:30,1646749800000,15.22,Flip Short,2022-03-21 09:30,1647869400000,21.24,368,5600.96,9,2201.94,39.2744,2209.76,39.4138,5.6,0.0999,13.42,2026-07-25T15:01:44.562Z
pyr25|MEXX|1d|1652189400000|1666877400000,pyr25,MEXX,AMEX:MEXX,1d,Swing 1D,LONG,Swing Low,2022-05-10 09:30,1652189400000,15.6,Flip Short,2022-10-27 09:30,1666877400000,16.2,479,7472.4,118,272.17,3.6387,2650.98,35.4415,1909.1,25.5232,15.23,2026-07-25T15:01:44.562Z
pyr25|MEXX|1d|1694007000000|1701700200000,pyr25,MEXX,AMEX:MEXX,1d,Swing 1D,LONG,Swing Low,2023-09-06 09:30,1694007000000,25.4,Flip Short,2023-12-04 09:30,1701700200000,28.21,290,7366,62,799.35,10.8411,926.43,12.5646,2623.17,35.5762,15.55,2026-07-25T15:01:44.562Z
pyr25|MEXX|1d|1698067800000|1701700200000,pyr25,MEXX,AMEX:MEXX,1d,Swing 1D,LONG,Pyramid Add,2023-10-23 09:30,1698067800000,17.01,Flip Short,2023-12-04 09:30,1701700200000,28.21,72,1224.72,29,803.14,65.5123,834.7,68.0859,46.58,3.7999,3.26,2026-07-25T15:01:44.562Z
pyr25|MEXX|1d|1713360600000|1739889000000,pyr25,MEXX,AMEX:MEXX,1d,Swing 1D,LONG,Swing Low,2024-04-17 09:30,1713360600000,29.32,Flip Short,2025-02-18 09:30,1739889000000,12.7,302,8854.64,209,-5031.93,-56.7714,1498.13,16.9022,6196.83,69.9141,12.69,2026-07-25T15:01:44.562Z
pyr25|MEXX|1d|1717507800000|1739889000000,pyr25,MEXX,AMEX:MEXX,1d,Swing 1D,LONG,Pyramid Add,2024-06-04 09:30,1717507800000,19.11,Flip Short,2025-02-18 09:30,1739889000000,12.7,75,1433.25,176,-483.14,-33.6754,387.07,26.9792,772.43,53.84,2.39,2026-07-25T15:01:44.562Z
pyr25|MEXX|1d|1744119000000|1745501400000,pyr25,MEXX,AMEX:MEXX,1d,Swing 1D,LONG,Swing Low,2025-04-08 09:30,1744119000000,9.9,Flip Short,2025-04-24 09:30,1745501400000,14.47,485,4801.5,11,2204.63,45.8696,2260.15,47.0247,712.9,14.8326,11.82,2026-07-25T15:01:44.562Z
pyr25|MIDU|1d|1558704600000|1564061400000,pyr25,MIDU,AMEX:MIDU,1d,Swing 1D,LONG,Swing Low,2019-05-24 09:30,1558704600000,38.16,Flip Short,2019-07-25 09:30,1564061400000,45.27,202,7708.32,42,1419.37,18.395,1474.97,19.1157,734.91,9.5244,16.85,2026-07-25T15:01:53.678Z
pyr25|MIDU|1d|1565875800000|1572877800000,pyr25,MIDU,AMEX:MIDU,1d,Swing 1D,LONG,Swing Low,2019-08-15 09:30,1565875800000,36.17,Flip Short,2019-11-04 09:30,1572877800000,45.03,242,8753.14,56,2124.47,24.2467,2135.37,24.3711,347.55,3.9666,19.65,2026-07-25T15:01:53.678Z
pyr25|MIDU|1d|1582727400000|1590586200000,pyr25,MIDU,AMEX:MIDU,1d,Swing 1D,LONG,Swing Low,2020-02-26 09:30,1582727400000,41.59,Flip Short,2020-05-27 09:30,1590586200000,20.49,249,10355.91,63,-5269.36,-50.8318,178.88,1.7256,8690.5,83.8344,15.46,2026-07-25T15:01:53.678Z
pyr25|MIDU|1d|1583847000000|1590586200000,pyr25,MIDU,AMEX:MIDU,1d,Swing 1D,LONG,Pyramid Add,2020-03-10 09:30,1583847000000,25.56,Flip Short,2020-05-27 09:30,1590586200000,20.49,62,1584.72,54,-317.2,-19.9958,0,0,1169.04,73.6961,2.86,2026-07-25T15:01:53.678Z
pyr25|MIDU|1d|1600954200000|1602250200000,pyr25,MIDU,AMEX:MIDU,1d,Swing 1D,LONG,Swing Low,2020-09-24 09:30,1600954200000,19.32,Flip Short,2020-10-09 09:30,1602250200000,27.09,311,6008.52,11,2402.04,39.9372,2410.46,40.0773,208.16,3.4609,14.43,2026-07-25T15:01:53.678Z
pyr25|MIDU|1d|1624282200000|1629984600000,pyr25,MIDU,AMEX:MIDU,1d,Swing 1D,LONG,Swing Low,2021-06-21 09:30,1624282200000,57.14,Flip Short,2021-08-26 09:30,1629984600000,63.89,140,7999.6,47,928.06,11.5897,1060.2,13.2399,766.8,9.5759,16.94,2026-07-25T15:01:53.678Z
pyr25|MIDU|1d|1640097000000|1660311000000,pyr25,MIDU,AMEX:MIDU,1d,Swing 1D,LONG,Swing Low,2021-12-21 09:30,1640097000000,60.24,Flip Short,2022-08-12 09:30,1660311000000,46.65,146,8795.04,161,-1999.75,-22.7145,1746.13,19.8337,4607.8,52.3385,15.61,2026-07-25T15:01:53.678Z
pyr25|MIDU|1d|1652189400000|1660311000000,pyr25,MIDU,AMEX:MIDU,1d,Swing 1D,LONG,Pyramid Add,2022-05-10 09:30,1652189400000,40.63,Flip Short,2022-08-12 09:30,1660311000000,46.65,36,1462.68,65,213.58,14.5872,250.9,17.1361,429.5,29.3348,3.14,2026-07-25T15:01:53.678Z
pyr25|MIDU|1d|1664199000000|1669905000000,pyr25,MIDU,AMEX:MIDU,1d,Swing 1D,LONG,Swing Low,2022-09-26 09:30,1664199000000,28.95,Flip Short,2022-12-01 09:30,1669905000000,43.44,245,7092.75,47,3532.31,49.752,3542.96,49.9019,435.84,6.1388,17.74,2026-07-25T15:01:53.678Z
pyr25|MIDU|1d|1678800600000|1686231000000,pyr25,MIDU,AMEX:MIDU,1d,Swing 1D,LONG,Swing Low,2023-03-14 09:30,1678800600000,35.61,Flip Short,2023-06-08 09:30,1686231000000,38.44,298,10611.78,60,821.27,7.7315,919.15,8.6529,1533.39,14.4355,22.07,2026-07-25T15:01:53.678Z
pyr25|MIDU|1d|1694698200000|1701700200000,pyr25,MIDU,AMEX:MIDU,1d,Swing 1D,LONG,Swing Low,2023-09-14 09:30,1694698200000,37.72,Flip Short,2023-12-04 09:30,1701700200000,37.76,285,10750.2,56,-10.11,-0.094,148.85,1.3832,3137.2,29.1536,21.51,2026-07-25T15:01:53.678Z
pyr25|MIDU|1d|1722951000000|1728912600000,pyr25,MIDU,AMEX:MIDU,1d,Swing 1D,LONG,Swing Low,2024-08-06 09:30,1722951000000,44.14,Flip Short,2024-10-14 09:30,1728912600000,56.58,239,10549.46,48,2949.09,27.9269,2962.61,28.055,249.55,2.3632,24.07,2026-07-25T15:01:53.678Z
pyr25|MIDU|1d|1734618600000|1751290200000,pyr25,MIDU,AMEX:MIDU,1d,Swing 1D,LONG,Swing Low,2024-12-19 09:30,1734618600000,54,Flip Short,2025-06-30 09:30,1751290200000,45.31,242,13068,129,-2127.01,-16.2602,1857.59,14.2006,6958.47,53.1949,24.03,2026-07-25T15:01:53.678Z
pyr25|MIDU|1d|1743773400000|1751290200000,pyr25,MIDU,AMEX:MIDU,1d,Swing 1D,LONG,Pyramid Add,2025-04-04 09:30,1743773400000,31.1,Flip Short,2025-06-30 09:30,1751290200000,45.31,60,1866,58,848.02,45.4002,886.73,47.4731,349.87,18.7308,4.58,2026-07-25T15:01:53.678Z
pyr25|MIDU|1d|1763389800000|1765463400000,pyr25,MIDU,AMEX:MIDU,1d,Swing 1D,LONG,Swing Low,2025-11-17 09:30,1763389800000,46.71,Flip Short,2025-12-11 09:30,1765463400000,53.78,250,11677.5,17,1742.38,14.9059,1845.82,15.7909,1004.18,8.5907,25.12,2026-07-25T15:01:53.678Z
pyr25|MIDU|1d|1773149400000|1776778200000,pyr25,MIDU,AMEX:MIDU,1d,Swing 1D,LONG,Swing Low,2026-03-10 09:30,1773149400000,55.55,Flip Short,2026-04-21 09:30,1776778200000,66.74,235,13054.25,29,2600.91,19.904,2616.6,20.024,1921.25,14.7028,28.74,2026-07-25T15:01:53.678Z
pyr25|MSFT|1d|1583159400000|1588771800000,pyr25,MSFT,NASDAQ:MSFT,1d,Swing 1D,LONG,Swing Low,2020-03-02 09:30,1583159400000,165.31,Flip Short,2020-05-06 09:30,1588771800000,182.08,46,7604.26,46,755.44,9.9245,836.04,10.9833,1515.94,19.9155,15.98,2026-07-25T15:02:02.623Z
pyr25|MSFT|1d|1600695000000|1611585000000,pyr25,MSFT,NASDAQ:MSFT,1d,Swing 1D,LONG,Swing Low,2020-09-21 09:30,1600695000000,197.19,Flip Short,2021-01-25 09:30,1611585000000,229.12,40,7887.6,86,1260.15,15.9604,1307.31,16.5577,40.29,0.5103,17.05,2026-07-25T15:02:02.623Z
pyr25|MSFT|1d|1633095000000|1634650200000,pyr25,MSFT,NASDAQ:MSFT,1d,Swing 1D,LONG,Swing Low,2021-10-01 09:30,1633095000000,282.12,Flip Short,2021-10-19 09:30,1634650200000,308.35,32,9027.84,12,820.46,9.0791,830.33,9.1883,68.87,0.7621,18.9,2026-07-25T15:02:02.623Z
pyr25|MSFT|1d|1641565800000|1648647000000,pyr25,MSFT,NASDAQ:MSFT,1d,Swing 1D,LONG,Swing Low,2022-01-07 09:30,1641565800000,314.15,Flip Short,2022-03-30 09:30,1648647000000,313.76,31,9738.65,56,-31.56,-0.3237,277.32,2.8448,1378.39,14.1397,19.47,2026-07-25T15:02:02.623Z
pyr25|MSFT|1d|1651066200000|1659101400000,pyr25,MSFT,NASDAQ:MSFT,1d,Swing 1D,LONG,Swing Low,2022-04-27 09:30,1651066200000,282.1,Flip Short,2022-07-29 09:30,1659101400000,277.7,36,10155.6,64,-178.55,-1.7564,309.52,3.0448,1471.4,14.474,20.15,2026-07-25T15:02:02.623Z
pyr25|MSFT|1d|1663335000000|1669905000000,pyr25,MSFT,NASDAQ:MSFT,1d,Swing 1D,LONG,Swing Low,2022-09-16 09:30,1663335000000,244.26,Flip Short,2022-12-01 09:30,1669905000000,253.87,39,9526.14,53,355.36,3.7267,422.2,4.4276,1211.9,12.7091,19.43,2026-07-25T15:02:02.623Z
pyr25|MSFT|1d|1691674200000|1698327000000,pyr25,MSFT,NASDAQ:MSFT,1d,Swing 1D,LONG,Swing Low,2023-08-10 09:30,1691674200000,326.01,Flip Short,2023-10-26 09:30,1698327000000,340.54,30,9780.3,54,415.9,4.2482,595.92,6.087,506.58,5.1744,20,2026-07-25T15:02:02.623Z
pyr25|MSFT|1d|1713879000000|1716384600000,pyr25,MSFT,NASDAQ:MSFT,1d,Swing 1D,LONG,Swing Low,2024-04-23 09:30,1713879000000,404.24,Flip Short,2024-05-22 09:30,1716384600000,430.09,25,10106,21,625.39,6.1821,708.14,7.0002,415.36,4.1059,20.86,2026-07-25T15:02:02.623Z
pyr25|MSFT|1d|1722864600000|1733409000000,pyr25,MSFT,NASDAQ:MSFT,1d,Swing 1D,LONG,Swing Low,2024-08-05 09:30,1722864600000,389.17,Flip Short,2024-12-05 09:30,1733409000000,437.92,26,10118.42,86,1246,12.3018,1359.56,13.4231,103.46,1.0215,21.5,2026-07-25T15:02:02.623Z
pyr25|MSFT|1d|1738679400000|1746192600000,pyr25,MSFT,NASDAQ:MSFT,1d,Swing 1D,LONG,Swing Low,2025-02-04 09:30,1738679400000,412.69,Flip Short,2025-05-02 09:30,1746192600000,431.74,28,11555.32,61,509.76,4.407,668.84,5.7824,1912.76,16.5365,23.64,2026-07-25T15:02:02.623Z
pyr25|MSFT|1d|1763562600000|1776691800000,pyr25,MSFT,NASDAQ:MSFT,1d,Swing 1D,LONG,Swing Low,2025-11-19 09:30,1763562600000,490.1,Flip Short,2026-04-20 09:30,1776691800000,421.15,24,11762.4,102,-1676.67,-14.2402,110.4,0.9376,3223.44,27.3773,21.87,2026-07-25T15:02:02.623Z
pyr25|URTY|1d|1558704600000|1564666200000,pyr25,URTY,AMEX:URTY,1d,Swing 1D,LONG,Swing Low,2019-05-24 09:30,1558704600000,66.64,Flip Short,2019-08-01 09:30,1564666200000,74.83,116,7730.24,47,933.63,12.0656,1340.19,17.3197,774.49,10.009,16.41,2026-07-25T15:02:11.623Z
pyr25|URTY|1d|1565875800000|1572964200000,pyr25,URTY,AMEX:URTY,1d,Swing 1D,LONG,Swing Low,2019-08-15 09:30,1565875800000,60.46,Flip Short,2019-11-05 09:30,1572964200000,76.21,138,8343.48,57,2154.64,25.7984,2181.72,26.1226,480.3,5.7509,18.86,2026-07-25T15:02:11.623Z
pyr25|URTY|1d|1582727400000|1590586200000,pyr25,URTY,AMEX:URTY,1d,Swing 1D,LONG,Swing Low,2020-02-26 09:30,1582727400000,71.21,Flip Short,2020-05-27 09:30,1590586200000,32.78,141,10040.61,63,-5433.29,-54.0591,245.17,2.4393,8386.85,83.4458,14.66,2026-07-25T15:02:11.623Z
pyr25|URTY|1d|1583847000000|1590586200000,pyr25,URTY,AMEX:URTY,1d,Swing 1D,LONG,Pyramid Add,2020-03-10 09:30,1583847000000,42.62,Flip Short,2020-05-27 09:30,1590586200000,32.78,35,1491.7,54,-347.04,-23.2414,0,0,1080.19,72.3411,2.64,2026-07-25T15:02:11.623Z
pyr25|URTY|1d|1600954200000|1602077400000,pyr25,URTY,AMEX:URTY,1d,Swing 1D,LONG,Swing Low,2020-09-24 09:30,1600954200000,32.29,Flip Short,2020-10-07 09:30,1602077400000,42.88,171,5521.59,9,1798.04,32.5312,2131.98,38.5731,224.4,4.06,12.85,2026-07-25T15:02:11.623Z
pyr25|URTY|1d|1626787800000|1635341400000,pyr25,URTY,AMEX:URTY,1d,Swing 1D,LONG,Swing Low,2021-07-20 09:30,1626787800000,91.62,Flip Short,2021-10-27 09:30,1635341400000,110.26,76,6963.12,70,1401.3,20.1045,1804.88,25.8946,227.36,3.262,15.34,2026-07-25T15:02:11.623Z
pyr25|URTY|1d|1638369000000|1660051800000,pyr25,URTY,AMEX:URTY,1d,Swing 1D,LONG,Swing Low,2021-12-01 09:30,1638369000000,102.8,Flip Short,2022-08-09 09:30,1660051800000,55.72,82,8429.6,172,-3873.56,-45.906,372.87,4.4189,5577.87,66.1039,13,2026-07-25T15:02:11.623Z
pyr25|URTY|1d|1643034600000|1660051800000,pyr25,URTY,AMEX:URTY,1d,Swing 1D,LONG,Pyramid Add,2022-01-24 09:30,1643034600000,66.23,Flip Short,2022-08-09 09:30,1660051800000,55.72,20,1324.6,136,-212.64,-16.037,340.08,25.6482,628.32,47.3877,2.44,2026-07-25T15:02:11.623Z
pyr25|URTY|1d|1664199000000|1675261800000,pyr25,URTY,AMEX:URTY,1d,Swing 1D,LONG,Swing Low,2022-09-26 09:30,1664199000000,34.77,Flip Short,2023-02-01 09:30,1675261800000,48.51,138,4798.26,88,1884.63,39.2381,1985.16,41.3312,356.7,7.4265,11.49,2026-07-25T15:02:11.623Z
pyr25|URTY|1d|1678800600000|1686144600000,pyr25,URTY,AMEX:URTY,1d,Swing 1D,LONG,Swing Low,2023-03-14 09:30,1678800600000,38.19,Flip Short,2023-06-07 09:30,1686144600000,40.78,180,6874.2,59,451.99,6.5685,459.33,6.6752,1225.47,17.8093,14.21,2026-07-25T15:02:11.623Z
pyr25|URTY|1d|1693229400000|1701700200000,pyr25,URTY,AMEX:URTY,1d,Swing 1D,LONG,Swing Low,2023-08-28 09:30,1693229400000,38.98,Flip Short,2023-12-04 09:30,1701700200000,36.3,173,6743.54,68,-476.66,-7.0614,756.19,11.2023,2363,35.006,13.02,2026-07-25T15:02:11.623Z
pyr25|URTY|1d|1698327000000|1701700200000,pyr25,URTY,AMEX:URTY,1d,Swing 1D,LONG,Pyramid Add,2023-10-26 09:30,1698327000000,26.57,Flip Short,2023-12-04 09:30,1701700200000,36.3,43,1142.51,26,415.69,36.3473,440.47,38.5141,53.17,4.6494,2.7,2026-07-25T15:02:11.623Z
pyr25|URTY|1d|1713447000000|1721050200000,pyr25,URTY,AMEX:URTY,1d,Swing 1D,LONG,Swing Low,2024-04-18 09:30,1713447000000,38.94,Flip Short,2024-07-15 09:30,1721050200000,50.92,171,6658.74,59,2033.21,30.504,2043.63,30.6603,246.06,3.6916,15.37,2026-07-25T15:02:11.623Z
pyr25|URTY|1d|1722951000000|1729085400000,pyr25,URTY,AMEX:URTY,1d,Swing 1D,LONG,Swing Low,2024-08-06 09:30,1722951000000,41.8,Flip Short,2024-10-16 09:30,1729085400000,54.56,197,8234.6,50,2494.74,30.2655,2592.17,31.4475,236.75,2.8722,18.98,2026-07-25T15:02:11.623Z
pyr25|URTY|1d|1734964200000|1749562200000,pyr25,URTY,AMEX:URTY,1d,Swing 1D,LONG,Swing Low,2024-12-23 09:30,1734964200000,49.97,Flip Short,2025-06-10 09:30,1749562200000,38.76,198,9894.06,114,-2237.15,-22.5884,976.15,9.8561,5716.25,57.7169,17.57,2026-07-25T15:02:11.623Z
pyr25|URTY|1d|1741959000000|1749562200000,pyr25,URTY,AMEX:URTY,1d,Swing 1D,LONG,Pyramid Add,2025-03-14 09:30,1741959000000,35.03,Flip Short,2025-06-10 09:30,1749562200000,38.76,49,1716.47,60,179.15,10.4269,236.91,13.7886,681.84,39.6835,3.62,2026-07-25T15:02:11.623Z
pyr25|URTY|1d|1763130600000|1765463400000,pyr25,URTY,AMEX:URTY,1d,Swing 1D,LONG,Swing Low,2025-11-14 09:30,1763130600000,46.09,Flip Short,2025-12-11 09:30,1765463400000,58.94,175,8065.75,18,2230.37,27.6247,2462.93,30.5052,491.07,6.0822,18.38,2026-07-25T15:02:11.623Z
pyr25|URTY|1d|1773149400000|1776691800000,pyr25,URTY,AMEX:URTY,1d,Swing 1D,LONG,Swing Low,2026-03-10 09:30,1773149400000,55.48,Flip Short,2026-04-20 09:30,1776691800000,69.33,182,10097.36,28,2497.98,24.7143,2909.18,28.7825,1708.16,16.9,22.72,2026-07-25T15:02:11.623Z
pyr25|XLI|1d|1559223000000|1563370200000,pyr25,XLI,AMEX:XLI,1d,Swing 1D,LONG,Swing Low,2019-05-30 09:30,1559223000000,73.09,Flip Short,2019-07-17 09:30,1563370200000,78.12,104,7601.36,33,507.39,6.6684,584.16,7.6772,130.32,1.7127,15.73,2026-07-25T15:02:20.564Z
pyr25|XLI|1d|1565875800000|1568381400000,pyr25,XLI,AMEX:XLI,1d,Swing 1D,LONG,Swing Low,2019-08-15 09:30,1565875800000,73.09,Flip Short,2019-09-13 09:30,1568381400000,79.28,109,7966.81,20,658.1,8.2523,668.92,8.388,106.07,1.33,16.61,2026-07-25T15:02:20.564Z
pyr25|XLI|1d|1582727400000|1590586200000,pyr25,XLI,AMEX:XLI,1d,Swing 1D,LONG,Swing Low,2020-02-26 09:30,1582727400000,78.39,Flip Short,2020-05-27 09:30,1590586200000,67.96,108,8466.12,63,-1142.25,-13.4785,99.53,1.1745,3321.91,39.1984,15.81,2026-07-25T15:02:20.564Z
pyr25|XLI|1d|1584624600000|1590586200000,pyr25,XLI,AMEX:XLI,1d,Swing 1D,LONG,Pyramid Add,2020-03-19 09:30,1584624600000,53.4,Flip Short,2020-05-27 09:30,1590586200000,67.96,27,1441.8,47,389.84,27.0116,391.68,27.1388,155.07,10.7447,3.28,2026-07-25T15:02:20.564Z
pyr25|XLI|1d|1612189800000|1613572200000,pyr25,XLI,AMEX:XLI,1d,Swing 1D,LONG,Swing Low,2021-02-01 09:30,1612189800000,85.61,Flip Short,2021-02-17 09:30,1613572200000,89.82,93,7961.73,11,375.21,4.708,482.15,6.0498,70.27,0.8817,16.31,2026-07-25T15:02:20.564Z
pyr25|XLI|1d|1626787800000|1628861400000,pyr25,XLI,AMEX:XLI,1d,Swing 1D,LONG,Swing Low,2021-07-20 09:30,1626787800000,100.08,Flip Short,2021-08-13 09:30,1628861400000,105.34,82,8206.56,18,414.48,5.0455,455.09,5.5399,19.69,0.2396,16.84,2026-07-25T15:02:20.564Z
pyr25|XLI|1d|1632231000000|1635255000000,pyr25,XLI,AMEX:XLI,1d,Swing 1D,LONG,Swing Low,2021-09-21 09:30,1632231000000,99.34,Flip Short,2021-10-26 09:30,1635255000000,104.93,86,8543.24,25,463.17,5.4161,516.06,6.0345,168.5,1.9704,17.57,2026-07-25T15:02:20.564Z
pyr25|XLI|1d|1643121000000|1648733400000,pyr25,XLI,AMEX:XLI,1d,Swing 1D,LONG,Swing Low,2022-01-25 09:30,1643121000000,100.01,Flip Short,2022-03-31 09:30,1648733400000,104.32,87,8700.87,46,357.19,4.1012,445.44,5.1144,583.77,6.7026,17.78,2026-07-25T15:02:20.564Z
pyr25|XLI|1d|1652189400000|1660224600000,pyr25,XLI,AMEX:XLI,1d,Swing 1D,LONG,Swing Low,2022-05-10 09:30,1652189400000,94.22,Flip Short,2022-08-11 09:30,1660224600000,98.48,98,9233.56,64,398.6,4.3125,408.25,4.4169,983.35,10.6391,18.88,2026-07-25T15:02:20.564Z
pyr25|XLI|1d|1664199000000|1668004200000,pyr25,XLI,AMEX:XLI,1d,Swing 1D,LONG,Swing Low,2022-09-26 09:30,1664199000000,84.49,Flip Short,2022-11-09 09:30,1668004200000,96.35,111,9378.39,32,1296.39,13.8093,1421.41,15.1411,202.52,2.1573,20.07,2026-07-25T15:02:20.564Z
pyr25|XLI|1d|1678973400000|1686231000000,pyr25,XLI,AMEX:XLI,1d,Swing 1D,LONG,Swing Low,2023-03-16 09:30,1678973400000,96.4,Flip Short,2023-06-08 09:30,1686231000000,102.31,107,10314.8,58,611.11,5.9187,648.81,6.2838,139.78,1.3538,21.26,2026-07-25T15:02:20.564Z
pyr25|XLI|1d|1694525400000|1700577000000,pyr25,XLI,AMEX:XLI,1d,Swing 1D,LONG,Swing Low,2023-09-12 09:30,1694525400000,105.12,Flip Short,2023-11-21 09:30,1700577000000,105.76,103,10827.36,50,44.2,0.4078,101.44,0.936,937.83,8.653,21.72,2026-07-25T15:02:20.564Z
pyr25|XLI|1d|1718631000000|1721223000000,pyr25,XLI,AMEX:XLI,1d,Swing 1D,LONG,Swing Low,2024-06-17 09:30,1718631000000,120.73,Flip Short,2024-07-17 09:30,1721223000000,127.63,90,10865.7,20,598.65,5.504,671.33,6.1723,54.07,0.4971,22.35,2026-07-25T15:02:20.564Z
pyr25|XLI|1d|1722951000000|1724679000000,pyr25,XLI,AMEX:XLI,1d,Swing 1D,LONG,Swing Low,2024-08-06 09:30,1722951000000,121.31,Flip Short,2024-08-26 09:30,1724679000000,129.56,94,11403.14,14,751.92,6.5874,765.98,6.7105,61.22,0.5364,23.58,2026-07-25T15:02:20.564Z
pyr25|XLI|1d|1734618600000|1747143000000,pyr25,XLI,AMEX:XLI,1d,Swing 1D,LONG,Swing Low,2024-12-19 09:30,1734618600000,133.08,Flip Short,2025-05-13 09:30,1747143000000,140.75,90,11977.2,97,665.66,5.5521,781.82,6.5211,1841.68,15.3612,24.64,2026-07-25T15:02:20.564Z
pyr25|XLI|1d|1763562600000|1765549800000,pyr25,XLI,AMEX:XLI,1d,Swing 1D,LONG,Swing Low,2025-11-19 09:30,1763562600000,150,Flip Short,2025-12-12 09:30,1765549800000,158.22,83,12450,16,656.68,5.2693,669.81,5.3746,250.66,2.0113,25.58,2026-07-25T15:02:20.564Z
pyr25|XLI|1d|1774877400000|1781616600000,pyr25,XLI,AMEX:XLI,1d,Swing 1D,LONG,Swing Low,2026-03-30 09:30,1774877400000,160.55,Flip Short,2026-06-16 09:30,1781616600000,179.58,81,13004.55,54,1513.88,11.6295,1560.83,11.9902,375.07,2.8813,27.55,2026-07-25T15:02:20.564Z
pyr25|NVDA|1d|1558704600000|1563975000000,pyr25,NVDA,NASDAQ:NVDA,1d,Swing 1D,LONG,Swing Low,2019-05-24 09:30,1558704600000,3.7,Flip Short,2019-07-24 09:30,1563975000000,4.43,2063,7633.1,41,1489.22,19.4905,1498.36,19.6101,791.57,10.3599,16.77,2026-07-25T15:02:29.531Z
pyr25|NVDA|1d|1584106200000|1588944600000,pyr25,NVDA,NASDAQ:NVDA,1d,Swing 1D,LONG,Swing Low,2020-03-13 09:30,1584106200000,5.76,Flip Short,2020-05-08 09:30,1588944600000,7.69,1614,9296.64,39,3093.31,33.2402,3105.72,33.3736,2010.66,21.6062,21.71,2026-07-25T15:02:29.531Z
pyr25|NVDA|1d|1614954600000|1618407000000,pyr25,NVDA,NASDAQ:NVDA,1d,Swing 1D,LONG,Swing Low,2021-03-05 09:30,1614954600000,12.55,Flip Short,2021-04-14 09:30,1618407000000,15.63,895,11232.25,27,2731.38,24.293,2808.02,24.9746,888.33,7.9009,25.22,2026-07-25T15:02:29.531Z
pyr25|NVDA|1d|1642689000000|1648647000000,pyr25,NVDA,NASDAQ:NVDA,1d,Swing 1D,LONG,Swing Low,2022-01-20 09:30,1642689000000,25.3,Flip Short,2022-03-30 09:30,1648647000000,28.3,524,13257.2,48,1543.91,11.6342,1899.34,14.3126,2449.86,18.461,28.09,2026-07-25T15:02:29.531Z
pyr25|NVDA|1d|1650634200000|1668177000000,pyr25,NVDA,NASDAQ:NVDA,1d,Swing 1D,LONG,Swing Low,2022-04-22 09:30,1650634200000,20.3,Flip Short,2022-11-11 09:30,1668177000000,15.81,710,14413,141,-3213.54,-22.2738,120.49,0.8351,6752.31,46.802,25.64,2026-07-25T15:02:29.531Z
pyr25|NVDA|1d|1662125400000|1668177000000,pyr25,NVDA,NASDAQ:NVDA,1d,Swing 1D,LONG,Pyramid Add,2022-09-02 09:30,1662125400000,14.1,Flip Short,2022-11-11 09:30,1668177000000,15.81,177,2495.7,49,297.38,11.9036,300.17,12.0156,584.83,23.4099,5.29,2026-07-25T15:02:29.531Z
pyr25|NVDA|1d|1698413400000|1699972200000,pyr25,NVDA,NASDAQ:NVDA,1d,Swing 1D,LONG,Swing Low,2023-10-27 09:30,1698413400000,41.13,Flip Short,2023-11-14 09:30,1699972200000,49.68,300,12339,12,2537.76,20.5464,2552.66,20.6671,582.34,4.7148,27.24,2026-07-25T15:02:29.531Z
pyr25|NVDA|1d|1722951000000|1728480600000,pyr25,NVDA,NASDAQ:NVDA,1d,Swing 1D,LONG,Swing Low,2024-08-06 09:30,1722951000000,103.84,Flip Short,2024-10-09 09:30,1728480600000,134.11,139,14433.76,45,4174.45,28.8926,4193.1,29.0216,892.91,6.1801,33.08,2026-07-25T15:02:29.531Z
pyr25|NVDA|1d|1734532200000|1736346600000,pyr25,NVDA,NASDAQ:NVDA,1d,Swing 1D,LONG,Swing Low,2024-12-18 09:30,1734532200000,133.86,Flip Short,2025-01-08 09:30,1736346600000,142.58,132,17669.52,13,1114.55,6.3015,2525.97,14.2814,762.15,4.309,36.49,2026-07-25T15:02:29.531Z
pyr25|NVDA|1d|1738074600000|1747229400000,pyr25,NVDA,NASDAQ:NVDA,1d,Swing 1D,LONG,Swing Low,2025-01-28 09:30,1738074600000,121.81,Flip Short,2025-05-14 09:30,1747229400000,133.19,152,18515.12,74,1691,9.124,3269.24,17.6395,5367.4,28.9603,38.76,2026-07-25T15:02:29.531Z
pyr25|NVDA|1d|1774877400000|1776346200000,pyr25,NVDA,NASDAQ:NVDA,1d,Swing 1D,LONG,Swing Low,2026-03-30 09:30,1774877400000,168.78,Flip Short,2026-04-16 09:30,1776346200000,197.43,115,19409.7,12,3252.64,16.741,3616.89,18.6158,538.06,2.7693,42.11,2026-07-25T15:02:29.531Z
pyr25|INTL|1d|1478179800000|1479479400000,pyr25,INTL,CBOE:INTL,1d,Swing 1D,LONG,Swing Low,2016-11-03 09:30,1478179800000,34.81,Flip Short,2016-11-18 09:30,1479479400000,39.21,218,7588.58,11,943.06,12.415,1104.21,14.5364,44.65,0.5878,16.14,2026-07-25T15:02:38.583Z
pyr25|INTL|1d|1490275800000|1497965400000,pyr25,INTL,CBOE:INTL,1d,Swing 1D,LONG,Swing Low,2017-03-23 09:30,1490275800000,36.22,Flip Short,2017-06-20 09:30,1497965400000,38.83,229,8294.38,61,580.5,6.9918,713.06,8.5883,642.62,7.74,17.19,2026-07-25T15:02:38.583Z
pyr25|INTL|1d|1504099800000|1507123800000,pyr25,INTL,CBOE:INTL,1d,Swing 1D,LONG,Swing Low,2017-08-30 09:30,1504099800000,35.47,Flip Short,2017-10-04 09:30,1507123800000,39.25,247,8761.09,24,915.2,10.4358,1078.04,12.2926,591.68,6.7468,18.46,2026-07-25T15:02:38.583Z
pyr25|INTL|1d|1518013800000|1520861400000,pyr25,INTL,CBOE:INTL,1d,Swing 1D,LONG,Swing Low,2018-02-07 09:30,1518013800000,40.23,Flip Short,2018-03-12 09:30,1520861400000,45.59,233,9373.59,22,1228.88,13.097,1246.5,13.2847,393.82,4.1972,20,2026-07-25T15:02:38.583Z
pyr25|INTL|1d|1537363800000|1550673000000,pyr25,INTL,CBOE:INTL,1d,Swing 1D,LONG,Swing Low,2018-09-19 09:30,1537363800000,51.77,Flip Short,2019-02-20 09:30,1550673000000,42.63,201,10405.77,104,-1856.11,-17.8195,421.74,4.0489,3367.11,32.3257,18.97,2026-07-25T15:02:38.583Z
pyr25|INTL|1d|1557408600000|1564061400000,pyr25,INTL,CBOE:INTL,1d,Swing 1D,LONG,Swing Low,2019-05-09 09:30,1557408600000,36.98,Flip Short,2019-07-25 09:30,1564061400000,40.9,239,8838.22,53,918.27,10.3793,939.99,10.6249,697.16,7.8801,18.61,2026-07-25T15:02:38.583Z
pyr25|INTL|1d|1573741800000|1576506600000,pyr25,INTL,CBOE:INTL,1d,Swing 1D,LONG,Swing Low,2019-11-14 09:30,1573741800000,38.57,Flip Short,2019-12-16 09:30,1576506600000,45,250,9642.5,21,1586.61,16.4379,1597.86,16.5544,142.14,1.4727,20.89,2026-07-25T15:02:38.583Z
pyr25|INTL|1d|1582900200000|1590067800000,pyr25,INTL,CBOE:INTL,1d,Swing 1D,LONG,Swing Low,2020-02-28 09:30,1582900200000,44.52,Flip Short,2020-05-21 09:30,1590067800000,42.81,236,10506.72,58,-424.17,-4.0331,572.41,5.4426,3906.87,37.1473,20.61,2026-07-25T15:02:38.583Z
pyr25|INTL|1d|1584451800000|1590067800000,pyr25,INTL,CBOE:INTL,1d,Swing 1D,LONG,Pyramid Add,2020-03-17 09:30,1584451800000,29.06,Flip Short,2020-05-21 09:30,1590067800000,42.81,59,1714.54,46,807.01,47.0216,851.43,49.6095,63.66,3.7095,4.24,2026-07-25T15:02:38.583Z
pyr25|INTL|1d|1670250600000|1686144600000,pyr25,INTL,CBOE:INTL,1d,Swing 1D,LONG,Swing Low,2022-12-05 09:30,1670250600000,20.07,Flip Short,2023-06-07 09:30,1686144600000,21.1,553,11098.71,126,546.82,4.922,757.57,6.8189,586.22,5.2766,22.77,2026-07-25T15:02:38.583Z
pyr25|INTL|1d|1692624600000|1700058600000,pyr25,INTL,CBOE:INTL,1d,Swing 1D,LONG,Swing Low,2023-08-21 09:30,1692624600000,20.46,Flip Short,2023-11-15 09:30,1700058600000,20.92,567,11600.82,61,237.36,2.044,294.58,2.5368,816.74,7.0333,23.46,2026-07-25T15:02:38.583Z
pyr25|INTL|1d|1722605400000|1727271000000,pyr25,INTL,CBOE:INTL,1d,Swing 1D,LONG,Swing Low,2024-08-02 09:30,1722605400000,22.13,Flip Short,2024-09-25 09:30,1727271000000,23.58,526,11640.38,37,738.66,6.3393,772.1,6.6263,695.44,5.9684,24.04,2026-07-25T15:02:38.583Z
pyr25|INTL|1d|1731508200000|1739889000000,pyr25,INTL,CBOE:INTL,1d,Swing 1D,LONG,Swing Low,2024-11-13 09:30,1731508200000,22.64,Flip Short,2025-02-18 09:30,1739889000000,23.88,543,12293.52,63,648.06,5.2663,661.03,5.3717,544.43,4.4242,25.26,2026-07-25T15:02:38.583Z
pyr25|INTL|1d|1744032600000|1744291800000,pyr25,INTL,CBOE:INTL,1d,Swing 1D,LONG,Swing Low,2025-04-07 09:30,1744032600000,20.83,Flip Short,2025-04-10 09:30,1744291800000,21.73,594,12373.02,3,509.32,4.1123,2131.97,17.2136,255.91,2.0662,25.28,2026-07-25T15:02:38.583Z
pyr25|INTL|1d|1763735400000|1767709800000,pyr25,INTL,CBOE:INTL,1d,Swing 1D,LONG,Swing Low,2025-11-21 09:30,1763735400000,27.07,Flip Short,2026-01-06 09:30,1767709800000,28.73,488,13210.16,29,782.85,5.9202,796.87,6.0262,18.09,0.1368,27.23,2026-07-25T15:02:38.583Z
pyr25|INTL|1d|1774013400000|1776691800000,pyr25,INTL,CBOE:INTL,1d,Swing 1D,LONG,Swing Low,2026-03-20 09:30,1774013400000,27.93,Flip Short,2026-04-20 09:30,1776691800000,30.59,491,13713.63,20,1277.33,9.305,1444.56,10.5232,362.32,2.6394,28.73,2026-07-25T15:02:38.583Z
pyr25|MU|1d|1558359000000|1562851800000,pyr25,MU,NASDAQ:MU,1d,Swing 1D,LONG,Swing Low,2019-05-20 09:30,1558359000000,34.75,Flip Short,2019-07-11 09:30,1562851800000,43.22,210,7297.5,36,1762.33,24.1256,1935.2,26.4922,555.4,7.6032,16.37,2026-07-25T15:02:47.603Z
pyr25|MU|1d|1582900200000|1591363800000,pyr25,MU,NASDAQ:MU,1d,Swing 1D,LONG,Swing Low,2020-02-28 09:30,1582900200000,48.65,Flip Short,2020-06-05 09:30,1591363800000,52.66,176,8562.4,68,687.93,8.0263,1216.4,14.1921,3092.08,36.0763,17.83,2026-07-25T15:02:47.603Z
pyr25|MU|1d|1584624600000|1591363800000,pyr25,MU,NASDAQ:MU,1d,Swing 1D,LONG,Pyramid Add,2020-03-19 09:30,1584624600000,34.66,Flip Short,2020-06-05 09:30,1591363800000,52.66,44,1525.04,54,788.16,51.6295,790.48,51.7813,45.97,3.011,3.84,2026-07-25T15:02:47.603Z
pyr25|MU|1d|1597411800000|1602682200000,pyr25,MU,NASDAQ:MU,1d,Swing 1D,LONG,Swing Low,2020-08-14 09:30,1597411800000,45.6,Flip Short,2020-10-14 09:30,1602682200000,52.01,218,9940.8,42,1376.1,13.8291,1548.76,15.5643,740.24,7.4391,21.28,2026-07-25T15:02:47.603Z
pyr25|MU|1d|1620826200000|1636554600000,pyr25,MU,NASDAQ:MU,1d,Swing 1D,LONG,Swing Low,2021-05-12 09:30,1620826200000,79.14,Flip Short,2021-11-10 09:30,1636554600000,74.16,137,10842.18,127,-703.26,-6.4799,896.1,8.2567,1856.23,17.1034,21,2026-07-25T15:02:47.603Z
pyr25|MU|1d|1646836200000|1668177000000,pyr25,MU,NASDAQ:MU,1d,Swing 1D,LONG,Swing Low,2022-03-09 09:30,1646836200000,79.97,Flip Short,2022-11-11 09:30,1668177000000,60.65,137,10955.89,172,-2666.11,-24.3106,848.03,7.7327,4329.2,39.4753,19.26,2026-07-25T15:02:47.603Z
pyr25|MU|1d|1655818200000|1668177000000,pyr25,MU,NASDAQ:MU,1d,Swing 1D,LONG,Pyramid Add,2022-06-21 09:30,1655818200000,56.82,Flip Short,2022-11-11 09:30,1668177000000,60.65,34,1931.88,101,126.23,6.5273,290.47,15.0205,286.51,14.8159,3.99,2026-07-25T15:02:47.603Z
pyr25|MU|1d|1671805800000|1680183000000,pyr25,MU,NASDAQ:MU,1d,Swing 1D,LONG,Swing Low,2022-12-23 09:30,1671805800000,49,Flip Short,2023-03-30 09:30,1680183000000,64.03,174,8526,65,2595.55,30.4124,2674.55,31.338,92.05,1.0785,19.67,2026-07-25T15:02:47.603Z
pyr25|MU|1d|1721395800000|1749043800000,pyr25,MU,NASDAQ:MU,1d,Swing 1D,LONG,Swing Low,2024-07-19 09:30,1721395800000,116.69,Flip Short,2025-06-04 09:30,1749043800000,102.38,90,10502.1,219,-1307.62,-12.4386,36.3,0.3453,4974,47.3147,19.72,2026-07-25T15:02:47.603Z
pyr25|MU|1d|1743773400000|1749043800000,pyr25,MU,NASDAQ:MU,1d,Swing 1D,LONG,Pyramid Add,2025-04-04 09:30,1743773400000,70.65,Flip Short,2025-06-04 09:30,1749043800000,102.38,22,1554.3,41,694.25,44.622,708.61,45.5445,201.97,12.9816,3.81,2026-07-25T15:02:47.603Z
pyr25|MU|1d|1774963800000|1776951000000,pyr25,MU,NASDAQ:MU,1d,Swing 1D,LONG,Swing Low,2026-03-31 09:30,1774963800000,321.67,Flip Short,2026-04-23 09:30,1776951000000,482.28,31,9971.77,16,4953.99,49.6305,5269.64,52.7928,325.55,3.2615,24.92,2026-07-25T15:02:47.603Z
pyr25|PLTR|1d|1615213800000|1624541400000,pyr25,PLTR,NASDAQ:PLTR,1d,Swing 1D,LONG,Swing Low,2021-03-08 09:30,1615213800000,23.77,Flip Short,2021-06-24 09:30,1624541400000,26.49,317,7535.09,76,846.31,11.2203,1165.36,15.4504,2134.61,28.3006,15.93,2026-07-25T15:02:56.770Z
pyr25|PLTR|1d|1636641000000|1649165400000,pyr25,PLTR,NASDAQ:PLTR,1d,Swing 1D,LONG,Swing Low,2021-11-11 09:30,1636641000000,23.04,Flip Short,2022-04-05 09:30,1649165400000,14.61,366,8432.64,99,-3099.16,-36.7152,167.25,1.9814,4876.23,57.7679,13.78,2026-07-25T15:02:56.770Z
pyr25|PLTR|1d|1641911400000|1649165400000,pyr25,PLTR,NASDAQ:PLTR,1d,Swing 1D,LONG,Pyramid Add,2022-01-11 09:30,1641911400000,16.4,Flip Short,2022-04-05 09:30,1649165400000,14.61,91,1492.4,58,-165.71,-11.0926,94.97,6.3571,607.55,40.6691,2.82,2026-07-25T15:02:56.770Z
pyr25|PLTR|1d|1652103000000|1658496600000,pyr25,PLTR,NASDAQ:PLTR,1d,Swing 1D,LONG,Swing Low,2022-05-09 09:30,1652103000000,7.78,Flip Short,2022-07-22 09:30,1658496600000,10.35,607,4722.46,51,1548.99,32.7676,1804.14,38.1652,818.1,17.3063,11,2026-07-25T15:02:56.770Z
pyr25|PLTR|1d|1661952600000|1667395800000,pyr25,PLTR,NASDAQ:PLTR,1d,Swing 1D,LONG,Swing Low,2022-08-31 09:30,1661952600000,7.95,Flip Short,2022-11-02 09:30,1667395800000,8.7,890,7075.5,44,652.68,9.2153,980.82,13.8484,736.88,10.4041,14.82,2026-07-25T15:02:56.770Z
pyr25|PLTR|1d|1667917800000|1675348200000,pyr25,PLTR,NASDAQ:PLTR,1d,Swing 1D,LONG,Swing Low,2022-11-08 09:30,1667917800000,7.08,Flip Short,2023-02-02 09:30,1675348200000,8.51,1059,7497.72,58,1497.86,19.9576,1506.87,20.0777,1235.94,16.4677,16.51,2026-07-25T15:02:56.770Z
pyr25|PLTR|1d|1695389400000|1699281000000,pyr25,PLTR,NASDAQ:PLTR,1d,Swing 1D,LONG,Swing Low,2023-09-22 09:30,1695389400000,14.23,Flip Short,2023-11-06 09:30,1699281000000,18.99,612,8708.76,31,2892.79,33.1838,2959.49,33.949,259.63,2.9783,20.33,2026-07-25T15:02:56.770Z
pyr25|PLTR|1d|1713533400000|1718890200000,pyr25,PLTR,NASDAQ:PLTR,1d,Swing 1D,LONG,Swing Low,2024-04-19 09:30,1713533400000,20.98,Flip Short,2024-06-20 09:30,1718890200000,26.44,509,10678.82,42,2755,25.773,2768.46,25.8989,341.53,3.195,24.14,2026-07-25T15:02:56.770Z
pyr25|PLTR|1d|1744032600000|1746192600000,pyr25,PLTR,NASDAQ:PLTR,1d,Swing 1D,LONG,Swing Low,2025-04-07 09:30,1744032600000,66.65,Flip Short,2025-05-02 09:30,1746192600000,118.66,173,11530.45,18,8965.67,77.6788,9250.89,80.1499,103.22,0.8943,32.06,2026-07-25T15:02:56.770Z
pyr25|PLTR|1d|1763735400000|1780407000000,pyr25,PLTR,NASDAQ:PLTR,1d,Swing 1D,LONG,Swing Low,2025-11-21 09:30,1763735400000,156.01,Flip Short,2026-06-02 09:30,1780407000000,156.69,126,19657.26,130,46.28,0.2352,5381.96,27.3517,4219.24,21.4426,39.4,2026-07-25T15:02:56.770Z
pyr25|AAPL|1d|1558704600000|1563802200000,pyr25,AAPL,NASDAQ:AAPL,1d,Swing 1D,LONG,Swing Low,2019-05-24 09:30,1558704600000,45.05,Flip Short,2019-07-22 09:30,1563802200000,50.91,169,7613.45,39,974.12,12.782,1104.41,14.4915,426.73,5.5994,16.22,2026-07-25T15:03:05.806Z
pyr25|AAPL|1d|1582900200000|1588944600000,pyr25,AAPL,NASDAQ:AAPL,1d,Swing 1D,LONG,Swing Low,2020-02-28 09:30,1582900200000,64.32,Flip Short,2020-05-08 09:30,1588944600000,76.41,121,7782.72,49,1445.86,18.5593,1455.11,18.678,1359.35,17.4488,17.03,2026-07-25T15:03:05.806Z
pyr25|AAPL|1d|1614177000000|1619789400000,pyr25,AAPL,NASDAQ:AAPL,1d,Swing 1D,LONG,Swing Low,2021-02-24 09:30,1614177000000,124.94,Flip Short,2021-04-30 09:30,1619789400000,131.78,74,9245.56,46,487.16,5.2639,888.37,9.5991,655.27,7.0803,19,2026-07-25T15:03:05.806Z
pyr25|AAPL|1d|1632231000000|1637332200000,pyr25,AAPL,NASDAQ:AAPL,1d,Swing 1D,LONG,Swing Low,2021-09-21 09:30,1632231000000,143.93,Flip Short,2021-11-19 09:30,1637332200000,157.65,68,9787.24,43,912.45,9.3136,992.53,10.131,394.67,4.0284,20.51,2026-07-25T15:03:05.806Z
pyr25|AAPL|1d|1645799400000|1648647000000,pyr25,AAPL,NASDAQ:AAPL,1d,Swing 1D,LONG,Swing Low,2022-02-25 09:30,1645799400000,163.84,Flip Short,2022-03-30 09:30,1648647000000,178.55,64,10485.76,23,919.53,8.7605,960.39,9.1499,889.85,8.4778,21.91,2026-07-25T15:03:05.806Z
pyr25|AAPL|1d|1652362200000|1658755800000,pyr25,AAPL,NASDAQ:AAPL,1d,Swing 1D,LONG,Swing Low,2022-05-12 09:30,1652362200000,142.77,Flip Short,2022-07-25 09:30,1658755800000,154.01,76,10850.52,49,831.68,7.6573,1015.91,9.3534,1054.33,9.7072,22.56,2026-07-25T15:03:05.806Z
pyr25|AAPL|1d|1664458200000|1675693800000,pyr25,AAPL,NASDAQ:AAPL,1d,Swing 1D,LONG,Swing Low,2022-09-29 09:30,1664458200000,146.1,Flip Short,2023-02-06 09:30,1675693800000,152.57,78,11395.8,88,481.36,4.2198,877.8,7.6952,1721.94,15.0952,23.3,2026-07-25T15:03:05.806Z
pyr25|AAPL|1d|1692019800000|1700145000000,pyr25,AAPL,NASDAQ:AAPL,1d,Swing 1D,LONG,Swing Low,2023-08-14 09:30,1692019800000,177.97,Flip Short,2023-11-16 09:30,1700145000000,189.57,68,12101.96,67,763.81,6.3051,804.58,6.6417,848.5,7.0043,24.99,2026-07-25T15:03:05.806Z
pyr25|AAPL|1d|1707143400000|1715002200000,pyr25,AAPL,NASDAQ:AAPL,1d,Swing 1D,LONG,Swing Low,2024-02-05 09:30,1707143400000,188.15,Flip Short,2024-05-06 09:30,1715002200000,182.35,68,12794.2,63,-419.59,-3.2763,184.41,1.4399,1649.55,12.8801,25.19,2026-07-25T15:03:05.806Z
pyr25|AAPL|1d|1737556200000|1751895000000,pyr25,AAPL,NASDAQ:AAPL,1d,Swing 1D,LONG,Swing Low,2025-01-22 09:30,1737556200000,219.79,Flip Short,2025-07-07 09:30,1751895000000,212.68,55,12088.45,113,-414.84,-3.4282,1649.46,13.6313,2793.99,23.0898,23.79,2026-07-25T15:03:05.806Z
pyr25|AAPL|1d|1767882600000|1777901400000,pyr25,AAPL,NASDAQ:AAPL,1d,Swing 1D,LONG,Swing Low,2026-01-08 09:30,1767882600000,257.02,Flip Short,2026-05-04 09:30,1777901400000,279.65,46,11822.92,79,1016.29,8.5874,1377.38,11.6384,637.42,5.386,24.69,2026-07-25T15:03:05.806Z
pyr25|DXYZ|1d|1740493800000|1748352600000,pyr25,DXYZ,NYSE:DXYZ,1d,Swing 1D,LONG,Swing Low,2025-02-25 09:30,1740493800000,44.02,Flip Short,2025-05-27 09:30,1748352600000,49.09,169,7439.38,63,841.09,11.2947,849.39,11.4061,3189.71,42.8332,15.74,2026-07-25T15:03:14.897Z
pyr25|DXYZ|1d|1741699800000|1748352600000,pyr25,DXYZ,NYSE:DXYZ,1d,Swing 1D,LONG,Pyramid Add,2025-03-11 09:30,1741699800000,28.7,Flip Short,2025-05-27 09:30,1748352600000,49.09,42,1205.4,53,853.11,70.7036,855.17,70.8744,148.63,12.3176,3.27,2026-07-25T15:03:14.897Z
pyr25|DXYZ|1d|1752759000000|1765549800000,pyr25,DXYZ,NYSE:DXYZ,1d,Swing 1D,LONG,Swing Low,2025-07-17 09:30,1752759000000,35.2,Flip Short,2025-12-12 09:30,1765549800000,40.47,257,9046.4,104,1334.94,14.7419,1345.34,14.8567,3989.98,44.0616,19.45,2026-07-25T15:03:14.897Z
pyr25|DXYZ|1d|1759239000000|1765549800000,pyr25,DXYZ,NYSE:DXYZ,1d,Swing 1D,LONG,Pyramid Add,2025-09-30 09:30,1759239000000,22.99,Flip Short,2025-12-12 09:30,1765549800000,40.47,64,1471.36,52,1114.66,75.6813,1117.25,75.8572,211.39,14.3527,4.06,2026-07-25T15:03:14.897Z
pyr25|DXYZ|1d|1771943400000|1777901400000,pyr25,DXYZ,NYSE:DXYZ,1d,Swing 1D,LONG,Swing Low,2026-02-24 09:30,1771943400000,27.28,Flip Short,2026-05-04 09:30,1777901400000,35.2,395,10775.6,48,3103.72,28.7745,3117.62,28.9034,1381.43,12.8071,24.68,2026-07-25T15:03:14.897Z
pyr25|WQTM|1d|1774013400000|1776259800000,pyr25,WQTM,CBOE:WQTM,1d,Swing 1D,LONG,Swing Low,2026-03-20 09:30,1774013400000,25.54,Flip Short,2026-04-15 09:30,1776259800000,29.28,297,7585.38,17,1094.5,14.4146,1103.19,14.5292,708.51,9.3311,16.28,2026-07-25T15:03:25.241Z
pyr25|QTUM|1d|1558704600000|1563888600000,pyr25,QTUM,NASDAQ:QTUM,1d,Swing 1D,LONG,Swing Low,2019-05-24 09:30,1558704600000,23.15,Flip Short,2019-07-23 09:30,1563888600000,25.63,328,7593.2,40,797.44,10.4915,805.85,10.6021,105.99,1.3945,16,2026-07-25T15:03:34.320Z
pyr25|QTUM|1d|1582727400000|1590067800000,pyr25,QTUM,NASDAQ:QTUM,1d,Swing 1D,LONG,Swing Low,2020-02-26 09:30,1582727400000,28.66,Flip Short,2020-05-21 09:30,1590067800000,28.08,289,8282.74,60,-184.02,-2.2195,87.09,1.0504,2597.72,31.3318,16.4,2026-07-25T15:03:34.320Z
pyr25|QTUM|1d|1641911400000|1669905000000,pyr25,QTUM,NASDAQ:QTUM,1d,Swing 1D,LONG,Swing Low,2022-01-11 09:30,1641911400000,53.75,Flip Short,2022-12-01 09:30,1669905000000,42.39,150,8062.5,224,-1718.42,-21.2925,234.94,2.911,3015.56,37.365,14.42,2026-07-25T15:03:34.320Z
pyr25|QTUM|1d|1664544600000|1669905000000,pyr25,QTUM,NASDAQ:QTUM,1d,Swing 1D,LONG,Pyramid Add,2022-09-30 09:30,1664544600000,36.25,Flip Short,2022-12-01 09:30,1669905000000,42.39,37,1341.25,43,224.27,16.7043,225.84,16.8211,95.69,7.1274,2.91,2026-07-25T15:03:34.320Z
pyr25|QTUM|1d|1692279000000|1700577000000,pyr25,QTUM,NASDAQ:QTUM,1d,Swing 1D,LONG,Swing Low,2023-08-17 09:30,1692279000000,48.59,Flip Short,2023-11-21 09:30,1700577000000,50.22,143,6948.37,67,218.96,3.1481,443.5,6.3764,617.56,8.8789,14.13,2026-07-25T15:03:34.320Z
pyr25|QTUM|1d|1713792600000|1716298200000,pyr25,QTUM,NASDAQ:QTUM,1d,Swing 1D,LONG,Swing Low,2024-04-22 09:30,1713792600000,55.64,Flip Short,2024-05-21 09:30,1716298200000,62.05,128,7121.92,21,805.42,11.2977,882.48,12.3786,31.44,0.441,15.06,2026-07-25T15:03:34.320Z
pyr25|QTUM|1d|1722432600000|1728999000000,pyr25,QTUM,NASDAQ:QTUM,1d,Swing 1D,LONG,Swing Low,2024-07-31 09:30,1722432600000,61.53,Flip Short,2024-10-15 09:30,1728999000000,64.16,128,7875.84,53,320.55,4.066,354.36,4.4949,1102.28,13.9817,16.09,2026-07-25T15:03:34.320Z
pyr25|QTUM|1d|1741185000000|1747143000000,pyr25,QTUM,NASDAQ:QTUM,1d,Swing 1D,LONG,Swing Low,2025-03-05 09:30,1741185000000,78.36,Flip Short,2025-05-13 09:30,1747143000000,82.91,102,7992.72,48,447.65,5.5951,527.51,6.5933,1605.31,20.0646,16.45,2026-07-25T15:03:34.320Z
pyr25|QTUM|1d|1763994600000|1765463400000,pyr25,QTUM,NASDAQ:QTUM,1d,Swing 1D,LONG,Swing Low,2025-11-24 09:30,1763994600000,102.07,Flip Short,2025-12-11 09:30,1765463400000,114.4,81,8267.67,12,981.2,11.856,1111.96,13.4361,8.27,0.0999,17.53,2026-07-25T15:03:34.320Z
pyr25|QTUM|1d|1773063000000|1776259800000,pyr25,QTUM,NASDAQ:QTUM,1d,Swing 1D,LONG,Swing Low,2026-03-09 09:30,1773063000000,108.02,Flip Short,2026-04-15 09:30,1776259800000,122.43,82,8857.64,26,1162.72,13.1137,1172.76,13.2269,550.88,6.213,18.9,2026-07-25T15:03:34.320Z
pyr25|WTAI|1d|1663939800000|1674570600000,pyr25,WTAI,CBOE:WTAI,1d,Swing 1D,LONG,Swing Low,2022-09-23 09:30,1663939800000,14.47,Flip Short,2023-01-24 09:30,1674570600000,16.16,511,7394.17,82,847.94,11.4562,912.41,12.3272,508.17,6.8658,15.65,2026-07-25T15:03:43.268Z
pyr25|WTAI|1d|1683293400000|1684848600000,pyr25,WTAI,CBOE:WTAI,1d,Swing 1D,LONG,Swing Low,2023-05-05 09:30,1683293400000,16.22,Flip Short,2023-05-23 09:30,1684848600000,17.55,521,8450.62,12,675.34,7.9836,788.68,9.3235,164.75,1.9476,17.59,2026-07-25T15:03:43.268Z
pyr25|WTAI|1d|1692019800000|1700145000000,pyr25,WTAI,CBOE:WTAI,1d,Swing 1D,LONG,Swing Low,2023-08-14 09:30,1692019800000,18,Flip Short,2023-11-16 09:30,1700145000000,18.19,484,8712,67,74.44,0.8536,378.49,4.3401,1102.55,12.6429,17.52,2026-07-25T15:03:43.268Z
pyr25|WTAI|1d|1713187800000|1718371800000,pyr25,WTAI,CBOE:WTAI,1d,Swing 1D,LONG,Swing Low,2024-04-15 09:30,1713187800000,20.1,Flip Short,2024-06-14 09:30,1718371800000,20.65,441,8864.1,43,224.58,2.5311,361.58,4.075,771.79,8.6983,17.97,2026-07-25T15:03:43.268Z
pyr25|WTAI|1d|1722432600000|1728653400000,pyr25,WTAI,CBOE:WTAI,1d,Swing 1D,LONG,Swing Low,2024-07-31 09:30,1722432600000,19.84,Flip Short,2024-10-11 09:30,1728653400000,20.36,466,9245.44,51,223.59,2.4159,279.67,3.022,1421.23,15.3568,18.73,2026-07-25T15:03:43.268Z
pyr25|WTAI|1d|1740753000000|1747229400000,pyr25,WTAI,CBOE:WTAI,1d,Swing 1D,LONG,Swing Low,2025-02-28 09:30,1740753000000,21.18,Flip Short,2025-05-14 09:30,1747229400000,22.27,428,9065.04,52,447.92,4.9363,457.45,5.0413,2328.82,25.6645,18.6,2026-07-25T15:03:43.268Z
pyr25|WTAI|1d|1763994600000|1769610600000,pyr25,WTAI,CBOE:WTAI,1d,Swing 1D,LONG,Swing Low,2025-11-24 09:30,1763994600000,27.88,Flip Short,2026-01-28 09:30,1769610600000,31.42,342,9534.96,43,1190.4,12.4721,1201.14,12.5847,9.53,0.0999,20.28,2026-07-25T15:03:43.268Z
pyr25|WTAI|1d|1772634600000|1776173400000,pyr25,WTAI,CBOE:WTAI,1d,Swing 1D,LONG,Swing Low,2026-03-04 09:30,1772634600000,29.06,Flip Short,2026-04-14 09:30,1776173400000,32.53,361,10490.66,28,1230.44,11.7172,1242.18,11.829,916.6,8.7286,22.23,2026-07-25T15:03:43.268Z
pyr25|FAS|1d|1565875800000|1572355800000,pyr25,FAS,AMEX:FAS,1d,Swing 1D,LONG,Swing Low,2019-08-15 09:30,1565875800000,67,Flip Short,2019-10-29 09:30,1572355800000,81,115,7705,52,1592.98,20.654,1702.35,22.072,128.46,1.6655,17.02,2026-07-25T15:04:01.473Z
pyr25|FAS|1d|1582727400000|1590672600000,pyr25,FAS,AMEX:FAS,1d,Swing 1D,LONG,Swing Low,2020-02-26 09:30,1582727400000,86.08,Flip Short,2020-05-28 09:30,1590672600000,34.5,103,8866.24,64,-5325.16,-60.0011,235.24,2.6506,7407.36,83.4622,12.42,2026-07-25T15:04:01.473Z
pyr25|FAS|1d|1583760600000|1590672600000,pyr25,FAS,AMEX:FAS,1d,Swing 1D,LONG,Pyramid Add,2020-03-09 09:30,1583760600000,49.37,Flip Short,2020-05-28 09:30,1590672600000,34.5,25,1234.25,56,-373.85,-30.2591,77.52,6.2741,879.23,71.1651,2.1,2026-07-25T15:04:01.473Z
pyr25|FAS|1d|1600954200000|1605018600000,pyr25,FAS,AMEX:FAS,1d,Swing 1D,LONG,Swing Low,2020-09-24 09:30,1600954200000,30.61,Flip Short,2020-11-10 09:30,1605018600000,46.9,146,4469.06,33,2367.02,52.9118,2670.25,59.69,141.71,3.1677,11.32,2026-07-25T15:04:01.473Z
pyr25|FAS|1d|1626787800000|1628775000000,pyr25,FAS,AMEX:FAS,1d,Swing 1D,LONG,Swing Low,2021-07-20 09:30,1626787800000,94.85,Flip Short,2021-08-12 09:30,1628775000000,127.19,66,6260.1,17,2119.79,33.828,2128.18,33.962,57.08,0.9109,14.65,2026-07-25T15:04:01.473Z
pyr25|FAS|1d|1640097000000|1641825000000,pyr25,FAS,AMEX:FAS,1d,Swing 1D,LONG,Swing Low,2021-12-21 09:30,1640097000000,120.02,Flip Short,2022-01-10 09:30,1641825000000,151.9,67,8041.34,13,2117.74,26.3094,2127.92,26.4358,10.05,0.1249,18.22,2026-07-25T15:04:01.473Z
pyr25|FAS|1d|1643121000000|1660743000000,pyr25,FAS,AMEX:FAS,1d,Swing 1D,LONG,Swing Low,2022-01-25 09:30,1643121000000,115.93,Flip Short,2022-08-17 09:30,1660743000000,87.93,78,9042.54,141,-2199.9,-24.304,2635.94,29.1213,4658.62,51.4675,15.9,2026-07-25T15:04:01.473Z
pyr25|FAS|1d|1652189400000|1660743000000,pyr25,FAS,AMEX:FAS,1d,Swing 1D,LONG,Pyramid Add,2022-05-10 09:30,1652189400000,80.71,Flip Short,2022-08-17 09:30,1660743000000,87.93,19,1533.49,68,133.98,8.7279,217.54,14.1715,464.94,30.289,3.2,2026-07-25T15:04:01.473Z
pyr25|FAS|1d|1664199000000|1668177000000,pyr25,FAS,AMEX:FAS,1d,Swing 1D,LONG,Swing Low,2022-09-26 09:30,1664199000000,57.1,Flip Short,2022-11-11 09:30,1668177000000,84.99,135,7708.5,34,3745.97,48.5467,3757.44,48.6954,1017.51,13.1866,19.18,2026-07-25T15:04:01.473Z
pyr25|FAS|1d|1678458600000|1688563800000,pyr25,FAS,AMEX:FAS,1d,Swing 1D,LONG,Swing Low,2023-03-10 09:30,1678458600000,64.47,Flip Short,2023-07-05 09:30,1688563800000,63.4,161,10379.67,79,-192.86,-1.8562,519.31,4.9982,2523.59,24.2885,20.59,2026-07-25T15:04:01.473Z
pyr25|FAS|1d|1695735000000|1701095400000,pyr25,FAS,AMEX:FAS,1d,Swing 1D,LONG,Swing Low,2023-09-26 09:30,1695735000000,60.58,Flip Short,2023-11-27 09:30,1701095400000,68.26,171,10359.18,43,1291.25,12.4523,1484.18,14.3129,2036.71,19.6413,22.03,2026-07-25T15:04:01.473Z
pyr25|FAS|1d|1741699800000|1751290200000,pyr25,FAS,AMEX:FAS,1d,Swing 1D,LONG,Swing Low,2025-03-11 09:30,1741699800000,141.61,Flip Short,2025-06-30 09:30,1751290200000,167.2,81,11470.41,76,2047.78,17.8349,2239.52,19.5048,3976.42,34.6321,25.01,2026-07-25T15:04:01.473Z
pyr25|FAS|1d|1744119000000|1751290200000,pyr25,FAS,AMEX:FAS,1d,Swing 1D,LONG,Pyramid Add,2025-04-08 09:30,1744119000000,118.63,Flip Short,2025-06-30 09:30,1751290200000,167.2,20,2372.6,56,965.68,40.6608,974.43,41.029,398.57,16.7822,5.72,2026-07-25T15:04:01.473Z
pyr25|FAS|1d|1760707800000|1766586600000,pyr25,FAS,AMEX:FAS,1d,Swing 1D,LONG,Swing Low,2025-10-17 09:30,1760707800000,157.66,Flip Short,2025-12-24 09:30,1766586600000,175.66,88,13874.08,47,1554.67,11.1944,1617.65,11.6478,848.99,6.1132,29.33,2026-07-25T15:04:01.473Z
pyr25|FAS|1d|1770906600000|1781616600000,pyr25,FAS,AMEX:FAS,1d,Swing 1D,LONG,Swing Low,2026-02-12 09:30,1770906600000,148.5,Flip Short,2026-06-16 09:30,1781616600000,149.87,102,15147,85,109.31,0.7209,156.21,1.0303,4257.33,28.0787,30.43,2026-07-25T15:04:01.473Z
pyr25|BE|1d|1559136600000|1573482600000,pyr25,BE,NYSE:BE,1d,Swing 1D,LONG,Swing Low,2019-05-29 09:30,1559136600000,11.15,Flip Short,2019-11-11 09:30,1573482600000,5.3,674,7515.1,116,-3953.99,-52.5613,1441.59,19.1633,5878.06,78.1385,11.09,2026-07-25T15:04:10.507Z
pyr25|BE|1d|1565789400000|1573482600000,pyr25,BE,NYSE:BE,1d,Swing 1D,LONG,Pyramid Add,2019-08-14 09:30,1565789400000,4.55,Flip Short,2019-11-11 09:30,1573482600000,5.3,168,764.4,62,124.35,16.2508,192.44,25.1496,355.24,46.4272,1.65,2026-07-25T15:04:10.507Z
pyr25|BE|1d|1584106200000|1591882200000,pyr25,BE,NYSE:BE,1d,Swing 1D,LONG,Swing Low,2020-03-13 09:30,1584106200000,7,Flip Short,2020-06-11 09:30,1591882200000,9.26,722,5054,62,1619.98,32.0214,2521.95,49.8501,2893.05,57.1857,11.74,2026-07-25T15:04:10.507Z
pyr25|BE|1d|1584538200000|1591882200000,pyr25,BE,NYSE:BE,1d,Swing 1D,LONG,Pyramid Add,2020-03-18 09:30,1584538200000,3.91,Flip Short,2020-06-11 09:30,1591882200000,9.26,180,703.8,59,960.63,136.3555,1185.5,168.2739,164.5,23.3503,2.37,2026-07-25T15:04:10.507Z
pyr25|BE|1d|1604327400000|1606314600000,pyr25,BE,NYSE:BE,1d,Swing 1D,LONG,Swing Low,2020-11-02 09:30,1604327400000,13.25,Flip Short,2020-11-25 09:30,1606314600000,23.37,526,6969.5,17,5303.86,76.025,6631.15,95.0502,343.61,4.9253,19.26,2026-07-25T15:04:10.507Z
pyr25|BE|1d|1615213800000|1624627800000,pyr25,BE,NYSE:BE,1d,Swing 1D,LONG,Swing Low,2021-03-08 09:30,1615213800000,26.6,Flip Short,2021-06-25 09:30,1624627800000,27.9,417,11092.2,77,519.37,4.6777,1502.62,13.5331,3430.49,30.8962,22.73,2026-07-25T15:04:10.507Z
pyr25|BE|1d|1629466200000|1635255000000,pyr25,BE,NYSE:BE,1d,Swing 1D,LONG,Swing Low,2021-08-20 09:30,1629466200000,19.5,Flip Short,2021-10-26 09:30,1635255000000,26.96,566,11037,46,4196.06,37.9802,4873.54,44.1123,1527.92,13.8298,26.3,2026-07-25T15:04:10.507Z
pyr25|BE|1d|1641565800000|1646145000000,pyr25,BE,NYSE:BE,1d,Swing 1D,LONG,Swing Low,2022-01-07 09:30,1641565800000,19.42,Flip Short,2022-03-01 09:30,1646145000000,22.09,732,14215.44,35,1924.05,13.5214,2928.42,20.5797,5043.06,35.4405,30.39,2026-07-25T15:04:10.507Z
pyr25|BE|1d|1643639400000|1646145000000,pyr25,BE,NYSE:BE,1d,Swing 1D,LONG,Pyramid Add,2022-01-31 09:30,1643639400000,13.8,Flip Short,2022-03-01 09:30,1646145000000,22.09,183,2525.4,20,1510.5,59.7526,1761.59,69.6854,11.68,0.4619,6.57,2026-07-25T15:04:10.507Z
pyr25|BE|1d|1652103000000|1659101400000,pyr25,BE,NYSE:BE,1d,Swing 1D,LONG,Swing Low,2022-05-09 09:30,1652103000000,14.59,Flip Short,2022-07-29 09:30,1659101400000,20,1115,16267.85,56,5993.58,36.8063,8268.18,50.7745,3495.07,21.463,38.57,2026-07-25T15:04:10.507Z
pyr25|BE|1d|1665149400000|1671028200000,pyr25,BE,NYSE:BE,1d,Swing 1D,LONG,Swing Low,2022-10-07 09:30,1665149400000,18.36,Flip Short,2022-12-14 09:30,1671028200000,22.51,1123,20618.28,47,4614.55,22.3585,5527,26.7795,3030.26,14.6823,45.9,2026-07-25T15:04:10.507Z
pyr25|BE|1d|1678973400000|1689255000000,pyr25,BE,NYSE:BE,1d,Swing 1D,LONG,Swing Low,2023-03-16 09:30,1678973400000,18.73,Flip Short,2023-07-13 09:30,1689255000000,17.9,1317,24667.41,81,-1141.35,-4.6223,2464.46,9.9808,8453.47,34.2355,48.24,2026-07-25T15:04:10.507Z
pyr25|BE|1d|1683898200000|1689255000000,pyr25,BE,NYSE:BE,1d,Swing 1D,LONG,Pyramid Add,2023-05-12 09:30,1683898200000,13.08,Flip Short,2023-07-13 09:30,1689255000000,17.9,329,4303.32,41,1575.59,36.5767,1634.12,37.9355,251.05,5.8281,10.19,2026-07-25T15:04:10.507Z
pyr25|BE|1d|1692365400000|1701441000000,pyr25,BE,NYSE:BE,1d,Swing 1D,LONG,Swing Low,2023-08-18 09:30,1692365400000,14.13,Flip Short,2023-12-01 09:30,1701441000000,14.32,1748,24699.24,73,282.39,1.1422,3034.3,12.2727,8100.46,32.7636,49.73,2026-07-25T15:04:10.507Z
pyr25|BE|1d|1698759000000|1701441000000,pyr25,BE,NYSE:BE,1d,Swing 1D,LONG,Pyramid Add,2023-10-31 09:30,1698759000000,10.01,Flip Short,2023-12-01 09:30,1701441000000,14.32,437,4374.37,22,1872.84,42.7711,2128.19,48.6026,183.54,4.1917,10.63,2026-07-25T15:04:10.507Z
pyr25|BE|1d|1707229800000|1712755800000,pyr25,BE,NYSE:BE,1d,Swing 1D,LONG,Swing Low,2024-02-06 09:30,1707229800000,10.95,Flip Short,2024-04-10 09:30,1712755800000,11.16,2439,26707.05,44,458.26,1.7142,3778.13,14.1324,6221.77,23.2731,53.93,2026-07-25T15:04:10.507Z
pyr25|BE|1d|1722951000000|1731335400000,pyr25,BE,NYSE:BE,1d,Swing 1D,LONG,Swing Low,2024-08-06 09:30,1722951000000,11.11,Flip Short,2024-11-11 09:30,1731335400000,13.6,2500,27775,68,6163.23,22.1677,6197.23,22.29,5252.77,18.893,61.77,2026-07-25T15:04:10.507Z
pyr25|BE|1d|1743514200000|1749562200000,pyr25,BE,NYSE:BE,1d,Swing 1D,LONG,Swing Low,2025-04-01 09:30,1743514200000,19.86,Flip Short,2025-06-10 09:30,1749562200000,21.6,1624,32252.64,48,2758.43,8.544,3686.71,11.4193,7681.29,23.7922,67.33,2026-07-25T15:04:10.507Z
pyr25|BE|1d|1766068200000|1768919400000,pyr25,BE,NYSE:BE,1d,Swing 1D,LONG,Swing Low,2025-12-18 09:30,1766068200000,82.91,Flip Short,2026-01-20 09:30,1768919400000,144,442,36646.22,20,26901.49,73.3353,29988.41,81.7505,1884.21,5.1365,100.29,2026-07-25T15:04:10.507Z
pyr25|BE|1d|1774877400000|1776259800000,pyr25,BE,NYSE:BE,1d,Swing 1D,LONG,Swing Low,2026-03-30 09:30,1774877400000,133.32,Flip Short,2026-04-15 09:30,1776259800000,219,408,54394.56,11,34813.69,63.9382,35013.21,64.3046,6912.87,12.6961,143.75,2026-07-25T15:04:10.507Z
pyr25|JNJ|1d|1545057000000|1551450600000,pyr25,JNJ,NYSE:JNJ,1d,Swing 1D,LONG,Swing Low,2018-12-17 09:30,1545057000000,128.32,Flip Short,2019-03-01 09:30,1551450600000,137.22,57,7314.24,50,492.16,6.7221,541.6,7.3973,424.55,5.7987,15.14,2026-07-25T15:04:19.563Z
pyr25|JNJ|1d|1559223000000|1560432600000,pyr25,JNJ,NYSE:JNJ,1d,Swing 1D,LONG,Swing Low,2019-05-30 09:30,1559223000000,131.44,Flip Short,2019-06-13 09:30,1560432600000,141.72,60,7886.4,10,600.41,7.6056,680.31,8.6178,117.69,1.4908,16.39,2026-07-25T15:04:19.563Z
pyr25|JNJ|1d|1563888600000|1570109400000,pyr25,JNJ,NYSE:JNJ,1d,Swing 1D,LONG,Swing Low,2019-07-23 09:30,1563888600000,128.61,Flip Short,2019-10-03 09:30,1570109400000,131.64,65,8359.65,51,180.03,2.1515,387.49,4.6306,155.91,1.8632,16.92,2026-07-25T15:04:19.563Z
pyr25|JNJ|1d|1572010200000|1574692200000,pyr25,JNJ,NYSE:JNJ,1d,Swing 1D,LONG,Swing Low,2019-10-25 09:30,1572010200000,127.83,Flip Short,2019-11-25 09:30,1574692200000,137.06,67,8564.61,21,600.66,7.0063,715.04,8.3404,43.4,0.5063,17.75,2026-07-25T15:04:19.563Z
pyr25|JNJ|1d|1582900200000|1587648600000,pyr25,JNJ,NYSE:JNJ,1d,Swing 1D,LONG,Swing Low,2020-02-28 09:30,1582900200000,135.36,Flip Short,2020-04-23 09:30,1587648600000,154.25,64,8663.04,38,1190.42,13.7277,1248.3,14.3951,1685.46,19.4364,18.54,2026-07-25T15:04:19.563Z
pyr25|JNJ|1d|1593091800000|1598275800000,pyr25,JNJ,NYSE:JNJ,1d,Swing 1D,LONG,Swing Low,2020-06-25 09:30,1593091800000,140.57,Flip Short,2020-08-24 09:30,1598275800000,152.74,71,9980.47,41,843.25,8.4405,918.7,9.1958,262.03,2.6228,20.83,2026-07-25T15:04:19.563Z
pyr25|JNJ|1d|1600781400000|1607610600000,pyr25,JNJ,NYSE:JNJ,1d,Swing 1D,LONG,Swing Low,2020-09-22 09:30,1600781400000,144.69,Flip Short,2020-12-10 09:30,1607610600000,152.82,72,10417.68,56,563.94,5.4079,623.9,5.9829,805.3,7.7224,21.42,2026-07-25T15:04:19.563Z
pyr25|JNJ|1d|1631626200000|1639492200000,pyr25,JNJ,NYSE:JNJ,1d,Swing 1D,LONG,Swing Low,2021-09-14 09:30,1631626200000,166.4,Flip Short,2021-12-14 09:30,1639492200000,168.33,66,10982.4,64,105.29,0.9577,173.82,1.5811,707.28,6.4337,22.09,2026-07-25T15:04:19.563Z
pyr25|JNJ|1d|1645799400000|1647437400000,pyr25,JNJ,NYSE:JNJ,1d,Swing 1D,LONG,Swing Low,2022-02-25 09:30,1645799400000,160,Flip Short,2022-03-16 09:30,1647437400000,175.46,70,11200,13,1058.72,9.4434,1145.2,10.2148,32.2,0.2872,23.48,2026-07-25T15:04:19.563Z
pyr25|JNJ|1d|1655127000000|1666704600000,pyr25,JNJ,NYSE:JNJ,1d,Swing 1D,LONG,Swing Low,2022-06-13 09:30,1655127000000,170.08,Flip Short,2022-10-25 09:30,1666704600000,170.17,68,11565.44,93,-17.02,-0.147,890.79,7.6945,753.45,6.5081,23.14,2026-07-25T15:04:19.563Z
pyr25|JNJ|1d|1674657000000|1689946200000,pyr25,JNJ,NYSE:JNJ,1d,Swing 1D,LONG,Swing Low,2023-01-25 09:30,1674657000000,167.17,Flip Short,2023-07-21 09:30,1689946200000,168.18,70,11701.9,122,47.23,0.4032,180.1,1.5375,1205.9,10.2949,23.47,2026-07-25T15:04:19.563Z
pyr25|JNJ|1d|1695907800000|1704292200000,pyr25,JNJ,NYSE:JNJ,1d,Swing 1D,LONG,Swing Low,2023-09-28 09:30,1695907800000,157.5,Flip Short,2024-01-03 09:30,1704292200000,160.64,75,11812.5,66,211.64,1.7899,298.69,2.526,953.06,8.0602,23.86,2026-07-25T15:04:19.563Z
pyr25|JNJ|1d|1711546200000|1721309400000,pyr25,JNJ,NYSE:JNJ,1d,Swing 1D,LONG,Swing Low,2024-03-27 09:30,1711546200000,155.99,Flip Short,2024-07-18 09:30,1721309400000,155.6,77,12011.23,77,-54.02,-0.4493,230.54,1.9174,1002.23,8.3358,23.99,2026-07-25T15:04:19.563Z
pyr25|JNJ|1d|1730817000000|1739543400000,pyr25,JNJ,NYSE:JNJ,1d,Swing 1D,LONG,Swing Low,2024-11-05 09:30,1730817000000,157.67,Flip Short,2025-02-14 09:30,1739543400000,157.29,75,11825.25,68,-52.12,-0.4403,226.67,1.915,1286.08,10.8648,23.62,2026-07-25T15:04:19.563Z
pyr25|JNJ|1d|1744119000000|1752240600000,pyr25,JNJ,NYSE:JNJ,1d,Swing 1D,LONG,Swing Low,2025-04-08 09:30,1744119000000,153.59,Flip Short,2025-07-11 09:30,1752240600000,157.09,79,12133.61,64,251.96,2.0744,450.02,3.7051,967.24,7.9636,24.54,2026-07-25T15:04:19.563Z
pyr25|JNJ|1d|1776432600000|1782394200000,pyr25,JNJ,NYSE:JNJ,1d,Swing 1D,LONG,Swing Low,2026-04-17 09:30,1776432600000,234.36,Flip Short,2026-06-25 09:30,1782394200000,241.27,51,11952.36,47,328.15,2.7428,430.73,3.6001,725.44,6.0634,24.26,2026-07-25T15:04:19.563Z
pyr25|GOOGL|1d|1557840600000|1564407000000,pyr25,GOOGL,NASDAQ:GOOGL,1d,Swing 1D,LONG,Swing Low,2019-05-14 09:30,1557840600000,57.12,Flip Short,2019-07-29 09:30,1564407000000,62.13,133,7596.96,52,650.47,8.5537,830.3,10.9185,775.01,10.1913,15.86,2026-07-25T15:04:28.691Z
pyr25|GOOGL|1d|1582900200000|1589290200000,pyr25,GOOGL,NASDAQ:GOOGL,1d,Swing 1D,LONG,Swing Low,2020-02-28 09:30,1582900200000,63.72,Flip Short,2020-05-12 09:30,1589290200000,70.41,123,7837.56,51,806.37,10.2783,860.54,10.9688,1641.28,20.9203,16.5,2026-07-25T15:04:28.691Z
pyr25|GOOGL|1d|1600695000000|1604586600000,pyr25,GOOGL,NASDAQ:GOOGL,1d,Swing 1D,LONG,Swing Low,2020-09-21 09:30,1600695000000,71.58,Flip Short,2020-11-05 09:30,1604586600000,88.52,120,8589.6,33,2013.59,23.4187,2024.21,23.5423,184.99,2.1515,19.21,2026-07-25T15:04:28.691Z
pyr25|GOOGL|1d|1641479400000|1643898600000,pyr25,GOOGL,NASDAQ:GOOGL,1d,Swing 1D,LONG,Swing Low,2022-01-06 09:30,1641479400000,137,Flip Short,2022-02-03 09:30,1643898600000,145.71,74,10138,19,623.62,6.1452,1066.56,10.5099,935.14,9.2149,20.92,2026-07-25T15:04:28.691Z
pyr25|GOOGL|1d|1650634200000|1660051800000,pyr25,GOOGL,NASDAQ:GOOGL,1d,Swing 1D,LONG,Swing Low,2022-04-22 09:30,1650634200000,125,Flip Short,2022-08-09 09:30,1660051800000,117.14,85,10625,74,-688.68,-6.4752,23.38,0.2198,1975.83,18.5774,20.58,2026-07-25T15:04:28.691Z
pyr25|GOOGL|1d|1663248600000|1675434600000,pyr25,GOOGL,NASDAQ:GOOGL,1d,Swing 1D,LONG,Swing Low,2022-09-15 09:30,1663248600000,104.03,Flip Short,2023-02-03 09:30,1675434600000,102.93,97,10090.91,97,-126.78,-1.2551,360.45,3.5684,2017.02,19.9685,20.08,2026-07-25T15:04:28.691Z
pyr25|GOOGL|1d|1698327000000|1703169000000,pyr25,GOOGL,NASDAQ:GOOGL,1d,Swing 1D,LONG,Swing Low,2023-10-26 09:30,1698327000000,123.27,Flip Short,2023-12-21 09:30,1703169000000,139.49,80,9861.6,39,1276.58,12.932,1463.74,14.828,254.66,2.5798,21.02,2026-07-25T15:04:28.691Z
pyr25|GOOGL|1d|1709649000000|1712064600000,pyr25,GOOGL,NASDAQ:GOOGL,1d,Swing 1D,LONG,Swing Low,2024-03-05 09:30,1709649000000,131.88,Flip Short,2024-04-02 09:30,1712064600000,153.5,82,10814.16,19,1749.44,16.1611,1945.71,17.9742,110.85,1.0241,23.4,2026-07-25T15:04:28.691Z
pyr25|GOOGL|1d|1722000600000|1730295000000,pyr25,GOOGL,NASDAQ:GOOGL,1d,Swing 1D,LONG,Swing Low,2024-07-26 09:30,1722000600000,167.15,Flip Short,2024-10-30 09:30,1730295000000,180.68,74,12369.1,67,975.48,7.8786,988.85,7.9865,1487.19,12.0114,25.74,2026-07-25T15:04:28.691Z
pyr25|GOOGL|1d|1740493800000|1747920600000,pyr25,GOOGL,NASDAQ:GOOGL,1d,Swing 1D,LONG,Swing Low,2025-02-25 09:30,1740493800000,178.04,Flip Short,2025-05-22 09:30,1747920600000,171.85,73,12996.92,61,-477.41,-3.6696,38.1,0.2929,2751.23,21.1472,25.54,2026-07-25T15:04:28.691Z
pyr25|GOOGL|1d|1773063000000|1776691800000,pyr25,GOOGL,NASDAQ:GOOGL,1d,Swing 1D,LONG,Swing Low,2026-03-09 09:30,1773063000000,294.36,Flip Short,2026-04-20 09:30,1776691800000,340.76,42,12363.12,29,1922.13,15.5317,2001.96,16.1768,946.86,7.6511,26.68,2026-07-25T15:04:28.691Z
pyr25|TSLA|1d|1548340200000|1563456600000,pyr25,TSLA,NASDAQ:TSLA,1d,Swing 1D,LONG,Swing Low,2019-01-24 09:30,1548340200000,18.87,Flip Short,2019-07-18 09:30,1563456600000,17,396,7472.52,121,-754.72,-10.0899,1081.53,14.4589,2807.19,37.5294,14.2,2026-07-25T15:04:37.996Z
pyr25|TSLA|1d|1558704600000|1563456600000,pyr25,TSLA,NASDAQ:TSLA,1d,Swing 1D,LONG,Pyramid Add,2019-05-24 09:30,1558704600000,13.32,Flip Short,2019-07-18 09:30,1563456600000,17,99,1318.68,37,361.32,27.3726,384.78,29.1501,151.8,11.4999,3,2026-07-25T15:04:37.996Z
pyr25|TSLA|1d|1584538200000|1591104600000,pyr25,TSLA,NASDAQ:TSLA,1d,Swing 1D,LONG,Swing Low,2020-03-18 09:30,1584538200000,25.93,Flip Short,2020-06-02 09:30,1591104600000,59.65,254,6586.22,52,8543.14,129.5828,8629.41,130.8914,656.83,9.9628,21.74,2026-07-25T15:04:37.996Z
pyr25|TSLA|1d|1614954600000|1627997400000,pyr25,TSLA,NASDAQ:TSLA,1d,Swing 1D,LONG,Swing Low,2021-03-05 09:30,1614954600000,208.69,Flip Short,2021-08-03 09:30,1627997400000,239.67,66,13773.54,104,2015.09,14.6155,3389.85,24.5867,1918.53,13.9152,29.59,2026-07-25T15:04:37.996Z
pyr25|TSLA|1d|1643121000000|1648560600000,pyr25,TSLA,NASDAQ:TSLA,1d,Swing 1D,LONG,Swing Low,2022-01-25 09:30,1643121000000,304.73,Flip Short,2022-03-29 09:30,1648560600000,369.33,49,14931.77,44,3132.37,20.9569,3150.47,21.078,3513.53,23.5071,33.03,2026-07-25T15:04:37.996Z
pyr25|TSLA|1d|1652362200000|1658755800000,pyr25,TSLA,NASDAQ:TSLA,1d,Swing 1D,LONG,Swing Low,2022-05-12 09:30,1652362200000,233.67,Flip Short,2022-07-25 09:30,1658755800000,272.22,72,16824.24,49,2739.18,16.2649,3375.82,20.0451,1947.14,11.5619,36.42,2026-07-25T15:04:37.996Z
pyr25|TSLA|1d|1664890200000|1675693800000,pyr25,TSLA,NASDAQ:TSLA,1d,Swing 1D,LONG,Swing Low,2022-10-04 09:30,1664890200000,250.52,Flip Short,2023-02-06 09:30,1675693800000,193.01,81,20292.12,85,-4694.24,-23.1102,545.09,2.6835,12065.8,59.4011,35.93,2026-07-25T15:04:37.996Z
pyr25|TSLA|1d|1669127400000|1675693800000,pyr25,TSLA,NASDAQ:TSLA,1d,Swing 1D,LONG,Pyramid Add,2022-11-22 09:30,1669127400000,168.63,Flip Short,2023-02-06 09:30,1675693800000,193.01,20,3372.6,50,480.37,14.229,604.03,17.892,1339.77,39.6855,7.23,2026-07-25T15:04:37.996Z
pyr25|TSLA|1d|1682083800000|1685712600000,pyr25,TSLA,NASDAQ:TSLA,1d,Swing 1D,LONG,Swing Low,2023-04-21 09:30,1682083800000,164.8,Flip Short,2023-06-02 09:30,1685712600000,210.15,101,16644.8,29,4542.48,27.2634,4563.7,27.3908,1272.07,7.6348,37.87,2026-07-25T15:04:37.996Z
pyr25|TSLA|1d|1692365400000|1703773800000,pyr25,TSLA,NASDAQ:TSLA,1d,Swing 1D,LONG,Swing Low,2023-08-18 09:30,1692365400000,214.12,Flip Short,2023-12-28 09:30,1703773800000,263.66,91,19484.92,91,4464.66,22.8905,5882.77,30.1613,1844.03,9.4545,43.48,2026-07-25T15:04:37.996Z
pyr25|TSLA|1d|1706279400000|1719840600000,pyr25,TSLA,NASDAQ:TSLA,1d,Swing 1D,LONG,Swing Low,2024-01-26 09:30,1706279400000,185.5,Flip Short,2024-07-01 09:30,1719840600000,201.02,128,23744,107,1937.09,8.1501,2549.06,10.7249,6001.34,25.25,49.47,2026-07-25T15:04:37.996Z
pyr25|TSLA|1d|1739370600000|1747056600000,pyr25,TSLA,NASDAQ:TSLA,1d,Swing 1D,LONG,Swing Low,2025-02-12 09:30,1739370600000,329.94,Flip Short,2025-05-12 09:30,1747056600000,321.99,75,24745.5,61,-645.14,-2.6045,2780.25,11.2242,8701.5,35.1288,48.89,2026-07-25T15:04:37.996Z
pyr25|TSLA|1d|1741699800000|1747056600000,pyr25,TSLA,NASDAQ:TSLA,1d,Swing 1D,LONG,Pyramid Add,2025-03-11 09:30,1741699800000,225.31,Flip Short,2025-05-12 09:30,1747056600000,321.99,18,4055.58,43,1730.39,42.6242,1736.18,42.767,203.14,5.0038,9.85,2026-07-25T15:04:37.996Z
pyr25|TSLA|1d|1770388200000|1778506200000,pyr25,TSLA,NASDAQ:TSLA,1d,Swing 1D,LONG,Swing Low,2026-02-06 09:30,1770388200000,400.87,Flip Short,2026-05-11 09:30,1778506200000,422.16,64,25655.68,64,1309.89,5.1005,2245.06,8.742,4097.98,15.957,52.67,2026-07-25T15:04:37.996Z
pyr25|KARURVYSYA|1d|1550202300000|1557114300000,pyr25,KARURVYSYA,BSE:KARURVYSYA,1d,Swing 1D,LONG,Swing Low,2019-02-14 22:45,1550202300000,56.65,Flip Short,2019-05-05 23:45,1557114300000,65.85,135,7647.75,50,1225.46,16.0078,1848.6,24.1477,345.15,4.5086,16.54,2026-07-25T15:04:47.416Z
pyr25|KARURVYSYA|1d|1560915900000|1575517500000,pyr25,KARURVYSYA,BSE:KARURVYSYA,1d,Swing 1D,LONG,Swing Low,2019-06-18 23:45,1560915900000,60.85,Flip Short,2019-12-04 22:45,1575517500000,54.1,141,8579.85,112,-967.96,-11.2705,83.07,0.9672,2595.93,30.2259,16.21,2026-07-25T15:04:47.416Z
pyr25|KARURVYSYA|1d|1579751100000|1592970300000,pyr25,KARURVYSYA,BSE:KARURVYSYA,1d,Swing 1D,LONG,Swing Low,2020-01-22 22:45,1579751100000,45.75,Flip Short,2020-06-23 23:45,1592970300000,30.85,171,7823.25,102,-2561,-32.703,0,0,5248.97,67.0275,13.1,2026-07-25T15:04:47.416Z
pyr25|KARURVYSYA|1d|1583379900000|1592970300000,pyr25,KARURVYSYA,BSE:KARURVYSYA,1d,Swing 1D,LONG,Pyramid Add,2020-03-04 22:45,1583379900000,31.25,Flip Short,2020-06-23 23:45,1592970300000,30.85,42,1312.5,72,-19.41,-1.4772,126.79,9.6503,679.61,51.7283,2.61,2026-07-25T15:04:47.416Z
pyr25|KARURVYSYA|1d|1602647100000|1606189500000,pyr25,KARURVYSYA,BSE:KARURVYSYA,1d,Swing 1D,LONG,Swing Low,2020-10-13 23:45,1602647100000,25.35,Flip Short,2020-11-23 22:45,1606189500000,31.9,233,5906.55,29,1512.81,25.5868,1671.69,28.2741,180.66,3.0555,13.34,2026-07-25T15:04:47.416Z
pyr25|KARURVYSYA|1d|1624247100000|1632109500000,pyr25,KARURVYSYA,BSE:KARURVYSYA,1d,Swing 1D,LONG,Swing Low,2021-06-20 23:45,1624247100000,42.5,Flip Short,2021-09-19 23:45,1632109500000,41.65,163,6927.5,62,-152.27,-2.1958,425.02,6.1292,1718.43,24.7811,13.72,2026-07-25T15:04:47.416Z
pyr25|KARURVYSYA|1d|1640058300000|1643859900000,pyr25,KARURVYSYA,BSE:KARURVYSYA,1d,Swing 1D,LONG,Swing Low,2021-12-20 22:45,1640058300000,36.4,Flip Short,2022-02-02 22:45,1643859900000,46.6,191,6952.4,31,1932.35,27.7662,2036.75,29.2663,6.95,0.0999,15.85,2026-07-25T15:04:47.416Z
pyr25|KARURVYSYA|1d|1652413500000|1658461500000,pyr25,KARURVYSYA,BSE:KARURVYSYA,1d,Swing 1D,LONG,Swing Low,2022-05-12 23:45,1652413500000,35.85,Flip Short,2022-07-21 23:45,1658461500000,43.15,235,8424.75,50,1696.93,20.1221,1742.33,20.6604,255.17,3.0258,18.56,2026-07-25T15:04:47.416Z
pyr25|KARURVYSYA|1d|1676864700000|1684381500000,pyr25,KARURVYSYA,BSE:KARURVYSYA,1d,Swing 1D,LONG,Swing Low,2023-02-19 22:45,1676864700000,83.85,Flip Short,2023-05-17 23:45,1684381500000,88.35,115,9642.75,57,497.7,5.1562,668.86,6.9294,757.14,7.8441,19.8,2026-07-25T15:04:47.416Z
pyr25|KARURVYSYA|1d|1717559100000|1718077500000,pyr25,KARURVYSYA,BSE:KARURVYSYA,1d,Swing 1D,LONG,Swing Low,2024-06-04 23:45,1717559100000,152.6,Flip Short,2024-06-10 23:45,1718077500000,181.1,67,10224.2,4,1887.14,18.4392,1942.83,18.9832,294.97,2.8822,22.36,2026-07-25T15:04:47.416Z
pyr25|KARURVYSYA|1d|1728359100000|1731037500000,pyr25,KARURVYSYA,BSE:KARURVYSYA,1d,Swing 1D,LONG,Swing Low,2024-10-07 23:45,1728359100000,162.7,Flip Short,2024-11-07 22:45,1731037500000,191.75,68,11063.6,23,1951.3,17.6195,2508.34,22.6493,126.66,1.1437,24.1,2026-07-25T15:04:47.416Z
pyr25|KARURVYSYA|1d|1736739900000|1747799100000,pyr25,KARURVYSYA,BSE:KARURVYSYA,1d,Swing 1D,LONG,Swing Low,2025-01-12 22:45,1736739900000,172.3,Flip Short,2025-05-20 23:45,1747799100000,192.5,74,12750.2,86,1467.8,11.5005,2044.45,16.0186,1392.85,10.9132,27,2026-07-25T15:04:47.416Z
pyr25|KARURVYSYA|1d|1755661500000|1759981500000,pyr25,KARURVYSYA,BSE:KARURVYSYA,1d,Swing 1D,LONG,Swing Low,2025-08-19 23:45,1755661500000,183.5,Flip Short,2025-10-08 23:45,1759981500000,224.95,76,13946,34,3119.16,22.3436,3444.05,24.671,336.95,2.4137,31.04,2026-07-25T15:04:47.416Z
pyr25|ICICIBANK|1d|1565063100000|1569296700000,pyr25,ICICIBANK,BSE:ICICIBANK,1d,Swing 1D,LONG,Swing Low,2019-08-05 23:45,1565063100000,400.6,Flip Short,2019-09-23 23:45,1569296700000,443,18,7210.8,31,748.02,10.3632,881.99,12.2193,295.21,4.0899,15.18,2026-07-25T15:04:56.883Z
pyr25|ICICIBANK|1d|1583120700000|1595475900000,pyr25,ICICIBANK,BSE:ICICIBANK,1d,Swing 1D,LONG,Swing Low,2020-03-01 22:45,1583120700000,505.2,Flip Short,2020-07-22 23:45,1595475900000,382.7,16,8083.2,96,-1974.21,-24.3992,228.72,2.8267,3787.28,46.807,14.21,2026-07-25T15:04:56.883Z
pyr25|ICICIBANK|1d|1584675900000|1595475900000,pyr25,ICICIBANK,BSE:ICICIBANK,1d,Swing 1D,LONG,Pyramid Add,2020-03-19 23:45,1584675900000,332,Flip Short,2020-07-22 23:45,1595475900000,382.7,4,1328,83,199.94,15.0408,241.87,18.1951,253.33,19.0568,2.86,2026-07-25T15:04:56.883Z
pyr25|ICICIBANK|1d|1601005500000|1603338300000,pyr25,ICICIBANK,BSE:ICICIBANK,1d,Swing 1D,LONG,Swing Low,2020-09-24 23:45,1601005500000,338.1,Flip Short,2020-10-21 23:45,1603338300000,416.9,20,6762,18,1560.9,23.0603,1796.24,26.5372,37.76,0.5579,15.1,2026-07-25T15:04:56.883Z
pyr25|ICICIBANK|1d|1618890300000|1621827900000,pyr25,ICICIBANK,BSE:ICICIBANK,1d,Swing 1D,LONG,Swing Low,2021-04-19 23:45,1618890300000,564.7,Flip Short,2021-05-23 23:45,1621827900000,644.25,14,7905.8,22,1096.77,13.8592,1105.79,13.9732,255.01,3.2223,16.93,2026-07-25T15:04:56.883Z
pyr25|ICICIBANK|1d|1646365500000|1657597500000,pyr25,ICICIBANK,BSE:ICICIBANK,1d,Swing 1D,LONG,Swing Low,2022-03-03 22:45,1646365500000,692,Flip Short,2022-07-11 23:45,1657597500000,765.6,12,8304,88,865.71,10.4148,1023.1,12.3082,608.3,7.3181,17.49,2026-07-25T15:04:56.883Z
pyr25|ICICIBANK|1d|1672976700000|1680666300000,pyr25,ICICIBANK,BSE:ICICIBANK,1d,Swing 1D,LONG,Swing Low,2023-01-05 22:45,1672976700000,879.8,Flip Short,2023-04-04 23:45,1680666300000,882.1,10,8798,59,5.38,0.0611,55.7,0.6325,845.8,9.6039,17.62,2026-07-25T15:04:56.883Z
pyr25|ICICIBANK|1d|1695699900000|1701747900000,pyr25,ICICIBANK,BSE:ICICIBANK,1d,Swing 1D,LONG,Swing Low,2023-09-25 23:45,1695699900000,959.7,Flip Short,2023-12-04 22:45,1701747900000,999.25,9,8637.3,47,338.32,3.913,347.31,4.0171,556.29,6.4341,17.63,2026-07-25T15:04:56.883Z
pyr25|ICICIBANK|1d|1736826300000|1742355900000,pyr25,ICICIBANK,BSE:ICICIBANK,1d,Swing 1D,LONG,Swing Low,2025-01-13 22:45,1736826300000,1230.25,Flip Short,2025-03-18 23:45,1742355900000,1309.55,7,8611.75,45,537.32,6.2332,574.84,6.6684,311.36,3.6119,17.78,2026-07-25T15:04:56.883Z
pyr25|ICICIBANK|1d|1756439100000|1767757500000,pyr25,ICICIBANK,BSE:ICICIBANK,1d,Swing 1D,LONG,Swing Low,2025-08-28 23:45,1756439100000,1392,Flip Short,2026-01-06 22:45,1767757500000,1361.15,7,9744,89,-235.22,-2.4116,339.91,3.4849,531.24,5.4466,19.27,2026-07-25T15:04:56.883Z
pyr25|ICICIBANK|1d|1769571900000|1782704700000,pyr25,ICICIBANK,BSE:ICICIBANK,1d,Swing 1D,LONG,Swing Low,2026-01-27 22:45,1769571900000,1358.15,Flip Short,2026-06-28 23:45,1782704700000,1388.35,7,9507.05,101,192.17,2.0194,524.94,5.5161,1203.71,12.6486,19.23,2026-07-25T15:04:56.883Z
flip-only|AGQ|1d|1553866200000|1561123800000,flip-only,AGQ,AMEX:AGQ,1d,Swing 1D,LONG,Swing Low,2019-03-29 09:30,1553866200000,24.7,Flip Short,2019-06-21 09:30,1561123800000,24.86,393,9707.1,58,43.4,0.4467,277.18,2.8526,1239.8,12.7593,19.48,2026-07-27T19:25:17.418Z
flip-only|AGQ|1d|1583159400000|1589981400000,flip-only,AGQ,AMEX:AGQ,1d,Swing 1D,LONG,Swing Low,2020-03-02 09:30,1583159400000,27.01,Flip Short,2020-05-20 09:30,1589981400000,28.32,426,11506.26,56,534.49,4.6406,1015.15,8.8138,6124.61,53.1753,23.57,2026-07-27T19:25:17.418Z
flip-only|AGQ|1d|1615213800000|1620653400000,flip-only,AGQ,AMEX:AGQ,1d,Swing 1D,LONG,Swing Low,2021-03-08 09:30,1615213800000,44.09,Flip Short,2021-05-10 09:30,1620653400000,52.96,270,11904.3,44,2368.7,19.8779,2383,19.9979,1332.2,11.1798,26.2,2026-07-27T19:25:17.418Z
flip-only|AGQ|1d|1625059800000|1636641000000,flip-only,AGQ,AMEX:AGQ,1d,Swing 1D,LONG,Swing Low,2021-06-30 09:30,1625059800000,45.23,Flip Short,2021-11-11 09:30,1636641000000,41.04,314,14202.22,94,-1342.75,-9.4451,830.46,5.8415,4821.54,33.9153,27.09,2026-07-27T19:25:17.418Z
flip-only|AGQ|1d|1639146600000|1645799400000,flip-only,AGQ,AMEX:AGQ,1d,Swing 1D,LONG,Swing Low,2021-12-10 09:30,1639146600000,31.6,Flip Short,2022-02-25 09:30,1645799400000,36.28,415,13114,52,1914.03,14.5807,3676.24,28.0049,942.71,7.1814,28.17,2026-07-27T19:25:17.418Z
flip-only|AGQ|1d|1706020200000|1710423000000,flip-only,AGQ,AMEX:AGQ,1d,Swing 1D,LONG,Swing Low,2024-01-23 09:30,1706020200000,23.71,Flip Short,2024-03-14 09:30,1710423000000,29.34,627,14866.17,36,3496.75,23.498,3515.14,23.6216,591.71,3.9762,33.26,2026-07-27T19:25:17.418Z
flip-only|AGQ|1d|1732631400000|1739889000000,flip-only,AGQ,AMEX:AGQ,1d,Swing 1D,LONG,Swing Low,2024-11-26 09:30,1732631400000,37.85,Flip Short,2025-02-18 09:30,1739889000000,42.79,600,22710,54,2915.62,12.8256,4315.29,18.9827,2734.71,12.0298,48.38,2026-07-27T19:25:17.418Z
flip-only|AGQ|1d|1744032600000|1749216600000,flip-only,AGQ,AMEX:AGQ,1d,Swing 1D,LONG,Swing Low,2025-04-07 09:30,1744032600000,33.92,Flip Short,2025-06-06 09:30,1749216600000,48.5,762,25847.04,42,11047.16,42.6978,11084.11,42.8407,894.53,3.4574,62.8,2026-07-27T19:25:17.418Z
flip-only|GLD|1d|1605018600000|1620394200000,flip-only,GLD,AMEX:GLD,1d,Swing 1D,LONG,Swing Low,2020-11-10 09:30,1605018600000,176.75,Flip Short,2021-05-07 09:30,1620394200000,171.53,67,11842.25,122,-373.07,-3.1472,420.98,3.5513,1326.38,11.1892,23.33,2026-07-27T19:25:21.802Z
flip-only|GLD|1d|1639665000000|1644849000000,flip-only,GLD,AMEX:GLD,1d,Swing 1D,LONG,Swing Low,2021-12-16 09:30,1639665000000,167.01,Flip Short,2022-02-14 09:30,1644849000000,173.78,71,11857.71,40,456.47,3.8457,498.63,4.2009,57.3,0.4827,24.2,2026-07-27T19:25:21.802Z
flip-only|IYC|1d|1582727400000|1589895000000,flip-only,IYC,AMEX:IYC,1d,Swing 1D,LONG,Swing Low,2020-02-26 09:30,1582727400000,55.86,Flip Short,2020-05-19 09:30,1589895000000,52.68,171,9552.06,58,-562.34,-5.8812,38.33,0.4009,3149.11,32.935,18.56,2026-07-27T19:25:26.054Z
flip-only|IYC|1d|1642602600000|1659360600000,flip-only,IYC,AMEX:IYC,1d,Swing 1D,LONG,Swing Low,2022-01-19 09:30,1642602600000,78.87,Flip Short,2022-08-01 09:30,1659360600000,65.25,114,8991.18,133,-1569.11,-17.4342,16.09,0.1788,2719.91,30.2207,16.43,2026-07-27T19:25:26.054Z
flip-only|IYC|1d|1713792600000|1718717400000,flip-only,IYC,AMEX:IYC,1d,Swing 1D,LONG,Swing Low,2024-04-22 09:30,1713792600000,76.52,Flip Short,2024-06-18 09:30,1718717400000,81,117,8952.84,40,505.73,5.6432,540.95,6.0361,72.13,0.8049,18.43,2026-07-27T19:25:26.054Z
flip-only|IYG|1d|1565875800000|1572269400000,flip-only,IYG,AMEX:IYG,1d,Swing 1D,LONG,Swing Low,2019-08-15 09:30,1565875800000,42.68,Flip Short,2019-10-28 09:30,1572269400000,47.19,223,9517.64,51,985.69,10.3461,996.21,10.4566,74.19,0.7787,20.04,2026-07-27T19:25:30.412Z
flip-only|IYG|1d|1640097000000|1642084200000,flip-only,IYG,AMEX:IYG,1d,Swing 1D,LONG,Swing Low,2021-12-21 09:30,1640097000000,62.53,Flip Short,2022-01-13 09:30,1642084200000,67.81,175,10942.75,16,901.19,8.2273,965.56,8.8149,10.94,0.0999,22.81,2026-07-27T19:25:30.412Z
flip-only|JNUG|1d|1624282200000|1634823000000,flip-only,JNUG,AMEX:JNUG,1d,Swing 1D,LONG,Swing Low,2021-06-21 09:30,1624282200000,87.69,Flip Short,2021-10-21 09:30,1634823000000,69.67,151,13241.19,86,-2744.78,-20.7084,296.31,2.2355,5665.17,42.7417,23.76,2026-07-27T19:25:34.708Z
flip-only|JNUG|1d|1639665000000|1645194600000,flip-only,JNUG,AMEX:JNUG,1d,Swing 1D,LONG,Swing Low,2021-12-16 09:30,1639665000000,55.9,Flip Short,2022-02-18 09:30,1645194600000,66.51,191,10676.9,44,2003.13,18.7426,2426.48,22.7038,1534.86,14.3611,23.38,2026-07-27T19:25:34.708Z
flip-only|JNUG|1d|1651239000000|1668004200000,flip-only,JNUG,AMEX:JNUG,1d,Swing 1D,LONG,Swing Low,2022-04-29 09:30,1651239000000,66.91,Flip Short,2022-11-09 09:30,1668004200000,31.28,186,12445.26,134,-6645.44,-53.344,173.55,1.3932,8654,69.4671,18.26,2026-07-27T19:25:34.708Z
flip-only|JNUG|1d|1707229800000|1711632600000,flip-only,JNUG,AMEX:JNUG,1d,Swing 1D,LONG,Swing Low,2024-02-06 09:30,1707229800000,25.8,Flip Short,2024-03-28 09:30,1711632600000,32.63,335,8643,36,2268.48,26.2202,2279.41,26.3465,1308.44,15.1236,19.57,2026-07-27T19:25:34.708Z
flip-only|JNUG|1d|1734618600000|1738852200000,flip-only,JNUG,AMEX:JNUG,1d,Swing 1D,LONG,Swing Low,2024-12-19 09:30,1734618600000,38.08,Flip Short,2025-02-06 09:30,1738852200000,51.57,379,14432.32,31,5078.73,35.1548,5689.52,39.3827,1246.18,8.626,33.98,2026-07-27T19:25:34.708Z
flip-only|MEXX|1d|1582641000000|1591104600000,flip-only,MEXX,AMEX:MEXX,1d,Swing 1D,LONG,Swing Low,2020-02-25 09:30,1582641000000,27.05,Flip Short,2020-06-02 09:30,1591104600000,6.6,362,9792.1,68,-7415.08,-75.6495,138.63,1.4143,8643.49,88.1819,12.18,2026-07-27T19:25:38.936Z
flip-only|MEXX|1d|1633613400000|1640701800000,flip-only,MEXX,AMEX:MEXX,1d,Swing 1D,LONG,Swing Low,2021-10-07 09:30,1633613400000,16.57,Flip Short,2021-12-28 09:30,1640701800000,19.33,248,4109.36,56,675.58,16.4235,680.37,16.5401,1100.27,26.748,8.9,2026-07-27T19:25:38.936Z
flip-only|MEXX|1d|1646749800000|1647869400000,flip-only,MEXX,AMEX:MEXX,1d,Swing 1D,LONG,Swing Low,2022-03-08 09:30,1646749800000,15.22,Flip Short,2022-03-21 09:30,1647869400000,21.24,311,4733.42,9,1860.88,39.2744,1867.49,39.4138,4.73,0.0999,11.34,2026-07-27T19:25:38.936Z
flip-only|MEXX|1d|1652189400000|1666877400000,flip-only,MEXX,AMEX:MEXX,1d,Swing 1D,LONG,Swing Low,2022-05-10 09:30,1652189400000,15.6,Flip Short,2022-10-27 09:30,1666877400000,16.2,428,6676.8,118,243.19,3.6387,2368.72,35.4415,1705.84,25.5232,13.61,2026-07-27T19:25:38.936Z
flip-only|MEXX|1d|1713360600000|1739889000000,flip-only,MEXX,AMEX:MEXX,1d,Swing 1D,LONG,Swing Low,2024-04-17 09:30,1713360600000,29.32,Flip Short,2025-02-18 09:30,1739889000000,12.7,257,7535.24,209,-4282.14,-56.7714,1274.89,16.9022,5273.47,69.9141,10.8,2026-07-27T19:25:38.936Z
flip-only|MIDU|1d|1558704600000|1564061400000,flip-only,MIDU,AMEX:MIDU,1d,Swing 1D,LONG,Swing Low,2019-05-24 09:30,1558704600000,38.16,Flip Short,2019-07-25 09:30,1564061400000,45.27,252,9616.32,42,1770.7,18.395,1840.06,19.1157,916.82,9.5244,21.02,2026-07-27T19:25:43.198Z
flip-only|MIDU|1d|1565875800000|1572877800000,flip-only,MIDU,AMEX:MIDU,1d,Swing 1D,LONG,Swing Low,2019-08-15 09:30,1565875800000,36.17,Flip Short,2019-11-04 09:30,1572877800000,45.03,312,11285.04,56,2738.99,24.2467,2753.03,24.3711,448.09,3.9666,25.33,2026-07-27T19:25:43.198Z
flip-only|MIDU|1d|1582727400000|1590586200000,flip-only,MIDU,AMEX:MIDU,1d,Swing 1D,LONG,Swing Low,2020-02-26 09:30,1582727400000,41.59,Flip Short,2020-05-27 09:30,1590586200000,20.49,334,13891.06,63,-7068.14,-50.8318,239.95,1.7256,11657.13,83.8344,20.73,2026-07-27T19:25:43.198Z
flip-only|MIDU|1d|1624282200000|1629984600000,flip-only,MIDU,AMEX:MIDU,1d,Swing 1D,LONG,Swing Low,2021-06-21 09:30,1624282200000,57.14,Flip Short,2021-08-26 09:30,1629984600000,63.89,173,9885.22,47,1146.81,11.5897,1310.1,13.2399,947.55,9.5759,20.94,2026-07-27T19:25:43.198Z
flip-only|MIDU|1d|1640097000000|1660311000000,flip-only,MIDU,AMEX:MIDU,1d,Swing 1D,LONG,Swing Low,2021-12-21 09:30,1640097000000,60.24,Flip Short,2022-08-12 09:30,1660311000000,46.65,184,11084.16,161,-2520.23,-22.7145,2200.6,19.8337,5807.08,52.3385,19.67,2026-07-27T19:25:43.198Z
flip-only|MIDU|1d|1694698200000|1701700200000,flip-only,MIDU,AMEX:MIDU,1d,Swing 1D,LONG,Swing Low,2023-09-14 09:30,1694698200000,37.72,Flip Short,2023-12-04 09:30,1701700200000,37.76,333,12560.76,56,-11.81,-0.094,173.92,1.3832,3665.57,29.1536,25.13,2026-07-27T19:25:43.198Z
flip-only|MIDU|1d|1722951000000|1728912600000,flip-only,MIDU,AMEX:MIDU,1d,Swing 1D,LONG,Swing Low,2024-08-06 09:30,1722951000000,44.14,Flip Short,2024-10-14 09:30,1728912600000,56.58,280,12359.2,48,3455,27.9269,3470.84,28.055,292.36,2.3632,28.2,2026-07-27T19:25:43.198Z
flip-only|MIDU|1d|1734618600000|1751290200000,flip-only,MIDU,AMEX:MIDU,1d,Swing 1D,LONG,Swing Low,2024-12-19 09:30,1734618600000,54,Flip Short,2025-06-30 09:30,1751290200000,45.31,296,15984,129,-2601.64,-16.2602,2272.1,14.2006,8511.18,53.1949,29.4,2026-07-27T19:25:43.198Z
flip-only|MSFT|1d|1583159400000|1588771800000,flip-only,MSFT,NASDAQ:MSFT,1d,Swing 1D,LONG,Swing Low,2020-03-02 09:30,1583159400000,165.31,Flip Short,2020-05-06 09:30,1588771800000,182.08,58,9587.98,46,952.51,9.9245,1054.13,10.9833,1911.41,19.9155,20.15,2026-07-27T19:25:47.661Z
flip-only|MSFT|1d|1651066200000|1659101400000,flip-only,MSFT,NASDAQ:MSFT,1d,Swing 1D,LONG,Swing Low,2022-04-27 09:30,1651066200000,282.1,Flip Short,2022-07-29 09:30,1659101400000,277.7,47,13258.7,64,-233.11,-1.7564,404.1,3.0448,1920.99,14.474,26.31,2026-07-27T19:25:47.661Z
flip-only|MSFT|1d|1691674200000|1698327000000,flip-only,MSFT,NASDAQ:MSFT,1d,Swing 1D,LONG,Swing Low,2023-08-10 09:30,1691674200000,326.01,Flip Short,2023-10-26 09:30,1698327000000,340.54,40,13040.4,54,554.54,4.2482,794.56,6.087,675.44,5.1744,26.66,2026-07-27T19:25:47.661Z
flip-only|URTY|1d|1558704600000|1564666200000,flip-only,URTY,AMEX:URTY,1d,Swing 1D,LONG,Swing Low,2019-05-24 09:30,1558704600000,66.64,Flip Short,2019-08-01 09:30,1564666200000,74.83,144,9596.16,47,1158.99,12.0656,1663.68,17.3197,961.44,10.009,20.37,2026-07-27T19:25:51.901Z
flip-only|URTY|1d|1565875800000|1572964200000,flip-only,URTY,AMEX:URTY,1d,Swing 1D,LONG,Swing Low,2019-08-15 09:30,1565875800000,60.46,Flip Short,2019-11-05 09:30,1572964200000,76.21,177,10701.42,57,2763.56,25.7984,2798.29,26.1226,616.04,5.7509,24.19,2026-07-27T19:25:51.901Z
flip-only|URTY|1d|1582727400000|1590586200000,flip-only,URTY,AMEX:URTY,1d,Swing 1D,LONG,Swing Low,2020-02-26 09:30,1582727400000,71.21,Flip Short,2020-05-27 09:30,1590586200000,32.78,187,13316.27,63,-7205.86,-54.0591,325.15,2.4393,11122.99,83.4458,19.45,2026-07-27T19:25:51.901Z
flip-only|URTY|1d|1626787800000|1635341400000,flip-only,URTY,AMEX:URTY,1d,Swing 1D,LONG,Swing Low,2021-07-20 09:30,1626787800000,91.62,Flip Short,2021-10-27 09:30,1635341400000,110.26,91,8337.42,70,1677.87,20.1045,2161.1,25.8946,272.24,3.262,18.37,2026-07-27T19:25:51.901Z
flip-only|URTY|1d|1693229400000|1701700200000,flip-only,URTY,AMEX:URTY,1d,Swing 1D,LONG,Swing Low,2023-08-28 09:30,1693229400000,38.98,Flip Short,2023-12-04 09:30,1701700200000,36.3,353,13759.94,68,-972.61,-7.0614,1542.97,11.2023,4821.62,35.006,26.57,2026-07-27T19:25:51.901Z
flip-only|URTY|1d|1713447000000|1721050200000,flip-only,URTY,AMEX:URTY,1d,Swing 1D,LONG,Swing Low,2024-04-18 09:30,1713447000000,38.94,Flip Short,2024-07-15 09:30,1721050200000,50.92,326,12694.44,59,3876.19,30.504,3896.05,30.6603,469.09,3.6916,29.29,2026-07-27T19:25:51.901Z
flip-only|URTY|1d|1722951000000|1729085400000,flip-only,URTY,AMEX:URTY,1d,Swing 1D,LONG,Swing Low,2024-08-06 09:30,1722951000000,41.8,Flip Short,2024-10-16 09:30,1729085400000,54.56,394,16469.2,50,4989.47,30.2655,5184.33,31.4475,473.51,2.8722,37.97,2026-07-27T19:25:51.901Z
flip-only|XLI|1d|1559223000000|1563370200000,flip-only,XLI,AMEX:XLI,1d,Swing 1D,LONG,Swing Low,2019-05-30 09:30,1559223000000,73.09,Flip Short,2019-07-17 09:30,1563370200000,78.12,130,9501.7,33,634.24,6.6684,730.2,7.6772,162.9,1.7127,19.66,2026-07-27T19:25:56.237Z
flip-only|XLI|1d|1612189800000|1613572200000,flip-only,XLI,AMEX:XLI,1d,Swing 1D,LONG,Swing Low,2021-02-01 09:30,1612189800000,85.61,Flip Short,2021-02-17 09:30,1613572200000,89.82,111,9502.71,11,447.84,4.708,575.47,6.0498,83.87,0.8817,19.47,2026-07-27T19:25:56.237Z
flip-only|XLI|1d|1652189400000|1660224600000,flip-only,XLI,AMEX:XLI,1d,Swing 1D,LONG,Swing Low,2022-05-10 09:30,1652189400000,94.22,Flip Short,2022-08-11 09:30,1660224600000,98.48,121,11400.62,64,492.14,4.3125,504.06,4.4169,1214.14,10.6391,23.32,2026-07-27T19:25:56.237Z
flip-only|XLI|1d|1774877400000|1781616600000,flip-only,XLI,AMEX:XLI,1d,Swing 1D,LONG,Swing Low,2026-03-30 09:30,1774877400000,160.55,Flip Short,2026-06-16 09:30,1781616600000,179.58,109,17499.95,54,2037.2,11.6295,2100.37,11.9902,504.73,2.8813,37.07,2026-07-27T19:25:56.237Z
flip-only|NVDA|1d|1558704600000|1563975000000,flip-only,NVDA,NASDAQ:NVDA,1d,Swing 1D,LONG,Swing Low,2019-05-24 09:30,1558704600000,3.7,Flip Short,2019-07-24 09:30,1563975000000,4.43,2578,9538.6,41,1860.98,19.4905,1872.4,19.6101,989.18,10.3599,20.96,2026-07-27T19:26:00.570Z
flip-only|NVDA|1d|1614954600000|1618407000000,flip-only,NVDA,NASDAQ:NVDA,1d,Swing 1D,LONG,Swing Low,2021-03-05 09:30,1614954600000,12.55,Flip Short,2021-04-14 09:30,1618407000000,15.63,909,11407.95,27,2774.1,24.293,2851.94,24.9746,902.23,7.9009,25.62,2026-07-27T19:26:00.570Z
flip-only|NVDA|1d|1642689000000|1648647000000,flip-only,NVDA,NASDAQ:NVDA,1d,Swing 1D,LONG,Swing Low,2022-01-20 09:30,1642689000000,25.3,Flip Short,2022-03-30 09:30,1648647000000,28.3,554,14016.2,48,1632.31,11.6342,2008.08,14.3126,2590.12,18.461,29.69,2026-07-27T19:26:00.570Z
flip-only|NVDA|1d|1650634200000|1668177000000,flip-only,NVDA,NASDAQ:NVDA,1d,Swing 1D,LONG,Swing Low,2022-04-22 09:30,1650634200000,20.3,Flip Short,2022-11-11 09:30,1668177000000,15.81,765,15529.5,141,-3462.47,-22.2738,129.82,0.8351,7275.38,46.802,27.62,2026-07-27T19:26:00.570Z
flip-only|NVDA|1d|1698413400000|1699972200000,flip-only,NVDA,NASDAQ:NVDA,1d,Swing 1D,LONG,Swing Low,2023-10-27 09:30,1698413400000,41.13,Flip Short,2023-11-14 09:30,1699972200000,49.68,301,12380.13,12,2546.22,20.5464,2561.17,20.6671,584.28,4.7148,27.33,2026-07-27T19:26:00.570Z
flip-only|NVDA|1d|1722951000000|1728480600000,flip-only,NVDA,NASDAQ:NVDA,1d,Swing 1D,LONG,Swing Low,2024-08-06 09:30,1722951000000,103.84,Flip Short,2024-10-09 09:30,1728480600000,134.11,145,15056.8,45,4354.65,28.8926,4374.09,29.0216,931.46,6.1801,34.5,2026-07-27T19:26:00.570Z
flip-only|NVDA|1d|1734532200000|1736346600000,flip-only,NVDA,NASDAQ:NVDA,1d,Swing 1D,LONG,Swing Low,2024-12-18 09:30,1734532200000,133.86,Flip Short,2025-01-08 09:30,1736346600000,142.58,143,19141.98,13,1207.43,6.3015,2736.47,14.2814,825.66,4.309,39.53,2026-07-27T19:26:00.570Z
flip-only|NVDA|1d|1738074600000|1747229400000,flip-only,NVDA,NASDAQ:NVDA,1d,Swing 1D,LONG,Swing Low,2025-01-28 09:30,1738074600000,121.81,Flip Short,2025-05-14 09:30,1747229400000,133.19,167,20342.27,74,1857.88,9.124,3591.87,17.6395,5897.07,28.9603,42.59,2026-07-27T19:26:00.570Z
flip-only|INTL|1d|1504099800000|1507123800000,flip-only,INTL,CBOE:INTL,1d,Swing 1D,LONG,Swing Low,2017-08-30 09:30,1504099800000,35.47,Flip Short,2017-10-04 09:30,1507123800000,39.25,319,11314.93,24,1181.98,10.4358,1392.29,12.2926,764.15,6.7468,23.84,2026-07-27T19:26:04.946Z
flip-only|INTL|1d|1537363800000|1550673000000,flip-only,INTL,CBOE:INTL,1d,Swing 1D,LONG,Swing Low,2018-09-19 09:30,1537363800000,51.77,Flip Short,2019-02-20 09:30,1550673000000,42.63,271,14029.67,104,-2502.52,-17.8195,568.62,4.0489,4539.73,32.3257,25.58,2026-07-27T19:26:04.946Z
flip-only|INTL|1d|1763735400000|1767709800000,flip-only,INTL,CBOE:INTL,1d,Swing 1D,LONG,Swing Low,2025-11-21 09:30,1763735400000,27.07,Flip Short,2026-01-06 09:30,1767709800000,28.73,645,17460.15,29,1034.71,5.9202,1053.24,6.0262,23.91,0.1368,35.99,2026-07-27T19:26:04.946Z
flip-only|MU|1d|1646836200000|1668177000000,flip-only,MU,NASDAQ:MU,1d,Swing 1D,LONG,Swing Low,2022-03-09 09:30,1646836200000,79.97,Flip Short,2022-11-11 09:30,1668177000000,60.65,171,13674.87,172,-3327.77,-24.3106,1058.5,7.7327,5403.59,39.4753,24.05,2026-07-27T19:26:09.216Z
flip-only|PLTR|1d|1636641000000|1649165400000,flip-only,PLTR,NASDAQ:PLTR,1d,Swing 1D,LONG,Swing Low,2021-11-11 09:30,1636641000000,23.04,Flip Short,2022-04-05 09:30,1649165400000,14.61,465,10713.6,99,-3937.46,-36.7152,212.49,1.9814,6195.21,57.7679,17.51,2026-07-27T19:26:13.609Z
flip-only|PLTR|1d|1661952600000|1667395800000,flip-only,PLTR,NASDAQ:PLTR,1d,Swing 1D,LONG,Swing Low,2022-08-31 09:30,1661952600000,7.95,Flip Short,2022-11-02 09:30,1667395800000,8.7,1088,8649.6,44,797.88,9.2153,1199.03,13.8484,900.81,10.4041,18.12,2026-07-27T19:26:13.609Z
flip-only|PLTR|1d|1667917800000|1675348200000,flip-only,PLTR,NASDAQ:PLTR,1d,Swing 1D,LONG,Swing Low,2022-11-08 09:30,1667917800000,7.08,Flip Short,2023-02-02 09:30,1675348200000,8.51,1316,9317.28,58,1861.36,19.9576,1872.56,20.0777,1535.88,16.4677,20.52,2026-07-27T19:26:13.609Z
flip-only|PLTR|1d|1695389400000|1699281000000,flip-only,PLTR,NASDAQ:PLTR,1d,Swing 1D,LONG,Swing Low,2023-09-22 09:30,1695389400000,14.23,Flip Short,2023-11-06 09:30,1699281000000,18.99,786,11184.78,31,3715.25,33.1838,3800.92,33.949,333.44,2.9783,26.11,2026-07-27T19:26:13.609Z
flip-only|PLTR|1d|1763735400000|1780407000000,flip-only,PLTR,NASDAQ:PLTR,1d,Swing 1D,LONG,Swing Low,2025-11-21 09:30,1763735400000,156.01,Flip Short,2026-06-02 09:30,1780407000000,156.69,193,30109.93,130,70.89,0.2352,8243.8,27.3517,6462.8,21.4426,60.35,2026-07-27T19:26:13.609Z
flip-only|AAPL|1d|1558704600000|1563802200000,flip-only,AAPL,NASDAQ:AAPL,1d,Swing 1D,LONG,Swing Low,2019-05-24 09:30,1558704600000,45.05,Flip Short,2019-07-22 09:30,1563802200000,50.91,211,9505.55,39,1216.21,12.782,1378.87,14.4915,532.79,5.5994,20.25,2026-07-27T19:26:17.865Z
flip-only|AAPL|1d|1632231000000|1637332200000,flip-only,AAPL,NASDAQ:AAPL,1d,Swing 1D,LONG,Swing Low,2021-09-21 09:30,1632231000000,143.93,Flip Short,2021-11-19 09:30,1637332200000,157.65,91,13097.63,43,1221.08,9.3136,1328.24,10.131,528.16,4.0284,27.44,2026-07-27T19:26:17.865Z
flip-only|AAPL|1d|1707143400000|1715002200000,flip-only,AAPL,NASDAQ:AAPL,1d,Swing 1D,LONG,Swing Low,2024-02-05 09:30,1707143400000,188.15,Flip Short,2024-05-06 09:30,1715002200000,182.35,97,18250.55,63,-598.54,-3.2763,263.05,1.4399,2353.04,12.8801,35.94,2026-07-27T19:26:17.865Z
flip-only|DXYZ|1d|1752759000000|1765549800000,flip-only,DXYZ,NYSE:DXYZ,1d,Swing 1D,LONG,Swing Low,2025-07-17 09:30,1752759000000,35.2,Flip Short,2025-12-12 09:30,1765549800000,40.47,304,10700.8,104,1579.08,14.7419,1591.38,14.8567,4719.66,44.0616,23,2026-07-27T19:26:22.143Z
flip-only|DXYZ|1d|1771943400000|1777901400000,flip-only,DXYZ,NYSE:DXYZ,1d,Swing 1D,LONG,Swing Low,2026-02-24 09:30,1771943400000,27.28,Flip Short,2026-05-04 09:30,1777901400000,35.2,440,12003.2,48,3457.31,28.7745,3472.8,28.9034,1538.8,12.8071,27.49,2026-07-27T19:26:22.143Z
flip-only|QTUM|1d|1582727400000|1590067800000,flip-only,QTUM,NASDAQ:QTUM,1d,Swing 1D,LONG,Swing Low,2020-02-26 09:30,1582727400000,28.66,Flip Short,2020-05-21 09:30,1590067800000,28.08,367,10518.22,60,-233.68,-2.2195,110.59,1.0504,3298.84,31.3318,20.82,2026-07-27T19:26:30.705Z
flip-only|QTUM|1d|1692279000000|1700577000000,flip-only,QTUM,NASDAQ:QTUM,1d,Swing 1D,LONG,Swing Low,2023-08-17 09:30,1692279000000,48.59,Flip Short,2023-11-21 09:30,1700577000000,50.22,169,8211.71,67,258.77,3.1481,524.14,6.3764,729.84,8.8789,16.7,2026-07-27T19:26:30.705Z
flip-only|QTUM|1d|1713792600000|1716298200000,flip-only,QTUM,NASDAQ:QTUM,1d,Swing 1D,LONG,Swing Low,2024-04-22 09:30,1713792600000,55.64,Flip Short,2024-05-21 09:30,1716298200000,62.05,151,8401.64,21,950.14,11.2977,1041.05,12.3786,37.09,0.441,17.77,2026-07-27T19:26:30.705Z
flip-only|QTUM|1d|1722432600000|1728999000000,flip-only,QTUM,NASDAQ:QTUM,1d,Swing 1D,LONG,Swing Low,2024-07-31 09:30,1722432600000,61.53,Flip Short,2024-10-15 09:30,1728999000000,64.16,154,9475.62,53,385.66,4.066,426.34,4.4949,1326.18,13.9817,19.36,2026-07-27T19:26:30.705Z
flip-only|QTUM|1d|1763994600000|1765463400000,flip-only,QTUM,NASDAQ:QTUM,1d,Swing 1D,LONG,Swing Low,2025-11-24 09:30,1763994600000,102.07,Flip Short,2025-12-11 09:30,1765463400000,114.4,100,10207,12,1211.35,11.856,1372.79,13.4361,10.21,0.0999,21.65,2026-07-27T19:26:30.705Z
flip-only|WTAI|1d|1683293400000|1684848600000,flip-only,WTAI,CBOE:WTAI,1d,Swing 1D,LONG,Swing Low,2023-05-05 09:30,1683293400000,16.22,Flip Short,2023-05-23 09:30,1684848600000,17.55,664,10770.08,12,860.7,7.9836,1005.15,9.3235,209.97,1.9476,22.42,2026-07-27T19:26:35.039Z
flip-only|WTAI|1d|1713187800000|1718371800000,flip-only,WTAI,CBOE:WTAI,1d,Swing 1D,LONG,Swing Low,2024-04-15 09:30,1713187800000,20.1,Flip Short,2024-06-14 09:30,1718371800000,20.65,570,11457,43,290.27,2.5311,467.34,4.075,997.56,8.6983,23.23,2026-07-27T19:26:35.039Z
flip-only|WTAI|1d|1722432600000|1728653400000,flip-only,WTAI,CBOE:WTAI,1d,Swing 1D,LONG,Swing Low,2024-07-31 09:30,1722432600000,19.84,Flip Short,2024-10-11 09:30,1728653400000,20.36,605,12003.2,51,290.28,2.4159,363.1,3.022,1845.15,15.3568,24.32,2026-07-27T19:26:35.039Z
flip-only|WTAI|1d|1763994600000|1769610600000,flip-only,WTAI,CBOE:WTAI,1d,Swing 1D,LONG,Swing Low,2025-11-24 09:30,1763994600000,27.88,Flip Short,2026-01-28 09:30,1769610600000,31.42,451,12573.88,43,1569.8,12.4721,1583.97,12.5847,12.57,0.0999,26.74,2026-07-27T19:26:35.039Z
flip-only|WTAI|1d|1772634600000|1776173400000,flip-only,WTAI,CBOE:WTAI,1d,Swing 1D,LONG,Swing Low,2026-03-04 09:30,1772634600000,29.06,Flip Short,2026-04-14 09:30,1776173400000,32.53,486,14123.16,28,1656.49,11.7172,1672.3,11.829,1233.98,8.7286,29.93,2026-07-27T19:26:35.039Z
flip-only|FAS|1d|1565875800000|1572355800000,flip-only,FAS,AMEX:FAS,1d,Swing 1D,LONG,Swing Low,2019-08-15 09:30,1565875800000,67,Flip Short,2019-10-29 09:30,1572355800000,81,143,9581,52,1980.84,20.654,2116.83,22.072,159.73,1.6655,21.16,2026-07-27T19:26:43.708Z
flip-only|FAS|1d|1582727400000|1590672600000,flip-only,FAS,AMEX:FAS,1d,Swing 1D,LONG,Swing Low,2020-02-26 09:30,1582727400000,86.08,Flip Short,2020-05-28 09:30,1590672600000,34.5,134,11534.72,64,-6927.88,-60.0011,306.05,2.6506,9636.75,83.4622,16.16,2026-07-27T19:26:43.708Z
flip-only|FAS|1d|1640097000000|1641825000000,flip-only,FAS,AMEX:FAS,1d,Swing 1D,LONG,Swing Low,2021-12-21 09:30,1640097000000,120.02,Flip Short,2022-01-10 09:30,1641825000000,151.9,81,9721.62,13,2560.25,26.3094,2572.56,26.4358,12.15,0.1249,22.03,2026-07-27T19:26:43.708Z
flip-only|FAS|1d|1760707800000|1766586600000,flip-only,FAS,AMEX:FAS,1d,Swing 1D,LONG,Swing Low,2025-10-17 09:30,1760707800000,157.66,Flip Short,2025-12-24 09:30,1766586600000,175.66,110,17342.6,47,1943.33,11.1944,2022.06,11.6478,1061.24,6.1132,36.67,2026-07-27T19:26:43.708Z
flip-only|FAS|1d|1770906600000|1781616600000,flip-only,FAS,AMEX:FAS,1d,Swing 1D,LONG,Swing Low,2026-02-12 09:30,1770906600000,148.5,Flip Short,2026-06-16 09:30,1781616600000,149.87,129,19156.5,85,138.24,0.7209,197.56,1.0303,5384.27,28.0787,38.49,2026-07-27T19:26:43.708Z
flip-only|BE|1d|1604327400000|1606314600000,flip-only,BE,NYSE:BE,1d,Swing 1D,LONG,Swing Low,2020-11-02 09:30,1604327400000,13.25,Flip Short,2020-11-25 09:30,1606314600000,23.37,379,5021.75,17,3821.6,76.025,4777.96,95.0502,247.58,4.9253,13.88,2026-07-27T19:26:48.074Z
flip-only|BE|1d|1615213800000|1624627800000,flip-only,BE,NYSE:BE,1d,Swing 1D,LONG,Swing Low,2021-03-08 09:30,1615213800000,26.6,Flip Short,2021-06-25 09:30,1624627800000,27.9,329,8751.4,77,409.77,4.6777,1185.52,13.5331,2706.55,30.8962,17.93,2026-07-27T19:26:48.074Z
flip-only|BE|1d|1722951000000|1731335400000,flip-only,BE,NYSE:BE,1d,Swing 1D,LONG,Swing Low,2024-08-06 09:30,1722951000000,11.11,Flip Short,2024-11-11 09:30,1731335400000,13.6,1961,21786.71,68,4834.43,22.1677,4861.1,22.29,4120.28,18.893,48.46,2026-07-27T19:26:48.074Z
flip-only|BE|1d|1743514200000|1749562200000,flip-only,BE,NYSE:BE,1d,Swing 1D,LONG,Swing Low,2025-04-01 09:30,1743514200000,19.86,Flip Short,2025-06-10 09:30,1749562200000,21.6,1321,26235.06,48,2243.77,8.544,2998.86,11.4193,6248.15,23.7922,54.77,2026-07-27T19:26:48.074Z
flip-only|JNJ|1d|1593091800000|1598275800000,flip-only,JNJ,NYSE:JNJ,1d,Swing 1D,LONG,Swing Low,2020-06-25 09:30,1593091800000,140.57,Flip Short,2020-08-24 09:30,1598275800000,152.74,94,13213.58,41,1116.41,8.4405,1216.31,9.1958,346.91,2.6228,27.57,2026-07-27T19:26:52.418Z
flip-only|JNJ|1d|1645799400000|1647437400000,flip-only,JNJ,NYSE:JNJ,1d,Swing 1D,LONG,Swing Low,2022-02-25 09:30,1645799400000,160,Flip Short,2022-03-16 09:30,1647437400000,175.46,95,15200,13,1436.83,9.4434,1554.2,10.2148,43.7,0.2872,31.87,2026-07-27T19:26:52.418Z
flip-only|JNJ|1d|1695907800000|1704292200000,flip-only,JNJ,NYSE:JNJ,1d,Swing 1D,LONG,Swing Low,2023-09-28 09:30,1695907800000,157.5,Flip Short,2024-01-03 09:30,1704292200000,160.64,105,16537.5,66,296.3,1.7899,418.16,2.526,1334.29,8.0602,33.4,2026-07-27T19:26:52.418Z
flip-only|JNJ|1d|1744119000000|1752240600000,flip-only,JNJ,NYSE:JNJ,1d,Swing 1D,LONG,Swing Low,2025-04-08 09:30,1744119000000,153.59,Flip Short,2025-07-11 09:30,1752240600000,157.09,110,16894.9,64,350.83,2.0744,626.61,3.7051,1346.79,7.9636,34.17,2026-07-27T19:26:52.418Z
flip-only|TSLA|1d|1614954600000|1627997400000,flip-only,TSLA,NASDAQ:TSLA,1d,Swing 1D,LONG,Swing Low,2021-03-05 09:30,1614954600000,208.69,Flip Short,2021-08-03 09:30,1627997400000,239.67,87,18156.03,104,2656.25,14.6155,4468.43,24.5867,2528.98,13.9152,39.01,2026-07-27T19:27:01.001Z
flip-only|TSLA|1d|1664890200000|1675693800000,flip-only,TSLA,NASDAQ:TSLA,1d,Swing 1D,LONG,Swing Low,2022-10-04 09:30,1664890200000,250.52,Flip Short,2023-02-06 09:30,1675693800000,193.01,116,29060.32,85,-6722.61,-23.1102,780.62,2.6835,17279.42,59.4011,51.45,2026-07-27T19:27:01.001Z
flip-only|TSLA|1d|1682083800000|1685712600000,flip-only,TSLA,NASDAQ:TSLA,1d,Swing 1D,LONG,Swing Low,2023-04-21 09:30,1682083800000,164.8,Flip Short,2023-06-02 09:30,1685712600000,210.15,134,22083.2,29,6026.66,27.2634,6054.82,27.3908,1687.7,7.6348,50.24,2026-07-27T19:27:01.001Z
flip-only|TSLA|1d|1706279400000|1719840600000,flip-only,TSLA,NASDAQ:TSLA,1d,Swing 1D,LONG,Swing Low,2024-01-26 09:30,1706279400000,185.5,Flip Short,2024-07-01 09:30,1719840600000,201.02,183,33946.5,107,2769.43,8.1501,3644.35,10.7249,8580.05,25.25,70.73,2026-07-27T19:27:01.001Z
flip-only|TSLA|1d|1770388200000|1778506200000,flip-only,TSLA,NASDAQ:TSLA,1d,Swing 1D,LONG,Swing Low,2026-02-06 09:30,1770388200000,400.87,Flip Short,2026-05-11 09:30,1778506200000,422.16,88,35276.56,64,1801.09,5.1005,3086.96,8.742,5634.72,15.957,72.43,2026-07-27T19:27:01.001Z
flip-only|KARURVYSYA|1d|1550202300000|1557114300000,flip-only,KARURVYSYA,BSE:KARURVYSYA,1d,Swing 1D,LONG,Swing Low,2019-02-14 22:45,1550202300000,56.65,Flip Short,2019-05-05 23:45,1557114300000,65.85,169,9573.85,50,1534.1,16.0078,2314.18,24.1477,432.07,4.5086,20.7,2026-07-27T19:27:05.339Z
flip-only|KARURVYSYA|1d|1560915900000|1575517500000,flip-only,KARURVYSYA,BSE:KARURVYSYA,1d,Swing 1D,LONG,Swing Low,2019-06-18 23:45,1560915900000,60.85,Flip Short,2019-12-04 22:45,1575517500000,54.1,181,11013.85,112,-1242.56,-11.2705,106.64,0.9672,3332.36,30.2259,20.81,2026-07-27T19:27:05.339Z
flip-only|KARURVYSYA|1d|1579751100000|1592970300000,flip-only,KARURVYSYA,BSE:KARURVYSYA,1d,Swing 1D,LONG,Swing Low,2020-01-22 22:45,1579751100000,45.75,Flip Short,2020-06-23 23:45,1592970300000,30.85,215,9836.25,102,-3219.97,-32.703,0,0,6599.59,67.0275,16.47,2026-07-27T19:27:05.339Z
flip-only|KARURVYSYA|1d|1602647100000|1606189500000,flip-only,KARURVYSYA,BSE:KARURVYSYA,1d,Swing 1D,LONG,Swing Low,2020-10-13 23:45,1602647100000,25.35,Flip Short,2020-11-23 22:45,1606189500000,31.9,268,6793.8,29,1740.06,25.5868,1922.81,28.2741,207.79,3.0555,15.34,2026-07-27T19:27:05.339Z
flip-only|KARURVYSYA|1d|1640058300000|1643859900000,flip-only,KARURVYSYA,BSE:KARURVYSYA,1d,Swing 1D,LONG,Swing Low,2021-12-20 22:45,1640058300000,36.4,Flip Short,2022-02-02 22:45,1643859900000,46.6,228,8299.2,31,2306.68,27.7662,2431.3,29.2663,8.3,0.0999,18.92,2026-07-27T19:27:05.339Z
flip-only|KARURVYSYA|1d|1652413500000|1658461500000,flip-only,KARURVYSYA,BSE:KARURVYSYA,1d,Swing 1D,LONG,Swing Low,2022-05-12 23:45,1652413500000,35.85,Flip Short,2022-07-21 23:45,1658461500000,43.15,293,10504.05,50,2115.75,20.1221,2172.35,20.6604,318.15,3.0258,23.15,2026-07-27T19:27:05.339Z
flip-only|KARURVYSYA|1d|1676864700000|1684381500000,flip-only,KARURVYSYA,BSE:KARURVYSYA,1d,Swing 1D,LONG,Swing Low,2023-02-19 22:45,1676864700000,83.85,Flip Short,2023-05-17 23:45,1684381500000,88.35,148,12409.8,57,640.51,5.1562,860.79,6.9294,974.41,7.8441,25.49,2026-07-27T19:27:05.339Z
flip-only|KARURVYSYA|1d|1717559100000|1718077500000,flip-only,KARURVYSYA,BSE:KARURVYSYA,1d,Swing 1D,LONG,Swing Low,2024-06-04 23:45,1717559100000,152.6,Flip Short,2024-06-10 23:45,1718077500000,181.1,88,13428.8,4,2478.63,18.4392,2551.77,18.9832,387.43,2.8822,29.37,2026-07-27T19:27:05.339Z
flip-only|ICICIBANK|1d|1583120700000|1595475900000,flip-only,ICICIBANK,BSE:ICICIBANK,1d,Swing 1D,LONG,Swing Low,2020-03-01 22:45,1583120700000,505.2,Flip Short,2020-07-22 23:45,1595475900000,382.7,20,10104,96,-2467.76,-24.3992,285.9,2.8267,4734.1,46.807,17.76,2026-07-27T19:27:09.580Z
flip-only|ICICIBANK|1d|1618890300000|1621827900000,flip-only,ICICIBANK,BSE:ICICIBANK,1d,Swing 1D,LONG,Swing Low,2021-04-19 23:45,1618890300000,564.7,Flip Short,2021-05-23 23:45,1621827900000,644.25,17,9599.9,22,1331.8,13.8592,1342.75,13.9732,309.65,3.2223,20.55,2026-07-27T19:27:09.580Z
flip-only|KORU|1d|1553779800000|1571405400000,flip-only,KORU,AMEX:KORU,1d,Swing 1D,LONG,Swing Low,2019-03-28 09:30,1553779800000,12.86,Flip Short,2019-10-18 09:30,1571405400000,10.01,743,9554.98,142,-2134.54,-22.3173,1892.53,19.7869,4326.39,45.2336,16.99,2026-07-27T19:27:13.990Z
flip-only|KORU|1d|1626787800000|1668177000000,flip-only,KORU,AMEX:KORU,1d,Swing 1D,LONG,Swing Low,2021-07-20 09:30,1626787800000,19.23,Flip Short,2022-11-11 09:30,1668177000000,4.6,393,7557.39,333,-5758.95,-76.1268,605.52,8.0043,6668.91,88.1554,9.37,2026-07-27T19:27:13.990Z
flip-only|KORU|1d|1692019800000|1702564200000,flip-only,KORU,AMEX:KORU,1d,Swing 1D,LONG,Swing Low,2023-08-14 09:30,1692019800000,4.22,Flip Short,2023-12-14 09:30,1702564200000,4.19,455,1920.1,86,-17.48,-0.9093,98.18,5.1082,698.07,36.3196,3.83,2026-07-27T19:27:13.990Z
flip-only|KORU|1d|1705588200000|1710336600000,flip-only,KORU,AMEX:KORU,1d,Swing 1D,LONG,Swing Low,2024-01-18 09:30,1705588200000,3.22,Flip Short,2024-03-13 09:30,1710336600000,4.76,635,2044.7,38,972.83,47.5307,1001.26,48.9194,14.74,0.7204,5.07,2026-07-27T19:27:13.990Z
flip-only|KORU|1d|1713274200000|1720445400000,flip-only,KORU,AMEX:KORU,1d,Swing 1D,LONG,Swing Low,2024-04-16 09:30,1713274200000,3.55,Flip Short,2024-07-08 09:30,1720445400000,4.63,783,2779.65,56,839.24,30.1619,975.97,35.0762,120.23,4.321,6.4,2026-07-27T19:27:13.990Z
flip-only|KORU|1d|1722951000000|1739889000000,flip-only,KORU,AMEX:KORU,1d,Swing 1D,LONG,Swing Low,2024-08-06 09:30,1722951000000,2.9,Flip Short,2025-02-18 09:30,1739889000000,2.35,1213,3517.7,133,-673.52,-19.1274,1549.12,43.9939,1446.99,41.0934,6.37,2026-07-27T19:27:13.990Z
flip-only|KORU|1d|1743514200000|1747920600000,flip-only,KORU,AMEX:KORU,1d,Swing 1D,LONG,Swing Low,2025-04-01 09:30,1743514200000,1.96,Flip Short,2025-05-22 09:30,1747920600000,2.25,1603,3141.88,36,458.12,14.5666,766.3,24.3654,964.94,30.6816,6.75,2026-07-27T19:27:13.990Z
flip-only|KORU|1d|1774963800000|1777987800000,flip-only,KORU,AMEX:KORU,1d,Swing 1D,LONG,Swing Low,2026-03-31 09:30,1774963800000,11.77,Flip Short,2026-05-05 09:30,1777987800000,33.7,287,3377.99,24,6280.86,185.7491,6290.53,186.0351,29.21,0.8638,13.05,2026-07-27T19:27:13.990Z
flip-only|LT|1d|1547610300000|1552880700000,flip-only,LT,NSE:LT,1d,Swing 1D,LONG,Swing Low,2019-01-15 22:45,1547610300000,1342.9,Flip Short,2019-03-17 23:45,1552880700000,1397,7,9400.3,42,359.52,3.8207,465.9,4.9513,1002,10.6486,19.18,2026-07-27T19:27:18.513Z
flip-only|LT|1d|1564458300000|1569296700000,flip-only,LT,NSE:LT,1d,Swing 1D,LONG,Swing Low,2019-07-29 23:45,1564458300000,1376,Flip Short,2019-09-23 23:45,1569296700000,1524,7,9632,36,1015.7,10.5345,1215.37,12.6054,723.63,7.5053,20.3,2026-07-27T19:27:18.513Z
flip-only|LT|1d|1575517500000|1591674300000,flip-only,LT,NSE:LT,1d,Swing 1D,LONG,Swing Low,2019-12-04 22:45,1575517500000,1294,Flip Short,2020-06-08 23:45,1591674300000,964.5,8,10352,125,-2654.07,-25.6126,707.25,6.8252,5074.35,48.9691,18.07,2026-07-27T19:27:18.513Z
flip-only|LT|1d|1600746300000|1605066300000,flip-only,LT,NSE:LT,1d,Swing 1D,LONG,Swing Low,2020-09-21 23:45,1600746300000,888,Flip Short,2020-11-10 22:45,1605066300000,1040,9,7992,35,1350.65,16.8831,1360.01,17.0001,412.99,5.1624,17.35,2026-07-27T19:27:18.513Z
flip-only|LT|1d|1618890300000|1622778300000,flip-only,LT,NSE:LT,1d,Swing 1D,LONG,Swing Low,2021-04-19 23:45,1618890300000,1320,Flip Short,2021-06-03 23:45,1622778300000,1519,7,9240,31,1373.13,14.8458,1383.76,14.9608,98.14,1.0611,19.87,2026-07-27T19:27:18.513Z
flip-only|LT|1d|1645760700000|1658202300000,flip-only,LT,NSE:LT,1d,Swing 1D,LONG,Swing Low,2022-02-24 22:45,1645760700000,1782,Flip Short,2022-07-18 23:45,1658202300000,1720,6,10692,97,-393.01,-3.6721,445.31,4.1607,1964.89,18.3589,21.01,2026-07-27T19:27:18.513Z
flip-only|LT|1d|1707968700000|1711943100000,flip-only,LT,NSE:LT,1d,Swing 1D,LONG,Swing Low,2024-02-14 22:45,1707968700000,3309,Flip Short,2024-03-31 23:45,1711943100000,3780.9,3,9927,30,1394.43,14.0328,1503.27,15.1281,106.23,1.069,21.27,2026-07-27T19:27:18.513Z
flip-only|LT|1d|1715312700000|1717472700000,flip-only,LT,NSE:LT,1d,Swing 1D,LONG,Swing Low,2024-05-09 23:45,1715312700000,3281.6,Flip Short,2024-06-03 23:45,1717472700000,3852,3,9844.8,17,1689.8,17.1472,1905.06,19.3315,179.04,1.8169,21.4,2026-07-27T19:27:18.513Z
flip-only|LT|1d|1717645500000|1733456700000,flip-only,LT,NSE:LT,1d,Swing 1D,LONG,Swing Low,2024-06-05 23:45,1717645500000,3438,Flip Short,2024-12-05 22:45,1733456700000,3832,3,10314,125,1160.19,11.2375,1327.69,12.8598,536.51,5.1966,21.81,2026-07-27T19:27:18.513Z
flip-only|LT|1d|1736826300000|1747107900000,flip-only,LT,NSE:LT,1d,Swing 1D,LONG,Swing Low,2025-01-13 22:45,1736826300000,3465.9,Flip Short,2025-05-12 23:45,1747107900000,3587.2,4,13863.6,79,456.99,3.293,695.74,5.0134,2016.26,14.529,28.21,2026-07-27T19:27:18.513Z
flip-only|LT|1d|1753069500000|1759117500000,flip-only,LT,NSE:LT,1d,Swing 1D,LONG,Swing Low,2025-07-20 23:45,1753069500000,3467.6,Flip Short,2025-09-28 23:45,1759117500000,3738,4,13870.4,48,1052.78,7.5825,1295.33,9.3295,263.87,1.9005,28.82,2026-07-27T19:27:18.513Z
flip-only|LT|1d|1768880700000|1770954300000,flip-only,LT,NSE:LT,1d,Swing 1D,LONG,Swing Low,2026-01-19 22:45,1768880700000,3858,Flip Short,2026-02-12 22:45,1770954300000,4174.1,4,15432,18,1232.27,7.9772,1348.57,8.73,567.03,3.6707,32.13,2026-07-27T19:27:18.513Z
flip-only|LT|1d|1773373500000|1781581500000,flip-only,LT,NSE:LT,1d,Swing 1D,LONG,Swing Low,2026-03-12 23:45,1773373500000,3696,Flip Short,2026-06-15 23:45,1781581500000,4205,4,14784,61,2004.4,13.5443,2060.82,13.9256,1646.38,11.1251,31.6,2026-07-27T19:27:18.513Z
flip-only|ULTRACEMCO|1d|1548647100000|1552362300000,flip-only,ULTRACEMCO,NSE:ULTRACEMCO,1d,Swing 1D,LONG,Swing Low,2019-01-27 22:45,1548647100000,3510,Flip Short,2019-03-11 23:45,1552362300000,4064,2,7020,30,1092.85,15.5521,1100.98,15.6678,363.02,5.1661,15.15,2026-07-27T19:27:23.381Z
flip-only|ULTRACEMCO|1d|1564544700000|1578627900000,flip-only,ULTRACEMCO,NSE:ULTRACEMCO,1d,Swing 1D,LONG,Swing Low,2019-07-30 23:45,1564544700000,4297,Flip Short,2020-01-09 22:45,1578627900000,4388,2,8594,107,164.63,1.9137,293.41,3.4107,1020.59,11.8638,17.37,2026-07-27T19:27:23.381Z
flip-only|ULTRACEMCO|1d|1583725500000|1591069500000,flip-only,ULTRACEMCO,NSE:ULTRACEMCO,1d,Swing 1D,LONG,Swing Low,2020-03-08 23:45,1583725500000,4070,Flip Short,2020-06-01 23:45,1591069500000,3837,2,8140,54,-481.81,-5.9132,181.86,2.2319,2328.14,28.5727,15.81,2026-07-27T19:27:23.381Z
flip-only|ULTRACEMCO|1d|1619149500000|1624506300000,flip-only,ULTRACEMCO,NSE:ULTRACEMCO,1d,Swing 1D,LONG,Swing Low,2021-04-22 23:45,1619149500000,6094,Flip Short,2021-06-23 23:45,1624506300000,6900,1,6094,43,793.01,12.9999,853.91,13.9982,104.09,1.7064,12.99,2026-07-27T19:27:23.381Z
flip-only|ULTRACEMCO|1d|1634096700000|1636429500000,flip-only,ULTRACEMCO,NSE:ULTRACEMCO,1d,Swing 1D,LONG,Swing Low,2021-10-12 23:45,1634096700000,7263,Flip Short,2021-11-08 22:45,1636429500000,8200,1,7263,17,921.54,12.6754,998.74,13.7373,263.26,3.6211,15.46,2026-07-27T19:27:23.381Z
flip-only|ULTRACEMCO|1d|1643255100000|1658720700000,flip-only,ULTRACEMCO,NSE:ULTRACEMCO,1d,Swing 1D,LONG,Swing Low,2022-01-26 22:45,1643255100000,7140,Flip Short,2022-07-24 23:45,1658720700000,6349,1,7140,122,-804.49,-11.2561,427.86,5.9865,1990.14,27.8453,13.49,2026-07-27T19:27:23.381Z
flip-only|ULTRACEMCO|1d|1674791100000|1676864700000,flip-only,ULTRACEMCO,NSE:ULTRACEMCO,1d,Swing 1D,LONG,Swing Low,2023-01-26 22:45,1674791100000,6734,Flip Short,2023-02-19 22:45,1676864700000,7301,1,6734,16,552.97,8.2033,652.27,9.6765,136.73,2.0285,14.04,2026-07-27T19:27:23.381Z
flip-only|ULTRACEMCO|1d|1709783100000|1716781500000,flip-only,ULTRACEMCO,NSE:ULTRACEMCO,1d,Swing 1D,LONG,Swing Low,2024-03-06 22:45,1709783100000,9641,Flip Short,2024-05-26 23:45,1716781500000,10278,1,9641,51,617.08,6.3942,718.36,7.4436,400.64,4.1514,19.92,2026-07-27T19:27:23.381Z
flip-only|ULTRACEMCO|1d|1729223100000|1733975100000,flip-only,ULTRACEMCO,NSE:ULTRACEMCO,1d,Swing 1D,LONG,Swing Low,2024-10-17 23:45,1729223100000,11017,Flip Short,2024-12-11 22:45,1733975100000,11944,1,11017,37,904.04,8.1977,1036.98,9.4032,485.02,4.398,22.96,2026-07-27T19:27:23.381Z
flip-only|ULTRACEMCO|1d|1736912700000|1744688700000,flip-only,ULTRACEMCO,NSE:ULTRACEMCO,1d,Swing 1D,LONG,Swing Low,2025-01-14 22:45,1736912700000,10540,Flip Short,2025-04-14 23:45,1744688700000,11749,1,10540,60,1186.71,11.2479,1291.46,12.2407,502.54,4.7632,22.29,2026-07-27T19:27:23.381Z
flip-only|ULTRACEMCO|1d|1759117500000|1767757500000,flip-only,ULTRACEMCO,NSE:ULTRACEMCO,1d,Swing 1D,LONG,Swing Low,2025-09-28 23:45,1759117500000,12100,Flip Short,2026-01-06 22:45,1767757500000,12230,1,12100,68,105.67,0.8724,335.9,2.7733,846.1,6.9856,24.33,2026-07-27T19:27:23.381Z
flip-only|ULTRACEMCO|1d|1773114300000|1784691900000,flip-only,ULTRACEMCO,NSE:ULTRACEMCO,1d,Swing 1D,LONG,Swing Low,2026-03-09 23:45,1773114300000,11606,Flip Short,2026-07-21 23:45,1784691900000,12081,1,11606,89,451.31,3.8847,664.39,5.7189,1292.61,11.1263,23.69,2026-07-27T19:27:23.381Z
flip-only|BHARTIARTL|1d|1564458300000|1565149500000,flip-only,BHARTIARTL,NSE:BHARTIARTL,1d,Swing 1D,LONG,Swing Low,2019-07-29 23:45,1564458300000,330.8,Flip Short,2019-08-06 23:45,1565149500000,361.2,28,9262.4,6,831.82,8.9717,1046.34,11.2853,446.06,4.811,19.38,2026-07-27T19:27:27.601Z
flip-only|BHARTIARTL|1d|1571975100000|1574048700000,flip-only,BHARTIARTL,NSE:BHARTIARTL,1d,Swing 1D,LONG,Swing Low,2019-10-24 23:45,1571975100000,363.1,Flip Short,2019-11-17 22:45,1574048700000,388.7,28,10166.8,14,695.75,6.8365,776.63,7.6313,550.57,5.4099,21.05,2026-07-27T19:27:27.601Z
flip-only|BHARTIARTL|1d|1584330300000|1589341500000,flip-only,BHARTIARTL,NSE:BHARTIARTL,1d,Swing 1D,LONG,Swing Low,2020-03-15 23:45,1584330300000,463.6,Flip Short,2020-05-12 23:45,1589341500000,557.9,22,10199.2,37,2052.13,20.1004,2064.4,20.2206,2397.2,23.4803,22.47,2026-07-27T19:27:27.601Z
flip-only|BHARTIARTL|1d|1597376700000|1607312700000,flip-only,BHARTIARTL,NSE:BHARTIARTL,1d,Swing 1D,LONG,Swing Low,2020-08-13 23:45,1597376700000,532.9,Flip Short,2020-12-06 22:45,1607312700000,488.8,24,12789.6,79,-1082.92,-8.4587,366.41,2.862,3521.59,27.5073,24.52,2026-07-27T19:27:27.601Z
flip-only|BHARTIARTL|1d|1616730300000|1627530300000,flip-only,BHARTIARTL,NSE:BHARTIARTL,1d,Swing 1D,LONG,Swing Low,2021-03-25 23:45,1616730300000,502.7,Flip Short,2021-07-28 23:45,1627530300000,563.5,23,11562.1,83,1373.88,11.8707,1453.54,12.559,46.06,0.398,24.52,2026-07-27T19:27:27.601Z
flip-only|BHARTIARTL|1d|1639971900000|1648611900000,flip-only,BHARTIARTL,NSE:BHARTIARTL,1d,Swing 1D,LONG,Swing Low,2021-12-19 22:45,1639971900000,659.2,Flip Short,2022-03-29 23:45,1648611900000,762.8,19,12524.8,69,1941.38,15.4848,1959.68,15.6307,396.32,3.1612,27.02,2026-07-27T19:27:27.601Z
flip-only|BHARTIARTL|1d|1654746300000|1659930300000,flip-only,BHARTIARTL,NSE:BHARTIARTL,1d,Swing 1D,LONG,Swing Low,2022-06-08 23:45,1654746300000,660,Flip Short,2022-08-07 23:45,1659930300000,708,22,14520,42,1025.9,7.0584,1085.48,7.4683,700.92,4.8224,30.1,2026-07-27T19:27:27.601Z
flip-only|BHARTIARTL|1d|1672371900000|1682999100000,flip-only,BHARTIARTL,NSE:BHARTIARTL,1d,Swing 1D,LONG,Swing Low,2022-12-29 22:45,1672371900000,824.7,Flip Short,2023-05-01 23:45,1682999100000,800.3,19,15669.3,80,-494.48,-3.1525,10.93,0.0697,1704.77,10.8688,30.88,2026-07-27T19:27:27.601Z
flip-only|BHARTIARTL|1d|1732160700000|1739159100000,flip-only,BHARTIARTL,NSE:BHARTIARTL,1d,Swing 1D,LONG,Swing Low,2024-11-20 22:45,1732160700000,1538,Flip Short,2025-02-09 22:45,1739159100000,1698.8,10,15380,57,1575.63,10.2344,1680.62,10.9164,285.38,1.8537,32.37,2026-07-27T19:27:27.601Z
flip-only|BHARTIARTL|1d|1740973500000|1742787900000,flip-only,BHARTIARTL,NSE:BHARTIARTL,1d,Swing 1D,LONG,Swing Low,2025-03-02 22:45,1740973500000,1579,Flip Short,2025-03-23 23:45,1742787900000,1740,10,15790,14,1576.81,9.9762,1594.21,10.0862,125.79,0.7958,33.19,2026-07-27T19:27:27.601Z
flip-only|BHARTIARTL|1d|1768794300000|1779162300000,flip-only,BHARTIARTL,NSE:BHARTIARTL,1d,Swing 1D,LONG,Swing Low,2026-01-18 22:45,1768794300000,2023,Flip Short,2026-05-18 23:45,1779162300000,1928.4,9,18207,80,-886.96,-4.8667,287.79,1.5791,2560.71,14.0504,35.56,2026-07-27T19:27:27.601Z
