trade_key,rule_type,ticker,symbol,timeframe,watchlist,side,entry_signal,entry_time_et,entry_time_ms,entry_price,exit_signal,exit_time_et,exit_time_ms,exit_price,qty,position_value,bars_held,pnl_usd,pnl_pct,mfe_usd,mfe_pct,mae_usd,mae_pct,commission,logged_at
flip-only|AGQ|4h|1725379200000|1725379200000,flip-only,AGQ,AMEX:AGQ,4h,Swing 4H,LONG,Swing Low,2024-09-03 12:00,1725379200000,33.08,Margin call,2024-09-03 12:00,1725379200000,33.08,1,33.08,0,-0.07,-0.1998,0,0,0.03,0.0999,0.07,2026-07-25T00:20:31.370Z
flip-only|AGQ|4h|1725379200000|1726243200000,flip-only,AGQ,AMEX:AGQ,4h,Swing 4H,LONG,Swing Low,2024-09-03 12:00,1725379200000,33.08,Flip Short,2024-09-13 12:00,1726243200000,40.05,301,9957.08,32,2075.96,20.8282,2088.01,20.9492,247.75,2.4857,22.01,2026-07-25T00:20:31.370Z
flip-only|AGQ|4h|1728403200000|1729281600000,flip-only,AGQ,AMEX:AGQ,4h,Swing 4H,LONG,Swing Low,2024-10-08 12:00,1728403200000,38.36,Flip Short,2024-10-18 16:00,1729281600000,46.73,314,12045.04,33,2601.46,21.5762,2656.95,22.0365,156.49,1.2979,26.72,2026-07-25T00:20:31.370Z
flip-only|AGQ|4h|1730898000000|1733331600000,flip-only,AGQ,AMEX:AGQ,4h,Swing 4H,LONG,Swing Low,2024-11-06 08:00,1730898000000,41.03,Flip Short,2024-12-04 12:00,1733331600000,40.01,357,14647.71,76,-393.07,-2.6808,420.89,2.8706,1828.21,12.4687,28.93,2026-07-25T00:20:31.370Z
flip-only|AGQ|4h|1734541200000|1736355600000,flip-only,AGQ,AMEX:AGQ,4h,Swing 4H,LONG,Swing Low,2024-12-18 12:00,1734541200000,36.91,Flip Short,2025-01-08 12:00,1736355600000,37.43,386,14247.26,50,172.02,1.2062,325.43,2.2819,1396.13,9.7895,28.7,2026-07-25T00:20:31.370Z
flip-only|AGQ|4h|1737997200000|1738242000000,flip-only,AGQ,AMEX:AGQ,4h,Swing 4H,LONG,Swing Low,2025-01-27 12:00,1737997200000,35.7,Flip Short,2025-01-30 08:00,1738242000000,40.1,404,14422.8,11,1746.98,12.1005,1811.66,12.5485,180.06,1.2472,30.62,2026-07-25T00:20:31.370Z
flip-only|AGQ|4h|1740502800000|1741780800000,flip-only,AGQ,AMEX:AGQ,4h,Swing 4H,LONG,Swing Low,2025-02-25 12:00,1740502800000,39.44,Flip Short,2025-03-12 08:00,1741780800000,42.9,410,16170.4,42,1384.84,8.5555,1492.63,9.2214,741.87,4.5832,33.76,2026-07-25T00:20:31.370Z
flip-only|AGQ|4h|1743681600000|1745352000000,flip-only,AGQ,AMEX:AGQ,4h,Swing 4H,LONG,Swing Low,2025-04-03 08:00,1743681600000,40.4,Flip Short,2025-04-22 16:00,1745352000000,39.64,434,17533.6,50,-364.58,-2.0772,342.69,1.9525,3715.21,21.1679,34.74,2026-07-25T00:20:31.370Z
flip-only|AGQ|4h|1746100800000|1747843200000,flip-only,AGQ,AMEX:AGQ,4h,Swing 4H,LONG,Swing Low,2025-05-01 08:00,1746100800000,37.48,Flip Short,2025-05-21 12:00,1747843200000,41.49,458,17165.84,57,1800.41,10.4779,1956.81,11.3881,72.13,0.4198,36.17,2026-07-25T00:20:31.370Z
flip-only|AGQ|4h|1753891200000|1755878400000,flip-only,AGQ,AMEX:AGQ,4h,Swing 4H,LONG,Swing Low,2025-07-30 12:00,1753891200000,51.01,Flip Short,2025-08-22 12:00,1755878400000,54.3,344,17547.44,67,1095.53,6.237,1227.73,6.9897,1328.19,7.5616,36.23,2026-07-25T03:48:19.006Z
flip-only|AGQ|4h|1761062400000|1762779600000,flip-only,AGQ,AMEX:AGQ,4h,Swing 4H,LONG,Swing Low,2025-10-21 12:00,1761062400000,78.66,Flip Short,2025-11-10 08:00,1762779600000,85.15,241,18957.06,55,1524.61,8.0344,1581.28,8.3331,2007.21,10.5776,39.48,2026-07-25T00:20:31.370Z
flip-only|AGQ|4h|1769806800000|1772024400000,flip-only,AGQ,AMEX:AGQ,4h,Swing 4H,LONG,Swing Low,2026-01-30 16:00,1769806800000,160.14,Flip Short,2026-02-25 08:00,1772024400000,181.6,128,20497.92,66,2703.14,13.1742,4321.26,21.0604,8999.7,43.8616,43.74,2026-07-25T00:20:31.370Z
flip-only|AGQ|4h|1773662400000|1775635200000,flip-only,AGQ,AMEX:AGQ,4h,Swing 4H,LONG,Swing Low,2026-03-16 08:00,1773662400000,133.46,Flip Short,2026-04-08 04:00,1775635200000,122.36,174,23222.04,63,-1975.91,-8.5003,1650.66,7.1011,8549.22,36.7783,44.51,2026-07-25T00:20:31.370Z
flip-only|AGQ|4h|1777377600000|1778155200000,flip-only,AGQ,AMEX:AGQ,4h,Swing 4H,LONG,Swing Low,2026-04-28 08:00,1777377600000,107.8,Flip Short,2026-05-07 08:00,1778155200000,134.28,197,21236.6,28,5168.87,24.3151,5218.96,24.5508,819.09,3.8531,47.69,2026-07-25T00:20:31.370Z
flip-only|AMDL|4h|1725393600000|1726502400000,flip-only,AMDL,NASDAQ:AMDL,4h,Swing 4H,LONG,Swing Low,2024-09-03 16:00,1725393600000,10.82,Flip Short,2024-09-16 12:00,1726502400000,13.1,877,9489.14,34,1978.58,20.8302,2402.26,25.2906,719.86,7.5786,20.98,2026-07-25T03:49:26.887Z
flip-only|AMDL|4h|1729008000000|1733230800000,flip-only,AMDL,NASDAQ:AMDL,4h,Swing 4H,LONG,Swing Low,2024-10-15 12:00,1729008000000,13.78,Flip Short,2024-12-03 08:00,1733230800000,11.1,826,11382.28,135,-2234.23,-19.6094,1706.7,14.9794,3554.92,31.2009,20.55,2026-07-25T03:49:26.887Z
flip-only|AMDL|4h|1733763600000|1736168400000,flip-only,AMDL,NASDAQ:AMDL,4h,Swing 4H,LONG,Swing Low,2024-12-09 12:00,1733763600000,9.42,Flip Short,2025-01-06 08:00,1736168400000,8.7,982,9250.44,71,-724.83,-7.8278,39.85,0.4304,2287.49,24.7037,17.79,2026-07-25T03:49:26.887Z
flip-only|AMDL|4h|1736528400000|1742414400000,flip-only,AMDL,NASDAQ:AMDL,4h,Swing 4H,LONG,Swing Low,2025-01-10 12:00,1736528400000,6.87,Flip Short,2025-03-19 16:00,1742414400000,5.58,1251,8594.37,185,-1629.37,-18.9396,1592.69,18.5132,3010.99,34.9995,15.57,2026-07-25T03:49:26.887Z
flip-only|AMDL|4h|1743667200000|1746086400000,flip-only,AMDL,NASDAQ:AMDL,4h,Swing 4H,LONG,Swing Low,2025-04-03 04:00,1743667200000,4.72,Flip Short,2025-05-01 04:00,1746086400000,4.4,1531,7226.32,76,-503.88,-6.9659,145.87,2.0166,3023.3,41.7955,13.96,2026-07-25T03:49:26.887Z
flip-only|AMDL|4h|1755705600000|1758729600000,flip-only,AMDL,NASDAQ:AMDL,4h,Swing 4H,LONG,Swing Low,2025-08-20 12:00,1755705600000,10.66,Flip Short,2025-09-24 12:00,1758729600000,10.12,612,6523.92,96,-343.2,-5.2553,660.56,10.115,1120.36,17.156,12.72,2026-07-25T03:49:26.887Z
flip-only|AMDL|4h|1762534800000|1767373200000,flip-only,AMDL,NASDAQ:AMDL,4h,Swing 4H,LONG,Swing Low,2025-11-07 12:00,1762534800000,18.23,Flip Short,2026-01-02 12:00,1767373200000,16.54,341,6216.43,148,-588.15,-9.4517,2142.08,34.424,1793.06,28.815,11.86,2026-07-25T03:49:26.887Z
flip-only|AMDL|4h|1767906000000|1768496400000,flip-only,AMDL,NASDAQ:AMDL,4h,Swing 4H,LONG,Swing Low,2026-01-08 16:00,1767906000000,14.14,Flip Short,2026-01-15 12:00,1768496400000,18.69,399,5641.86,19,1802.35,31.9141,1897.59,33.6005,280.95,4.9748,13.1,2026-07-25T03:49:26.887Z
flip-only|AMDL|4h|1770195600000|1771938000000,flip-only,AMDL,NASDAQ:AMDL,4h,Swing 4H,LONG,Swing Low,2026-02-04 04:00,1770195600000,16.67,Flip Short,2026-02-24 08:00,1771938000000,14.26,455,7584.85,53,-1110.62,-14.628,15.17,0.1997,2628.38,34.6185,14.07,2026-07-25T03:49:26.887Z
flip-only|AMDL|4h|1772456400000|1774440000000,flip-only,AMDL,NASDAQ:AMDL,4h,Swing 4H,LONG,Swing Low,2026-03-02 08:00,1772456400000,11.55,Flip Short,2026-03-25 08:00,1774440000000,13.25,548,6329.4,68,918.01,14.4894,963.63,15.2095,625.57,9.8737,13.59,2026-07-25T03:49:26.887Z
flip-only|AMDL|4h|1774900800000|1775491200000,flip-only,AMDL,NASDAQ:AMDL,4h,Swing 4H,LONG,Swing Low,2026-03-30 16:00,1774900800000,11.38,Flip Short,2026-04-06 12:00,1775491200000,14.34,630,7169.4,15,1848.6,25.7588,2292.33,31.9419,158.37,2.2068,16.2,2026-07-25T03:49:26.887Z
flip-only|AMDL|4h|1781035200000|1781539200000,flip-only,AMDL,NASDAQ:AMDL,4h,Swing 4H,LONG,Swing Low,2026-06-09 16:00,1781035200000,57.85,Flip Short,2026-06-15 12:00,1781539200000,75.48,154,8908.9,15,2694.49,30.2147,3135.77,35.163,1402.61,15.7282,20.53,2026-07-25T03:49:26.887Z
flip-only|ASHR|4h|1722355200000|1727179200000,flip-only,ASHR,AMEX:ASHR,4h,Swing 4H,LONG,Swing Low,2024-07-30 12:00,1722355200000,23.27,Flip Short,2024-09-24 08:00,1727179200000,24.5,429,9982.83,120,507.18,5.0754,577.75,5.7816,396.08,3.9637,20.49,2026-07-25T00:20:36.559Z
flip-only|ASHR|4h|1729022400000|1730811600000,flip-only,ASHR,AMEX:ASHR,4h,Swing 4H,LONG,Swing Low,2024-10-15 16:00,1729022400000,26.82,Flip Short,2024-11-05 08:00,1730811600000,28.56,391,10486.62,58,658.69,6.2749,744.14,7.089,260.73,2.4838,21.65,2026-07-25T00:20:36.559Z
flip-only|ASHR|4h|1732280400000|1733749200000,flip-only,ASHR,AMEX:ASHR,4h,Swing 4H,LONG,Swing Low,2024-11-22 08:00,1732280400000,26.65,Flip Short,2024-12-09 08:00,1733749200000,28.86,395,10526.75,39,851.02,8.0763,933.52,8.8592,125.08,1.187,21.93,2026-07-25T03:48:21.414Z
flip-only|ASHR|4h|1734382800000|1737723600000,flip-only,ASHR,AMEX:ASHR,4h,Swing 4H,LONG,Swing Low,2024-12-16 16:00,1734382800000,26.83,Flip Short,2025-01-24 08:00,1737723600000,26.28,415,11134.45,90,-250.29,-2.2456,142.42,1.2778,795.48,7.1372,22.04,2026-07-25T00:20:36.559Z
flip-only|ASHR|4h|1741078800000|1741953600000,flip-only,ASHR,AMEX:ASHR,4h,Swing 4H,LONG,Swing Low,2025-03-04 04:00,1741078800000,26.39,Flip Short,2025-03-14 08:00,1741953600000,27.72,412,10872.68,31,525.67,4.8299,557.69,5.1241,10.87,0.0999,22.29,2026-07-25T00:20:36.559Z
flip-only|ASHR|4h|1743163200000|1746187200000,flip-only,ASHR,AMEX:ASHR,4h,Swing 4H,LONG,Swing Low,2025-03-28 08:00,1743163200000,26.7,Flip Short,2025-05-02 08:00,1746187200000,26.16,428,11427.6,92,-253.74,-2.2182,0,0,1500.87,13.1206,22.62,2026-07-25T00:20:36.559Z
flip-only|ASHR|4h|1748620800000|1749744000000,flip-only,ASHR,AMEX:ASHR,4h,Swing 4H,LONG,Swing Low,2025-05-30 12:00,1748620800000,26.43,Flip Short,2025-06-12 12:00,1749744000000,27.03,422,11153.46,34,230.64,2.0658,246.27,2.2058,150.41,1.3472,22.56,2026-07-25T00:20:36.559Z
flip-only|ASHR|4h|1760112000000|1761566400000,flip-only,ASHR,AMEX:ASHR,4h,Swing 4H,LONG,Swing Low,2025-10-10 12:00,1760112000000,31.69,Flip Short,2025-10-27 08:00,1761566400000,33.63,359,11376.71,39,673.01,5.9098,692.26,6.0788,219.6,1.9283,23.45,2026-07-25T00:20:36.559Z
flip-only|ASHR|4h|1763658000000|1765270800000,flip-only,ASHR,AMEX:ASHR,4h,Swing 4H,LONG,Swing Low,2025-11-20 12:00,1763658000000,32.3,Flip Short,2025-12-09 04:00,1765270800000,33.04,373,12047.9,36,251.65,2.0866,346.03,2.8693,344.02,2.8526,24.37,2026-07-25T00:20:36.559Z
flip-only|ASHR|4h|1766149200000|1767358800000,flip-only,ASHR,AMEX:ASHR,4h,Swing 4H,LONG,Swing Low,2025-12-19 08:00,1766149200000,32.3,Flip Short,2026-01-02 08:00,1767358800000,33.27,380,12274,28,343.68,2.7973,356.33,2.9002,42.67,0.3473,24.92,2026-07-25T00:20:36.559Z
flip-only|ASHR|4h|1769806800000|1770670800000,flip-only,ASHR,AMEX:ASHR,4h,Swing 4H,LONG,Swing Low,2026-01-30 16:00,1769806800000,33.48,Flip Short,2026-02-09 16:00,1770670800000,34.03,383,12822.84,21,184.79,1.4397,236.13,1.8396,234.96,1.8305,25.86,2026-07-25T03:48:21.414Z
flip-only|ASHR|4h|1772542800000|1775649600000,flip-only,ASHR,AMEX:ASHR,4h,Swing 4H,LONG,Swing Low,2026-03-03 08:00,1772542800000,33.27,Flip Short,2026-04-08 08:00,1775649600000,33.5,379,12609.33,88,61.86,0.4901,267.85,2.1221,626.59,4.9643,25.31,2026-07-25T00:20:36.559Z
flip-only|ASHR|4h|1779364800000|1781712000000,flip-only,ASHR,AMEX:ASHR,4h,Swing 4H,LONG,Swing Low,2026-05-21 08:00,1779364800000,35.07,Flip Short,2026-06-17 12:00,1781712000000,36.29,363,12730.41,63,416.96,3.272,437.39,3.4324,255.94,2.0085,25.9,2026-07-25T00:20:36.559Z
flip-only|BE|4h|1725379200000|1730739600000,flip-only,BE,NYSE:BE,4h,Swing 4H,LONG,Swing Low,2024-09-03 12:00,1725379200000,11.04,Flip Short,2024-11-04 12:00,1730739600000,10.73,904,9980.16,176,-299.92,-3.0022,442.02,4.4246,1836.06,18.3787,19.68,2026-07-25T00:23:53.855Z
flip-only|BE|4h|1733864400000|1736254800000,flip-only,BE,NYSE:BE,4h,Swing 4H,LONG,Swing Low,2024-12-10 16:00,1733864400000,23.46,Flip Short,2025-01-07 08:00,1736254800000,25.52,412,9665.52,70,828.54,8.5636,1473.53,15.23,697.71,7.2113,20.18,2026-07-25T00:23:53.855Z
flip-only|BE|4h|1736787600000|1737550800000,flip-only,BE,NYSE:BE,4h,Swing 4H,LONG,Swing Low,2025-01-13 12:00,1736787600000,21.69,Flip Short,2025-01-22 08:00,1737550800000,26.36,484,10497.96,23,2237.02,21.2878,2317.54,22.0541,54.06,0.5144,23.26,2026-07-25T00:23:53.855Z
flip-only|BE|4h|1737997200000|1739566800000,flip-only,BE,NYSE:BE,4h,Swing 4H,LONG,Swing Low,2025-01-27 12:00,1737997200000,21.91,Flip Short,2025-02-14 16:00,1739566800000,25.41,581,12729.71,57,2006.01,15.7427,2148.59,16.8617,1221.21,9.5838,27.49,2026-07-25T00:23:53.855Z
flip-only|BE|4h|1740416400000|1742486400000,flip-only,BE,NYSE:BE,4h,Swing 4H,LONG,Swing Low,2025-02-24 12:00,1740416400000,22.78,Flip Short,2025-03-20 12:00,1742486400000,25.76,647,14738.66,72,1896.65,12.8557,2909.7,19.7222,1651.65,11.195,31.41,2026-07-25T00:23:53.855Z
flip-only|BE|4h|1743062400000|1745596800000,flip-only,BE,NYSE:BE,4h,Swing 4H,LONG,Swing Low,2025-03-27 04:00,1743062400000,22.24,Flip Short,2025-04-25 12:00,1745596800000,18.7,702,15612.48,82,-2513.82,-16.0853,0,0,5084.05,32.5315,28.74,2026-07-25T03:49:08.997Z
flip-only|BE|4h|1746547200000|1747238400000,flip-only,BE,NYSE:BE,4h,Swing 4H,LONG,Swing Low,2025-05-06 12:00,1746547200000,16.37,Flip Short,2025-05-14 12:00,1747238400000,19.85,1017,16648.29,24,3502.32,21.0161,3776.76,22.6629,291.24,1.7476,36.84,2026-07-25T00:23:53.855Z
flip-only|BE|4h|1763053200000|1764882000000,flip-only,BE,NYSE:BE,4h,Swing 4H,LONG,Swing Low,2025-11-13 12:00,1763053200000,103.39,Flip Short,2025-12-04 16:00,1764882000000,118.13,194,20057.66,57,2816.59,14.0284,3126.62,15.5726,5333.72,26.5654,42.97,2026-07-25T00:23:53.855Z
flip-only|BE|4h|1765832400000|1767387600000,flip-only,BE,NYSE:BE,4h,Swing 4H,LONG,Swing Low,2025-12-15 16:00,1765832400000,89.6,Flip Short,2026-01-02 16:00,1767387600000,98.62,256,22937.6,48,2260.94,9.847,2345.06,10.2134,3578.78,15.5866,48.18,2026-07-25T00:23:53.855Z
flip-only|BE|4h|1770238800000|1771952400000,flip-only,BE,NYSE:BE,4h,Swing 4H,LONG,Swing Low,2026-02-04 16:00,1770238800000,146.84,Flip Short,2026-02-24 12:00,1771952400000,170.69,171,25109.64,51,4024.05,16.0099,4448.25,17.6976,2732.04,10.8696,54.3,2026-07-25T00:23:53.855Z
flip-only|BE|4h|1772830800000|1773950400000,flip-only,BE,NYSE:BE,4h,Swing 4H,LONG,Swing Low,2026-03-06 16:00,1772830800000,135.36,Flip Short,2026-03-19 16:00,1773950400000,166.76,216,29237.76,36,6717.14,22.9513,7012.36,23.96,1161.08,3.9672,65.26,2026-07-25T00:23:53.855Z
flip-only|BE|4h|1774540800000|1774540800000,flip-only,BE,NYSE:BE,4h,Swing 4H,LONG,Swing Low,2026-03-26 12:00,1774540800000,138.34,Margin call,2026-03-26 12:00,1774540800000,138.34,1,138.34,0,-0.28,-0.1998,0,0,0.14,0.0999,0.28,2026-07-25T00:23:53.855Z
flip-only|BE|4h|1774540800000|1775750400000,flip-only,BE,NYSE:BE,4h,Swing 4H,LONG,Swing Low,2026-03-26 12:00,1774540800000,138.34,Flip Short,2026-04-09 12:00,1775750400000,162.53,259,35830.06,36,6187.28,17.2512,6278.59,17.5057,5692.39,15.8713,77.93,2026-07-25T00:23:53.855Z
flip-only|BE|4h|1779134400000|1779379200000,flip-only,BE,NYSE:BE,4h,Swing 4H,LONG,Swing Low,2026-05-18 16:00,1779134400000,258.74,Flip Short,2026-05-21 12:00,1779379200000,312.29,162,41915.88,11,8582.59,20.4553,9635.96,22.9658,2776.48,6.6173,92.51,2026-07-25T00:23:53.855Z
flip-only|BE|4h|1780905600000|1781798400000,flip-only,BE,NYSE:BE,4h,Swing 4H,LONG,Swing Low,2026-06-08 04:00,1780905600000,258.05,Flip Short,2026-06-18 12:00,1781798400000,311.51,149,38449.45,34,7880.68,20.4757,8293.63,21.5487,5141.7,13.3593,84.86,2026-07-25T03:49:08.997Z
flip-only|DFEN|4h|1722873600000|1724428800000,flip-only,DFEN,AMEX:DFEN,4h,Swing 4H,LONG,Swing Low,2024-08-05 12:00,1722873600000,27.11,Flip Short,2024-08-23 12:00,1724428800000,32.67,350,9488.5,52,1925.08,20.2683,2146.51,22.5996,208.99,2.2003,20.92,2026-07-25T03:49:21.901Z
flip-only|DFEN|4h|1725566400000|1726747200000,flip-only,DFEN,AMEX:DFEN,4h,Swing 4H,LONG,Swing Low,2024-09-05 16:00,1725566400000,31.25,Flip Short,2024-09-19 08:00,1726747200000,34.17,367,11468.75,33,1047.63,9.1255,1823.53,15.8841,917.96,7.996,24.01,2026-07-25T03:49:21.901Z
flip-only|DFEN|4h|1729612800000|1731085200000,flip-only,DFEN,AMEX:DFEN,4h,Swing 4H,LONG,Swing Low,2024-10-22 12:00,1729612800000,36.17,Flip Short,2024-11-08 12:00,1731085200000,38.5,340,12297.8,52,766.81,6.2291,790.1,6.4183,1668.1,13.5506,25.39,2026-07-25T03:49:21.901Z
flip-only|DFEN|4h|1733763600000|1736960400000,flip-only,DFEN,AMEX:DFEN,4h,Swing 4H,LONG,Swing Low,2024-12-09 12:00,1733763600000,34.02,Flip Short,2025-01-15 12:00,1736960400000,29.3,384,13063.68,95,-1836.79,-14.0463,248.06,1.8969,3096.58,23.6801,24.31,2026-07-25T03:49:21.901Z
flip-only|DFEN|4h|1739566800000|1742832000000,flip-only,DFEN,AMEX:DFEN,4h,Swing 4H,LONG,Swing Low,2025-02-14 16:00,1739566800000,31.67,Flip Short,2025-03-24 12:00,1742832000000,33.5,356,11274.52,93,628.28,5.567,693.61,6.1458,1712.95,15.178,23.2,2026-07-25T03:49:21.901Z
flip-only|DFEN|4h|1755705600000|1756238400000,flip-only,DFEN,AMEX:DFEN,4h,Swing 4H,LONG,Swing Low,2025-08-20 12:00,1755705600000,54.7,Flip Short,2025-08-26 16:00,1756238400000,60.15,217,11869.9,16,1157.73,9.7437,1225.03,10.3102,11.87,0.0999,24.92,2026-07-25T03:49:21.901Z
flip-only|DFEN|4h|1760702400000|1761321600000,flip-only,DFEN,AMEX:DFEN,4h,Swing 4H,LONG,Swing Low,2025-10-17 08:00,1760702400000,64.46,Flip Short,2025-10-24 12:00,1761321600000,75.26,202,13020.92,21,2153.38,16.5213,2419.06,18.5597,249.36,1.9132,28.22,2026-07-25T03:49:21.901Z
flip-only|DFEN|4h|1762448400000|1766163600000,flip-only,DFEN,AMEX:DFEN,4h,Swing 4H,LONG,Swing Low,2025-11-06 12:00,1762448400000,66.12,Flip Short,2025-12-19 12:00,1766163600000,63.3,227,15009.24,118,-669.52,-4.4563,752.25,5.0069,2841.16,18.9105,29.38,2026-07-25T03:49:21.901Z
flip-only|DFEN|4h|1769706000000|1771347600000,flip-only,DFEN,AMEX:DFEN,4h,Swing 4H,LONG,Swing Low,2026-01-29 12:00,1769706000000,79.9,Flip Short,2026-02-17 12:00,1771347600000,85.5,180,14382,48,978.23,6.795,1038.62,7.2144,1657.78,11.5153,29.77,2026-07-25T03:49:21.901Z
flip-only|DFEN|4h|1773331200000|1775649600000,flip-only,DFEN,AMEX:DFEN,4h,Swing 4H,LONG,Swing Low,2026-03-12 12:00,1773331200000,77.78,Flip Short,2026-04-08 08:00,1775649600000,73.43,196,15244.88,71,-882.24,-5.7813,223.88,1.4671,4372.32,28.652,29.64,2026-07-25T03:49:21.901Z
flip-only|DFEN|4h|1776873600000|1778515200000,flip-only,DFEN,AMEX:DFEN,4h,Swing 4H,LONG,Swing Low,2026-04-22 12:00,1776873600000,60.8,Flip Short,2026-05-11 12:00,1778515200000,67.9,238,14470.4,52,1659.17,11.4545,1675.33,11.5661,1175.91,8.1182,30.63,2026-07-25T03:49:21.901Z
flip-only|DFEN|4h|1781164800000|1781265600000,flip-only,DFEN,AMEX:DFEN,4h,Swing 4H,LONG,Swing Low,2026-06-11 04:00,1781164800000,64.91,Flip Short,2026-06-12 08:00,1781265600000,75.65,250,16227.5,5,2649.86,16.3131,2818.77,17.353,16.23,0.0999,35.14,2026-07-25T03:49:21.901Z
flip-only|EDC|4h|1713182400000|1714723200000,flip-only,EDC,AMEX:EDC,4h,Swing 4H,LONG,Swing Low,2024-04-15 08:00,1713182400000,29.55,Flip Short,2024-05-03 04:00,1714723200000,31.57,328,9692.4,37,642.51,6.6224,843.11,8.69,990.41,10.2082,20.05,2026-07-25T03:49:24.696Z
flip-only|EDC|4h|1717084800000|1718884800000,flip-only,EDC,AMEX:EDC,4h,Swing 4H,LONG,Swing Low,2024-05-30 12:00,1717084800000,31.84,Flip Short,2024-06-20 08:00,1718884800000,34.28,317,10093.28,38,752.52,7.4482,1308.63,12.9524,593.37,5.873,20.96,2026-07-25T03:49:24.696Z
flip-only|EDC|4h|1721822400000|1723824000000,flip-only,EDC,AMEX:EDC,4h,Swing 4H,LONG,Swing Low,2024-07-24 08:00,1721822400000,32.09,Flip Short,2024-08-16 12:00,1723824000000,33.25,337,10814.33,48,368.9,3.4078,380.11,3.5113,2501.24,23.1059,22.02,2026-07-25T03:49:24.696Z
flip-only|EDC|4h|1725638400000|1726747200000,flip-only,EDC,AMEX:EDC,4h,Swing 4H,LONG,Swing Low,2024-09-06 12:00,1725638400000,29.59,Flip Short,2024-09-19 08:00,1726747200000,33.26,375,11096.25,27,1352.68,12.1783,1541.4,13.8773,239.85,2.1593,23.57,2026-07-25T03:49:24.696Z
flip-only|EDC|4h|1729065600000|1733418000000,flip-only,EDC,AMEX:EDC,4h,Swing 4H,LONG,Swing Low,2024-10-16 04:00,1729065600000,36.72,Flip Short,2024-12-05 12:00,1733418000000,32.28,346,12705.12,114,-1560.11,-12.2671,578.95,4.5523,2396.64,18.8448,23.87,2026-07-25T03:49:24.696Z
flip-only|EDC|4h|1734555600000|1737723600000,flip-only,EDC,AMEX:EDC,4h,Swing 4H,LONG,Swing Low,2024-12-18 16:00,1734555600000,29,Flip Short,2025-01-24 08:00,1737723600000,30.6,375,10875,69,577.65,5.3064,667.88,6.1352,1087.13,9.9866,22.35,2026-07-25T03:49:24.696Z
flip-only|EDC|4h|1740762000000|1742241600000,flip-only,EDC,AMEX:EDC,4h,Swing 4H,LONG,Swing Low,2025-02-28 12:00,1740762000000,30.47,Flip Short,2025-03-17 16:00,1742241600000,35.53,377,11487.19,37,1882.74,16.3735,1896.13,16.49,358.33,3.1162,24.88,2026-07-25T03:49:24.696Z
flip-only|EDC|4h|1743422400000|1745942400000,flip-only,EDC,AMEX:EDC,4h,Swing 4H,LONG,Swing Low,2025-03-31 08:00,1743422400000,29.97,Flip Short,2025-04-29 12:00,1745942400000,29.35,445,13336.65,65,-302.3,-2.2644,574.06,4.3001,4498.94,33.6999,26.4,2026-07-25T03:49:24.696Z
flip-only|EDC|4h|1754049600000|1755086400000,flip-only,EDC,AMEX:EDC,4h,Swing 4H,LONG,Swing Low,2025-08-01 08:00,1754049600000,38.34,Flip Short,2025-08-13 08:00,1755086400000,44.07,342,13112.28,24,1931.48,14.7156,1946.55,14.8304,95.19,0.7253,28.18,2026-07-25T03:49:24.696Z
flip-only|EDC|4h|1760112000000|1761566400000,flip-only,EDC,AMEX:EDC,4h,Swing 4H,LONG,Swing Low,2025-10-10 12:00,1760112000000,48.57,Flip Short,2025-10-27 08:00,1761566400000,57,301,14619.57,37,2505.65,17.1219,2522.81,17.2392,938.69,6.4144,31.78,2026-07-25T03:49:24.696Z
flip-only|EDC|4h|1762534800000|1765400400000,flip-only,EDC,AMEX:EDC,4h,Swing 4H,LONG,Swing Low,2025-11-07 12:00,1762534800000,50.99,Flip Short,2025-12-10 16:00,1765400400000,53.88,337,17183.63,71,938.59,5.4567,1873.39,10.8913,1473.02,8.5637,35.34,2026-07-25T03:49:24.696Z
flip-only|EDC|4h|1766005200000|1766768400000,flip-only,EDC,AMEX:EDC,4h,Swing 4H,LONG,Swing Low,2025-12-17 16:00,1766005200000,48.9,Flip Short,2025-12-26 12:00,1766768400000,54.55,371,18141.9,17,2057.77,11.3313,2081.72,11.4632,18.14,0.0999,38.38,2026-07-25T03:49:24.696Z
flip-only|EDC|4h|1772542800000|1775649600000,flip-only,EDC,AMEX:EDC,4h,Swing 4H,LONG,Swing Low,2026-03-03 08:00,1772542800000,64.8,Flip Short,2026-04-08 08:00,1775649600000,67.75,309,20023.2,93,870.59,4.3436,968.78,4.8334,4747.72,23.6874,40.96,2026-07-25T03:49:24.696Z
flip-only|EDC|4h|1781078400000|1782144000000,flip-only,EDC,AMEX:EDC,4h,Swing 4H,LONG,Swing Low,2026-06-10 04:00,1781078400000,78.54,Flip Short,2026-06-22 12:00,1782144000000,102.39,258,20263.32,28,6106.62,30.1062,6494.24,32.0172,879.4,4.3355,46.68,2026-07-25T03:49:24.696Z
flip-only|EPI|4h|1710331200000|1712145600000,flip-only,EPI,AMEX:EPI,4h,Swing 4H,LONG,Swing Low,2024-03-13 08:00,1710331200000,42.92,Flip Short,2024-04-03 08:00,1712145600000,44.16,232,9957.44,45,267.48,2.6835,396.04,3.9734,202.52,2.0318,20.2,2026-07-25T00:20:44.815Z
flip-only|EPI|4h|1715601600000|1716220800000,flip-only,EPI,AMEX:EPI,4h,Swing 4H,LONG,Swing Low,2024-05-13 08:00,1715601600000,44,Flip Short,2024-05-20 12:00,1716220800000,45.87,233,10252,17,414.77,4.0417,427.79,4.1686,56.85,0.554,20.94,2026-07-25T00:20:44.815Z
flip-only|EPI|4h|1721808000000|1724328000000,flip-only,EPI,AMEX:EPI,4h,Swing 4H,LONG,Swing Low,2024-07-24 04:00,1721808000000,48.86,Flip Short,2024-08-22 08:00,1724328000000,49.49,209,10211.74,73,111.11,1.087,248.95,2.4354,607.95,5.9475,20.56,2026-07-25T03:48:23.606Z
flip-only|EPI|4h|1726070400000|1727092800000,flip-only,EPI,AMEX:EPI,4h,Swing 4H,LONG,Swing Low,2024-09-11 12:00,1726070400000,48.65,Flip Short,2024-09-23 08:00,1727092800000,50.91,219,10654.35,24,473.14,4.4363,484.29,4.5409,10.65,0.0999,21.8,2026-07-25T00:20:44.815Z
flip-only|EPI|4h|1728057600000|1728057600000,flip-only,EPI,AMEX:EPI,4h,Swing 4H,LONG,Swing Low,2024-10-04 12:00,1728057600000,49.34,Margin call,2024-10-04 12:00,1728057600000,49.34,1,49.34,0,-0.1,-0.1998,0,0,0.05,0.0999,0.1,2026-07-25T00:20:44.815Z
flip-only|EPI|4h|1728057600000|1733302800000,flip-only,EPI,AMEX:EPI,4h,Swing 4H,LONG,Swing Low,2024-10-04 12:00,1728057600000,49.34,Flip Short,2024-12-04 04:00,1733302800000,47.57,225,11101.5,139,-420.05,-3.78,90.15,0.8112,888.6,7.9963,21.8,2026-07-25T00:20:44.815Z
flip-only|EPI|4h|1734555600000|1742299200000,flip-only,EPI,AMEX:EPI,4h,Swing 4H,LONG,Swing Low,2024-12-18 16:00,1734555600000,46.33,Flip Short,2025-03-18 08:00,1742299200000,41.98,222,10285.26,180,-985.3,-9.5702,182.85,1.7761,1419.99,13.7922,19.6,2026-07-25T03:48:23.606Z
flip-only|EPI|4h|1744027200000|1744905600000,flip-only,EPI,AMEX:EPI,4h,Swing 4H,LONG,Swing Low,2025-04-07 08:00,1744027200000,41.24,Flip Short,2025-04-17 12:00,1744905600000,44.17,258,10639.92,26,733.9,6.8908,778.84,7.3127,108.68,1.0204,22.04,2026-07-25T00:20:44.815Z
flip-only|EPI|4h|1746720000000|1747224000000,flip-only,EPI,AMEX:EPI,4h,Swing 4H,LONG,Swing Low,2025-05-08 12:00,1746720000000,43.76,Flip Short,2025-05-14 08:00,1747224000000,45.96,261,11421.36,12,550.78,4.8176,701.11,6.1324,147.14,1.287,23.42,2026-07-25T00:20:44.815Z
flip-only|EPI|4h|1750190400000|1751025600000,flip-only,EPI,AMEX:EPI,4h,Swing 4H,LONG,Swing Low,2025-06-17 16:00,1750190400000,45.9,Flip Short,2025-06-27 08:00,1751025600000,47.45,261,11979.9,21,380.19,3.1704,392.57,3.2736,87.67,0.7311,24.36,2026-07-25T00:20:44.815Z
flip-only|EPI|4h|1753200000000|1758038400000,flip-only,EPI,AMEX:EPI,4h,Swing 4H,LONG,Swing Low,2025-07-22 12:00,1753200000000,46.54,Flip Short,2025-09-16 12:00,1758038400000,45.46,266,12379.64,128,-311.75,-2.5157,32.84,0.265,778.46,6.2819,24.47,2026-07-25T00:20:44.815Z
flip-only|EPI|4h|1764781200000|1766581200000,flip-only,EPI,AMEX:EPI,4h,Swing 4H,LONG,Swing Low,2025-12-03 12:00,1764781200000,45.19,Flip Short,2025-12-24 08:00,1766581200000,46.24,267,12065.73,49,255.94,2.1191,319.01,2.6413,118.87,0.9842,24.41,2026-07-25T00:20:44.815Z
flip-only|EPI|4h|1768582800000|1770066000000,flip-only,EPI,AMEX:EPI,4h,Swing 4H,LONG,Swing Low,2026-01-16 12:00,1768582800000,45.37,Flip Short,2026-02-02 16:00,1770066000000,46.29,271,12295.27,34,224.48,1.8239,237.02,1.9258,462.16,3.7551,24.84,2026-07-25T00:20:44.815Z
flip-only|EPI|4h|1772456400000|1775664000000,flip-only,EPI,AMEX:EPI,4h,Swing 4H,LONG,Swing Low,2026-03-02 08:00,1772456400000,44.64,Flip Short,2026-04-08 12:00,1775664000000,42.76,244,10892.16,85,-480.05,-4.4029,0,0,1284.57,11.7818,21.33,2026-07-25T03:48:23.606Z
flip-only|EPI|4h|1778572800000|1781539200000,flip-only,EPI,AMEX:EPI,4h,Swing 4H,LONG,Swing Low,2026-05-12 04:00,1778572800000,42.34,Flip Short,2026-06-15 12:00,1781539200000,42.91,295,12490.3,68,143,1.1438,161.56,1.2922,413.69,3.3088,25.15,2026-07-25T00:20:44.815Z
flip-only|EURL|4h|1692028800000|1699981200000,flip-only,EURL,AMEX:EURL,4h,Swing 4H,LONG,Swing Low,2023-08-14 12:00,1692028800000,21.88,Flip Short,2023-11-14 12:00,1699981200000,19.24,436,9539.68,132,-1168.97,-12.2415,0,0,2961.26,31.0105,17.93,2026-07-25T03:48:25.780Z
flip-only|EURL|4h|1705424400000|1708606800000,flip-only,EURL,AMEX:EURL,4h,Swing 4H,LONG,Swing Low,2024-01-16 12:00,1705424400000,21.41,Flip Short,2024-02-22 08:00,1708606800000,23.9,464,9934.24,57,1134.34,11.407,1191.83,11.9852,473.93,4.7659,21.02,2026-07-25T00:20:50.472Z
flip-only|EURL|4h|1712764800000|1715097600000,flip-only,EURL,AMEX:EURL,4h,Swing 4H,LONG,Swing Low,2024-04-10 12:00,1712764800000,24.71,Flip Short,2024-05-07 12:00,1715097600000,26.37,449,11094.79,45,722.41,6.5047,761.19,6.8539,1048.28,9.439,22.93,2026-07-25T00:20:50.472Z
flip-only|EURL|4h|1718121600000|1720800000000,flip-only,EURL,AMEX:EURL,4h,Swing 4H,LONG,Swing Low,2024-06-11 12:00,1718121600000,26.73,Flip Short,2024-07-12 12:00,1720800000000,28.51,443,11841.39,50,764.07,6.4461,945.04,7.9728,822.53,6.9393,24.47,2026-07-25T00:20:50.472Z
flip-only|EURL|4h|1722600000000|1724083200000,flip-only,EURL,AMEX:EURL,4h,Swing 4H,LONG,Swing Low,2024-08-02 08:00,1722600000000,24.35,Flip Short,2024-08-19 12:00,1724083200000,27.76,502,12223.7,24,1685.66,13.7763,1774.9,14.5056,1141.72,9.3309,26.16,2026-07-25T00:20:50.472Z
flip-only|EURL|4h|1729008000000|1733504400000,flip-only,EURL,AMEX:EURL,4h,Swing 4H,LONG,Swing Low,2024-10-15 12:00,1729008000000,26.46,Flip Short,2024-12-06 12:00,1733504400000,23.9,540,14288.4,99,-1409.59,-9.8555,396.11,2.7695,2968.09,20.752,27.19,2026-07-25T00:20:50.472Z
flip-only|EURL|4h|1734555600000|1737478800000,flip-only,EURL,AMEX:EURL,4h,Swing 4H,LONG,Swing Low,2024-12-18 16:00,1734555600000,20.66,Flip Short,2025-01-21 12:00,1737478800000,23.15,617,12747.22,49,1509.3,11.8284,1523.58,11.9403,740.81,5.8057,27.03,2026-07-25T00:20:50.472Z
flip-only|EURL|4h|1743076800000|1745582400000,flip-only,EURL,AMEX:EURL,4h,Swing 4H,LONG,Swing Low,2025-03-27 08:00,1743076800000,27.56,Flip Short,2025-04-25 08:00,1745582400000,27.26,434,11961.04,64,-153.99,-1.2862,244.1,2.0387,4161,34.7532,23.79,2026-07-25T03:48:25.780Z
flip-only|EURL|4h|1750435200000|1751875200000,flip-only,EURL,AMEX:EURL,4h,Swing 4H,LONG,Swing Low,2025-06-20 12:00,1750435200000,31.5,Flip Short,2025-07-07 04:00,1751875200000,35.41,454,14301,26,1744.76,12.1881,1760.84,12.3004,354.8,2.4785,30.38,2026-07-25T00:20:50.472Z
flip-only|EURL|4h|1753992000000|1755619200000,flip-only,EURL,AMEX:EURL,4h,Swing 4H,LONG,Swing Low,2025-07-31 16:00,1753992000000,31.39,Flip Short,2025-08-19 12:00,1755619200000,35.71,514,16134.46,39,2185.99,13.535,2430.51,15.049,997.87,6.1786,34.49,2026-07-25T00:20:50.472Z
flip-only|EURL|4h|1756886400000|1759334400000,flip-only,EURL,AMEX:EURL,4h,Swing 4H,LONG,Swing Low,2025-09-03 04:00,1756886400000,33.6,Flip Short,2025-10-01 12:00,1759334400000,37.5,445,14952,51,1703.86,11.3842,1720.55,11.4956,126.2,0.8432,31.64,2026-07-25T03:48:25.780Z
flip-only|EURL|4h|1762275600000|1765458000000,flip-only,EURL,AMEX:EURL,4h,Swing 4H,LONG,Swing Low,2025-11-04 12:00,1762275600000,35.63,Flip Short,2025-12-11 08:00,1765458000000,39.8,511,18206.93,67,2092.33,11.4804,2112.66,11.592,1551.21,8.5114,38.54,2026-07-25T00:20:50.472Z
flip-only|EURL|4h|1772542800000|1775635200000,flip-only,EURL,AMEX:EURL,4h,Swing 4H,LONG,Swing Low,2026-03-03 08:00,1772542800000,42.3,Flip Short,2026-04-08 04:00,1775635200000,43.9,480,20304,78,726.62,3.5751,1275.7,6.2767,4484.3,22.0638,41.38,2026-07-25T00:20:50.472Z
flip-only|EWY|4h|1721836800000|1724428800000,flip-only,EWY,AMEX:EWY,4h,Swing 4H,LONG,Swing Low,2024-07-24 12:00,1721836800000,64.95,Flip Short,2024-08-23 12:00,1724428800000,66.82,153,9937.35,71,265.95,2.6736,335.84,3.3762,1073.29,10.7897,20.16,2026-07-25T00:23:37.089Z
flip-only|EWY|4h|1725624000000|1727179200000,flip-only,EWY,AMEX:EWY,4h,Swing 4H,LONG,Swing Low,2024-09-06 08:00,1725624000000,62.2,Flip Short,2024-09-24 08:00,1727179200000,64.54,164,10200.8,39,362.97,3.5547,373.56,3.6584,375.92,3.6815,20.79,2026-07-25T00:23:37.089Z
flip-only|EWY|4h|1728057600000|1736960400000,flip-only,EWY,AMEX:EWY,4h,Swing 4H,LONG,Swing Low,2024-10-04 12:00,1728057600000,62.58,Flip Short,2025-01-15 12:00,1736960400000,54.62,169,10576.02,247,-1365.05,-12.8941,195.6,1.8477,2009.85,18.9848,19.81,2026-07-25T00:23:37.089Z
flip-only|EWY|4h|1738587600000|1739466000000,flip-only,EWY,AMEX:EWY,4h,Swing 4H,LONG,Swing Low,2025-02-03 08:00,1738587600000,53,Flip Short,2025-02-13 12:00,1739466000000,55.96,174,9222,33,496.08,5.3739,533.66,5.781,66.64,0.7219,18.96,2026-07-25T00:23:37.089Z
flip-only|EWY|4h|1740747600000|1742241600000,flip-only,EWY,AMEX:EWY,4h,Swing 4H,LONG,Swing Low,2025-02-28 08:00,1740747600000,54.55,Flip Short,2025-03-17 16:00,1742241600000,57.86,170,9273.5,45,543.59,5.8559,563.63,6.0717,148.67,1.6016,19.11,2026-07-25T03:49:01.213Z
flip-only|EWY|4h|1743422400000|1745337600000,flip-only,EWY,AMEX:EWY,4h,Swing 4H,LONG,Swing Low,2025-03-31 08:00,1743422400000,53.4,Flip Short,2025-04-22 12:00,1745337600000,55,182,9718.8,58,271.47,2.7905,341.54,3.5107,905.16,9.3042,19.73,2026-07-25T00:23:37.089Z
flip-only|EWY|4h|1754049600000|1757088000000,flip-only,EWY,AMEX:EWY,4h,Swing 4H,LONG,Swing Low,2025-08-01 08:00,1754049600000,70.01,Flip Short,2025-09-05 12:00,1757088000000,73.46,143,10011.43,94,472.83,4.7182,697.84,6.9635,22.88,0.2283,20.52,2026-07-25T00:23:37.089Z
flip-only|EWY|4h|1763542800000|1764954000000,flip-only,EWY,AMEX:EWY,4h,Swing 4H,LONG,Swing Low,2025-11-19 04:00,1763542800000,90.27,Flip Short,2025-12-05 12:00,1764954000000,94.22,116,10471.32,45,436.8,4.1672,515.01,4.9134,446.63,4.261,21.4,2026-07-25T00:23:37.089Z
flip-only|EWY|4h|1765890000000|1767013200000,flip-only,EWY,AMEX:EWY,4h,Swing 4H,LONG,Swing Low,2025-12-16 08:00,1765890000000,89.26,Flip Short,2025-12-29 08:00,1767013200000,97.8,122,10889.72,31,1019.06,9.3486,1065.15,9.7715,115.81,1.0624,22.82,2026-07-25T00:23:37.089Z
flip-only|EWY|4h|1772557200000|1775635200000,flip-only,EWY,AMEX:EWY,4h,Swing 4H,LONG,Swing Low,2026-03-03 12:00,1772557200000,132.54,Flip Short,2026-04-08 04:00,1775635200000,136.74,90,11928.6,98,353.76,2.9627,719.77,6.028,1758.83,14.7299,24.24,2026-07-25T00:23:37.089Z
flip-only|EWY|4h|1781164800000|1781798400000,flip-only,EWY,AMEX:EWY,4h,Swing 4H,LONG,Swing Low,2026-06-11 04:00,1781164800000,184,Flip Short,2026-06-18 12:00,1781798400000,218.67,68,12512,22,2330.18,18.6049,2421.21,19.3318,148.51,1.1858,27.38,2026-07-25T03:49:01.213Z
flip-only|FAS|4h|1726070400000|1728489600000,flip-only,FAS,AMEX:FAS,4h,Swing 4H,LONG,Swing Low,2024-09-11 12:00,1726070400000,115.71,Flip Short,2024-10-09 12:00,1728489600000,133.21,86,9951.06,80,1483.59,14.894,1553.53,15.5961,9.95,0.0999,21.41,2026-07-25T00:20:55.741Z
flip-only|FAS|4h|1730404800000|1730898000000,flip-only,FAS,AMEX:FAS,4h,Swing 4H,LONG,Swing Low,2024-10-31 16:00,1730404800000,138.42,Flip Short,2024-11-06 08:00,1730898000000,163.32,82,11350.44,14,2017.06,17.753,2112.45,18.5926,386.09,3.3981,24.74,2026-07-25T00:20:55.741Z
flip-only|FAS|4h|1733850000000|1736960400000,flip-only,FAS,AMEX:FAS,4h,Swing 4H,LONG,Swing Low,2024-12-10 12:00,1733850000000,165.49,Flip Short,2025-01-15 12:00,1736960400000,159.09,81,13404.69,91,-544.69,-4.0594,115.39,0.8599,2270.06,16.9179,26.29,2026-07-25T00:20:55.741Z
flip-only|FAS|4h|1740171600000|1741006800000,flip-only,FAS,AMEX:FAS,4h,Swing 4H,LONG,Swing Low,2025-02-21 16:00,1740171600000,170.22,Flip Short,2025-03-03 08:00,1741006800000,186.63,75,12766.5,22,1203.99,9.4214,1298.23,10.1589,355.52,2.782,26.76,2026-07-25T00:20:55.741Z
flip-only|FAS|4h|1741107600000|1741107600000,flip-only,FAS,AMEX:FAS,4h,Swing 4H,LONG,Swing Low,2025-03-04 12:00,1741107600000,160.9,Margin call,2025-03-04 12:00,1741107600000,160.9,1,160.9,0,-0.32,-0.1998,0,0,0.16,0.0999,0.32,2026-07-25T00:20:55.741Z
flip-only|FAS|4h|1741107600000|1742846400000,flip-only,FAS,AMEX:FAS,4h,Swing 4H,LONG,Swing Low,2025-03-04 12:00,1741107600000,160.9,Flip Short,2025-03-24 16:00,1742846400000,161.96,87,13998.3,57,64.13,0.4577,699.4,4.9913,2251.64,16.069,28.09,2026-07-25T00:20:55.741Z
flip-only|FAS|4h|1743667200000|1745424000000,flip-only,FAS,AMEX:FAS,4h,Swing 4H,LONG,Swing Low,2025-04-03 04:00,1743667200000,147.26,Flip Short,2025-04-23 12:00,1745424000000,132.81,95,13989.7,54,-1399.36,-9.9928,58.21,0.4157,5430.89,38.7818,26.61,2026-07-25T00:20:55.741Z
flip-only|FAS|4h|1748016000000|1750780800000,flip-only,FAS,AMEX:FAS,4h,Swing 4H,LONG,Swing Low,2025-05-23 12:00,1748016000000,147.96,Flip Short,2025-06-24 12:00,1750780800000,160.9,86,12724.56,80,1086.28,8.5283,1132.8,8.8935,254.38,1.9972,26.56,2026-07-25T00:20:55.741Z
flip-only|FAS|4h|1752652800000|1753372800000,flip-only,FAS,AMEX:FAS,4h,Swing 4H,LONG,Swing Low,2025-07-16 04:00,1752652800000,160.98,Flip Short,2025-07-24 12:00,1753372800000,177.36,86,13844.28,26,1379.58,9.955,1395.7,10.0713,291.62,2.1044,29.1,2026-07-25T00:20:55.741Z
flip-only|FAS|4h|1754064000000|1755259200000,flip-only,FAS,AMEX:FAS,4h,Swing 4H,LONG,Swing Low,2025-08-01 12:00,1754064000000,158.57,Flip Short,2025-08-15 08:00,1755259200000,172.71,96,15222.72,39,1325.64,8.6996,1370.06,8.9911,318.58,2.0907,31.8,2026-07-25T00:20:55.741Z
flip-only|FAS|4h|1759420800000|1762966800000,flip-only,FAS,AMEX:FAS,4h,Swing 4H,LONG,Swing Low,2025-10-02 12:00,1759420800000,170.8,Flip Short,2025-11-12 12:00,1762966800000,172.9,97,16567.6,116,170.36,1.0273,844.79,5.094,2153.48,12.9851,33.34,2026-07-25T00:20:55.741Z
flip-only|FAS|4h|1763413200000|1764795600000,flip-only,FAS,AMEX:FAS,4h,Swing 4H,LONG,Swing Low,2025-11-17 16:00,1763413200000,151.71,Flip Short,2025-12-03 16:00,1764795600000,169.42,110,16688.1,43,1912.78,11.4505,1993.01,11.9308,406.09,2.431,35.32,2026-07-25T00:20:55.741Z
flip-only|FAS|4h|1768323600000|1770397200000,flip-only,FAS,AMEX:FAS,4h,Swing 4H,LONG,Swing Low,2026-01-13 12:00,1768323600000,162.96,Flip Short,2026-02-06 12:00,1770397200000,159.26,114,18577.44,68,-458.53,-2.4658,413.48,2.2235,1670.44,8.9828,36.73,2026-07-25T00:20:55.741Z
flip-only|FAS|4h|1770829200000|1775635200000,flip-only,FAS,AMEX:FAS,4h,Swing 4H,LONG,Swing Low,2026-02-11 12:00,1770829200000,149.24,Flip Short,2026-04-08 04:00,1775635200000,130.33,121,18058.04,150,-2321.94,-12.8453,95.68,0.5293,5141.2,28.442,33.83,2026-07-25T00:20:55.741Z
flip-only|FAS|4h|1777564800000|1779811200000,flip-only,FAS,AMEX:FAS,4h,Swing 4H,LONG,Swing Low,2026-04-30 12:00,1777564800000,137.48,Flip Short,2026-05-26 12:00,1779811200000,134.45,115,15810.2,68,-379.72,-2.3994,436.14,2.7558,1281.96,8.1003,31.27,2026-07-25T00:20:55.741Z
flip-only|FAS|4h|1780502400000|1780675200000,flip-only,FAS,AMEX:FAS,4h,Swing 4H,LONG,Swing Low,2026-06-03 12:00,1780502400000,124.93,Flip Short,2026-06-05 12:00,1780675200000,136.08,124,15491.32,8,1350.23,8.7074,1641.15,10.5834,15.49,0.0999,32.37,2026-07-25T00:20:55.741Z
flip-only|GLD|4h|1728576000000|1729080000000,flip-only,GLD,AMEX:GLD,4h,Swing 4H,LONG,Swing Low,2024-10-10 12:00,1728576000000,242.34,Flip Short,2024-10-16 08:00,1729080000000,247.34,41,9935.94,15,184.92,1.8593,213.92,2.1509,39.05,0.3926,20.08,2026-07-25T00:21:07.724Z
flip-only|GLD|4h|1730898000000|1732309200000,flip-only,GLD,AMEX:GLD,4h,Swing 4H,LONG,Swing Low,2024-11-06 08:00,1730898000000,248.9,Flip Short,2024-11-22 16:00,1732309200000,249.9,40,9956,50,20.05,0.2012,49.24,0.4941,597.96,6,19.95,2026-07-25T00:21:07.724Z
flip-only|GLD|4h|1734555600000|1736355600000,flip-only,GLD,AMEX:GLD,4h,Swing 4H,LONG,Swing Low,2024-12-18 16:00,1734555600000,239.41,Flip Short,2025-01-08 12:00,1736355600000,246.41,42,10055.22,51,273.6,2.7182,285.62,2.8377,49.96,0.4963,20.4,2026-07-25T00:21:07.724Z
flip-only|GLD|4h|1740747600000|1741881600000,flip-only,GLD,AMEX:GLD,4h,Swing 4H,LONG,Swing Low,2025-02-28 08:00,1740747600000,263.57,Flip Short,2025-03-13 12:00,1741881600000,274.64,39,10279.23,37,410.74,3.9918,421.84,4.0997,100.76,0.9792,20.99,2026-07-25T00:21:07.724Z
flip-only|GLD|4h|1744027200000|1744300800000,flip-only,GLD,AMEX:GLD,4h,Swing 4H,LONG,Swing Low,2025-04-07 08:00,1744027200000,279.4,Flip Short,2025-04-10 12:00,1744300800000,291.16,38,10617.2,13,425.2,4.0008,495.54,4.6627,269.02,2.5313,21.68,2026-07-25T00:21:07.724Z
flip-only|GLD|4h|1747238400000|1748880000000,flip-only,GLD,AMEX:GLD,4h,Swing 4H,LONG,Swing Low,2025-05-14 12:00,1747238400000,293.32,Flip Short,2025-06-02 12:00,1748880000000,310.96,38,11146.16,48,647.36,5.8021,675.51,6.0545,194.31,1.7415,22.96,2026-07-25T00:21:07.724Z
flip-only|GLD|4h|1750780800000|1752249600000,flip-only,GLD,AMEX:GLD,4h,Swing 4H,LONG,Swing Low,2025-06-24 12:00,1750780800000,305.27,Flip Short,2025-07-11 12:00,1752249600000,309.38,39,11905.53,48,136.32,1.1439,183.48,1.5396,221.73,1.8605,23.97,2026-07-25T00:21:07.724Z
flip-only|GLD|4h|1753718400000|1756324800000,flip-only,GLD,AMEX:GLD,4h,Swing 4H,LONG,Swing Low,2025-07-28 12:00,1753718400000,305.26,Flip Short,2025-08-27 16:00,1756324800000,312.69,39,11905.14,89,265.67,2.2293,332.07,2.7866,179.61,1.5071,24.1,2026-07-25T00:21:07.724Z
flip-only|GLD|4h|1761652800000|1762866000000,flip-only,GLD,AMEX:GLD,4h,Swing 4H,LONG,Swing Low,2025-10-28 08:00,1761652800000,361.02,Flip Short,2025-11-11 08:00,1762866000000,380.4,34,12274.68,40,633.71,5.1576,679.29,5.5285,69.39,0.5648,25.21,2026-07-25T00:21:07.724Z
flip-only|GLD|4h|1773662400000|1775635200000,flip-only,GLD,AMEX:GLD,4h,Swing 4H,LONG,Swing Low,2026-03-16 08:00,1773662400000,459.03,Flip Short,2026-04-08 04:00,1775635200000,442.85,28,12852.84,63,-478.29,-3.7176,92.71,0.7206,2070.85,16.0959,25.25,2026-07-25T00:21:07.724Z
flip-only|GLD|4h|1777377600000|1778572800000,flip-only,GLD,AMEX:GLD,4h,Swing 4H,LONG,Swing Low,2026-04-28 08:00,1777377600000,419,Flip Short,2026-05-12 04:00,1778572800000,432.04,29,12151,39,353.48,2.9062,535.95,4.4063,177.45,1.4589,24.68,2026-07-25T00:21:07.724Z
flip-only|GLTR|4h|1699880400000|1700586000000,flip-only,GLTR,AMEX:GLTR,4h,Swing 4H,LONG,Swing Low,2023-11-13 08:00,1699880400000,84.46,Flip Short,2023-11-21 12:00,1700586000000,89.22,117,9881.82,15,536.6,5.4247,582.14,5.8851,9.88,0.0999,20.32,2026-07-25T00:21:14.894Z
flip-only|GLTR|4h|1707843600000|1709312400000,flip-only,GLTR,AMEX:GLTR,4h,Swing 4H,LONG,Swing Low,2024-02-13 12:00,1707843600000,85.68,Flip Short,2024-03-01 12:00,1709312400000,89.63,122,10452.96,25,460.51,4.4012,471.45,4.5057,32.41,0.3098,21.39,2026-07-25T00:21:14.894Z
flip-only|GLTR|4h|1714665600000|1715788800000,flip-only,GLTR,AMEX:GLTR,4h,Swing 4H,LONG,Swing Low,2024-05-02 12:00,1714665600000,99.12,Flip Short,2024-05-15 12:00,1715788800000,104.95,110,10903.2,19,618.85,5.6702,660.1,6.0481,95.6,0.876,22.45,2026-07-25T00:21:14.894Z
flip-only|GLTR|4h|1717776000000|1720195200000,flip-only,GLTR,AMEX:GLTR,4h,Swing 4H,LONG,Swing Low,2024-06-07 12:00,1717776000000,102.01,Flip Short,2024-07-05 12:00,1720195200000,107.19,113,11527.13,41,561.7,4.868,573.81,4.973,123.4,1.0694,23.64,2026-07-25T00:21:14.894Z
flip-only|GLTR|4h|1722873600000|1724155200000,flip-only,GLTR,AMEX:GLTR,4h,Swing 4H,LONG,Swing Low,2024-08-05 12:00,1722873600000,102.08,Flip Short,2024-08-20 08:00,1724155200000,108.9,119,12147.52,24,786.47,6.4679,799.43,6.5745,127.58,1.0492,25.11,2026-07-25T00:21:14.894Z
flip-only|GLTR|4h|1731344400000|1733936400000,flip-only,GLTR,AMEX:GLTR,4h,Swing 4H,LONG,Swing Low,2024-11-11 12:00,1731344400000,111.88,Flip Short,2024-12-11 12:00,1733936400000,116,115,12866.2,47,447.59,3.4754,478.18,3.7129,387.77,3.0108,26.21,2026-07-25T00:21:14.894Z
flip-only|GLTR|4h|1734613200000|1737478800000,flip-only,GLTR,AMEX:GLTR,4h,Swing 4H,LONG,Swing Low,2024-12-19 08:00,1734613200000,109.55,Flip Short,2025-01-21 12:00,1737478800000,115.42,122,13365.1,40,688.69,5.1478,702.77,5.253,115.85,0.8659,27.45,2026-07-25T00:21:14.894Z
flip-only|GLTR|4h|1744113600000|1744387200000,flip-only,GLTR,AMEX:GLTR,4h,Swing 4H,LONG,Swing Low,2025-04-08 08:00,1744113600000,121.95,Flip Short,2025-04-11 12:00,1744387200000,130.2,109,13292.55,10,871.77,6.5518,885.96,6.6584,184.42,1.386,27.48,2026-07-25T03:48:32.688Z
flip-only|GLTR|4h|1747238400000|1748880000000,flip-only,GLTR,AMEX:GLTR,4h,Swing 4H,LONG,Swing Low,2025-05-14 12:00,1747238400000,128.81,Flip Short,2025-06-02 12:00,1748880000000,136.76,109,14040.29,30,837.6,5.9597,864.5,6.1511,129.58,0.922,28.95,2026-07-25T00:21:14.894Z
flip-only|GLTR|4h|1761580800000|1761580800000,flip-only,GLTR,AMEX:GLTR,4h,Swing 4H,LONG,Swing Low,2025-10-27 12:00,1761580800000,169.66,Margin call,2025-10-27 12:00,1761580800000,169.66,1,169.66,0,-0.34,-0.1998,0,0,0.17,0.0999,0.34,2026-07-25T00:21:14.894Z
flip-only|GLTR|4h|1761580800000|1762966800000,flip-only,GLTR,AMEX:GLTR,4h,Swing 4H,LONG,Swing Low,2025-10-27 12:00,1761580800000,169.66,Flip Short,2025-11-12 12:00,1762966800000,182.8,87,14760.42,36,1112.52,7.5296,1128.42,7.6373,350.58,2.3728,30.66,2026-07-25T00:21:14.894Z
flip-only|GLTR|4h|1769806800000|1771880400000,flip-only,GLTR,AMEX:GLTR,4h,Swing 4H,LONG,Swing Low,2026-01-30 16:00,1769806800000,233.01,Flip Short,2026-02-23 16:00,1771880400000,249.98,68,15844.68,59,1121.12,7.0686,1139.48,7.1843,1920.52,12.1088,32.84,2026-07-25T03:48:32.688Z
flip-only|GLTR|4h|1773662400000|1775635200000,flip-only,GLTR,AMEX:GLTR,4h,Swing 4H,LONG,Swing Low,2026-03-16 08:00,1773662400000,232.28,Flip Short,2026-04-08 04:00,1775635200000,222.55,68,15795.04,59,-692.57,-4.3803,213.36,1.3495,2686.16,16.9893,30.93,2026-07-25T00:21:14.894Z
flip-only|GLTR|4h|1777377600000|1777377600000,flip-only,GLTR,AMEX:GLTR,4h,Swing 4H,LONG,Swing Low,2026-04-28 08:00,1777377600000,213.12,Margin call,2026-04-28 08:00,1777377600000,213.12,1,213.12,0,-0.43,-0.1998,0,0,0.21,0.0999,0.43,2026-07-25T00:21:14.894Z
flip-only|GLTR|4h|1777377600000|1778515200000,flip-only,GLTR,AMEX:GLTR,4h,Swing 4H,LONG,Swing Low,2026-04-28 08:00,1777377600000,213.12,Flip Short,2026-05-11 12:00,1778515200000,230.52,71,15131.52,33,1203.9,7.9483,1299.79,8.5814,272.15,1.7968,31.5,2026-07-25T00:21:14.894Z
flip-only|ICICIBANK|4h|1664350200000|1666668600000,flip-only,ICICIBANK,BSE:ICICIBANK,4h,Swing 4H,LONG,Swing Low,2022-09-28 03:30,1664350200000,857.7,Flip Short,2022-10-24 23:30,1666668600000,938.9,11,9434.7,34,873.44,9.2485,883.77,9.3578,234.38,2.4818,19.76,2026-07-25T00:24:13.447Z
flip-only|ICICIBANK|4h|1671521400000|1680247800000,flip-only,ICICIBANK,BSE:ICICIBANK,4h,Swing 4H,LONG,Swing Low,2022-12-20 02:30,1671521400000,900.95,Flip Short,2023-03-31 03:30,1680247800000,875.25,12,10811.4,140,-329.71,-3.0466,253.19,2.3395,1269.01,11.726,21.31,2026-07-25T00:24:13.447Z
flip-only|ICICIBANK|4h|1686886200000|1688542200000,flip-only,ICICIBANK,BSE:ICICIBANK,4h,Swing 4H,LONG,Swing Low,2023-06-15 23:30,1686886200000,928.35,Flip Short,2023-07-05 03:30,1688542200000,961.2,11,10211.85,25,340.56,3.3317,389.09,3.8064,157.06,1.5365,20.79,2026-07-25T00:24:13.447Z
flip-only|ICICIBANK|4h|1692343800000|1694503800000,flip-only,ICICIBANK,BSE:ICICIBANK,4h,Swing 4H,LONG,Swing Low,2023-08-18 03:30,1692343800000,953,Flip Short,2023-09-12 03:30,1694503800000,984.65,11,10483,34,326.84,3.1147,452.07,4.3081,81.43,0.776,21.31,2026-07-25T00:24:13.447Z
flip-only|ICICIBANK|4h|1695627000000|1701660600000,flip-only,ICICIBANK,BSE:ICICIBANK,4h,Swing 4H,LONG,Swing Low,2023-09-25 03:30,1695627000000,957.25,Flip Short,2023-12-03 22:30,1701660600000,960.15,11,10529.75,92,10.81,0.1025,41.72,0.3958,652.93,6.1946,21.09,2026-07-25T00:24:13.447Z
flip-only|ICICIBANK|4h|1704871800000|1705995000000,flip-only,ICICIBANK,BSE:ICICIBANK,4h,Swing 4H,LONG,Swing Low,2024-01-10 02:30,1704871800000,989,Flip Short,2024-01-23 02:30,1705995000000,1034.85,11,10879,18,482.09,4.4269,851.52,7.8194,219.33,2.0141,22.26,2026-07-25T00:24:13.447Z
flip-only|ICICIBANK|4h|1713497400000|1714102200000,flip-only,ICICIBANK,BSE:ICICIBANK,4h,Swing 4H,LONG,Swing Low,2024-04-18 23:30,1713497400000,1053.4,Flip Short,2024-04-25 23:30,1714102200000,1112.15,11,11587.4,10,622.43,5.3662,776.01,6.6903,67.14,0.5788,23.82,2026-07-25T00:24:13.447Z
flip-only|ICICIBANK|4h|1717486200000|1719214200000,flip-only,ICICIBANK,BSE:ICICIBANK,4h,Swing 4H,LONG,Swing Low,2024-06-04 03:30,1717486200000,1073.45,Flip Short,2024-06-24 03:30,1719214200000,1165.45,11,11807.95,26,987.37,8.3536,1112.94,9.4159,253.26,2.1427,24.63,2026-07-25T00:24:13.447Z
flip-only|ICICIBANK|4h|1722843000000|1725420600000,flip-only,ICICIBANK,BSE:ICICIBANK,4h,Swing 4H,LONG,Swing Low,2024-08-05 03:30,1722843000000,1170.2,Flip Short,2024-09-03 23:30,1725420600000,1236.05,11,12872.2,41,697.88,5.4162,873.73,6.7809,198.77,1.5427,26.47,2026-07-25T00:24:13.447Z
flip-only|ICICIBANK|4h|1735716600000|1742283000000,flip-only,ICICIBANK,BSE:ICICIBANK,4h,Swing 4H,LONG,Swing Low,2025-01-01 02:30,1735716600000,1286.5,Flip Short,2025-03-18 03:30,1742283000000,1293.4,10,12865,106,43.2,0.3355,169.13,1.3134,1007.87,7.8263,25.8,2026-07-25T00:24:13.447Z
flip-only|ICICIBANK|4h|1756193400000|1760931000000,flip-only,ICICIBANK,BSE:ICICIBANK,4h,Swing 4H,LONG,Swing Low,2025-08-26 03:30,1756193400000,1417.15,Flip Short,2025-10-19 23:30,1760931000000,1441.2,9,12754.35,73,190.72,1.4939,203.7,1.5955,680.1,5.327,25.73,2026-07-25T00:24:13.447Z
flip-only|ICICIBANK|4h|1762155000000|1764228600000,flip-only,ICICIBANK,BSE:ICICIBANK,4h,Swing 4H,LONG,Swing Low,2025-11-03 02:30,1762155000000,1346,Flip Short,2025-11-27 02:30,1764228600000,1390.3,10,13460,34,415.64,3.0849,461.54,3.4255,298.46,2.2152,27.36,2026-07-25T00:24:13.447Z
flip-only|ICICIBANK|4h|1765956600000|1767684600000,flip-only,ICICIBANK,BSE:ICICIBANK,4h,Swing 4H,LONG,Swing Low,2025-12-17 02:30,1765956600000,1350.45,Flip Short,2026-01-06 02:30,1767684600000,1410.65,10,13504.5,26,574.39,4.2491,617,4.5643,162,1.1984,27.61,2026-07-25T00:24:13.447Z
flip-only|ICICIBANK|4h|1769499000000|1776238200000,flip-only,ICICIBANK,BSE:ICICIBANK,4h,Swing 4H,LONG,Swing Low,2026-01-27 02:30,1769499000000,1352.3,Flip Short,2026-04-15 03:30,1776238200000,1346.8,11,14875.3,104,-90.19,-0.6057,889.32,5.9726,1827.13,12.2707,29.69,2026-07-25T00:24:13.447Z
flip-only|ICICIBANK|4h|1779262200000|1781076600000,flip-only,ICICIBANK,BSE:ICICIBANK,4h,Swing 4H,LONG,Swing Low,2026-05-20 03:30,1779262200000,1230.5,Flip Short,2026-06-10 03:30,1781076600000,1299.45,12,14766,28,797.04,5.3924,887.03,6.0013,213.97,1.4476,30.36,2026-07-25T00:24:13.447Z
flip-only|JNUG|4h|1725379200000|1726228800000,flip-only,JNUG,AMEX:JNUG,4h,Swing 4H,LONG,Swing Low,2024-09-03 12:00,1725379200000,38.63,Flip Short,2024-09-13 08:00,1726228800000,46.21,258,9966.54,31,1933.75,19.383,2020.49,20.2525,569.83,5.7117,21.89,2026-07-25T00:21:21.698Z
flip-only|JNUG|4h|1728316800000|1729080000000,flip-only,JNUG,AMEX:JNUG,4h,Swing 4H,LONG,Swing Low,2024-10-07 12:00,1728316800000,45.23,Flip Short,2024-10-16 08:00,1729080000000,51.16,263,11895.49,26,1534.24,12.8848,1587.14,13.3291,551.05,4.6278,25.35,2026-07-25T00:21:21.698Z
flip-only|JNUG|4h|1730739600000|1733763600000,flip-only,JNUG,AMEX:JNUG,4h,Swing 4H,LONG,Swing Low,2024-11-04 12:00,1730739600000,50.29,Flip Short,2024-12-09 12:00,1733763600000,48.3,251,12622.79,92,-524.24,-4.1489,429.14,3.3963,3147.61,24.911,24.75,2026-07-25T03:48:36.532Z
flip-only|JNUG|4h|1734368400000|1736514000000,flip-only,JNUG,AMEX:JNUG,4h,Swing 4H,LONG,Swing Low,2024-12-16 12:00,1734368400000,41.9,Flip Short,2025-01-10 08:00,1736514000000,41.9,320,13408,62,-26.82,-0.1998,98.59,0.7346,2279.01,16.9804,26.82,2026-07-25T00:21:21.698Z
flip-only|JNUG|4h|1740416400000|1741809600000,flip-only,JNUG,AMEX:JNUG,4h,Swing 4H,LONG,Swing Low,2025-02-24 12:00,1740416400000,49.25,Flip Short,2025-03-12 16:00,1741809600000,53.43,272,13396,47,1109.03,8.2706,1123.56,8.3789,1645.4,12.2705,27.93,2026-07-25T00:21:21.698Z
flip-only|JNUG|4h|1743681600000|1744372800000,flip-only,JNUG,AMEX:JNUG,4h,Swing 4H,LONG,Swing Low,2025-04-03 08:00,1743681600000,56.54,Flip Short,2025-04-11 08:00,1744372800000,66.13,257,14530.78,24,2433.1,16.7278,2532.34,17.41,2928.91,20.1365,31.53,2026-07-25T00:21:21.698Z
flip-only|JNUG|4h|1746100800000|1748030400000,flip-only,JNUG,AMEX:JNUG,4h,Swing 4H,LONG,Swing Low,2025-05-01 08:00,1746100800000,63.7,Flip Short,2025-05-23 16:00,1748030400000,73.76,265,16880.5,66,2629.47,15.5614,3255.87,19.2685,1641.33,9.7135,36.43,2026-07-25T00:21:21.698Z
flip-only|JNUG|4h|1750420800000|1752494400000,flip-only,JNUG,AMEX:JNUG,4h,Swing 4H,LONG,Swing Low,2025-06-20 08:00,1750420800000,81.39,Flip Short,2025-07-14 08:00,1752494400000,83.01,214,17417.46,60,311.5,1.7866,402.02,2.3059,1759.38,10.0911,35.18,2026-07-25T03:48:36.532Z
flip-only|JNUG|4h|1752768000000|1753200000000,flip-only,JNUG,AMEX:JNUG,4h,Swing 4H,LONG,Swing Low,2025-07-17 12:00,1752768000000,75.44,Flip Short,2025-07-22 12:00,1753200000000,84.62,259,19538.96,12,2336.16,11.9445,2383.98,12.189,22.13,0.1131,41.46,2026-07-25T00:21:21.698Z
flip-only|JNUG|4h|1753718400000|1754510400000,flip-only,JNUG,AMEX:JNUG,4h,Swing 4H,LONG,Swing Low,2025-07-28 12:00,1753718400000,74.72,Flip Short,2025-08-06 16:00,1754510400000,86.46,293,21892.96,28,3392.59,15.4808,3491.18,15.9306,1662.69,7.5871,47.23,2026-07-25T00:21:21.698Z
flip-only|JNUG|4h|1761062400000|1761062400000,flip-only,JNUG,AMEX:JNUG,4h,Swing 4H,LONG,Swing Low,2025-10-21 12:00,1761062400000,145.59,Margin call,2025-10-21 12:00,1761062400000,145.59,1,145.59,0,-0.29,-0.1998,0,0,0.15,0.0999,0.29,2026-07-25T00:21:21.698Z
flip-only|JNUG|4h|1761062400000|1762866000000,flip-only,JNUG,AMEX:JNUG,4h,Swing 4H,LONG,Swing Low,2025-10-21 12:00,1761062400000,145.59,Flip Short,2025-11-11 08:00,1762866000000,152.99,173,25187.07,59,1228.55,4.8728,1362.27,5.4032,4149.51,16.4583,51.65,2026-07-25T00:21:21.698Z
flip-only|JNUG|4h|1769806800000|1771851600000,flip-only,JNUG,AMEX:JNUG,4h,Swing 4H,LONG,Swing Low,2026-01-30 16:00,1769806800000,235.03,Flip Short,2026-02-23 08:00,1771851600000,305.81,112,26323.36,58,7866.79,29.8553,7982.8,30.2956,4061.68,15.4145,60.57,2026-07-25T00:21:21.698Z
flip-only|JNUG|4h|1772816400000|1775635200000,flip-only,JNUG,AMEX:JNUG,4h,Swing 4H,LONG,Swing Low,2026-03-06 12:00,1772816400000,269.71,Flip Short,2026-04-08 04:00,1775635200000,232.72,127,34253.17,86,-4761.54,-13.8871,2914.69,8.5007,17327.84,50.537,63.81,2026-07-25T00:21:21.698Z
flip-only|JNUG|4h|1777377600000|1777377600000,flip-only,JNUG,AMEX:JNUG,4h,Swing 4H,LONG,Swing Low,2026-04-28 08:00,1777377600000,188.95,Margin call,2026-04-28 08:00,1777377600000,188.95,1,188.95,0,-0.38,-0.1998,0,0,0.19,0.0999,0.38,2026-07-25T00:21:21.698Z
flip-only|JNUG|4h|1777377600000|1778515200000,flip-only,JNUG,AMEX:JNUG,4h,Swing 4H,LONG,Swing Low,2026-04-28 08:00,1777377600000,188.95,Flip Short,2026-05-11 12:00,1778515200000,224.2,156,29476.2,37,5434.55,18.4187,6450.76,21.8628,2658.08,9.0087,64.45,2026-07-25T00:21:21.698Z
flip-only|KARURVYSYA|4h|1676619000000|1684308600000,flip-only,KARURVYSYA,BSE:KARURVYSYA,4h,Swing 4H,LONG,Swing Low,2023-02-17 02:30,1676619000000,84.65,Flip Short,2023-05-17 03:30,1684308600000,86.9,117,9904.05,114,243.18,2.4529,586.8,5.9189,864,8.715,20.07,2026-07-25T00:24:08.572Z
flip-only|KARURVYSYA|4h|1691998200000|1693899000000,flip-only,KARURVYSYA,BSE:KARURVYSYA,4h,Swing 4H,LONG,Swing Low,2023-08-14 03:30,1691998200000,101.7,Flip Short,2023-09-05 03:30,1693899000000,107.6,100,10170,30,569.07,5.59,769.83,7.5621,555.17,5.4534,20.93,2026-07-25T00:24:08.572Z
flip-only|KARURVYSYA|4h|1710315000000|1712043000000,flip-only,KARURVYSYA,BSE:KARURVYSYA,4h,Swing 4H,LONG,Swing Low,2024-03-13 03:30,1710315000000,142,Flip Short,2024-04-02 03:30,1712043000000,154.15,76,10792,24,900.89,8.3394,1171.01,10.8399,295.79,2.7381,22.51,2026-07-25T00:24:08.572Z
flip-only|KARURVYSYA|4h|1715657400000|1718004600000,flip-only,KARURVYSYA,BSE:KARURVYSYA,4h,Swing 4H,LONG,Swing Low,2024-05-13 23:30,1715657400000,157.8,Flip Short,2024-06-10 03:30,1718004600000,178.25,74,11677.2,38,1488.43,12.7337,1568.22,13.4164,1506.48,12.8881,24.87,2026-07-25T00:24:08.572Z
flip-only|KARURVYSYA|4h|1725435000000|1729481400000,flip-only,KARURVYSYA,BSE:KARURVYSYA,4h,Swing 4H,LONG,Swing Low,2024-09-04 03:30,1725435000000,182.5,Flip Short,2024-10-20 23:30,1729481400000,186.6,72,13140,63,268.62,2.0423,375.66,2.856,1561.14,11.869,26.58,2026-07-25T00:24:08.572Z
flip-only|KARURVYSYA|4h|1735615800000|1737689400000,flip-only,KARURVYSYA,BSE:KARURVYSYA,4h,Swing 4H,LONG,Swing Low,2024-12-30 22:30,1735615800000,175.95,Flip Short,2025-01-23 22:30,1737689400000,194.35,75,13196.25,36,1352.23,10.2368,1445.55,10.9433,433.2,3.2794,27.77,2026-07-25T00:24:08.572Z
flip-only|KARURVYSYA|4h|1740367800000|1743579000000,flip-only,KARURVYSYA,BSE:KARURVYSYA,4h,Swing 4H,LONG,Swing Low,2025-02-23 22:30,1740367800000,177.5,Flip Short,2025-04-02 03:30,1743579000000,177.85,83,14732.5,49,-0.44,-0.003,242.57,1.6448,1994.28,13.5231,29.49,2026-07-25T00:24:08.572Z
flip-only|KARURVYSYA|4h|1756107000000|1759735800000,flip-only,KARURVYSYA,BSE:KARURVYSYA,4h,Swing 4H,LONG,Swing Low,2025-08-25 03:30,1756107000000,184.95,Flip Short,2025-10-06 03:30,1759735800000,219,80,14796,56,2691.68,18.1738,3509.2,23.6936,198.8,1.3422,32.32,2026-07-25T00:24:08.572Z
flip-only|KARURVYSYA|4h|1765251000000|1766734200000,flip-only,KARURVYSYA,BSE:KARURVYSYA,4h,Swing 4H,LONG,Swing Low,2025-12-08 22:30,1765251000000,240,Flip Short,2025-12-26 02:30,1766734200000,267.3,72,17280,25,1929.07,11.1525,1998.72,11.5551,244.08,1.4111,36.53,2026-07-25T00:24:08.572Z
flip-only|KARURVYSYA|4h|1773387000000|1777361400000,flip-only,KARURVYSYA,BSE:KARURVYSYA,4h,Swing 4H,LONG,Swing Low,2026-03-13 03:30,1773387000000,284.7,Flip Short,2026-04-28 03:30,1777361400000,295.2,68,19359.6,56,674.57,3.4809,1146.84,5.918,2004.96,10.3461,39.43,2026-07-25T00:24:08.572Z
flip-only|KARURVYSYA|4h|1781076600000|1781767800000,flip-only,KARURVYSYA,BSE:KARURVYSYA,4h,Swing 4H,LONG,Swing Low,2026-06-10 03:30,1781076600000,276,Flip Short,2026-06-18 03:30,1781767800000,297.3,72,19872,12,1492.32,7.5022,1794.53,9.0214,527.47,2.6517,41.28,2026-07-25T00:24:08.572Z
flip-only|MEXX|4h|1705424400000|1706878800000,flip-only,MEXX,AMEX:MEXX,4h,Swing 4H,LONG,Swing Low,2024-01-16 12:00,1705424400000,30.1,Flip Short,2024-02-02 08:00,1706878800000,34.02,316,9511.6,30,1218.46,12.7974,1380.89,14.5034,733.15,7.7003,20.26,2026-07-25T03:48:38.862Z
flip-only|MEXX|4h|1709125200000|1711540800000,flip-only,MEXX,AMEX:MEXX,4h,Swing 4H,LONG,Swing Low,2024-02-28 08:00,1709125200000,31.01,Flip Short,2024-03-27 08:00,1711540800000,34.21,319,9892.19,42,999.99,10.0988,1010.91,10.209,689.36,6.9618,20.81,2026-07-25T00:21:27.081Z
flip-only|MEXX|4h|1713254400000|1715788800000,flip-only,MEXX,AMEX:MEXX,4h,Swing 4H,LONG,Swing Low,2024-04-16 04:00,1713254400000,30.8,Flip Short,2024-05-15 12:00,1715788800000,34.08,397,12227.6,45,1276.4,10.4283,1289.93,10.5388,1238.96,10.1223,25.76,2026-07-25T03:48:38.862Z
flip-only|MEXX|4h|1716998400000|1720180800000,flip-only,MEXX,AMEX:MEXX,4h,Swing 4H,LONG,Swing Low,2024-05-29 12:00,1716998400000,27.6,Flip Short,2024-07-05 08:00,1720180800000,18.37,472,13027.2,76,-4378.26,-33.575,407.05,3.1215,5488.23,42.0869,21.7,2026-07-25T03:48:38.862Z
flip-only|MEXX|4h|1721894400000|1723824000000,flip-only,MEXX,AMEX:MEXX,4h,Swing 4H,LONG,Swing Low,2024-07-25 04:00,1721894400000,17.4,Flip Short,2024-08-16 12:00,1723824000000,17.3,629,10944.6,52,-84.73,-0.7734,146.31,1.3354,3332.06,30.4144,21.83,2026-07-25T00:21:27.081Z
flip-only|MEXX|4h|1724788800000|1726603200000,flip-only,MEXX,AMEX:MEXX,4h,Swing 4H,LONG,Swing Low,2024-08-27 16:00,1724788800000,13.08,Flip Short,2024-09-17 16:00,1726603200000,14.71,825,10791,46,1321.82,12.2371,1449.46,13.4187,1132.79,10.4871,22.93,2026-07-25T00:21:27.081Z
flip-only|MEXX|4h|1729094400000|1733418000000,flip-only,MEXX,AMEX:MEXX,4h,Swing 4H,LONG,Swing Low,2024-10-16 12:00,1729094400000,13.3,Flip Short,2024-12-05 12:00,1733418000000,11.7,918,12209.4,110,-1491.75,-12.2058,547.77,4.482,3307.83,27.0654,22.95,2026-07-25T00:21:27.081Z
flip-only|MEXX|4h|1734973200000|1734973200000,flip-only,MEXX,AMEX:MEXX,4h,Swing 4H,LONG,Swing Low,2024-12-23 12:00,1734973200000,9.88,Margin call,2024-12-23 12:00,1734973200000,9.88,1,9.88,0,-0.02,-0.1998,0,0,0.01,0.0999,0.02,2026-07-25T00:21:27.081Z
flip-only|MEXX|4h|1734973200000|1737637200000,flip-only,MEXX,AMEX:MEXX,4h,Swing 4H,LONG,Swing Low,2024-12-23 12:00,1734973200000,9.88,Flip Short,2025-01-23 08:00,1737637200000,10.46,1086,10729.68,56,607.79,5.6589,792.91,7.3825,1140.17,10.6157,22.09,2026-07-25T00:21:27.081Z
flip-only|MEXX|4h|1741093200000|1743696000000,flip-only,MEXX,AMEX:MEXX,4h,Swing 4H,LONG,Swing Low,2025-03-04 08:00,1741093200000,10.26,Flip Short,2025-04-03 12:00,1743696000000,13.47,1080,11080.8,57,3441.17,31.0242,3812.12,34.3686,939.88,8.4736,25.63,2026-07-25T00:21:27.081Z
flip-only|MEXX|4h|1743796800000|1745409600000,flip-only,MEXX,AMEX:MEXX,4h,Swing 4H,LONG,Swing Low,2025-04-04 16:00,1743796800000,9.99,Flip Short,2025-04-23 08:00,1745409600000,13.87,1469,14675.31,41,5664.67,38.5614,6022.91,41.0001,2306.32,15.6999,35.05,2026-07-25T00:21:27.081Z
flip-only|MEXX|4h|1750262400000|1751472000000,flip-only,MEXX,AMEX:MEXX,4h,Swing 4H,LONG,Swing Low,2025-06-18 12:00,1750262400000,16.38,Flip Short,2025-07-02 12:00,1751472000000,18.22,1246,20409.48,29,2249.53,11.011,2459.13,12.0369,1814.65,8.8823,43.11,2026-07-25T00:21:27.081Z
flip-only|MEXX|4h|1753113600000|1754596800000,flip-only,MEXX,AMEX:MEXX,4h,Swing 4H,LONG,Swing Low,2025-07-21 12:00,1753113600000,16.4,Flip Short,2025-08-07 16:00,1754596800000,17.71,1374,22533.6,33,1753.07,7.772,2272.05,10.0729,915.63,4.0594,46.87,2026-07-25T00:21:27.081Z
flip-only|MEXX|4h|1760112000000|1761825600000,flip-only,MEXX,AMEX:MEXX,4h,Swing 4H,LONG,Swing Low,2025-10-10 12:00,1760112000000,20.07,Flip Short,2025-10-30 08:00,1761825600000,22.6,933,18725.31,39,2320.68,12.3809,2677.64,14.2853,914.41,4.8784,39.81,2026-07-25T03:48:38.862Z
flip-only|MEXX|4h|1772557200000|1775059200000,flip-only,MEXX,AMEX:MEXX,4h,Swing 4H,LONG,Swing Low,2026-03-03 12:00,1772557200000,30.51,Flip Short,2026-04-01 12:00,1775059200000,29.96,689,21021.39,65,-420.61,-1.9989,2190.67,10.4107,4968.04,23.6097,41.66,2026-07-25T03:48:38.862Z
flip-only|MEXX|4h|1777564800000|1778256000000,flip-only,MEXX,AMEX:MEXX,4h,Swing 4H,LONG,Swing Low,2026-04-30 12:00,1777564800000,29.34,Flip Short,2026-05-08 12:00,1778256000000,34.2,830,24352.2,15,3981.06,16.3315,4673.45,19.1719,240.15,0.9852,52.74,2026-07-25T00:21:27.081Z
flip-only|MIDU|4h|1716998400000|1720713600000,flip-only,MIDU,AMEX:MIDU,4h,Swing 4H,LONG,Swing Low,2024-05-29 12:00,1716998400000,48.11,Flip Short,2024-07-11 12:00,1720713600000,50.54,207,9958.77,91,482.59,4.841,1002.27,10.0542,498.48,5.0004,20.42,2026-07-25T00:21:32.905Z
flip-only|MIDU|4h|1722614400000|1724414400000,flip-only,MIDU,AMEX:MIDU,4h,Swing 4H,LONG,Swing Low,2024-08-02 12:00,1722614400000,46.96,Flip Short,2024-08-23 08:00,1724414400000,52.06,222,10425.12,50,1110.22,10.6388,1448.11,13.8768,1544.45,14.7999,21.98,2026-07-25T00:21:32.905Z
flip-only|MIDU|4h|1725552000000|1726747200000,flip-only,MIDU,AMEX:MIDU,4h,Swing 4H,LONG,Swing Low,2024-09-05 12:00,1725552000000,48,Flip Short,2024-09-19 08:00,1726747200000,56.22,240,11520,34,1947.79,16.891,2299.68,19.9426,923.52,8.0087,25.01,2026-07-25T00:21:32.905Z
flip-only|MIDU|4h|1730390400000|1730898000000,flip-only,MIDU,AMEX:MIDU,4h,Swing 4H,LONG,Swing Low,2024-10-31 12:00,1730390400000,54.32,Flip Short,2024-11-06 08:00,1730898000000,64.11,235,12765.2,12,2272.82,17.787,2424.18,18.9716,346.47,2.7114,27.83,2026-07-25T03:48:41.101Z
flip-only|MIDU|4h|1734109200000|1736960400000,flip-only,MIDU,AMEX:MIDU,4h,Swing 4H,LONG,Swing Low,2024-12-13 12:00,1734109200000,61.84,Flip Short,2025-01-15 12:00,1736960400000,56.6,218,13481.12,69,-1168.14,-8.6563,189.26,1.4025,2627.3,19.4693,25.82,2026-07-25T00:21:32.905Z
flip-only|MIDU|4h|1739379600000|1745956800000,flip-only,MIDU,AMEX:MIDU,4h,Swing 4H,LONG,Swing Low,2025-02-12 12:00,1739379600000,54.46,Flip Short,2025-04-29 16:00,1745956800000,36.2,251,13669.46,197,-4606.02,-33.662,706.7,5.1648,7413.15,54.1773,22.76,2026-07-25T03:48:41.101Z
flip-only|MIDU|4h|1754064000000|1755878400000,flip-only,MIDU,AMEX:MIDU,4h,Swing 4H,LONG,Swing Low,2025-08-01 12:00,1754064000000,44.87,Flip Short,2025-08-22 12:00,1755878400000,51,206,9243.22,49,1243.03,13.4346,1335.94,14.4387,194.64,2.1037,19.75,2026-07-25T03:48:41.101Z
flip-only|MIDU|4h|1758801600000|1761321600000,flip-only,MIDU,AMEX:MIDU,4h,Swing 4H,LONG,Swing Low,2025-09-25 08:00,1758801600000,49.45,Flip Short,2025-10-24 12:00,1761321600000,52.2,248,12263.6,71,656.79,5.3503,830.94,6.7689,1249.78,10.1808,25.21,2026-07-25T00:21:32.905Z
flip-only|MIDU|4h|1762506000000|1764176400000,flip-only,MIDU,AMEX:MIDU,4h,Swing 4H,LONG,Swing Low,2025-11-07 04:00,1762506000000,47.3,Flip Short,2025-11-26 12:00,1764176400000,51.3,275,13007.5,43,1072.88,8.24,1086.99,8.3483,1324.76,10.1744,27.12,2026-07-25T00:21:32.905Z
flip-only|MIDU|4h|1769806800000|1770397200000,flip-only,MIDU,AMEX:MIDU,4h,Swing 4H,LONG,Swing Low,2026-01-30 16:00,1769806800000,56.16,Flip Short,2026-02-06 12:00,1770397200000,63.51,250,14040,16,1807.58,12.8617,1823.46,12.9746,284.04,2.0211,29.92,2026-07-25T00:21:32.905Z
flip-only|MIDU|4h|1772557200000|1775592000000,flip-only,MIDU,AMEX:MIDU,4h,Swing 4H,LONG,Swing Low,2026-03-03 12:00,1772557200000,59.82,Flip Short,2026-04-07 16:00,1775592000000,55.43,264,15792.48,89,-1189.39,-7.5238,625.73,3.9582,3255.07,20.5909,30.43,2026-07-25T00:21:32.905Z
flip-only|MIDU|4h|1779206400000|1780416000000,flip-only,MIDU,AMEX:MIDU,4h,Swing 4H,LONG,Swing Low,2026-05-19 12:00,1779206400000,60.7,Flip Short,2026-06-02 12:00,1780416000000,69.37,204,12382.8,30,1742.15,14.055,1813.42,14.63,142.94,1.1532,26.53,2026-07-25T03:48:41.101Z
flip-only|MU|4h|1724918400000|1727092800000,flip-only,MU,NASDAQ:MU,4h,Swing 4H,LONG,Swing Low,2024-08-29 04:00,1724918400000,92.3,Flip Short,2024-09-23 08:00,1727092800000,92.21,104,9599.2,65,-28.55,-0.2971,625.84,6.5132,859.28,8.9426,19.19,2026-07-25T03:49:03.733Z
flip-only|MU|4h|1730376000000|1730926800000,flip-only,MU,NASDAQ:MU,4h,Swing 4H,LONG,Swing Low,2024-10-31 08:00,1730376000000,102.31,Flip Short,2024-11-06 16:00,1730926800000,111.67,97,9924.07,18,887.16,8.9306,961.05,9.6743,323.23,3.2538,20.76,2026-07-25T00:23:43.829Z
flip-only|MU|4h|1731618000000|1734354000000,flip-only,MU,NASDAQ:MU,4h,Swing 4H,LONG,Swing Low,2024-11-14 16:00,1731618000000,99.14,Flip Short,2024-12-16 08:00,1734354000000,106.24,109,10806.26,82,751.51,6.9475,788.16,7.2863,405.39,3.7477,22.39,2026-07-25T00:23:43.829Z
flip-only|MU|4h|1734598800000|1737464400000,flip-only,MU,NASDAQ:MU,4h,Swing 4H,LONG,Swing Low,2024-12-19 04:00,1734598800000,89.01,Flip Short,2025-01-21 08:00,1737464400000,106.15,125,11126.25,77,2118.11,19.018,2227.62,20.0013,693.63,6.2279,24.4,2026-07-25T03:49:03.733Z
flip-only|MU|4h|1737982800000|1739538000000,flip-only,MU,NASDAQ:MU,4h,Swing 4H,LONG,Swing Low,2025-01-27 08:00,1737982800000,95.9,Flip Short,2025-02-14 08:00,1739538000000,96.85,121,11603.9,56,91.63,0.7888,188.05,1.6189,1070.35,9.2149,23.32,2026-07-25T00:23:43.829Z
flip-only|MU|4h|1741093200000|1741968000000,flip-only,MU,NASDAQ:MU,4h,Swing 4H,LONG,Swing Low,2025-03-04 08:00,1741093200000,89.16,Flip Short,2025-03-14 12:00,1741968000000,100.73,131,11679.96,33,1490.79,12.7509,1772.54,15.1607,457.08,3.9095,24.88,2026-07-25T00:23:43.829Z
flip-only|MU|4h|1743177600000|1745611200000,flip-only,MU,NASDAQ:MU,4h,Swing 4H,LONG,Swing Low,2025-03-28 12:00,1743177600000,88,Flip Short,2025-04-25 16:00,1745611200000,79.79,150,13200,77,-1256.67,-9.5107,286.8,2.1706,4361.7,33.0102,25.17,2026-07-25T00:23:43.829Z
flip-only|MU|4h|1752508800000|1754668800000,flip-only,MU,NASDAQ:MU,4h,Swing 4H,LONG,Swing Low,2025-07-14 12:00,1752508800000,119.43,Flip Short,2025-08-08 12:00,1754668800000,118.48,100,11943,76,-118.79,-0.9937,184.06,1.5396,1616.94,13.5253,23.79,2026-07-25T00:23:43.829Z
flip-only|MU|4h|1763658000000|1765198800000,flip-only,MU,NASDAQ:MU,4h,Swing 4H,LONG,Swing Low,2025-11-20 12:00,1763658000000,207.38,Flip Short,2025-12-08 08:00,1765198800000,243.65,57,11820.66,43,2041.68,17.2549,2155.32,18.2153,854.28,7.2198,25.71,2026-07-25T00:23:43.829Z
flip-only|MU|4h|1766005200000|1766163600000,flip-only,MU,NASDAQ:MU,4h,Swing 4H,LONG,Swing Low,2025-12-17 16:00,1766005200000,225.53,Flip Short,2025-12-19 12:00,1766163600000,262.25,61,13757.33,7,2210.17,16.0493,2601.31,18.8897,13.76,0.0999,29.75,2026-07-25T00:23:43.829Z
flip-only|MU|4h|1772542800000|1773662400000,flip-only,MU,NASDAQ:MU,4h,Swing 4H,LONG,Swing Low,2026-03-03 08:00,1772542800000,393.4,Flip Short,2026-03-16 08:00,1773662400000,444.88,40,15736,36,2025.67,12.86,2119.46,13.4554,1561.74,9.9147,33.53,2026-07-25T00:23:43.829Z
flip-only|MU|4h|1774526400000|1775836800000,flip-only,MU,NASDAQ:MU,4h,Swing 4H,LONG,Swing Low,2026-03-26 08:00,1774526400000,371.1,Flip Short,2026-04-10 12:00,1775836800000,415.22,48,17812.8,41,2080.02,11.6654,2575.63,14.445,2879.57,16.1496,37.74,2026-07-25T00:23:43.829Z
flip-only|PILL|4h|1716580800000|1720713600000,flip-only,PILL,AMEX:PILL,4h,Swing 4H,LONG,Swing Low,2024-05-24 16:00,1716580800000,6.52,Flip Short,2024-07-11 12:00,1720713600000,6.88,1469,9577.88,93,509.16,5.3106,622.09,6.4886,1111.33,11.5915,19.68,2026-07-25T03:48:43.243Z
flip-only|PILL|4h|1722859200000|1724428800000,flip-only,PILL,AMEX:PILL,4h,Swing 4H,LONG,Swing Low,2024-08-05 08:00,1722859200000,6.7,Flip Short,2024-08-23 12:00,1724428800000,8.06,1458,9768.6,41,1961.36,20.0582,2104.33,21.5203,695.03,7.1078,21.52,2026-07-25T00:21:38.597Z
flip-only|PILL|4h|1728576000000|1728921600000,flip-only,PILL,AMEX:PILL,4h,Swing 4H,LONG,Swing Low,2024-10-10 12:00,1728576000000,7.81,Flip Short,2024-10-14 12:00,1728921600000,8.81,1524,11902.44,6,1498.67,12.5787,1542.58,12.9472,210.02,1.7628,25.33,2026-07-25T03:48:43.243Z
flip-only|PILL|4h|1731704400000|1737133200000,flip-only,PILL,AMEX:PILL,4h,Swing 4H,LONG,Swing Low,2024-11-15 16:00,1731704400000,8.45,Flip Short,2025-01-17 12:00,1737133200000,7.49,1600,13520,147,-1561.5,-11.538,1378.48,10.1857,3853.52,28.4739,25.5,2026-07-25T03:48:43.243Z
flip-only|PILL|4h|1740416400000|1746014400000,flip-only,PILL,AMEX:PILL,4h,Swing 4H,LONG,Swing Low,2025-02-24 12:00,1740416400000,7.78,Flip Short,2025-04-30 08:00,1746014400000,5.52,1549,12051.22,154,-3521.34,-29.1906,313.24,2.5966,6409.42,53.1317,20.6,2026-07-25T03:48:43.243Z
flip-only|PILL|4h|1747238400000|1747656000000,flip-only,PILL,AMEX:PILL,4h,Swing 4H,LONG,Swing Low,2025-05-14 12:00,1747238400000,4.7,Flip Short,2025-05-19 08:00,1747656000000,5.15,1801,8464.7,10,792.71,9.3555,2062.69,24.3437,62.49,0.7376,17.74,2026-07-25T03:48:43.243Z
flip-only|PILL|4h|1748016000000|1749657600000,flip-only,PILL,AMEX:PILL,4h,Swing 4H,LONG,Swing Low,2025-05-23 12:00,1748016000000,4.87,Flip Short,2025-06-11 12:00,1749657600000,5.98,2448,11921.76,44,2690.72,22.5473,3219.44,26.9777,36.4,0.305,26.56,2026-07-25T00:21:38.597Z
flip-only|PILL|4h|1750708800000|1752163200000,flip-only,PILL,AMEX:PILL,4h,Swing 4H,LONG,Swing Low,2025-06-23 16:00,1750708800000,5.37,Flip Short,2025-07-10 12:00,1752163200000,5.92,2095,11250.15,40,1128.6,10.0218,1287.65,11.4342,618.8,5.4949,23.65,2026-07-25T03:48:43.243Z
flip-only|PILL|4h|1753948800000|1755000000000,flip-only,PILL,AMEX:PILL,4h,Swing 4H,LONG,Swing Low,2025-07-31 04:00,1753948800000,5.71,Flip Short,2025-08-12 08:00,1755000000000,6.36,2162,12345.02,33,1379.2,11.161,1392.95,11.2723,1309.55,10.5973,26.1,2026-07-25T03:48:43.243Z
flip-only|PILL|4h|1757952000000|1757952000000,flip-only,PILL,AMEX:PILL,4h,Swing 4H,LONG,Swing Low,2025-09-15 12:00,1757952000000,7.2,Margin call,2025-09-15 12:00,1757952000000,7.2,8,57.6,0,-0.12,-0.1998,0,0,0.06,0.0999,0.12,2026-07-25T00:21:38.597Z
flip-only|PILL|4h|1757952000000|1759248000000,flip-only,PILL,AMEX:PILL,4h,Swing 4H,LONG,Swing Low,2025-09-15 12:00,1757952000000,7.2,Flip Short,2025-09-30 12:00,1759248000000,7.98,2027,14594.4,38,1550.29,10.6119,1586.74,10.8614,298.37,2.0424,30.77,2026-07-25T00:21:38.597Z
flip-only|PILL|4h|1762534800000|1762880400000,flip-only,PILL,AMEX:PILL,4h,Swing 4H,LONG,Swing Low,2025-11-07 12:00,1762534800000,7.79,Flip Short,2025-11-11 12:00,1762880400000,9.09,1913,14902.27,7,2454.61,16.4549,2586.78,17.3409,53.16,0.3564,32.29,2026-07-25T03:48:43.243Z
flip-only|PILL|4h|1767373200000|1769101200000,flip-only,PILL,AMEX:PILL,4h,Swing 4H,LONG,Swing Low,2026-01-02 12:00,1767373200000,11.55,Flip Short,2026-01-22 12:00,1769101200000,13.18,1401,16181.55,46,2248.98,13.8846,2561.66,15.8149,632.62,3.9056,34.65,2026-07-25T00:21:38.597Z
flip-only|PILL|4h|1769792400000|1772038800000,flip-only,PILL,AMEX:PILL,4h,Swing 4H,LONG,Swing Low,2026-01-30 12:00,1769792400000,11.49,Flip Short,2026-02-25 12:00,1772038800000,13.41,1703,19567.47,53,3227.36,16.477,3692.97,18.8542,19.57,0.0999,42.4,2026-07-25T03:48:43.243Z
flip-only|PILL|4h|1772557200000|1775635200000,flip-only,PILL,AMEX:PILL,4h,Swing 4H,LONG,Swing Low,2026-03-03 12:00,1772557200000,11.52,Flip Short,2026-04-08 04:00,1775635200000,11.49,1595,18374.4,79,-84.55,-0.4597,1225.73,6.6642,4372.72,23.7741,36.7,2026-07-25T00:21:38.597Z
flip-only|PILL|4h|1779120000000|1779120000000,flip-only,PILL,AMEX:PILL,4h,Swing 4H,LONG,Swing Low,2026-05-18 12:00,1779120000000,11.1,Margin call,2026-05-18 12:00,1779120000000,11.1,1,11.1,0,-0.02,-0.1998,0,0,0.01,0.0999,0.02,2026-07-25T00:21:38.597Z
flip-only|PILL|4h|1779120000000|1781107200000,flip-only,PILL,AMEX:PILL,4h,Swing 4H,LONG,Swing Low,2026-05-18 12:00,1779120000000,11.1,Flip Short,2026-06-10 12:00,1781107200000,12.53,1653,18348.3,52,2324.73,12.6573,3122.35,17.0001,679.55,3.6999,39.06,2026-07-25T00:21:38.597Z
flip-only|QTUM|4h|1721822400000|1724342400000,flip-only,QTUM,NASDAQ:QTUM,4h,Swing 4H,LONG,Swing Low,2024-07-24 08:00,1721822400000,62.85,Flip Short,2024-08-22 12:00,1724342400000,61.65,154,9678.9,59,-203.97,-2.1053,13.42,0.1385,1518.88,15.677,19.17,2026-07-25T03:48:45.561Z
flip-only|QTUM|4h|1725638400000|1727280000000,flip-only,QTUM,NASDAQ:QTUM,4h,Swing 4H,LONG,Swing Low,2024-09-06 12:00,1725638400000,57.4,Flip Short,2024-09-25 12:00,1727280000000,61.71,173,9930.2,33,725.02,7.2939,957.14,9.629,23.77,0.2391,20.61,2026-07-25T00:21:45.533Z
flip-only|QTUM|4h|1730491200000|1730998800000,flip-only,QTUM,NASDAQ:QTUM,4h,Swing 4H,LONG,Swing Low,2024-11-01 16:00,1730491200000,62.06,Flip Short,2024-11-07 12:00,1730998800000,65.99,172,10674.32,13,653.94,6.1201,679.05,6.3551,51.95,0.4862,22.02,2026-07-25T00:21:45.533Z
flip-only|QTUM|4h|1734699600000|1739552400000,flip-only,QTUM,NASDAQ:QTUM,4h,Swing 4H,LONG,Swing Low,2024-12-20 08:00,1734699600000,74.47,Flip Short,2025-02-14 12:00,1739552400000,84.25,152,11319.44,145,1462.43,12.9068,2042.2,18.0235,37.16,0.328,24.13,2026-07-25T00:21:45.533Z
flip-only|QTUM|4h|1740488400000|1742299200000,flip-only,QTUM,NASDAQ:QTUM,4h,Swing 4H,LONG,Swing Low,2025-02-25 08:00,1740488400000,81.95,Flip Short,2025-03-18 08:00,1742299200000,80,156,12784.2,60,-329.46,-2.5745,91.74,0.7169,1285.74,10.0472,25.26,2026-07-25T00:21:45.533Z
flip-only|QTUM|4h|1743192000000|1745424000000,flip-only,QTUM,NASDAQ:QTUM,4h,Swing 4H,LONG,Swing Low,2025-03-28 16:00,1743192000000,75.18,Flip Short,2025-04-23 12:00,1745424000000,72.22,166,12479.88,67,-515.83,-4.1292,289.64,2.3185,2112.38,16.9094,24.47,2026-07-25T00:21:45.533Z
flip-only|QTUM|4h|1754049600000|1755028800000,flip-only,QTUM,NASDAQ:QTUM,4h,Swing 4H,LONG,Swing Low,2025-08-01 08:00,1754049600000,90.89,Flip Short,2025-08-12 16:00,1755028800000,94.91,122,11088.58,30,467.77,4.2143,479.35,4.3186,195.31,1.7596,22.67,2026-07-25T03:48:45.561Z
flip-only|QTUM|4h|1755705600000|1756396800000,flip-only,QTUM,NASDAQ:QTUM,4h,Swing 4H,LONG,Swing Low,2025-08-20 12:00,1755705600000,91.22,Flip Short,2025-08-28 12:00,1756396800000,96.06,131,11949.82,24,609.51,5.0955,627.33,5.2445,14.57,0.1218,24.53,2026-07-25T00:21:45.533Z
flip-only|QTUM|4h|1763067600000|1764766800000,flip-only,QTUM,NASDAQ:QTUM,4h,Swing 4H,LONG,Swing Low,2025-11-13 16:00,1763067600000,107.16,Flip Short,2025-12-03 08:00,1764766800000,110.47,117,12537.72,50,361.81,2.8829,374.73,2.9859,1058.52,8.4342,25.46,2026-07-25T00:21:45.533Z
flip-only|QTUM|4h|1766048400000|1766048400000,flip-only,QTUM,NASDAQ:QTUM,4h,Swing 4H,LONG,Swing Low,2025-12-18 04:00,1766048400000,107.98,Margin call,2025-12-18 04:00,1766048400000,107.98,1,107.98,0,-0.22,-0.1998,0,0,0.11,0.0999,0.22,2026-07-25T00:21:45.533Z
flip-only|QTUM|4h|1766048400000|1767618000000,flip-only,QTUM,NASDAQ:QTUM,4h,Swing 4H,LONG,Swing Low,2025-12-18 04:00,1766048400000,107.98,Flip Short,2026-01-05 08:00,1767618000000,113.88,119,12849.62,41,675.7,5.2533,697.58,5.4234,12.85,0.0999,26.4,2026-07-25T00:21:45.533Z
flip-only|QTUM|4h|1770037200000|1775635200000,flip-only,QTUM,NASDAQ:QTUM,4h,Swing 4H,LONG,Swing Low,2026-02-02 08:00,1770037200000,114.89,Flip Short,2026-04-08 04:00,1775635200000,114.83,118,13557.02,179,-34.19,-0.2519,638.98,4.7086,1592.4,11.7342,27.11,2026-07-25T00:21:45.533Z
flip-only|RY|4h|1705320000000|1708718400000,flip-only,RY,TSX:RY,4h,Swing 4H,LONG,Swing Low,2024-01-15 07:00,1705320000000,132,Flip Short,2024-02-23 15:00,1708718400000,133.33,75,9900,86,79.85,0.8058,165.6,1.6711,339.9,3.4299,19.9,2026-07-25T00:23:48.764Z
flip-only|RY|4h|1713279600000|1714762800000,flip-only,RY,TSX:RY,4h,Swing 4H,LONG,Swing Low,2024-04-16 11:00,1713279600000,133.23,Flip Short,2024-05-03 15:00,1714762800000,138.38,75,9992.25,40,365.88,3.658,395.01,3.9492,134.49,1.3446,20.37,2026-07-25T00:23:48.764Z
flip-only|RY|4h|1718895600000|1720004400000,flip-only,RY,TSX:RY,4h,Swing 4H,LONG,Swing Low,2024-06-20 11:00,1718895600000,141.25,Flip Short,2024-07-03 07:00,1720004400000,147.79,73,10311.25,23,456.32,4.421,467.11,4.5256,62.87,0.6091,21.1,2026-07-25T00:23:48.764Z
flip-only|RY|4h|1722610800000|1724425200000,flip-only,RY,TSX:RY,4h,Swing 4H,LONG,Swing Low,2024-08-02 11:00,1722610800000,149.06,Flip Short,2024-08-23 11:00,1724425200000,156.58,73,10881.38,42,526.65,4.8351,565.82,5.1947,264.92,2.4322,22.31,2026-07-25T00:23:48.764Z
flip-only|RY|4h|1727982000000|1728658800000,flip-only,RY,TSX:RY,4h,Swing 4H,LONG,Swing Low,2024-10-03 15:00,1727982000000,164.38,Flip Short,2024-10-11 11:00,1728658800000,169.21,69,11342.22,17,310.25,2.7326,335.04,2.9509,30.66,0.2701,23.02,2026-07-25T00:23:48.764Z
flip-only|RY|4h|1734609600000|1738080000000,flip-only,RY,TSX:RY,4h,Swing 4H,LONG,Swing Low,2024-12-19 07:00,1734609600000,173.83,Flip Short,2025-01-28 11:00,1738080000000,177.28,67,11646.61,75,207.63,1.7809,238.93,2.0495,330.57,2.8355,23.52,2026-07-25T00:23:48.764Z
flip-only|RY|4h|1738771200000|1745420400000,flip-only,RY,TSX:RY,4h,Swing 4H,LONG,Swing Low,2025-02-05 11:00,1738771200000,168.63,Flip Short,2025-04-23 11:00,1745420400000,164.97,70,11804.1,159,-279.55,-2.3659,286.4,2.4238,1228.4,10.3962,23.35,2026-07-25T00:23:48.764Z
flip-only|RY|4h|1753729200000|1754924400000,flip-only,RY,TSX:RY,4h,Swing 4H,LONG,Swing Low,2025-07-28 15:00,1753729200000,179.1,Flip Short,2025-08-11 11:00,1754924400000,184.06,65,11641.5,26,298.79,2.5641,312.06,2.6779,245.64,2.1079,23.61,2026-07-25T00:23:48.764Z
flip-only|RY|4h|1760439600000|1760626800000,flip-only,RY,TSX:RY,4h,Swing 4H,LONG,Swing Low,2025-10-14 07:00,1760439600000,201.52,Flip Short,2025-10-16 11:00,1760626800000,206.24,59,11889.68,7,254.42,2.1377,291.96,2.4531,34.31,0.2883,24.06,2026-07-25T00:23:48.764Z
flip-only|RY|4h|1762545600000|1762977600000,flip-only,RY,TSX:RY,4h,Swing 4H,LONG,Swing Low,2025-11-07 15:00,1762545600000,203.29,Flip Short,2025-11-12 15:00,1762977600000,207.8,60,12197.4,9,245.93,2.0143,298,2.4407,39.8,0.326,24.67,2026-07-25T00:23:48.764Z
flip-only|RY|4h|1768939200000|1770724800000,flip-only,RY,TSX:RY,4h,Swing 4H,LONG,Swing Low,2026-01-20 15:00,1768939200000,231.99,Flip Short,2026-02-10 07:00,1770724800000,237,53,12295.47,43,240.67,1.9555,253.23,2.0575,426.76,3.4674,24.86,2026-07-25T00:23:48.764Z
flip-only|RY|4h|1772208000000|1775055600000,flip-only,RY,TSX:RY,4h,Swing 4H,LONG,Swing Low,2026-02-27 11:00,1772208000000,227.05,Flip Short,2026-04-01 11:00,1775055600000,227.32,55,12487.75,69,-10.14,-0.0811,197.61,1.5809,564.69,4.5174,24.99,2026-07-25T00:23:48.764Z
flip-only|SBIN|4h|1671679800000|1678087800000,flip-only,SBIN,BSE:SBIN,4h,Swing 4H,LONG,Swing Low,2022-12-21 22:30,1671679800000,595.2,Flip Short,2023-03-06 02:30,1678087800000,560.65,16,9523.2,103,-571.29,-5.993,395.28,4.1465,1543.12,16.1876,18.49,2026-07-25T00:24:03.739Z
flip-only|SBIN|4h|1679643000000|1682321400000,flip-only,SBIN,BSE:SBIN,4h,Swing 4H,LONG,Swing Low,2023-03-24 03:30,1679643000000,512.55,Flip Short,2023-04-24 03:30,1682321400000,550.25,18,9225.9,34,659.47,7.1409,681.07,7.3748,201.83,2.1854,19.13,2026-07-25T00:24:03.739Z
flip-only|SBIN|4h|1686886200000|1688974200000,flip-only,SBIN,BSE:SBIN,4h,Swing 4H,LONG,Swing Low,2023-06-15 23:30,1686886200000,568.5,Flip Short,2023-07-10 03:30,1688974200000,593,17,9664.5,31,396.75,4.1012,522.44,5.4003,256.16,2.6479,19.75,2026-07-25T00:24:03.739Z
flip-only|SBIN|4h|1691379000000|1694489400000,flip-only,SBIN,BSE:SBIN,4h,Swing 4H,LONG,Swing Low,2023-08-06 23:30,1691379000000,579.75,Flip Short,2023-09-11 23:30,1694489400000,592.25,18,10435.5,50,203.9,1.952,215.46,2.0627,472.14,4.5198,21.1,2026-07-25T00:24:03.739Z
flip-only|SBIN|4h|1697441400000|1701675000000,flip-only,SBIN,BSE:SBIN,4h,Swing 4H,LONG,Swing Low,2023-10-16 03:30,1697441400000,576.8,Flip Short,2023-12-04 02:30,1701675000000,592,18,10382.4,65,252.56,2.4302,266.82,2.5673,616.08,5.928,21.04,2026-07-25T00:24:03.739Z
flip-only|SBIN|4h|1705995000000|1706859000000,flip-only,SBIN,BSE:SBIN,4h,Swing 4H,LONG,Swing Low,2024-01-23 02:30,1705995000000,609.95,Flip Short,2024-02-02 02:30,1706859000000,656.8,17,10369.15,14,774.92,7.4658,845.58,8.1466,167.62,1.6149,21.53,2026-07-25T00:24:03.739Z
flip-only|SBIN|4h|1717486200000|1721028600000,flip-only,SBIN,BSE:SBIN,4h,Swing 4H,LONG,Swing Low,2024-06-04 03:30,1717486200000,785.4,Flip Short,2024-07-15 03:30,1721028600000,873.8,14,10995.6,56,1214.37,11.0331,1243.4,11.2969,589.2,5.3531,23.23,2026-07-25T00:24:03.739Z
flip-only|SBIN|4h|1722843000000|1729150200000,flip-only,SBIN,BSE:SBIN,4h,Swing 4H,LONG,Swing Low,2024-08-05 03:30,1722843000000,802.85,Flip Short,2024-10-17 03:30,1729150200000,817.35,16,12845.6,102,206.08,1.6027,419.95,3.266,609.65,4.7412,25.92,2026-07-25T00:24:03.739Z
flip-only|SBIN|4h|1732174200000|1733369400000,flip-only,SBIN,BSE:SBIN,4h,Swing 4H,LONG,Swing Low,2024-11-21 02:30,1732174200000,777.7,Flip Short,2024-12-04 22:30,1733369400000,861.65,16,12443.2,19,1316.97,10.5733,1365.16,10.9601,28.44,0.2284,26.23,2026-07-25T00:24:03.739Z
flip-only|SBIN|4h|1735543800000|1742369400000,flip-only,SBIN,BSE:SBIN,4h,Swing 4H,LONG,Swing Low,2024-12-30 02:30,1735543800000,798.45,Flip Short,2025-03-19 03:30,1742369400000,746.6,18,14372.1,112,-961.11,-6.6807,188.13,1.3077,2152.77,14.9639,27.81,2026-07-25T00:24:03.739Z
flip-only|SBIN|4h|1753947000000|1758094200000,flip-only,SBIN,BSE:SBIN,4h,Swing 4H,LONG,Swing Low,2025-07-31 03:30,1753947000000,803.2,Flip Short,2025-09-17 03:30,1758094200000,843.05,16,12851.2,64,611.26,4.7517,668.75,5.1986,279.25,2.1708,26.34,2026-07-25T00:24:03.739Z
flip-only|SBIN|4h|1773631800000|1776670200000,flip-only,SBIN,BSE:SBIN,4h,Swing 4H,LONG,Swing Low,2026-03-15 23:30,1773631800000,1046.85,Flip Short,2026-04-20 03:30,1776670200000,1110.8,13,13609.05,43,803.3,5.8968,949.04,6.9666,932.06,6.842,28.05,2026-07-25T00:24:03.739Z
flip-only|SBIN|4h|1778484600000|1781767800000,flip-only,SBIN,BSE:SBIN,4h,Swing 4H,LONG,Swing Low,2026-05-11 03:30,1778484600000,979.9,Flip Short,2026-06-18 03:30,1781767800000,1040.8,15,14698.5,54,883.19,6.0027,976.05,6.6338,705.45,4.7947,30.31,2026-07-25T00:24:03.739Z
flip-only|SOXL|4h|1725379200000|1727280000000,flip-only,SOXL,AMEX:SOXL,4h,Swing 4H,LONG,Swing Low,2024-09-03 12:00,1725379200000,32.01,Flip Short,2024-09-25 12:00,1727280000000,35.63,312,9987.12,64,1108.34,11.0866,1378.41,13.7881,2041.11,20.417,21.1,2026-07-25T00:21:50.776Z
flip-only|SOXL|4h|1729713600000|1733317200000,flip-only,SOXL,AMEX:SOXL,4h,Swing 4H,LONG,Swing Low,2024-10-23 16:00,1729713600000,33.8,Flip Short,2024-12-04 08:00,1733317200000,31.13,328,11086.4,114,-897.06,-8.0834,1510.83,13.6142,2703.97,24.3656,21.3,2026-07-25T00:21:50.776Z
flip-only|SOXL|4h|1734598800000|1736182800000,flip-only,SOXL,AMEX:SOXL,4h,Swing 4H,LONG,Swing Low,2024-12-19 04:00,1734598800000,27.55,Flip Short,2025-01-06 12:00,1736182800000,33.44,370,10193.5,42,2156.73,21.1368,2239.41,21.947,1112.79,10.9058,22.57,2026-07-25T00:21:50.776Z
flip-only|SOXL|4h|1736773200000|1737478800000,flip-only,SOXL,AMEX:SOXL,4h,Swing 4H,LONG,Swing Low,2025-01-13 08:00,1736773200000,26.6,Flip Short,2025-01-21 12:00,1737478800000,33.77,464,12342.4,21,3298.87,26.7012,3333.1,26.9783,174.74,1.4144,28.01,2026-07-25T00:21:50.776Z
flip-only|SOXL|4h|1737997200000|1739883600000,flip-only,SOXL,AMEX:SOXL,4h,Swing 4H,LONG,Swing Low,2025-01-27 12:00,1737997200000,25.6,Flip Short,2025-02-18 08:00,1739883600000,29.3,611,15641.6,59,2227.16,14.2244,2251.17,14.3778,1145.99,7.3192,33.54,2026-07-25T00:21:50.776Z
flip-only|SOXL|4h|1740502800000|1746100800000,flip-only,SOXL,AMEX:SOXL,4h,Swing 4H,LONG,Swing Low,2025-02-25 12:00,1740502800000,25.59,Flip Short,2025-05-01 08:00,1746100800000,12.66,698,17861.82,183,-9051.84,-50.6264,1182.7,6.6148,12923.88,72.2825,26.7,2026-07-25T00:21:50.776Z
flip-only|SOXL|4h|1753992000000|1755086400000,flip-only,SOXL,AMEX:SOXL,4h,Swing 4H,LONG,Swing Low,2025-07-31 16:00,1753992000000,24.97,Flip Short,2025-08-13 08:00,1755086400000,28.54,353,8814.41,34,1241.32,14.0688,1286.7,14.5831,856.01,9.7018,18.89,2026-07-25T00:21:50.776Z
flip-only|SOXL|4h|1763125200000|1764694800000,flip-only,SOXL,AMEX:SOXL,4h,Swing 4H,LONG,Swing Low,2025-11-14 08:00,1763125200000,35.95,Flip Short,2025-12-02 12:00,1764694800000,43.05,280,10066,45,1965.88,19.5104,2414.73,23.965,2202.47,21.8584,22.12,2026-07-25T00:21:50.776Z
flip-only|SOXL|4h|1765990800000|1767358800000,flip-only,SOXL,AMEX:SOXL,4h,Swing 4H,LONG,Swing Low,2025-12-17 12:00,1765990800000,37.04,Flip Short,2026-01-02 08:00,1767358800000,44.83,324,12000.96,39,2497.43,20.7895,2560.56,21.315,446.16,3.714,26.53,2026-07-25T00:21:50.776Z
flip-only|SOXL|4h|1770224400000|1772038800000,flip-only,SOXL,AMEX:SOXL,4h,Swing 4H,LONG,Swing Low,2026-02-04 12:00,1770224400000,53.11,Flip Short,2026-02-25 12:00,1772038800000,70.89,273,14499.03,56,4820.09,33.211,5240.75,36.1094,1046.44,7.2101,33.85,2026-07-25T00:21:50.776Z
flip-only|SOXL|4h|1772456400000|1772456400000,flip-only,SOXL,AMEX:SOXL,4h,Swing 4H,LONG,Swing Low,2026-03-02 08:00,1772456400000,57.77,Margin call,2026-03-02 08:00,1772456400000,57.77,1,57.77,0,-0.12,-0.1998,0,0,0.06,0.0999,0.12,2026-07-25T00:21:50.776Z
flip-only|SOXL|4h|1772456400000|1774425600000,flip-only,SOXL,AMEX:SOXL,4h,Swing 4H,LONG,Swing Low,2026-03-02 08:00,1772456400000,57.77,Flip Short,2026-03-25 04:00,1774425600000,57,334,19295.18,67,-295.51,-1.53,1667.4,8.6329,4805.52,24.8804,38.33,2026-07-25T00:21:50.776Z
flip-only|SOXL|4h|1774612800000|1775635200000,flip-only,SOXL,AMEX:SOXL,4h,Swing 4H,LONG,Swing Low,2026-03-27 08:00,1774612800000,47.6,Flip Short,2026-04-08 04:00,1775635200000,64.52,400,19040,27,6723.15,35.2754,6768.96,35.5157,3319.04,17.4145,44.85,2026-07-25T00:21:50.776Z
flip-only|SOXL|4h|1781035200000|1781812800000,flip-only,SOXL,AMEX:SOXL,4h,Swing 4H,LONG,Swing Low,2026-06-09 16:00,1781035200000,201.62,Flip Short,2026-06-18 16:00,1781812800000,279.76,127,25605.74,28,9862.65,38.4788,10710.98,41.7886,4095.96,15.9803,61.14,2026-07-25T00:21:50.776Z
flip-only|TD|4h|1704916800000|1709222400000,flip-only,TD,TSX:TD,4h,Swing 4H,LONG,Swing Low,2024-01-10 15:00,1704916800000,82.52,Flip Short,2024-02-29 11:00,1709222400000,81.09,121,9984.92,104,-192.83,-1.9293,54.15,0.5417,577.47,5.7777,19.8,2026-07-25T00:23:58.851Z
flip-only|TD|4h|1712588400000|1714489200000,flip-only,TD,TSX:TD,4h,Swing 4H,LONG,Swing Low,2024-04-08 11:00,1712588400000,80.28,Flip Short,2024-04-30 11:00,1714489200000,81.34,122,9794.16,48,109.6,1.1179,134.17,1.3685,373.35,3.8082,19.72,2026-07-25T00:23:58.851Z
flip-only|TD|4h|1714748400000|1720710000000,flip-only,TD,TSX:TD,4h,Swing 4H,LONG,Swing Low,2024-05-03 11:00,1714748400000,76.18,Flip Short,2024-07-11 11:00,1720710000000,76.53,130,9903.4,141,25.65,0.2587,273.5,2.7589,336.2,3.3914,19.85,2026-07-25T00:23:58.851Z
flip-only|TD|4h|1728572400000|1730995200000,flip-only,TD,TSX:TD,4h,Swing 4H,LONG,Swing Low,2024-10-10 11:00,1728572400000,82.26,Flip Short,2024-11-07 11:00,1730995200000,79.26,120,9871.2,57,-379.38,-3.8395,105.33,1.066,773.07,7.8238,19.38,2026-07-25T00:23:58.851Z
flip-only|TD|4h|1733414400000|1735833600000,flip-only,TD,TSX:TD,4h,Swing 4H,LONG,Swing Low,2024-12-05 11:00,1733414400000,75.03,Flip Short,2025-01-02 11:00,1735833600000,76.75,127,9528.81,50,199.16,2.088,238.12,2.4965,239.4,2.5099,19.28,2026-07-25T00:23:58.851Z
flip-only|TD|4h|1741705200000|1742914800000,flip-only,TD,TSX:TD,4h,Swing 4H,LONG,Swing Low,2025-03-11 11:00,1741705200000,83.02,Flip Short,2025-03-25 11:00,1742914800000,87.21,117,9713.34,30,470.31,4.8371,503.92,5.1827,47.15,0.485,19.92,2026-07-25T00:23:58.851Z
flip-only|TD|4h|1743692400000|1745420400000,flip-only,TD,TSX:TD,4h,Swing 4H,LONG,Swing Low,2025-04-03 11:00,1743692400000,82.12,Flip Short,2025-04-23 11:00,1745420400000,86.28,124,10182.88,39,494.96,4.8558,554.02,5.4352,513.62,5.0389,20.88,2026-07-25T00:23:58.851Z
flip-only|TD|4h|1754060400000|1755183600000,flip-only,TD,TSX:TD,4h,Swing 4H,LONG,Swing Low,2025-08-01 11:00,1754060400000,99.93,Flip Short,2025-08-14 11:00,1755183600000,102.82,107,10692.51,24,287.54,2.6864,304.96,2.8492,41.72,0.3898,21.69,2026-07-25T00:23:58.851Z
flip-only|TD|4h|1756407600000|1758294000000,flip-only,TD,TSX:TD,4h,Swing 4H,LONG,Swing Low,2025-08-28 15:00,1756407600000,100.55,Flip Short,2025-09-19 11:00,1758294000000,108.47,109,10959.95,44,840.5,7.6611,1140.08,10.3918,54.56,0.4973,22.78,2026-07-25T00:23:58.851Z
flip-only|TD|4h|1769011200000|1770393600000,flip-only,TD,TSX:TD,4h,Swing 4H,LONG,Swing Low,2026-01-21 11:00,1769011200000,128.88,Flip Short,2026-02-06 11:00,1770393600000,131.6,91,11728.08,36,223.82,1.9065,235.79,2.0085,233.77,1.9912,23.7,2026-07-25T00:23:58.851Z
flip-only|TD|4h|1773068400000|1775156400000,flip-only,TD,TSX:TD,4h,Swing 4H,LONG,Swing Low,2026-03-09 11:00,1773068400000,128.31,Flip Short,2026-04-02 15:00,1775156400000,132.3,94,12061.14,55,350.56,2.9036,369.58,3.0612,254.58,2.1086,24.5,2026-07-25T00:23:58.851Z
flip-only|TMF|4h|1727092800000|1732712400000,flip-only,TMF,AMEX:TMF,4h,Swing 4H,LONG,Swing Low,2024-09-23 08:00,1727092800000,59.15,Flip Short,2024-11-27 08:00,1732712400000,48.2,168,9937.2,188,-1857.63,-18.6751,198.38,1.9944,2713.06,27.2748,18.03,2026-07-25T00:23:01.653Z
flip-only|TMF|4h|1734037200000|1737982800000,flip-only,TMF,AMEX:TMF,4h,Swing 4H,LONG,Swing Low,2024-12-12 16:00,1734037200000,45.78,Flip Short,2025-01-27 08:00,1737982800000,40.88,177,8103.06,110,-882.64,-10.8818,60.93,0.7511,1655.97,20.416,15.34,2026-07-25T00:23:01.653Z
flip-only|TMF|4h|1739379600000|1740488400000,flip-only,TMF,AMEX:TMF,4h,Swing 4H,LONG,Swing Low,2025-02-12 12:00,1739379600000,39.67,Flip Short,2025-02-25 08:00,1740488400000,44.16,182,7219.94,31,801.92,11.096,846.36,11.7108,43.62,0.6036,15.26,2026-07-25T00:23:01.653Z
flip-only|TMF|4h|1741867200000|1743609600000,flip-only,TMF,AMEX:TMF,4h,Swing 4H,LONG,Swing Low,2025-03-13 08:00,1741867200000,42.54,Flip Short,2025-04-02 12:00,1743609600000,44.81,189,8040.06,57,412.52,5.1257,747.96,9.2936,387.93,4.8201,16.51,2026-07-25T00:23:01.653Z
flip-only|TMF|4h|1744142400000|1745942400000,flip-only,TMF,AMEX:TMF,4h,Swing 4H,LONG,Swing Low,2025-04-08 16:00,1744142400000,40.44,Flip Short,2025-04-29 12:00,1745942400000,42.01,209,8451.96,55,310.9,3.6747,328.04,3.8773,963.58,11.3893,17.23,2026-07-25T00:23:01.653Z
flip-only|TMF|4h|1746806400000|1749124800000,flip-only,TMF,AMEX:TMF,4h,Swing 4H,LONG,Swing Low,2025-05-09 12:00,1746806400000,38.53,Flip Short,2025-06-05 08:00,1749124800000,38.24,227,8746.31,71,-83.26,-0.951,32.11,0.3668,1220.93,13.9454,17.43,2026-07-25T00:23:01.653Z
flip-only|TMF|4h|1751918400000|1753819200000,flip-only,TMF,AMEX:TMF,4h,Swing 4H,LONG,Swing Low,2025-07-07 16:00,1751918400000,36.78,Flip Short,2025-07-29 16:00,1753819200000,37.91,236,8680.08,64,249.05,2.8664,272.16,3.1323,608.12,6.9989,17.63,2026-07-25T00:23:01.653Z
flip-only|TMF|4h|1755532800000|1757001600000,flip-only,TMF,AMEX:TMF,4h,Swing 4H,LONG,Swing Low,2025-08-18 12:00,1755532800000,36.5,Flip Short,2025-09-04 12:00,1757001600000,37.74,244,8906,48,284.45,3.1907,405.89,4.553,208.99,2.3442,18.11,2026-07-25T00:23:01.653Z
flip-only|TMF|4h|1758744000000|1760112000000,flip-only,TMF,AMEX:TMF,4h,Swing 4H,LONG,Swing Low,2025-09-24 16:00,1758744000000,39.74,Flip Short,2025-10-10 12:00,1760112000000,41.7,231,9179.94,47,433.95,4.7224,505.95,5.506,161.64,1.759,18.81,2026-07-25T00:23:01.653Z
flip-only|TMF|4h|1761825600000|1764090000000,flip-only,TMF,AMEX:TMF,4h,Swing 4H,LONG,Swing Low,2025-10-30 08:00,1761825600000,41.7,Flip Short,2025-11-25 12:00,1764090000000,41.83,231,9632.7,73,10.73,0.1113,149.76,1.5531,568.65,5.8975,19.3,2026-07-25T00:23:01.653Z
flip-only|TMF|4h|1764939600000|1768410000000,flip-only,TMF,AMEX:TMF,4h,Swing 4H,LONG,Swing Low,2025-12-05 08:00,1764939600000,39.29,Flip Short,2026-01-14 12:00,1768410000000,38.66,246,9665.34,105,-174.16,-1.8001,98.57,1.0189,602.53,6.2276,19.18,2026-07-25T00:23:01.653Z
flip-only|TMF|4h|1768914000000|1770742800000,flip-only,TMF,AMEX:TMF,4h,Swing 4H,LONG,Swing Low,2026-01-20 08:00,1768914000000,36.37,Flip Short,2026-02-10 12:00,1770742800000,38.85,260,9456.2,61,625.24,6.6054,669.14,7.0692,116.06,1.2261,19.56,2026-07-25T00:23:01.653Z
flip-only|TMF|4h|1772715600000|1780056000000,flip-only,TMF,AMEX:TMF,4h,Swing 4H,LONG,Swing Low,2026-03-05 08:00,1772715600000,39.33,Flip Short,2026-05-29 08:00,1780056000000,35.11,257,10107.81,236,-1103.67,-10.9081,174.93,1.7289,2001.86,19.7853,19.13,2026-07-25T00:23:01.653Z
flip-only|TNA|4h|1725465600000|1726689600000,flip-only,TNA,AMEX:TNA,4h,Swing 4H,LONG,Swing Low,2024-09-04 12:00,1725465600000,40.28,Flip Short,2024-09-18 16:00,1726689600000,43.32,247,9949.16,41,730.23,7.3323,1533.8,15.401,1304.23,13.0958,20.65,2026-07-25T00:23:17.026Z
flip-only|TNA|4h|1727870400000|1727870400000,flip-only,TNA,AMEX:TNA,4h,Swing 4H,LONG,Swing Low,2024-10-02 08:00,1727870400000,41.39,Margin call,2024-10-02 08:00,1727870400000,41.39,1,41.39,0,-0.08,-0.1998,0,0,0.04,0.0999,0.08,2026-07-25T00:23:17.026Z
flip-only|TNA|4h|1727870400000|1728979200000,flip-only,TNA,AMEX:TNA,4h,Swing 4H,LONG,Swing Low,2024-10-02 08:00,1727870400000,41.39,Flip Short,2024-10-15 04:00,1728979200000,45.25,258,10678.62,35,973.53,9.1075,1005.84,9.4098,260.94,2.4411,22.35,2026-07-25T00:23:17.026Z
flip-only|TNA|4h|1730404800000|1730883600000,flip-only,TNA,AMEX:TNA,4h,Swing 4H,LONG,Swing Low,2024-10-31 16:00,1730404800000,41.74,Flip Short,2024-11-06 04:00,1730883600000,50.87,280,11687.2,13,2530.47,21.63,2544.71,21.7518,81.69,0.6982,25.93,2026-07-25T00:23:17.026Z
flip-only|TNA|4h|1734022800000|1737478800000,flip-only,TNA,AMEX:TNA,4h,Swing 4H,LONG,Swing Low,2024-12-12 12:00,1734022800000,51.37,Flip Short,2025-01-21 12:00,1737478800000,45.95,276,14178.12,96,-1522.78,-10.7296,118.3,0.8336,3773.3,26.5869,26.86,2026-07-25T00:23:17.026Z
flip-only|TNA|4h|1739379600000|1742832000000,flip-only,TNA,AMEX:TNA,4h,Swing 4H,LONG,Swing Low,2025-02-12 12:00,1739379600000,42.39,Flip Short,2025-03-24 12:00,1742832000000,33.62,299,12674.61,108,-2644.96,-20.8473,731.84,5.7683,4195.68,33.07,22.73,2026-07-25T00:23:17.026Z
flip-only|TNA|4h|1743422400000|1745424000000,flip-only,TNA,AMEX:TNA,4h,Swing 4H,LONG,Swing Low,2025-03-31 08:00,1743422400000,28.47,Flip Short,2025-04-23 12:00,1745424000000,24.25,353,10049.91,65,-1508.27,-14.9928,1278.4,12.7078,3946,39.2248,18.61,2026-07-25T00:23:17.026Z
flip-only|TNA|4h|1748016000000|1749225600000,flip-only,TNA,AMEX:TNA,4h,Swing 4H,LONG,Swing Low,2025-05-23 12:00,1748016000000,27.83,Flip Short,2025-06-06 12:00,1749225600000,31.81,307,8543.81,36,1203.55,14.0727,1283.93,15.0125,23.89,0.2794,18.31,2026-07-25T00:23:17.026Z
flip-only|TNA|4h|1750708800000|1751385600000,flip-only,TNA,AMEX:TNA,4h,Swing 4H,LONG,Swing Low,2025-06-23 16:00,1750708800000,31.89,Flip Short,2025-07-01 12:00,1751385600000,34.8,305,9726.45,23,867.21,8.9071,877.82,9.0161,61.58,0.6325,20.34,2026-07-25T00:23:17.026Z
flip-only|TNA|4h|1754049600000|1755086400000,flip-only,TNA,AMEX:TNA,4h,Swing 4H,LONG,Swing Low,2025-08-01 08:00,1754049600000,33.34,Flip Short,2025-08-13 08:00,1755086400000,38.8,318,10602.12,32,1713.34,16.1442,1751.12,16.5002,646.6,6.0927,22.94,2026-07-25T00:23:17.026Z
flip-only|TNA|4h|1760126400000|1760472000000,flip-only,TNA,AMEX:TNA,4h,Swing 4H,LONG,Swing Low,2025-10-10 16:00,1760126400000,42.63,Flip Short,2025-10-14 16:00,1760472000000,48.1,289,12320.07,8,1554.61,12.6059,1860.4,15.0855,665.46,5.396,26.22,2026-07-25T00:23:17.026Z
flip-only|TNA|4h|1762261200000|1764190800000,flip-only,TNA,AMEX:TNA,4h,Swing 4H,LONG,Swing Low,2025-11-04 08:00,1762261200000,44.51,Flip Short,2025-11-26 16:00,1764190800000,46.33,311,13842.61,66,537.77,3.881,816.53,5.8928,2455.19,17.7188,28.25,2026-07-25T00:23:17.026Z
flip-only|TNA|4h|1767186000000|1767733200000,flip-only,TNA,AMEX:TNA,4h,Swing 4H,LONG,Swing Low,2025-12-31 08:00,1767186000000,46.5,Flip Short,2026-01-06 16:00,1767733200000,51.06,310,14415,14,1383.36,9.5871,1427.09,9.8901,383.31,2.6565,30.24,2026-07-25T00:23:17.026Z
flip-only|TNA|4h|1769778000000|1770829200000,flip-only,TNA,AMEX:TNA,4h,Swing 4H,LONG,Swing Low,2026-01-30 08:00,1769778000000,53.55,Flip Short,2026-02-11 12:00,1770829200000,54.83,295,15797.25,33,345.63,2.1857,1350.05,8.5376,1319.7,8.3456,31.97,2026-07-25T00:23:17.026Z
flip-only|TNA|4h|1772456400000|1775635200000,flip-only,TNA,AMEX:TNA,4h,Swing 4H,LONG,Swing Low,2026-03-02 08:00,1772456400000,50.73,Flip Short,2026-04-08 04:00,1775635200000,51.65,297,15066.81,103,242.83,1.6101,1101.65,7.3045,3380.08,22.4115,30.41,2026-07-25T03:48:52.120Z
flip-only|TNA|4h|1779206400000|1779796800000,flip-only,TNA,AMEX:TNA,4h,Swing 4H,LONG,Swing Low,2026-05-19 12:00,1779206400000,57.03,Flip Short,2026-05-26 08:00,1779796800000,67.36,283,16139.49,15,2888.19,17.8773,2989.32,18.5033,64.25,0.3977,35.2,2026-07-25T00:23:17.026Z
flip-only|TNA|4h|1781035200000|1781280000000,flip-only,TNA,AMEX:TNA,4h,Swing 4H,LONG,Swing Low,2026-06-09 16:00,1781035200000,64.46,Flip Short,2026-06-12 12:00,1781280000000,69.53,295,19015.7,11,1456.12,7.6498,2096.13,11.0122,1066.27,5.6017,39.53,2026-07-25T00:23:17.026Z
flip-only|UDOW|4h|1725552000000|1726502400000,flip-only,UDOW,AMEX:UDOW,4h,Swing 4H,LONG,Swing Low,2024-09-05 12:00,1725552000000,42.8,Flip Short,2024-09-16 12:00,1726502400000,45.74,233,9972.4,28,664.39,6.6556,845.14,8.4663,466.65,4.6748,20.63,2026-07-25T00:23:22.317Z
flip-only|UDOW|4h|1728331200000|1728331200000,flip-only,UDOW,AMEX:UDOW,4h,Swing 4H,LONG,Swing Low,2024-10-07 16:00,1728331200000,46.74,Margin call,2024-10-07 16:00,1728331200000,46.74,1,46.74,0,-0.09,-0.1998,0,0,0.05,0.0999,0.09,2026-07-25T00:23:22.317Z
flip-only|UDOW|4h|1728331200000|1728662400000,flip-only,UDOW,AMEX:UDOW,4h,Swing 4H,LONG,Swing Low,2024-10-07 16:00,1728331200000,46.74,Flip Short,2024-10-11 12:00,1728662400000,49.49,227,10609.98,15,602.41,5.6721,634.07,5.9702,121.84,1.1472,21.84,2026-07-25T00:23:22.317Z
flip-only|UDOW|4h|1729886400000|1730898000000,flip-only,UDOW,AMEX:UDOW,4h,Swing 4H,LONG,Swing Low,2024-10-25 16:00,1729886400000,46.93,Flip Short,2024-11-06 08:00,1730898000000,51.59,239,11216.27,30,1090.19,9.71,1138.37,10.1392,422.3,3.7613,23.55,2026-07-25T00:23:22.317Z
flip-only|UDOW|4h|1734008400000|1737118800000,flip-only,UDOW,AMEX:UDOW,4h,Swing 4H,LONG,Swing Low,2024-12-12 08:00,1734008400000,53.25,Flip Short,2025-01-17 08:00,1737118800000,49.62,231,12300.75,92,-862.29,-7.0031,70.86,0.5755,2045.1,16.6092,23.76,2026-07-25T00:23:22.317Z
flip-only|UDOW|4h|1740157200000|1743004800000,flip-only,UDOW,AMEX:UDOW,4h,Swing 4H,LONG,Swing Low,2025-02-21 12:00,1740157200000,50.78,Flip Short,2025-03-26 12:00,1743004800000,45.76,226,11476.28,92,-1156.34,-10.0658,151.24,1.3166,2377.7,20.6977,21.82,2026-07-25T00:23:22.317Z
flip-only|UDOW|4h|1743667200000|1746100800000,flip-only,UDOW,AMEX:UDOW,4h,Swing 4H,LONG,Swing Low,2025-04-03 04:00,1743667200000,41.27,Flip Short,2025-05-01 08:00,1746100800000,38.78,249,10276.23,77,-639.94,-6.2212,46.99,0.4568,3202.46,31.1326,19.93,2026-07-25T00:23:22.317Z
flip-only|UDOW|4h|1750420800000|1750953600000,flip-only,UDOW,AMEX:UDOW,4h,Swing 4H,LONG,Swing Low,2025-06-20 08:00,1750420800000,41.89,Flip Short,2025-06-26 12:00,1750953600000,44.71,231,9676.59,17,631.42,6.5187,681.01,7.0307,189.86,1.9601,20,2026-07-25T00:23:22.317Z
flip-only|UDOW|4h|1754049600000|1755244800000,flip-only,UDOW,AMEX:UDOW,4h,Swing 4H,LONG,Swing Low,2025-08-01 08:00,1754049600000,45.78,Flip Short,2025-08-15 04:00,1755244800000,49.98,225,10300.5,39,923.45,8.9562,934.7,9.0652,329.8,3.1986,21.55,2026-07-25T00:23:22.317Z
flip-only|UDOW|4h|1760112000000|1761321600000,flip-only,UDOW,AMEX:UDOW,4h,Swing 4H,LONG,Swing Low,2025-10-10 12:00,1760112000000,51.56,Flip Short,2025-10-24 12:00,1761321600000,56.24,218,11240.08,40,996.74,8.8589,1026.44,9.1228,586.76,5.215,23.5,2026-07-25T00:23:22.317Z
flip-only|UDOW|4h|1762534800000|1762966800000,flip-only,UDOW,AMEX:UDOW,4h,Swing 4H,LONG,Swing Low,2025-11-07 12:00,1762534800000,53.38,Flip Short,2025-11-12 12:00,1762966800000,59.41,229,12224.02,12,1355.04,11.074,1510.63,12.3455,67.18,0.5491,25.83,2026-07-25T00:23:22.317Z
flip-only|UDOW|4h|1763413200000|1764781200000,flip-only,UDOW,AMEX:UDOW,4h,Swing 4H,LONG,Swing Low,2025-11-17 16:00,1763413200000,53.4,Flip Short,2025-12-03 12:00,1764781200000,57.13,254,13563.6,43,919.35,6.7713,1010.06,7.4394,775.56,5.7123,28.07,2026-07-25T00:23:22.317Z
flip-only|UDOW|4h|1767373200000|1767632400000,flip-only,UDOW,AMEX:UDOW,4h,Swing 4H,LONG,Swing Low,2026-01-02 12:00,1767373200000,58.01,Flip Short,2026-01-05 12:00,1767632400000,61.7,250,14502.5,4,892.57,6.1485,908,6.2547,42,0.2893,29.93,2026-07-25T00:23:22.317Z
flip-only|UDOW|4h|1772211600000|1775635200000,flip-only,UDOW,AMEX:UDOW,4h,Swing 4H,LONG,Swing Low,2026-02-27 12:00,1772211600000,59.85,Flip Short,2026-04-08 04:00,1775635200000,54.47,240,14364,106,-1318.64,-9.171,139.24,0.9684,3297.56,22.9342,27.44,2026-07-25T03:48:54.408Z
flip-only|UDOW|4h|1781107200000|1781107200000,flip-only,UDOW,AMEX:UDOW,4h,Swing 4H,LONG,Swing Low,2026-06-10 12:00,1781107200000,63.14,Margin call,2026-06-10 12:00,1781107200000,63.14,1,63.14,0,-0.13,-0.1998,0,0,0.06,0.0999,0.13,2026-07-25T00:23:22.317Z
flip-only|UDOW|4h|1781107200000|1781539200000,flip-only,UDOW,AMEX:UDOW,4h,Swing 4H,LONG,Swing Low,2026-06-10 12:00,1781107200000,63.14,Flip Short,2026-06-15 12:00,1781539200000,69.13,243,15343.02,12,1423.43,9.2681,1440.23,9.3775,596.11,3.8814,32.14,2026-07-25T00:23:22.317Z
flip-only|UDOW|4h|1784304000000|1784304000000,flip-only,UDOW,AMEX:UDOW,4h,Swing 4H,LONG,Swing Low,2026-07-17 12:00,1784304000000,70.69,Margin call,2026-07-17 12:00,1784304000000,70.69,1,70.69,0,-0.14,-0.1998,0,0,0.07,0.0999,0.14,2026-07-25T00:23:22.317Z
flip-only|UTSL|4h|1717776000000|1717776000000,flip-only,UTSL,AMEX:UTSL,4h,Swing 4H,LONG,Swing Low,2024-06-07 12:00,1717776000000,27.09,Margin call,2024-06-07 12:00,1717776000000,27.09,1,27.09,0,-0.05,-0.1998,0,0,0.03,0.0999,0.05,2026-07-25T00:23:27.343Z
flip-only|UTSL|4h|1717776000000|1720713600000,flip-only,UTSL,AMEX:UTSL,4h,Swing 4H,LONG,Swing Low,2024-06-07 12:00,1717776000000,27.09,Flip Short,2024-07-11 12:00,1720713600000,27.49,368,9969.12,69,127.11,1.2738,324.91,3.2559,1080.85,10.8311,20.09,2026-07-25T00:23:27.343Z
flip-only|UTSL|4h|1728489600000|1729108800000,flip-only,UTSL,AMEX:UTSL,4h,Swing 4H,LONG,Swing Low,2024-10-09 12:00,1728489600000,37.55,Flip Short,2024-10-16 16:00,1729108800000,41.82,269,10100.95,20,1127.28,11.149,1195.02,11.8189,480.85,4.7557,21.35,2026-07-25T00:23:27.343Z
flip-only|UTSL|4h|1730304000000|1732050000000,flip-only,UTSL,AMEX:UTSL,4h,Swing 4H,LONG,Swing Low,2024-10-30 12:00,1730304000000,37.33,Flip Short,2024-11-19 16:00,1732050000000,38.4,300,11199,55,298.28,2.6608,462.8,4.1284,1166.2,10.403,22.72,2026-07-25T00:23:27.343Z
flip-only|UTSL|4h|1733763600000|1737046800000,flip-only,UTSL,AMEX:UTSL,4h,Swing 4H,LONG,Swing Low,2024-12-09 12:00,1733763600000,35.94,Flip Short,2025-01-16 12:00,1737046800000,35.14,319,11464.86,93,-277.87,-2.4213,55.53,0.4838,2040.3,17.7784,22.67,2026-07-25T00:23:27.343Z
flip-only|UTSL|4h|1740733200000|1743609600000,flip-only,UTSL,AMEX:UTSL,4h,Swing 4H,LONG,Swing Low,2025-02-28 04:00,1740733200000,33.85,Flip Short,2025-04-02 12:00,1743609600000,35.33,332,11238.2,82,468.39,4.1637,722.48,6.4224,1043.76,9.2783,22.97,2026-07-25T00:23:27.343Z
flip-only|UTSL|4h|1743782400000|1745956800000,flip-only,UTSL,AMEX:UTSL,4h,Swing 4H,LONG,Swing Low,2025-04-04 12:00,1743782400000,31.53,Flip Short,2025-04-29 16:00,1745956800000,34.34,369,11634.57,55,1012.58,8.6945,1073.23,9.2152,2299.43,19.7441,24.31,2026-07-25T00:23:27.343Z
flip-only|UTSL|4h|1750176000000|1751054400000,flip-only,UTSL,AMEX:UTSL,4h,Swing 4H,LONG,Swing Low,2025-06-17 12:00,1750176000000,35,Flip Short,2025-06-27 16:00,1751054400000,36.49,364,12740,24,516.34,4.0488,868.14,6.8075,194.74,1.527,26.02,2026-07-25T00:23:27.343Z
flip-only|UTSL|4h|1756137600000|1757952000000,flip-only,UTSL,AMEX:UTSL,4h,Swing 4H,LONG,Swing Low,2025-08-25 12:00,1756137600000,41.21,Flip Short,2025-09-15 12:00,1757952000000,41.61,321,13228.41,51,101.81,0.7689,221.1,1.6697,1416,10.6935,26.59,2026-07-25T00:23:27.343Z
flip-only|UTSL|4h|1761768000000|1764579600000,flip-only,UTSL,AMEX:UTSL,4h,Swing 4H,LONG,Swing Low,2025-10-29 16:00,1761768000000,47.52,Flip Short,2025-12-01 04:00,1764579600000,48.16,278,13210.56,74,151.32,1.1443,423.25,3.2007,1102.97,8.3408,26.6,2026-07-25T00:23:27.343Z
flip-only|UTSL|4h|1764781200000|1767373200000,flip-only,UTSL,AMEX:UTSL,4h,Swing 4H,LONG,Swing Low,2025-12-03 12:00,1764781200000,43.5,Flip Short,2026-01-02 12:00,1767373200000,41.74,291,12658.5,72,-536.96,-4.2377,144.48,1.1402,1316.34,10.3885,24.8,2026-07-25T03:48:56.564Z
flip-only|UTSL|4h|1767632400000|1768496400000,flip-only,UTSL,AMEX:UTSL,4h,Swing 4H,LONG,Swing Low,2026-01-05 12:00,1767632400000,39.14,Flip Short,2026-01-15 12:00,1768496400000,42.5,311,12172.54,31,1019.57,8.3676,1160.3,9.5226,453.79,3.7243,25.39,2026-07-25T03:48:56.564Z
flip-only|UTSL|4h|1773316800000|1775750400000,flip-only,UTSL,AMEX:UTSL,4h,Swing 4H,LONG,Swing Low,2026-03-12 08:00,1773316800000,49.5,Flip Short,2026-04-09 12:00,1775750400000,54.16,266,13167,69,1211.99,9.1955,1343.43,10.1928,1603.85,12.1686,27.57,2026-07-25T03:48:56.564Z
flip-only|UTSL|4h|1776787200000|1777651200000,flip-only,UTSL,AMEX:UTSL,4h,Swing 4H,LONG,Swing Low,2026-04-21 12:00,1776787200000,46.5,Flip Short,2026-05-01 12:00,1777651200000,51.45,308,14322,30,1494.43,10.4241,1833.68,12.7904,510.2,3.5588,30.17,2026-07-25T03:48:56.564Z
flip-only|UTSL|4h|1778256000000|1782316800000,flip-only,UTSL,AMEX:UTSL,4h,Swing 4H,LONG,Swing Low,2026-05-08 12:00,1778256000000,45.37,Flip Short,2026-06-24 12:00,1782316800000,45.76,297,13474.89,111,88.76,0.6581,381.54,2.8286,1872.69,13.8838,27.07,2026-07-25T00:23:27.343Z
flip-only|UTSL|4h|1784649600000|1784908800000,flip-only,UTSL,AMEX:UTSL,4h,Swing 4H,LONG,Swing Low,2026-07-21 12:00,1784649600000,43.8,Flip Short,2026-07-24 12:00,1784908800000,48.14,362,15855.6,11,1537.8,9.6891,1873.78,11.806,33.96,0.2139,33.28,2026-07-25T03:48:56.564Z
flip-only|WQTM|4h|1769806800000|1772110800000,flip-only,WQTM,CBOE:WQTM,4h,Swing 4H,LONG,Swing Low,2026-01-30 16:00,1769806800000,26.98,Flip Short,2026-02-26 08:00,1772110800000,27.3,370,9982.6,62,98.32,0.9839,700.42,7.0094,742.58,7.4313,20.08,2026-07-25T00:23:32.229Z
flip-only|WQTM|4h|1773057600000|1776153600000,flip-only,WQTM,CBOE:WQTM,4h,Swing 4H,LONG,Swing Low,2026-03-09 08:00,1773057600000,25.58,Flip Short,2026-04-14 04:00,1776153600000,27.37,394,10078.52,85,684.4,6.7839,982.8,9.7417,935.98,9.2776,20.86,2026-07-25T00:23:32.229Z
ts60|AGQ|4h|1725379200000|1726243200000,ts60,AGQ,AMEX:AGQ,4h,Swing 4H,LONG,Swing Low,2024-09-03 12:00,1725379200000,33.08,Flip Short,2024-09-13 12:00,1726243200000,40.05,286,9460.88,32,1972.5,20.8282,1983.96,20.9492,235.4,2.4857,20.92,2026-07-25T04:20:54.137Z
ts60|AGQ|4h|1728403200000|1729281600000,ts60,AGQ,AMEX:AGQ,4h,Swing 4H,LONG,Swing Low,2024-10-08 12:00,1728403200000,38.36,Flip Short,2024-10-18 16:00,1729281600000,46.73,296,11354.56,33,2452.33,21.5762,2504.65,22.0365,147.51,1.2979,25.19,2026-07-25T04:20:54.137Z
ts60|AGQ|4h|1730898000000|1732726800000,ts60,AGQ,AMEX:AGQ,4h,Swing 4H,LONG,Swing Low,2024-11-06 08:00,1730898000000,41.03,Time Stop,2024-11-27 12:00,1732726800000,36.77,333,13662.99,61,-1444.49,-10.5617,392.6,2.8706,1705.3,12.4687,25.91,2026-07-25T04:20:54.137Z
ts60|AGQ|4h|1734541200000|1736355600000,ts60,AGQ,AMEX:AGQ,4h,Swing 4H,LONG,Swing Low,2024-12-18 12:00,1734541200000,36.91,Flip Short,2025-01-08 12:00,1736355600000,37.43,333,12291.03,50,148.4,1.2062,280.75,2.2819,1204.43,9.7895,24.76,2026-07-25T04:20:54.137Z
ts60|AGQ|4h|1737997200000|1738242000000,ts60,AGQ,AMEX:AGQ,4h,Swing 4H,LONG,Swing Low,2025-01-27 12:00,1737997200000,35.7,Flip Short,2025-01-30 08:00,1738242000000,40.1,349,12459.3,11,1509.15,12.1005,1565.02,12.5485,155.55,1.2472,26.45,2026-07-25T04:20:54.137Z
ts60|AGQ|4h|1740502800000|1741780800000,ts60,AGQ,AMEX:AGQ,4h,Swing 4H,LONG,Swing Low,2025-02-25 12:00,1740502800000,39.44,Flip Short,2025-03-12 08:00,1741780800000,42.9,352,13882.88,42,1188.94,8.5555,1281.48,9.2214,636.92,4.5832,28.98,2026-07-25T04:20:54.137Z
ts60|AGQ|4h|1743681600000|1745352000000,ts60,AGQ,AMEX:AGQ,4h,Swing 4H,LONG,Swing Low,2025-04-03 08:00,1743681600000,40.4,Flip Short,2025-04-22 16:00,1745352000000,39.64,371,14988.4,50,-311.65,-2.0772,292.94,1.9525,3175.91,21.1679,29.69,2026-07-25T04:20:54.137Z
ts60|AGQ|4h|1746100800000|1747843200000,ts60,AGQ,AMEX:AGQ,4h,Swing 4H,LONG,Swing Low,2025-05-01 08:00,1746100800000,37.48,Flip Short,2025-05-21 12:00,1747843200000,41.49,392,14692.16,57,1540.96,10.4779,1674.83,11.3881,61.73,0.4198,30.96,2026-07-25T04:20:54.137Z
ts60|AGQ|4h|1753891200000|1755763200000,ts60,AGQ,AMEX:AGQ,4h,Swing 4H,LONG,Swing Low,2025-07-30 12:00,1753891200000,51.01,Time Stop,2025-08-21 04:00,1755763200000,51.34,317,16170.17,61,72.17,0.4458,931.66,5.7558,1223.94,7.5616,32.44,2026-07-25T04:20:54.137Z
ts60|AGQ|4h|1761062400000|1762779600000,ts60,AGQ,AMEX:AGQ,4h,Swing 4H,LONG,Swing Low,2025-10-21 12:00,1761062400000,78.66,Flip Short,2025-11-10 08:00,1762779600000,85.15,206,16203.96,55,1303.2,8.0344,1351.64,8.3331,1715.7,10.5776,33.74,2026-07-25T04:20:54.137Z
ts60|AGQ|4h|1769806800000|1771923600000,ts60,AGQ,AMEX:AGQ,4h,Swing 4H,LONG,Swing Low,2026-01-30 16:00,1769806800000,160.14,Time Stop,2026-02-24 04:00,1771923600000,169.6,109,17455.26,61,995.2,5.6957,3679.82,21.0604,7663.81,43.8616,35.94,2026-07-25T04:20:54.137Z
ts60|AGQ|4h|1773662400000|1775577600000,ts60,AGQ,AMEX:AGQ,4h,Swing 4H,LONG,Swing Low,2026-03-16 08:00,1773662400000,133.46,Time Stop,2026-04-07 12:00,1775577600000,107.09,138,18417.48,61,-3672.26,-19.9191,1309.14,7.1011,6780.42,36.7783,33.2,2026-07-25T04:20:54.137Z
ts60|AGQ|4h|1777377600000|1778155200000,ts60,AGQ,AMEX:AGQ,4h,Swing 4H,LONG,Swing Low,2026-04-28 08:00,1777377600000,107.8,Flip Short,2026-05-07 08:00,1778155200000,134.28,139,14984.2,28,3647.07,24.3151,3682.42,24.5508,577.93,3.8531,33.65,2026-07-25T04:20:54.137Z
ts60|AGQ|4h|1779206400000|1781121600000,ts60,AGQ,AMEX:AGQ,4h,Swing 4H,LONG,Swing Low,2026-05-19 12:00,1779206400000,111.4,Time Stop,2026-06-10 16:00,1781121600000,80.56,165,18381,61,-5120.27,-27.8285,1483.12,8.0607,5290.13,28.7517,31.67,2026-07-25T04:20:54.137Z
ts60|ASHR|4h|1722355200000|1724774400000,ts60,ASHR,AMEX:ASHR,4h,Swing 4H,LONG,Swing Low,2024-07-30 12:00,1722355200000,23.27,Time Stop,2024-08-27 12:00,1724774400000,23.36,407,9470.89,61,17.65,0.1862,295.78,3.1199,17.61,0.1858,18.98,2026-07-25T04:21:00.407Z
ts60|ASHR|4h|1729022400000|1730811600000,ts60,ASHR,AMEX:ASHR,4h,Swing 4H,LONG,Swing Low,2024-10-15 16:00,1729022400000,26.82,Flip Short,2024-11-05 08:00,1730811600000,28.56,354,9494.28,58,596.36,6.2749,673.73,7.089,236.05,2.4838,19.6,2026-07-25T04:21:00.407Z
ts60|ASHR|4h|1732280400000|1733749200000,ts60,ASHR,AMEX:ASHR,4h,Swing 4H,LONG,Swing Low,2024-11-22 08:00,1732280400000,26.65,Flip Short,2024-12-09 08:00,1733749200000,28.86,378,10073.7,39,814.4,8.0763,893.35,8.8592,119.69,1.187,20.98,2026-07-25T04:21:00.407Z
ts60|ASHR|4h|1734382800000|1736787600000,ts60,ASHR,AMEX:ASHR,4h,Swing 4H,LONG,Swing Low,2024-12-16 16:00,1734382800000,26.83,Time Stop,2025-01-13 12:00,1736787600000,24.99,404,10839.32,61,-764.3,-7.0441,138.64,1.2778,774.4,7.1372,20.94,2026-07-25T04:21:00.407Z
ts60|ASHR|4h|1741078800000|1741953600000,ts60,ASHR,AMEX:ASHR,4h,Swing 4H,LONG,Swing Low,2025-03-04 04:00,1741078800000,26.39,Flip Short,2025-03-14 08:00,1741953600000,27.72,383,10107.37,31,488.67,4.8299,518.43,5.1241,10.11,0.0999,20.72,2026-07-25T04:21:00.407Z
ts60|ASHR|4h|1743163200000|1745323200000,ts60,ASHR,AMEX:ASHR,4h,Swing 4H,LONG,Swing Low,2025-03-28 08:00,1743163200000,26.7,Time Stop,2025-04-22 08:00,1745323200000,25.79,396,10573.2,61,-381.15,-3.6012,0,0,1388.65,13.1206,20.79,2026-07-25T04:21:00.407Z
ts60|ASHR|4h|1748620800000|1749744000000,ts60,ASHR,AMEX:ASHR,4h,Swing 4H,LONG,Swing Low,2025-05-30 12:00,1748620800000,26.43,Flip Short,2025-06-12 12:00,1749744000000,27.03,386,10201.98,34,210.96,2.0658,225.26,2.2058,137.58,1.3472,20.64,2026-07-25T04:21:00.407Z
ts60|ASHR|4h|1760112000000|1761566400000,ts60,ASHR,AMEX:ASHR,4h,Swing 4H,LONG,Swing Low,2025-10-10 12:00,1760112000000,31.69,Flip Short,2025-10-27 08:00,1761566400000,33.63,328,10394.32,39,614.89,5.9098,632.49,6.0788,200.63,1.9283,21.42,2026-07-25T04:21:00.407Z
ts60|ASHR|4h|1763658000000|1765270800000,ts60,ASHR,AMEX:ASHR,4h,Swing 4H,LONG,Swing Low,2025-11-20 12:00,1763658000000,32.3,Flip Short,2025-12-09 04:00,1765270800000,33.04,340,10982,36,229.38,2.0866,315.42,2.8693,313.58,2.8526,22.22,2026-07-25T04:21:00.407Z
ts60|ASHR|4h|1766149200000|1767358800000,ts60,ASHR,AMEX:ASHR,4h,Swing 4H,LONG,Swing Low,2025-12-19 08:00,1766149200000,32.3,Flip Short,2026-01-02 08:00,1767358800000,33.27,346,11175.8,28,312.93,2.7973,324.44,2.9002,38.86,0.3473,22.69,2026-07-25T04:21:00.407Z
ts60|ASHR|4h|1769806800000|1770670800000,ts60,ASHR,AMEX:ASHR,4h,Swing 4H,LONG,Swing Low,2026-01-30 16:00,1769806800000,33.48,Flip Short,2026-02-09 16:00,1770670800000,34.03,344,11517.12,21,165.98,1.4397,212.08,1.8396,211.04,1.8305,23.22,2026-07-25T04:21:00.407Z
ts60|ASHR|4h|1772542800000|1774555200000,ts60,ASHR,AMEX:ASHR,4h,Swing 4H,LONG,Swing Low,2026-03-03 08:00,1772542800000,33.27,Time Stop,2026-03-26 16:00,1774555200000,31.84,349,11611.23,61,-521.79,-4.4894,246.65,2.1221,576.99,4.9643,22.72,2026-07-25T04:21:00.407Z
ts60|ASHR|4h|1779364800000|1781640000000,ts60,ASHR,AMEX:ASHR,4h,Swing 4H,LONG,Swing Low,2026-05-21 08:00,1779364800000,35.07,Time Stop,2026-06-16 16:00,1781640000000,35.94,319,11187.33,61,254.88,2.276,368.42,3.2899,224.92,2.0085,22.65,2026-07-25T04:21:00.407Z
ts60|EPI|4h|1710331200000|1712145600000,ts60,EPI,AMEX:EPI,4h,Swing 4H,LONG,Swing Low,2024-03-13 08:00,1710331200000,42.92,Flip Short,2024-04-03 08:00,1712145600000,44.16,220,9442.4,45,253.64,2.6835,375.56,3.9734,192.04,2.0318,19.16,2026-07-25T04:21:05.710Z
ts60|EPI|4h|1715601600000|1716220800000,ts60,EPI,AMEX:EPI,4h,Swing 4H,LONG,Swing Low,2024-05-13 08:00,1715601600000,44,Flip Short,2024-05-20 12:00,1716220800000,45.87,221,9724,17,393.41,4.0417,405.76,4.1686,53.92,0.554,19.86,2026-07-25T04:21:05.710Z
ts60|EPI|4h|1721808000000|1723809600000,ts60,EPI,AMEX:EPI,4h,Swing 4H,LONG,Swing Low,2024-07-24 04:00,1721808000000,48.86,Time Stop,2024-08-16 08:00,1723809600000,48.69,209,10211.74,61,-55.92,-0.547,248.95,2.4354,607.95,5.9475,20.39,2026-07-25T04:21:05.710Z
ts60|EPI|4h|1726070400000|1727092800000,ts60,EPI,AMEX:EPI,4h,Swing 4H,LONG,Swing Low,2024-09-11 12:00,1726070400000,48.65,Flip Short,2024-09-23 08:00,1727092800000,50.91,206,10021.9,24,445.05,4.4363,455.54,4.5409,10.02,0.0999,20.51,2026-07-25T04:21:05.710Z
ts60|EPI|4h|1728057600000|1730304000000,ts60,EPI,AMEX:EPI,4h,Swing 4H,LONG,Swing Low,2024-10-04 12:00,1728057600000,49.34,Time Stop,2024-10-30 12:00,1730304000000,47.44,212,10460.08,61,-423.32,-4.0429,84.94,0.8112,553.18,5.2832,20.52,2026-07-25T04:21:05.710Z
ts60|EPI|4h|1734555600000|1737450000000,ts60,EPI,AMEX:EPI,4h,Swing 4H,LONG,Swing Low,2024-12-18 16:00,1734555600000,46.33,Time Stop,2025-01-21 04:00,1737450000000,43.7,218,10099.94,61,-592.97,-5.8651,179.56,1.7761,814.52,8.0565,19.63,2026-07-25T04:21:05.710Z
ts60|EPI|4h|1744027200000|1744905600000,ts60,EPI,AMEX:EPI,4h,Swing 4H,LONG,Swing Low,2025-04-07 08:00,1744027200000,41.24,Flip Short,2025-04-17 12:00,1744905600000,44.17,229,9443.96,26,651.41,6.8908,691.3,7.3127,96.46,1.0204,19.56,2026-07-25T04:21:05.710Z
ts60|EPI|4h|1746720000000|1747224000000,ts60,EPI,AMEX:EPI,4h,Swing 4H,LONG,Swing Low,2025-05-08 12:00,1746720000000,43.76,Flip Short,2025-05-14 08:00,1747224000000,45.96,231,10108.56,12,487.47,4.8176,620.52,6.1324,130.23,1.287,20.73,2026-07-25T04:21:05.710Z
ts60|EPI|4h|1750190400000|1751025600000,ts60,EPI,AMEX:EPI,4h,Swing 4H,LONG,Swing Low,2025-06-17 16:00,1750190400000,45.9,Flip Short,2025-06-27 08:00,1751025600000,47.45,230,10557,21,335.03,3.1704,345.94,3.2736,77.26,0.7311,21.47,2026-07-25T04:21:05.710Z
ts60|EPI|4h|1753200000000|1755273600000,ts60,EPI,AMEX:EPI,4h,Swing 4H,LONG,Swing Low,2025-07-22 12:00,1753200000000,46.54,Time Stop,2025-08-15 12:00,1755273600000,44.5,234,10890.36,61,-498.66,-4.5744,28.89,0.265,579.51,5.316,21.3,2026-07-25T04:21:05.710Z
ts60|EPI|4h|1764781200000|1766581200000,ts60,EPI,AMEX:EPI,4h,Swing 4H,LONG,Swing Low,2025-12-03 12:00,1764781200000,45.19,Flip Short,2025-12-24 08:00,1766581200000,46.24,230,10393.7,49,220.47,2.1191,274.81,2.6413,102.39,0.9842,21.03,2026-07-25T04:21:05.710Z
ts60|EPI|4h|1768582800000|1770066000000,ts60,EPI,AMEX:EPI,4h,Swing 4H,LONG,Swing Low,2026-01-16 12:00,1768582800000,45.37,Flip Short,2026-02-02 16:00,1770066000000,46.29,234,10616.58,34,193.83,1.8239,204.66,1.9258,399.06,3.7551,21.45,2026-07-25T04:21:05.710Z
ts60|EPI|4h|1772456400000|1774555200000,ts60,EPI,AMEX:EPI,4h,Swing 4H,LONG,Swing Low,2026-03-02 08:00,1772456400000,44.64,Time Stop,2026-03-26 16:00,1774555200000,40.34,243,10847.52,61,-1065.55,-9.8132,0,0,1138.37,10.4838,20.65,2026-07-25T04:21:05.710Z
ts60|EPI|4h|1778572800000|1781179200000,ts60,EPI,AMEX:EPI,4h,Swing 4H,LONG,Swing Low,2026-05-12 04:00,1778572800000,42.34,Time Stop,2026-06-11 08:00,1781179200000,41.2,230,9738.2,61,-281.41,-2.8869,105.26,1.0798,271.94,2.7897,19.21,2026-07-25T04:21:05.710Z
ts60|EURL|4h|1692028800000|1695902400000,ts60,EURL,AMEX:EURL,4h,Swing 4H,LONG,Swing Low,2023-08-14 12:00,1692028800000,21.88,Time Stop,2023-09-28 08:00,1695902400000,17.63,436,9539.68,61,-1870.23,-19.5851,0,0,2189.54,22.929,17.23,2026-07-25T04:21:10.688Z
ts60|EURL|4h|1705424400000|1708606800000,ts60,EURL,AMEX:EURL,4h,Swing 4H,LONG,Swing Low,2024-01-16 12:00,1705424400000,21.41,Flip Short,2024-02-22 08:00,1708606800000,23.9,358,7664.78,57,875.2,11.407,919.56,11.9852,365.66,4.7659,16.22,2026-07-25T04:21:10.688Z
ts60|EURL|4h|1712764800000|1715097600000,ts60,EURL,AMEX:EURL,4h,Swing 4H,LONG,Swing Low,2024-04-10 12:00,1712764800000,24.71,Flip Short,2024-05-07 12:00,1715097600000,26.37,345,8524.95,45,555.08,6.5047,584.88,6.8539,805.48,9.439,17.62,2026-07-25T04:21:10.688Z
ts60|EURL|4h|1718121600000|1720800000000,ts60,EURL,AMEX:EURL,4h,Swing 4H,LONG,Swing Low,2024-06-11 12:00,1718121600000,26.73,Flip Short,2024-07-12 12:00,1720800000000,28.51,339,9061.47,50,584.69,6.4461,723.18,7.9728,629.43,6.9393,18.73,2026-07-25T04:21:10.688Z
ts60|EURL|4h|1722600000000|1724083200000,ts60,EURL,AMEX:EURL,4h,Swing 4H,LONG,Swing Low,2024-08-02 08:00,1722600000000,24.35,Flip Short,2024-08-19 12:00,1724083200000,27.76,383,9326.05,24,1286.07,13.7763,1354.15,14.5056,871.08,9.3309,19.96,2026-07-25T04:21:10.688Z
ts60|EURL|4h|1729008000000|1731675600000,ts60,EURL,AMEX:EURL,4h,Swing 4H,LONG,Swing Low,2024-10-15 12:00,1729008000000,26.46,Time Stop,2024-11-15 08:00,1731675600000,21.75,409,10822.14,61,-1946.11,-17.9647,300.02,2.7695,2162.16,19.9591,19.72,2026-07-25T04:21:10.688Z
ts60|EURL|4h|1734555600000|1737478800000,ts60,EURL,AMEX:EURL,4h,Swing 4H,LONG,Swing Low,2024-12-18 16:00,1734555600000,20.66,Flip Short,2025-01-21 12:00,1737478800000,23.15,431,8904.46,49,1054.31,11.8284,1064.29,11.9403,517.48,5.8057,18.88,2026-07-25T04:21:10.688Z
ts60|EURL|4h|1743076800000|1745424000000,ts60,EURL,AMEX:EURL,4h,Swing 4H,LONG,Swing Low,2025-03-27 08:00,1743076800000,27.56,Time Stop,2025-04-23 12:00,1745424000000,26.3,366,10086.96,61,-480.87,-4.7625,205.85,2.0387,3509.05,34.7532,19.71,2026-07-25T04:21:10.688Z
ts60|EURL|4h|1750435200000|1751875200000,ts60,EURL,AMEX:EURL,4h,Swing 4H,LONG,Swing Low,2025-06-20 12:00,1750435200000,31.5,Flip Short,2025-07-07 04:00,1751875200000,35.41,301,9481.5,26,1156.77,12.1881,1167.43,12.3004,235.23,2.4785,20.14,2026-07-25T04:21:10.688Z
ts60|EURL|4h|1753992000000|1755619200000,ts60,EURL,AMEX:EURL,4h,Swing 4H,LONG,Swing Low,2025-07-31 16:00,1753992000000,31.39,Flip Short,2025-08-19 12:00,1755619200000,35.71,339,10641.21,39,1441.73,13.535,1603,15.049,658.13,6.1786,22.75,2026-07-25T04:21:10.688Z
ts60|EURL|4h|1756886400000|1759334400000,ts60,EURL,AMEX:EURL,4h,Swing 4H,LONG,Swing Low,2025-09-03 04:00,1756886400000,33.6,Flip Short,2025-10-01 12:00,1759334400000,37.5,362,12163.2,51,1386.06,11.3842,1399.64,11.4956,102.66,0.8432,25.74,2026-07-25T04:21:10.688Z
ts60|EURL|4h|1762275600000|1765198800000,ts60,EURL,AMEX:EURL,4h,Swing 4H,LONG,Swing Low,2025-11-04 12:00,1762275600000,35.63,Time Stop,2025-12-08 08:00,1765198800000,38.49,372,13254.36,61,1036.35,7.8111,1381.75,10.4144,1129.25,8.5114,27.57,2026-07-25T04:21:10.688Z
ts60|EURL|4h|1772542800000|1774872000000,ts60,EURL,AMEX:EURL,4h,Swing 4H,LONG,Swing Low,2026-03-03 08:00,1772542800000,42.3,Time Stop,2026-03-30 08:00,1774872000000,35.26,336,14212.8,61,-2391.5,-16.8096,892.99,6.2767,3139.01,22.0638,26.06,2026-07-25T04:21:10.688Z
ts60|FAS|4h|1726070400000|1727899200000,ts60,FAS,AMEX:FAS,4h,Swing 4H,LONG,Swing Low,2024-09-11 12:00,1726070400000,115.71,Time Stop,2024-10-02 16:00,1727899200000,128.24,81,9372.51,61,995.17,10.6074,1442.15,15.3716,9.37,0.0999,19.76,2026-07-25T04:21:15.646Z
ts60|FAS|4h|1730404800000|1730898000000,ts60,FAS,AMEX:FAS,4h,Swing 4H,LONG,Swing Low,2024-10-31 16:00,1730404800000,138.42,Flip Short,2024-11-06 08:00,1730898000000,163.32,75,10381.5,14,1844.87,17.753,1932.12,18.5926,353.13,3.3981,22.63,2026-07-25T04:21:15.646Z
ts60|FAS|4h|1733850000000|1735894800000,ts60,FAS,AMEX:FAS,4h,Swing 4H,LONG,Swing Low,2024-12-10 12:00,1733850000000,165.49,Time Stop,2025-01-03 04:00,1735894800000,150.7,73,12080.77,61,-1102.75,-9.119,103.99,0.8599,1720.28,14.2256,23.08,2026-07-25T04:21:15.646Z
ts60|FAS|4h|1740171600000|1741006800000,ts60,FAS,AMEX:FAS,4h,Swing 4H,LONG,Swing Low,2025-02-21 16:00,1740171600000,170.22,Flip Short,2025-03-03 08:00,1741006800000,186.63,65,11064.3,22,1043.45,9.4214,1125.14,10.1589,308.11,2.782,23.2,2026-07-25T04:21:15.646Z
ts60|FAS|4h|1741107600000|1742846400000,ts60,FAS,AMEX:FAS,4h,Swing 4H,LONG,Swing Low,2025-03-04 12:00,1741107600000,160.9,Flip Short,2025-03-24 16:00,1742846400000,161.96,75,12067.5,57,55.29,0.4577,602.93,4.9913,1941.07,16.069,24.21,2026-07-25T04:21:15.646Z
ts60|FAS|4h|1743667200000|1745424000000,ts60,FAS,AMEX:FAS,4h,Swing 4H,LONG,Swing Low,2025-04-03 04:00,1743667200000,147.26,Flip Short,2025-04-23 12:00,1745424000000,132.81,82,12075.32,54,-1207.87,-9.9928,50.24,0.4157,4687.72,38.7818,22.97,2026-07-25T04:21:15.646Z
ts60|FAS|4h|1748016000000|1750104000000,ts60,FAS,AMEX:FAS,4h,Swing 4H,LONG,Swing Low,2025-05-23 12:00,1748016000000,147.96,Time Stop,2025-06-16 16:00,1750104000000,152.01,74,10949.04,61,277.5,2.532,910.35,8.3061,218.89,1.9972,22.2,2026-07-25T04:21:15.646Z
ts60|FAS|4h|1752652800000|1753372800000,ts60,FAS,AMEX:FAS,4h,Swing 4H,LONG,Swing Low,2025-07-16 04:00,1752652800000,160.98,Flip Short,2025-07-24 12:00,1753372800000,177.36,70,11268.6,26,1122.92,9.955,1136.03,10.0713,237.37,2.1044,23.68,2026-07-25T04:21:15.646Z
ts60|FAS|4h|1754064000000|1755259200000,ts60,FAS,AMEX:FAS,4h,Swing 4H,LONG,Swing Low,2025-08-01 12:00,1754064000000,158.57,Flip Short,2025-08-15 08:00,1755259200000,172.71,77,12209.89,39,1063.27,8.6996,1098.9,8.9911,255.53,2.0907,25.51,2026-07-25T04:21:15.646Z
ts60|FAS|4h|1759420800000|1761249600000,ts60,FAS,AMEX:FAS,4h,Swing 4H,LONG,Swing Low,2025-10-02 12:00,1759420800000,170.8,Time Stop,2025-10-23 16:00,1761249600000,163.24,78,13322.4,61,-615.74,-4.6172,679.32,5.094,1731.66,12.9851,26.06,2026-07-25T04:21:15.646Z
ts60|FAS|4h|1763413200000|1764795600000,ts60,FAS,AMEX:FAS,4h,Swing 4H,LONG,Swing Low,2025-11-17 16:00,1763413200000,151.71,Flip Short,2025-12-03 16:00,1764795600000,169.42,84,12743.64,43,1460.66,11.4505,1521.94,11.9308,310.1,2.431,26.97,2026-07-25T04:21:15.646Z
ts60|FAS|4h|1768323600000|1770238800000,ts60,FAS,AMEX:FAS,4h,Swing 4H,LONG,Swing Low,2026-01-13 12:00,1768323600000,162.96,Time Stop,2026-02-04 16:00,1770238800000,158.84,87,14177.52,61,-386.44,-2.723,315.55,2.2235,1274.81,8.9828,28,2026-07-25T04:21:15.646Z
ts60|FAS|4h|1770829200000|1772744400000,ts60,FAS,AMEX:FAS,4h,Swing 4H,LONG,Swing Low,2026-02-11 12:00,1770829200000,149.24,Time Stop,2026-03-05 16:00,1772744400000,132.51,92,13730.08,61,-1565.08,-11.3875,72.75,0.5293,2333.97,16.982,25.92,2026-07-25T04:21:15.646Z
ts60|FAS|4h|1777564800000|1779393600000,ts60,FAS,AMEX:FAS,4h,Swing 4H,LONG,Swing Low,2026-04-30 12:00,1777564800000,137.48,Time Stop,2026-05-21 16:00,1779393600000,133.68,89,12235.72,61,-362.33,-2.9583,337.53,2.7558,992.13,8.1003,24.13,2026-07-25T04:21:15.646Z
ts60|FAS|4h|1780502400000|1780675200000,ts60,FAS,AMEX:FAS,4h,Swing 4H,LONG,Swing Low,2026-06-03 12:00,1780502400000,124.93,Flip Short,2026-06-05 12:00,1780675200000,136.08,96,11993.28,8,1045.34,8.7074,1270.57,10.5834,11.99,0.0999,25.06,2026-07-25T04:21:15.646Z
ts60|GLD|4h|1728576000000|1729080000000,ts60,GLD,AMEX:GLD,4h,Swing 4H,LONG,Swing Low,2024-10-10 12:00,1728576000000,242.34,Flip Short,2024-10-16 08:00,1729080000000,247.34,39,9451.26,15,175.9,1.8593,203.49,2.1509,37.14,0.3926,19.1,2026-07-25T04:21:20.870Z
ts60|GLD|4h|1730898000000|1732309200000,ts60,GLD,AMEX:GLD,4h,Swing 4H,LONG,Swing Low,2024-11-06 08:00,1730898000000,248.9,Flip Short,2024-11-22 16:00,1732309200000,249.9,38,9458.2,50,19.05,0.2012,46.78,0.4941,568.06,6,18.95,2026-07-25T04:21:20.870Z
ts60|GLD|4h|1734555600000|1736355600000,ts60,GLD,AMEX:GLD,4h,Swing 4H,LONG,Swing Low,2024-12-18 16:00,1734555600000,239.41,Flip Short,2025-01-08 12:00,1736355600000,246.41,40,9576.4,51,260.57,2.7182,272.02,2.8377,47.58,0.4963,19.43,2026-07-25T04:21:20.870Z
ts60|GLD|4h|1740747600000|1741881600000,ts60,GLD,AMEX:GLD,4h,Swing 4H,LONG,Swing Low,2025-02-28 08:00,1740747600000,263.57,Flip Short,2025-03-13 12:00,1741881600000,274.64,37,9752.09,37,389.68,3.9918,400.21,4.0997,95.59,0.9792,19.91,2026-07-25T04:21:20.870Z
ts60|GLD|4h|1744027200000|1744300800000,ts60,GLD,AMEX:GLD,4h,Swing 4H,LONG,Swing Low,2025-04-07 08:00,1744027200000,279.4,Flip Short,2025-04-10 12:00,1744300800000,291.16,36,10058.4,13,402.82,4.0008,469.46,4.6627,254.86,2.5313,20.54,2026-07-25T04:21:20.870Z
ts60|GLD|4h|1747238400000|1748880000000,ts60,GLD,AMEX:GLD,4h,Swing 4H,LONG,Swing Low,2025-05-14 12:00,1747238400000,293.32,Flip Short,2025-06-02 12:00,1748880000000,310.96,36,10559.52,48,613.29,5.8021,639.96,6.0545,184.08,1.7415,21.75,2026-07-25T04:21:20.870Z
ts60|GLD|4h|1750780800000|1752249600000,ts60,GLD,AMEX:GLD,4h,Swing 4H,LONG,Swing Low,2025-06-24 12:00,1750780800000,305.27,Flip Short,2025-07-11 12:00,1752249600000,309.38,36,10989.72,48,125.83,1.1439,169.37,1.5396,204.67,1.8605,22.13,2026-07-25T04:21:20.870Z
ts60|GLD|4h|1753718400000|1755547200000,ts60,GLD,AMEX:GLD,4h,Swing 4H,LONG,Swing Low,2025-07-28 12:00,1753718400000,305.26,Time Stop,2025-08-18 16:00,1755547200000,306.94,37,11294.62,61,39.51,0.3495,315.05,2.7866,170.39,1.5071,22.65,2026-07-25T04:21:20.870Z
ts60|GLD|4h|1761652800000|1762866000000,ts60,GLD,AMEX:GLD,4h,Swing 4H,LONG,Swing Low,2025-10-28 08:00,1761652800000,361.02,Flip Short,2025-11-11 08:00,1762866000000,380.4,31,11191.62,40,577.8,5.1576,619.35,5.5285,63.27,0.5648,22.98,2026-07-25T04:21:20.870Z
ts60|GLD|4h|1773662400000|1775577600000,ts60,GLD,AMEX:GLD,4h,Swing 4H,LONG,Swing Low,2026-03-16 08:00,1773662400000,459.03,Time Stop,2026-04-07 12:00,1775577600000,427.68,26,11934.78,61,-838.15,-7.0158,86.09,0.7206,1922.93,16.0959,23.05,2026-07-25T04:21:20.870Z
ts60|GLD|4h|1777377600000|1778572800000,ts60,GLD,AMEX:GLD,4h,Swing 4H,LONG,Swing Low,2026-04-28 08:00,1777377600000,419,Flip Short,2026-05-12 04:00,1778572800000,432.04,26,10894,39,316.91,2.9062,480.51,4.4063,159.09,1.4589,22.13,2026-07-25T04:21:20.870Z
ts60|GLD|4h|1779206400000|1781121600000,ts60,GLD,AMEX:GLD,4h,Swing 4H,LONG,Swing Low,2026-05-19 12:00,1779206400000,413.89,Time Stop,2026-06-10 16:00,1781121600000,374.66,27,11175.03,61,-1080.5,-9.6592,203.2,1.8166,1073.63,9.5978,21.29,2026-07-25T04:21:20.870Z
ts60|GLTR|4h|1699880400000|1700586000000,ts60,GLTR,AMEX:GLTR,4h,Swing 4H,LONG,Swing Low,2023-11-13 08:00,1699880400000,84.46,Flip Short,2023-11-21 12:00,1700586000000,89.22,112,9459.52,15,513.67,5.4247,557.26,5.8851,9.46,0.0999,19.45,2026-07-25T04:21:25.944Z
ts60|GLTR|4h|1707843600000|1709312400000,ts60,GLTR,AMEX:GLTR,4h,Swing 4H,LONG,Swing Low,2024-02-13 12:00,1707843600000,85.68,Flip Short,2024-03-01 12:00,1709312400000,89.63,116,9938.88,25,437.86,4.4012,448.26,4.5057,30.82,0.3098,20.34,2026-07-25T04:21:25.944Z
ts60|GLTR|4h|1714665600000|1715788800000,ts60,GLTR,AMEX:GLTR,4h,Swing 4H,LONG,Swing Low,2024-05-02 12:00,1714665600000,99.12,Flip Short,2024-05-15 12:00,1715788800000,104.95,104,10308.48,19,585.1,5.6702,624.09,6.0481,90.39,0.876,21.22,2026-07-25T04:21:25.944Z
ts60|GLTR|4h|1717776000000|1720195200000,ts60,GLTR,AMEX:GLTR,4h,Swing 4H,LONG,Swing Low,2024-06-07 12:00,1717776000000,102.01,Flip Short,2024-07-05 12:00,1720195200000,107.19,107,10915.07,41,531.88,4.868,543.34,4.973,116.85,1.0694,22.38,2026-07-25T04:21:25.944Z
ts60|GLTR|4h|1722873600000|1724155200000,ts60,GLTR,AMEX:GLTR,4h,Swing 4H,LONG,Swing Low,2024-08-05 12:00,1722873600000,102.08,Flip Short,2024-08-20 08:00,1724155200000,108.9,112,11432.96,24,740.21,6.4679,752.41,6.5745,120.07,1.0492,23.63,2026-07-25T04:21:25.944Z
ts60|GLTR|4h|1731344400000|1733936400000,ts60,GLTR,AMEX:GLTR,4h,Swing 4H,LONG,Swing Low,2024-11-11 12:00,1731344400000,111.88,Flip Short,2024-12-11 12:00,1733936400000,116,108,12083.04,47,420.35,3.4754,449.08,3.7129,364.16,3.0108,24.61,2026-07-25T04:21:25.944Z
ts60|GLTR|4h|1734613200000|1737478800000,ts60,GLTR,AMEX:GLTR,4h,Swing 4H,LONG,Swing Low,2024-12-19 08:00,1734613200000,109.55,Flip Short,2025-01-21 12:00,1737478800000,115.42,114,12488.7,40,643.53,5.1478,656.69,5.253,108.25,0.8659,25.65,2026-07-25T04:21:25.944Z
ts60|GLTR|4h|1744113600000|1744387200000,ts60,GLTR,AMEX:GLTR,4h,Swing 4H,LONG,Swing Low,2025-04-08 08:00,1744113600000,121.95,Flip Short,2025-04-11 12:00,1744387200000,130.2,109,13292.55,10,871.77,6.5518,885.96,6.6584,184.42,1.386,27.48,2026-07-25T04:21:25.944Z
ts60|GLTR|4h|1747238400000|1748880000000,ts60,GLTR,AMEX:GLTR,4h,Swing 4H,LONG,Swing Low,2025-05-14 12:00,1747238400000,128.81,Flip Short,2025-06-02 12:00,1748880000000,136.76,108,13911.48,30,829.92,5.9597,856.57,6.1511,128.39,0.922,28.68,2026-07-25T04:21:25.944Z
ts60|GLTR|4h|1761580800000|1762966800000,ts60,GLTR,AMEX:GLTR,4h,Swing 4H,LONG,Swing Low,2025-10-27 12:00,1761580800000,169.66,Flip Short,2025-11-12 12:00,1762966800000,182.8,87,14760.42,36,1112.52,7.5296,1128.42,7.6373,350.58,2.3728,30.66,2026-07-25T04:21:25.944Z
ts60|GLTR|4h|1769806800000|1771880400000,ts60,GLTR,AMEX:GLTR,4h,Swing 4H,LONG,Swing Low,2026-01-30 16:00,1769806800000,233.01,Flip Short,2026-02-23 16:00,1771880400000,249.98,68,15844.68,59,1121.12,7.0686,1139.48,7.1843,1920.52,12.1088,32.84,2026-07-25T04:21:25.944Z
ts60|GLTR|4h|1773662400000|1775635200000,ts60,GLTR,AMEX:GLTR,4h,Swing 4H,LONG,Swing Low,2026-03-16 08:00,1773662400000,232.28,Flip Short,2026-04-08 04:00,1775635200000,222.55,72,16724.16,59,-733.31,-4.3803,225.92,1.3495,2844.16,16.9893,32.75,2026-07-25T04:21:25.944Z
ts60|GLTR|4h|1777377600000|1778515200000,ts60,GLTR,AMEX:GLTR,4h,Swing 4H,LONG,Swing Low,2026-04-28 08:00,1777377600000,213.12,Flip Short,2026-05-11 12:00,1778515200000,230.52,76,16197.12,33,1288.68,7.9483,1391.32,8.5814,291.32,1.7968,33.72,2026-07-25T04:21:25.944Z
ts60|GLTR|4h|1779206400000|1781553600000,ts60,GLTR,AMEX:GLTR,4h,Swing 4H,LONG,Swing Low,2026-05-19 12:00,1779206400000,212.51,Time Stop,2026-06-15 16:00,1781553600000,196.03,82,17425.82,61,-1384.86,-7.9392,345.83,1.9826,2338.85,13.4083,33.5,2026-07-25T04:21:25.944Z
ts60|JNUG|4h|1725379200000|1726228800000,ts60,JNUG,AMEX:JNUG,4h,Swing 4H,LONG,Swing Low,2024-09-03 12:00,1725379200000,38.63,Flip Short,2024-09-13 08:00,1726228800000,46.21,245,9464.35,31,1836.31,19.383,1918.69,20.2525,541.11,5.7117,20.79,2026-07-25T04:21:31.011Z
ts60|JNUG|4h|1728316800000|1729080000000,ts60,JNUG,AMEX:JNUG,4h,Swing 4H,LONG,Swing Low,2024-10-07 12:00,1728316800000,45.23,Flip Short,2024-10-16 08:00,1729080000000,51.16,248,11217.04,26,1446.74,12.8848,1496.62,13.3291,519.62,4.6278,23.9,2026-07-25T04:21:31.011Z
ts60|JNUG|4h|1730739600000|1732568400000,ts60,JNUG,AMEX:JNUG,4h,Swing 4H,LONG,Swing Low,2024-11-04 12:00,1730739600000,50.29,Time Stop,2024-11-25 16:00,1732568400000,42.04,251,12622.79,61,-2093.92,-16.5719,429.14,3.3963,3147.61,24.911,23.17,2026-07-25T04:21:31.011Z
ts60|JNUG|4h|1734368400000|1736499600000,ts60,JNUG,AMEX:JNUG,4h,Swing 4H,LONG,Swing Low,2024-12-16 12:00,1734368400000,41.9,Time Stop,2025-01-10 04:00,1736499600000,41.01,253,10600.7,61,-246.15,-2.3197,77.95,0.7346,1801.84,16.9804,20.98,2026-07-25T04:21:31.011Z
ts60|JNUG|4h|1740416400000|1741809600000,ts60,JNUG,AMEX:JNUG,4h,Swing 4H,LONG,Swing Low,2025-02-24 12:00,1740416400000,49.25,Flip Short,2025-03-12 16:00,1741809600000,53.43,210,10342.5,47,856.24,8.2706,867.46,8.3789,1270.34,12.2705,21.56,2026-07-25T04:21:31.011Z
ts60|JNUG|4h|1743681600000|1744372800000,ts60,JNUG,AMEX:JNUG,4h,Swing 4H,LONG,Swing Low,2025-04-03 08:00,1743681600000,56.54,Flip Short,2025-04-11 08:00,1744372800000,66.13,198,11194.92,24,1874.53,16.7278,1950.99,17.41,2256.51,20.1365,24.29,2026-07-25T04:21:31.011Z
ts60|JNUG|4h|1746100800000|1747929600000,ts60,JNUG,AMEX:JNUG,4h,Swing 4H,LONG,Swing Low,2025-05-01 08:00,1746100800000,63.7,Time Stop,2025-05-22 12:00,1747929600000,70.5,203,12931.1,61,1353.16,10.4539,2494.12,19.2685,1257.32,9.7135,27.24,2026-07-25T04:21:31.011Z
ts60|JNUG|4h|1750420800000|1752494400000,ts60,JNUG,AMEX:JNUG,4h,Swing 4H,LONG,Swing Low,2025-06-20 08:00,1750420800000,81.39,Flip Short,2025-07-14 08:00,1752494400000,83.01,176,14324.64,60,256.19,1.7866,330.64,2.3059,1446.96,10.0911,28.93,2026-07-25T04:21:31.011Z
ts60|JNUG|4h|1752768000000|1753200000000,ts60,JNUG,AMEX:JNUG,4h,Swing 4H,LONG,Swing Low,2025-07-17 12:00,1752768000000,75.44,Flip Short,2025-07-22 12:00,1753200000000,84.62,192,14484.48,12,1731.83,11.9445,1767.28,12.189,16.4,0.1131,30.73,2026-07-25T04:21:31.011Z
ts60|JNUG|4h|1753718400000|1754510400000,ts60,JNUG,AMEX:JNUG,4h,Swing 4H,LONG,Swing Low,2025-07-28 12:00,1753718400000,74.72,Flip Short,2025-08-06 16:00,1754510400000,86.46,215,16064.8,28,2489.45,15.4808,2561.79,15.9306,1220.06,7.5871,34.65,2026-07-25T04:21:31.011Z
ts60|JNUG|4h|1761062400000|1762866000000,ts60,JNUG,AMEX:JNUG,4h,Swing 4H,LONG,Swing Low,2025-10-21 12:00,1761062400000,145.59,Flip Short,2025-11-11 08:00,1762866000000,152.99,127,18489.93,59,901.88,4.8728,1000.05,5.4032,3046.17,16.4583,37.92,2026-07-25T04:21:31.011Z
ts60|JNUG|4h|1769806800000|1771851600000,ts60,JNUG,AMEX:JNUG,4h,Swing 4H,LONG,Swing Low,2026-01-30 16:00,1769806800000,235.03,Flip Short,2026-02-23 08:00,1771851600000,305.81,82,19272.46,58,5759.61,29.8553,5844.55,30.2956,2973.73,15.4145,44.35,2026-07-25T04:21:31.011Z
ts60|JNUG|4h|1772816400000|1774641600000,ts60,JNUG,AMEX:JNUG,4h,Swing 4H,LONG,Swing Low,2026-03-06 12:00,1772816400000,269.71,Time Stop,2026-03-27 16:00,1774641600000,170.5,92,24813.32,61,-9167.82,-36.9103,2111.43,8.5007,12552.45,50.537,40.5,2026-07-25T04:21:31.011Z
ts60|JNUG|4h|1777377600000|1778515200000,ts60,JNUG,AMEX:JNUG,4h,Swing 4H,LONG,Swing Low,2026-04-28 08:00,1777377600000,188.95,Flip Short,2026-05-11 12:00,1778515200000,224.2,85,16060.75,37,2961.13,18.4187,3514.84,21.8628,1448.31,9.0087,35.12,2026-07-25T04:21:31.011Z
ts60|JNUG|4h|1779206400000|1781121600000,ts60,JNUG,AMEX:JNUG,4h,Swing 4H,LONG,Swing Low,2026-05-19 12:00,1779206400000,162.82,Time Stop,2026-06-10 16:00,1781121600000,115,116,18887.12,61,-5579.35,-29.511,3074.83,16.2638,5604.29,29.6429,32.23,2026-07-25T04:21:31.011Z
ts60|MEXX|4h|1705424400000|1706878800000,ts60,MEXX,AMEX:MEXX,4h,Swing 4H,LONG,Swing Low,2024-01-16 12:00,1705424400000,30.1,Flip Short,2024-02-02 08:00,1706878800000,34.02,316,9511.6,30,1218.46,12.7974,1380.89,14.5034,733.15,7.7003,20.26,2026-07-25T04:21:35.873Z
ts60|MEXX|4h|1709125200000|1711540800000,ts60,MEXX,AMEX:MEXX,4h,Swing 4H,LONG,Swing Low,2024-02-28 08:00,1709125200000,31.01,Flip Short,2024-03-27 08:00,1711540800000,34.21,340,10543.4,42,1065.83,10.0988,1077.46,10.209,734.74,6.9618,22.17,2026-07-25T04:21:35.873Z
ts60|MEXX|4h|1713254400000|1715788800000,ts60,MEXX,AMEX:MEXX,4h,Swing 4H,LONG,Swing Low,2024-04-16 04:00,1713254400000,30.8,Flip Short,2024-05-15 12:00,1715788800000,34.08,397,12227.6,45,1276.4,10.4283,1289.93,10.5388,1238.96,10.1223,25.76,2026-07-25T04:21:35.873Z
ts60|MEXX|4h|1716998400000|1719504000000,ts60,MEXX,AMEX:MEXX,4h,Swing 4H,LONG,Swing Low,2024-05-29 12:00,1716998400000,27.6,Time Stop,2024-06-27 12:00,1719504000000,17.2,472,13027.2,61,-4929.95,-37.8057,407.05,3.1215,5488.23,42.0869,21.15,2026-07-25T04:21:35.873Z
ts60|MEXX|4h|1721894400000|1723824000000,ts60,MEXX,AMEX:MEXX,4h,Swing 4H,LONG,Swing Low,2024-07-25 04:00,1721894400000,17.4,Flip Short,2024-08-16 12:00,1723824000000,17.3,468,8143.2,52,-63.04,-0.7734,108.86,1.3354,2479.18,30.4144,16.24,2026-07-25T04:21:35.873Z
ts60|MEXX|4h|1724788800000|1726603200000,ts60,MEXX,AMEX:MEXX,4h,Swing 4H,LONG,Swing Low,2024-08-27 16:00,1724788800000,13.08,Flip Short,2024-09-17 16:00,1726603200000,14.71,615,8044.2,46,985.36,12.2371,1080.51,13.4187,844.44,10.4871,17.09,2026-07-25T04:21:35.873Z
ts60|MEXX|4h|1729094400000|1731402000000,ts60,MEXX,AMEX:MEXX,4h,Swing 4H,LONG,Swing Low,2024-10-16 12:00,1729094400000,13.3,Time Stop,2024-11-12 04:00,1731402000000,11.62,681,9057.3,61,-1161.05,-12.8061,406.35,4.482,2406.18,26.5396,16.97,2026-07-25T04:21:35.873Z
ts60|MEXX|4h|1734973200000|1737637200000,ts60,MEXX,AMEX:MEXX,4h,Swing 4H,LONG,Swing Low,2024-12-23 12:00,1734973200000,9.88,Flip Short,2025-01-23 08:00,1737637200000,10.46,806,7963.28,56,451.09,5.6589,588.48,7.3825,846.2,10.6157,16.39,2026-07-25T04:21:35.873Z
ts60|MEXX|4h|1741093200000|1743696000000,ts60,MEXX,AMEX:MEXX,4h,Swing 4H,LONG,Swing Low,2025-03-04 08:00,1741093200000,10.26,Flip Short,2025-04-03 12:00,1743696000000,13.47,799,8197.74,57,2545.83,31.0242,2820.26,34.3686,695.34,8.4736,18.96,2026-07-25T04:21:35.873Z
ts60|MEXX|4h|1743796800000|1745409600000,ts60,MEXX,AMEX:MEXX,4h,Swing 4H,LONG,Swing Low,2025-04-04 16:00,1743796800000,9.99,Flip Short,2025-04-23 08:00,1745409600000,13.87,1074,10729.26,41,4141.49,38.5614,4403.41,41.0001,1686.17,15.6999,25.63,2026-07-25T04:21:35.873Z
ts60|MEXX|4h|1750262400000|1751472000000,ts60,MEXX,AMEX:MEXX,4h,Swing 4H,LONG,Swing Low,2025-06-18 12:00,1750262400000,16.38,Flip Short,2025-07-02 12:00,1751472000000,18.22,898,14709.24,29,1621.25,11.011,1772.31,12.0369,1307.83,8.8823,31.07,2026-07-25T04:21:35.873Z
ts60|MEXX|4h|1753113600000|1754596800000,ts60,MEXX,AMEX:MEXX,4h,Swing 4H,LONG,Swing Low,2025-07-21 12:00,1753113600000,16.4,Flip Short,2025-08-07 16:00,1754596800000,17.71,985,16154,33,1256.75,7.772,1628.8,10.0729,656.4,4.0594,33.6,2026-07-25T04:21:35.873Z
ts60|MEXX|4h|1760112000000|1761825600000,ts60,MEXX,AMEX:MEXX,4h,Swing 4H,LONG,Swing Low,2025-10-10 12:00,1760112000000,20.07,Flip Short,2025-10-30 08:00,1761825600000,22.6,872,17501.04,39,2168.95,12.3809,2502.58,14.2853,854.62,4.8784,37.21,2026-07-25T04:21:35.873Z
ts60|MEXX|4h|1772557200000|1774972800000,ts60,MEXX,AMEX:MEXX,4h,Swing 4H,LONG,Swing Low,2026-03-03 12:00,1772557200000,30.51,Time Stop,2026-03-31 12:00,1774972800000,28.25,644,19648.44,61,-1493.28,-7.5924,2047.59,10.4107,4643.57,23.6097,37.84,2026-07-25T04:21:35.873Z
ts60|MEXX|4h|1777564800000|1778256000000,ts60,MEXX,AMEX:MEXX,4h,Swing 4H,LONG,Swing Low,2026-04-30 12:00,1777564800000,29.34,Flip Short,2026-05-08 12:00,1778256000000,34.2,615,18044.1,15,2949.82,16.3315,3462.86,19.1719,177.94,0.9852,39.08,2026-07-25T04:21:35.873Z
ts60|MEXX|4h|1780675200000|1784577600000,ts60,MEXX,AMEX:MEXX,4h,Swing 4H,LONG,Swing Low,2026-06-05 12:00,1780675200000,27.79,Time Stop,2026-07-20 16:00,1784577600000,27.97,752,20898.08,61,93.43,0.4466,4085.02,19.5278,1088.74,5.2045,41.93,2026-07-25T04:21:35.873Z
ts60|MIDU|4h|1716998400000|1719417600000,ts60,MIDU,AMEX:MIDU,4h,Swing 4H,LONG,Swing Low,2024-05-29 12:00,1716998400000,48.11,Time Stop,2024-06-26 12:00,1719417600000,47.18,196,9429.56,61,-200.96,-2.129,949.01,10.0542,458.27,4.8551,18.68,2026-07-25T04:21:40.862Z
ts60|MIDU|4h|1722614400000|1724414400000,ts60,MIDU,AMEX:MIDU,4h,Swing 4H,LONG,Swing Low,2024-08-02 12:00,1722614400000,46.96,Flip Short,2024-08-23 08:00,1724414400000,52.06,197,9251.12,50,985.19,10.6388,1285.04,13.8768,1370.52,14.7999,19.51,2026-07-25T04:21:40.862Z
ts60|MIDU|4h|1725552000000|1726747200000,ts60,MIDU,AMEX:MIDU,4h,Swing 4H,LONG,Swing Low,2024-09-05 12:00,1725552000000,48,Flip Short,2024-09-19 08:00,1726747200000,56.22,212,10176,34,1720.55,16.891,2031.38,19.9426,815.78,8.0087,22.09,2026-07-25T04:21:40.862Z
ts60|MIDU|4h|1730390400000|1730898000000,ts60,MIDU,AMEX:MIDU,4h,Swing 4H,LONG,Swing Low,2024-10-31 12:00,1730390400000,54.32,Flip Short,2024-11-06 08:00,1730898000000,64.11,220,11950.4,12,2127.75,17.787,2269.45,18.9716,324.35,2.7114,26.05,2026-07-25T04:21:40.862Z
ts60|MIDU|4h|1734109200000|1736542800000,ts60,MIDU,AMEX:MIDU,4h,Swing 4H,LONG,Swing Low,2024-12-13 12:00,1734109200000,61.84,Time Stop,2025-01-10 16:00,1736542800000,50.5,224,13852.16,61,-2565.32,-18.5008,194.47,1.4025,2554.01,18.4192,25.16,2026-07-25T04:21:40.862Z
ts60|MIDU|4h|1739379600000|1741366800000,ts60,MIDU,AMEX:MIDU,4h,Swing 4H,LONG,Swing Low,2025-02-12 12:00,1739379600000,54.46,Time Stop,2025-03-07 12:00,1741366800000,42.14,211,11491.06,61,-2619.9,-22.7767,594.08,5.1648,2661.65,23.1397,20.38,2026-07-25T04:21:40.862Z
ts60|MIDU|4h|1754064000000|1755878400000,ts60,MIDU,AMEX:MIDU,4h,Swing 4H,LONG,Swing Low,2025-08-01 12:00,1754064000000,44.87,Flip Short,2025-08-22 12:00,1755878400000,51,200,8974,49,1206.83,13.4346,1297.03,14.4387,188.97,2.1037,19.17,2026-07-25T04:21:40.862Z
ts60|MIDU|4h|1758801600000|1761048000000,ts60,MIDU,AMEX:MIDU,4h,Swing 4H,LONG,Swing Low,2025-09-25 08:00,1758801600000,49.45,Time Stop,2025-10-21 08:00,1761048000000,49.68,203,10038.35,61,26.57,0.2644,663.92,6.6072,1023.01,10.1808,20.12,2026-07-25T04:21:40.862Z
ts60|MIDU|4h|1762506000000|1764176400000,ts60,MIDU,AMEX:MIDU,4h,Swing 4H,LONG,Swing Low,2025-11-07 04:00,1762506000000,47.3,Flip Short,2025-11-26 12:00,1764176400000,51.3,214,10122.2,43,834.9,8.24,845.88,8.3483,1030.9,10.1744,21.1,2026-07-25T04:21:40.862Z
ts60|MIDU|4h|1769806800000|1770397200000,ts60,MIDU,AMEX:MIDU,4h,Swing 4H,LONG,Swing Low,2026-01-30 16:00,1769806800000,56.16,Flip Short,2026-02-06 12:00,1770397200000,63.51,194,10895.04,16,1402.68,12.8617,1415.01,12.9746,220.42,2.0211,23.22,2026-07-25T04:21:40.862Z
ts60|MIDU|4h|1772557200000|1774512000000,ts60,MIDU,AMEX:MIDU,4h,Swing 4H,LONG,Swing Low,2026-03-03 12:00,1772557200000,59.82,Time Stop,2026-03-26 04:00,1774512000000,53.18,204,12203.28,61,-1377.61,-11.2776,483.52,3.9582,2474.48,20.2569,23.05,2026-07-25T04:21:40.862Z
ts60|MIDU|4h|1779206400000|1780416000000,ts60,MIDU,AMEX:MIDU,4h,Swing 4H,LONG,Swing Low,2026-05-19 12:00,1779206400000,60.7,Flip Short,2026-06-02 12:00,1780416000000,69.37,182,11047.4,30,1554.27,14.055,1617.85,14.63,127.53,1.1532,23.67,2026-07-25T04:21:40.862Z
ts60|PILL|4h|1716580800000|1719417600000,ts60,PILL,AMEX:PILL,4h,Swing 4H,LONG,Swing Low,2024-05-24 16:00,1716580800000,6.52,Time Stop,2024-06-26 12:00,1719417600000,6.34,1469,9577.88,61,-283.31,-2.955,563.33,5.8757,714.7,7.4545,18.89,2026-07-25T04:21:45.781Z
ts60|PILL|4h|1722859200000|1724428800000,ts60,PILL,AMEX:PILL,4h,Swing 4H,LONG,Swing Low,2024-08-05 08:00,1722859200000,6.7,Flip Short,2024-08-23 12:00,1724428800000,8.06,1346,9018.2,41,1810.69,20.0582,1942.68,21.5203,641.64,7.1078,19.87,2026-07-25T04:21:45.781Z
ts60|PILL|4h|1728576000000|1728921600000,ts60,PILL,AMEX:PILL,4h,Swing 4H,LONG,Swing Low,2024-10-10 12:00,1728576000000,7.81,Flip Short,2024-10-14 12:00,1728921600000,8.81,1409,11004.29,6,1385.58,12.5787,1426.18,12.9472,194.17,1.7628,23.42,2026-07-25T04:21:45.781Z
ts60|PILL|4h|1731704400000|1734008400000,ts60,PILL,AMEX:PILL,4h,Swing 4H,LONG,Swing Low,2024-11-15 16:00,1731704400000,8.45,Time Stop,2024-12-12 08:00,1734008400000,8.32,1480,12506,61,-217.22,-1.7352,1275.09,10.1857,796.91,6.3658,24.82,2026-07-25T04:21:45.781Z
ts60|PILL|4h|1740416400000|1742572800000,ts60,PILL,AMEX:PILL,4h,Swing 4H,LONG,Swing Low,2025-02-24 12:00,1740416400000,7.78,Time Stop,2025-03-21 12:00,1742572800000,7.32,1585,12331.3,61,-753.03,-6.1006,320.52,2.5966,2484.93,20.1313,23.93,2026-07-25T04:21:45.781Z
ts60|PILL|4h|1747238400000|1747656000000,ts60,PILL,AMEX:PILL,4h,Swing 4H,LONG,Swing Low,2025-05-14 12:00,1747238400000,4.7,Flip Short,2025-05-19 08:00,1747656000000,5.15,2421,11378.7,10,1065.6,9.3555,2772.77,24.3437,84.01,0.7376,23.85,2026-07-25T04:21:45.781Z
ts60|PILL|4h|1748016000000|1749657600000,ts60,PILL,AMEX:PILL,4h,Swing 4H,LONG,Swing Low,2025-05-23 12:00,1748016000000,4.87,Flip Short,2025-06-11 12:00,1749657600000,5.98,2529,12316.23,44,2779.75,22.5473,3325.96,26.9777,37.61,0.305,27.44,2026-07-25T04:21:45.781Z
ts60|PILL|4h|1750708800000|1752163200000,ts60,PILL,AMEX:PILL,4h,Swing 4H,LONG,Swing Low,2025-06-23 16:00,1750708800000,5.37,Flip Short,2025-07-10 12:00,1752163200000,5.92,2816,15121.92,40,1517.01,10.0218,1730.8,11.4342,831.76,5.4949,31.79,2026-07-25T04:21:45.781Z
ts60|PILL|4h|1753948800000|1755000000000,ts60,PILL,AMEX:PILL,4h,Swing 4H,LONG,Swing Low,2025-07-31 04:00,1753948800000,5.71,Flip Short,2025-08-12 08:00,1755000000000,6.36,2906,16593.26,33,1853.82,11.161,1872.31,11.2723,1760.19,10.5973,35.08,2026-07-25T04:21:45.781Z
ts60|PILL|4h|1757952000000|1759248000000,ts60,PILL,AMEX:PILL,4h,Swing 4H,LONG,Swing Low,2025-09-15 12:00,1757952000000,7.2,Flip Short,2025-09-30 12:00,1759248000000,7.98,2528,18201.6,38,1933.46,10.6119,1978.92,10.8614,372.12,2.0424,38.38,2026-07-25T04:21:45.781Z
ts60|PILL|4h|1762534800000|1762880400000,ts60,PILL,AMEX:PILL,4h,Swing 4H,LONG,Swing Low,2025-11-07 12:00,1762534800000,7.79,Flip Short,2025-11-11 12:00,1762880400000,9.09,2572,20035.88,7,3300.18,16.4549,3477.88,17.3409,71.48,0.3564,43.42,2026-07-25T04:21:45.781Z
ts60|PILL|4h|1767373200000|1769101200000,ts60,PILL,AMEX:PILL,4h,Swing 4H,LONG,Swing Low,2026-01-02 12:00,1767373200000,11.55,Flip Short,2026-01-22 12:00,1769101200000,13.18,2004,23146.2,46,3216.96,13.8846,3664.21,15.8149,904.91,3.9056,49.56,2026-07-25T04:21:45.781Z
ts60|PILL|4h|1769792400000|1772038800000,ts60,PILL,AMEX:PILL,4h,Swing 4H,LONG,Swing Low,2026-01-30 12:00,1769792400000,11.49,Flip Short,2026-02-25 12:00,1772038800000,13.41,2290,26312.1,53,4339.78,16.477,4965.89,18.8542,26.31,0.0999,57.02,2026-07-25T04:21:45.781Z
ts60|PILL|4h|1772557200000|1774872000000,ts60,PILL,AMEX:PILL,4h,Swing 4H,LONG,Swing Low,2026-03-03 12:00,1772557200000,11.52,Time Stop,2026-03-30 08:00,1774872000000,9.26,2625,30240,61,-5987.05,-19.7787,2017.26,6.6642,6513.99,21.5195,54.55,2026-07-25T04:21:45.781Z
ts60|PILL|4h|1779120000000|1781107200000,ts60,PILL,AMEX:PILL,4h,Swing 4H,LONG,Swing Low,2026-05-18 12:00,1779120000000,11.1,Flip Short,2026-06-10 12:00,1781107200000,12.53,2221,24653.1,52,3123.55,12.6573,4195.25,17.0001,913.05,3.6999,52.48,2026-07-25T04:21:45.781Z
ts60|QTUM|4h|1721822400000|1724342400000,ts60,QTUM,NASDAQ:QTUM,4h,Swing 4H,LONG,Swing Low,2024-07-24 08:00,1721822400000,62.85,Flip Short,2024-08-22 12:00,1724342400000,61.65,154,9678.9,59,-203.97,-2.1053,13.42,0.1385,1518.88,15.677,19.17,2026-07-25T04:21:50.790Z
ts60|QTUM|4h|1725638400000|1727280000000,ts60,QTUM,NASDAQ:QTUM,4h,Swing 4H,LONG,Swing Low,2024-09-06 12:00,1725638400000,57.4,Flip Short,2024-09-25 12:00,1727280000000,61.71,161,9241.4,33,674.73,7.2939,890.75,9.629,22.12,0.2391,19.18,2026-07-25T04:21:50.790Z
ts60|QTUM|4h|1730491200000|1730998800000,ts60,QTUM,NASDAQ:QTUM,4h,Swing 4H,LONG,Swing Low,2024-11-01 16:00,1730491200000,62.06,Flip Short,2024-11-07 12:00,1730998800000,65.99,159,9867.54,13,604.51,6.1201,627.72,6.3551,48.03,0.4862,20.36,2026-07-25T04:21:50.790Z
ts60|QTUM|4h|1734699600000|1736960400000,ts60,QTUM,NASDAQ:QTUM,4h,Swing 4H,LONG,Swing Low,2024-12-20 08:00,1734699600000,74.47,Time Stop,2025-01-15 12:00,1736960400000,80.16,141,10500.27,61,780.49,7.4256,1894.41,18.0235,34.47,0.328,21.8,2026-07-25T04:21:50.790Z
ts60|QTUM|4h|1740488400000|1742299200000,ts60,QTUM,NASDAQ:QTUM,4h,Swing 4H,LONG,Swing Low,2025-02-25 08:00,1740488400000,81.95,Flip Short,2025-03-18 08:00,1742299200000,80,137,11227.15,60,-289.34,-2.5745,80.56,0.7169,1129.15,10.0472,22.19,2026-07-25T04:21:50.790Z
ts60|QTUM|4h|1743192000000|1745308800000,ts60,QTUM,NASDAQ:QTUM,4h,Swing 4H,LONG,Swing Low,2025-03-28 16:00,1743192000000,75.18,Time Stop,2025-04-22 04:00,1745308800000,69.46,146,10976.28,61,-856.24,-7.793,254.74,2.3185,1857.88,16.9094,21.12,2026-07-25T04:21:50.790Z
ts60|QTUM|4h|1754049600000|1755028800000,ts60,QTUM,NASDAQ:QTUM,4h,Swing 4H,LONG,Swing Low,2025-08-01 08:00,1754049600000,90.89,Flip Short,2025-08-12 16:00,1755028800000,94.91,112,10179.68,30,429.43,4.2143,440.06,4.3186,179.3,1.7596,20.81,2026-07-25T04:21:50.790Z
ts60|QTUM|4h|1755705600000|1756396800000,ts60,QTUM,NASDAQ:QTUM,4h,Swing 4H,LONG,Swing Low,2025-08-20 12:00,1755705600000,91.22,Flip Short,2025-08-28 12:00,1756396800000,96.06,116,10581.52,24,539.72,5.0955,555.5,5.2445,12.9,0.1218,21.72,2026-07-25T04:21:50.790Z
ts60|QTUM|4h|1763067600000|1764766800000,ts60,QTUM,NASDAQ:QTUM,4h,Swing 4H,LONG,Swing Low,2025-11-13 16:00,1763067600000,107.16,Flip Short,2025-12-03 08:00,1764766800000,110.47,103,11037.48,50,318.51,2.8829,329.89,2.9859,931.86,8.4342,22.42,2026-07-25T04:21:50.790Z
ts60|QTUM|4h|1766048400000|1767618000000,ts60,QTUM,NASDAQ:QTUM,4h,Swing 4H,LONG,Swing Low,2025-12-18 04:00,1766048400000,107.98,Flip Short,2026-01-05 08:00,1767618000000,113.88,106,11445.88,41,601.88,5.2533,621.37,5.4234,11.45,0.0999,23.52,2026-07-25T04:21:50.790Z
ts60|QTUM|4h|1770037200000|1771952400000,ts60,QTUM,NASDAQ:QTUM,4h,Swing 4H,LONG,Swing Low,2026-02-02 08:00,1770037200000,114.89,Time Stop,2026-02-24 12:00,1771952400000,116.65,104,11948.56,61,158.96,1.329,563.17,4.7086,695.23,5.8127,24.08,2026-07-25T04:21:50.790Z
ts60|SOXL|4h|1725379200000|1727208000000,ts60,SOXL,AMEX:SOXL,4h,Swing 4H,LONG,Swing Low,2024-09-03 12:00,1725379200000,32.01,Time Stop,2024-09-24 16:00,1727208000000,35.13,296,9474.96,61,903.65,9.5277,1301.81,13.7257,1936.43,20.417,19.87,2026-07-25T04:21:55.787Z
ts60|SOXL|4h|1729713600000|1731574800000,ts60,SOXL,AMEX:SOXL,4h,Swing 4H,LONG,Swing Low,2024-10-23 16:00,1729713600000,33.8,Time Stop,2024-11-14 04:00,1731574800000,29.69,306,10342.8,61,-1277.09,-12.3353,1409.5,13.6142,1405.7,13.5775,19.43,2026-07-25T04:21:55.787Z
ts60|SOXL|4h|1734598800000|1736182800000,ts60,SOXL,AMEX:SOXL,4h,Swing 4H,LONG,Swing Low,2024-12-19 04:00,1734598800000,27.55,Flip Short,2025-01-06 12:00,1736182800000,33.44,331,9119.05,42,1929.4,21.1368,2003.36,21.947,995.5,10.9058,20.19,2026-07-25T04:21:55.787Z
ts60|SOXL|4h|1736773200000|1737478800000,ts60,SOXL,AMEX:SOXL,4h,Swing 4H,LONG,Swing Low,2025-01-13 08:00,1736773200000,26.6,Flip Short,2025-01-21 12:00,1737478800000,33.77,412,10959.2,21,2929.17,26.7012,2959.56,26.9783,155.16,1.4144,24.87,2026-07-25T04:21:55.787Z
ts60|SOXL|4h|1737997200000|1739883600000,ts60,SOXL,AMEX:SOXL,4h,Swing 4H,LONG,Swing Low,2025-01-27 12:00,1737997200000,25.6,Flip Short,2025-02-18 08:00,1739883600000,29.3,537,13747.2,59,1957.42,14.2244,1978.52,14.3778,1007.2,7.3192,29.48,2026-07-25T04:21:55.787Z
ts60|SOXL|4h|1740502800000|1742328000000,ts60,SOXL,AMEX:SOXL,4h,Swing 4H,LONG,Swing Low,2025-02-25 12:00,1740502800000,25.59,Time Stop,2025-03-18 16:00,1742328000000,19.92,609,15584.31,61,-3480.75,-22.3126,1031.9,6.6148,5545.3,35.5471,27.72,2026-07-25T04:21:55.787Z
ts60|SOXL|4h|1753992000000|1755086400000,ts60,SOXL,AMEX:SOXL,4h,Swing 4H,LONG,Swing Low,2025-07-31 16:00,1753992000000,24.97,Flip Short,2025-08-13 08:00,1755086400000,28.54,492,12285.24,34,1730.11,14.0688,1793.35,14.5831,1193.09,9.7018,26.33,2026-07-25T04:21:55.787Z
ts60|SOXL|4h|1763125200000|1764694800000,ts60,SOXL,AMEX:SOXL,4h,Swing 4H,LONG,Swing Low,2025-11-14 08:00,1763125200000,35.95,Flip Short,2025-12-02 12:00,1764694800000,43.05,387,13912.65,45,2717.13,19.5104,3337.51,23.965,3044.12,21.8584,30.57,2026-07-25T04:21:55.787Z
ts60|SOXL|4h|1765990800000|1767358800000,ts60,SOXL,AMEX:SOXL,4h,Swing 4H,LONG,Swing Low,2025-12-17 12:00,1765990800000,37.04,Flip Short,2026-01-02 08:00,1767358800000,44.83,445,16482.8,39,3430.12,20.7895,3516.82,21.315,612.78,3.714,36.43,2026-07-25T04:21:55.787Z
ts60|SOXL|4h|1770224400000|1772038800000,ts60,SOXL,AMEX:SOXL,4h,Swing 4H,LONG,Swing Low,2026-02-04 12:00,1770224400000,53.11,Flip Short,2026-02-25 12:00,1772038800000,70.89,372,19756.92,56,6568.03,33.211,7141.24,36.1094,1425.92,7.2101,46.13,2026-07-25T04:21:55.787Z
ts60|SOXL|4h|1772456400000|1774281600000,ts60,SOXL,AMEX:SOXL,4h,Swing 4H,LONG,Swing Low,2026-03-02 08:00,1772456400000,57.77,Time Stop,2026-03-23 12:00,1774281600000,52.83,450,25996.5,61,-2272.77,-8.7339,2246.5,8.6329,6474.5,24.8804,49.77,2026-07-25T04:21:55.787Z
ts60|SOXL|4h|1774612800000|1775635200000,ts60,SOXL,AMEX:SOXL,4h,Swing 4H,LONG,Swing Low,2026-03-27 08:00,1774612800000,47.6,Flip Short,2026-04-08 04:00,1775635200000,64.52,501,23847.6,27,8420.75,35.2754,8478.12,35.5157,4157.1,17.4145,56.17,2026-07-25T04:21:55.787Z
ts60|SOXL|4h|1781035200000|1781812800000,ts60,SOXL,AMEX:SOXL,4h,Swing 4H,LONG,Swing Low,2026-06-09 16:00,1781035200000,201.62,Flip Short,2026-06-18 16:00,1781812800000,279.76,157,31654.34,28,12192.4,38.4788,13241.13,41.7886,5063.5,15.9803,75.58,2026-07-25T04:21:55.787Z
ts60|SOXL|4h|1783008000000|1784923200000,ts60,SOXL,AMEX:SOXL,4h,Swing 4H,LONG,Swing Low,2026-07-02 12:00,1783008000000,189.9,Time Stop,2026-07-24 16:00,1784923200000,136.78,228,43297.2,61,-12185.84,-28.1165,4721.9,10.8949,16778.5,38.7132,74.48,2026-07-25T04:21:55.787Z
ts60|TMF|4h|1727092800000|1728921600000,ts60,TMF,AMEX:TMF,4h,Swing 4H,LONG,Swing Low,2024-09-23 08:00,1727092800000,59.15,Time Stop,2024-10-14 12:00,1728921600000,50.03,160,9464,61,-1476.67,-15.5874,188.94,1.9944,1591.86,16.8034,17.47,2026-07-25T04:22:00.662Z
ts60|TMF|4h|1734037200000|1736240400000,ts60,TMF,AMEX:TMF,4h,Swing 4H,LONG,Swing Low,2024-12-12 16:00,1734037200000,45.78,Time Stop,2025-01-07 04:00,1736240400000,39.47,176,8057.28,61,-1125.56,-13.9556,60.58,0.7511,1204.86,14.9387,15,2026-07-25T04:22:00.662Z
ts60|TMF|4h|1739379600000|1740488400000,ts60,TMF,AMEX:TMF,4h,Swing 4H,LONG,Swing Low,2025-02-12 12:00,1739379600000,39.67,Flip Short,2025-02-25 08:00,1740488400000,44.16,176,6981.92,31,775.49,11.096,818.46,11.7108,42.18,0.6036,14.75,2026-07-25T04:22:00.662Z
ts60|TMF|4h|1741867200000|1743609600000,ts60,TMF,AMEX:TMF,4h,Swing 4H,LONG,Swing Low,2025-03-13 08:00,1741867200000,42.54,Flip Short,2025-04-02 12:00,1743609600000,44.81,182,7742.28,57,397.24,5.1257,720.26,9.2936,373.56,4.8201,15.9,2026-07-25T04:22:00.662Z
ts60|TMF|4h|1744142400000|1745942400000,ts60,TMF,AMEX:TMF,4h,Swing 4H,LONG,Swing Low,2025-04-08 16:00,1744142400000,40.44,Flip Short,2025-04-29 12:00,1745942400000,42.01,201,8128.44,55,299,3.6747,315.48,3.8773,926.7,11.3893,16.57,2026-07-25T04:22:00.662Z
ts60|TMF|4h|1746806400000|1748894400000,ts60,TMF,AMEX:TMF,4h,Swing 4H,LONG,Swing Low,2025-05-09 12:00,1746806400000,38.53,Time Stop,2025-06-02 16:00,1748894400000,35.98,218,8399.54,61,-572.14,-6.8048,30.84,0.3668,1172.52,13.9454,16.24,2026-07-25T04:22:00.662Z
ts60|TMF|4h|1751918400000|1753776000000,ts60,TMF,AMEX:TMF,4h,Swing 4H,LONG,Swing Low,2025-07-07 16:00,1751918400000,36.78,Time Stop,2025-07-29 04:00,1753776000000,36.15,213,7834.14,61,-149.72,-1.9093,234.99,2.9965,548.85,6.9989,15.53,2026-07-25T04:22:00.662Z
ts60|TMF|4h|1755532800000|1757001600000,ts60,TMF,AMEX:TMF,4h,Swing 4H,LONG,Swing Low,2025-08-18 12:00,1755532800000,36.5,Flip Short,2025-09-04 12:00,1757001600000,37.74,211,7701.5,48,245.98,3.1907,351,4.553,180.72,2.3442,15.66,2026-07-25T04:22:00.662Z
ts60|TMF|4h|1758744000000|1760112000000,ts60,TMF,AMEX:TMF,4h,Swing 4H,LONG,Swing Low,2025-09-24 16:00,1758744000000,39.74,Flip Short,2025-10-10 12:00,1760112000000,41.7,200,7948,47,375.71,4.7224,438.05,5.506,139.95,1.759,16.29,2026-07-25T04:22:00.662Z
ts60|TMF|4h|1761825600000|1763658000000,ts60,TMF,AMEX:TMF,4h,Swing 4H,LONG,Swing Low,2025-10-30 08:00,1761825600000,41.7,Time Stop,2025-11-20 12:00,1763658000000,40.18,199,8298.3,61,-318.77,-3.8376,129.01,1.5531,489.88,5.8975,16.29,2026-07-25T04:22:00.662Z
ts60|TMF|4h|1764939600000|1767027600000,ts60,TMF,AMEX:TMF,4h,Swing 4H,LONG,Swing Low,2025-12-05 08:00,1764939600000,39.29,Time Stop,2025-12-29 12:00,1767027600000,38.35,204,8015.16,61,-207.6,-2.5875,81.74,1.0189,432.34,5.3886,15.84,2026-07-25T04:22:00.662Z
ts60|TMF|4h|1768914000000|1770742800000,ts60,TMF,AMEX:TMF,4h,Swing 4H,LONG,Swing Low,2026-01-20 08:00,1768914000000,36.37,Flip Short,2026-02-10 12:00,1770742800000,38.85,214,7783.18,61,514.62,6.6054,550.76,7.0692,95.52,1.2261,16.1,2026-07-25T04:22:00.662Z
ts60|TMF|4h|1772715600000|1774540800000,ts60,TMF,AMEX:TMF,4h,Swing 4H,LONG,Swing Low,2026-03-05 08:00,1772715600000,39.33,Time Stop,2026-03-26 12:00,1774540800000,35.59,211,8298.63,61,-804.95,-9.6901,143.62,1.7289,976.79,11.7587,15.81,2026-07-25T04:22:00.662Z
ts60|TMF|4h|1782907200000|1784822400000,ts60,TMF,AMEX:TMF,4h,Swing 4H,LONG,Swing Low,2026-07-01 08:00,1782907200000,34.76,Time Stop,2026-07-23 12:00,1784822400000,31.73,217,7542.92,61,-671.94,-8.8993,66.24,0.8773,721.47,9.5553,14.43,2026-07-25T04:22:00.662Z
ts60|TNA|4h|1725465600000|1726689600000,ts60,TNA,AMEX:TNA,4h,Swing 4H,LONG,Swing Low,2024-09-04 12:00,1725465600000,40.28,Flip Short,2024-09-18 16:00,1726689600000,43.32,235,9465.8,41,694.75,7.3323,1459.28,15.401,1240.87,13.0958,19.65,2026-07-25T04:22:05.732Z
ts60|TNA|4h|1727870400000|1728979200000,ts60,TNA,AMEX:TNA,4h,Swing 4H,LONG,Swing Low,2024-10-02 08:00,1727870400000,41.39,Flip Short,2024-10-15 04:00,1728979200000,45.25,245,10140.55,35,924.47,9.1075,955.16,9.4098,247.79,2.4411,21.23,2026-07-25T04:22:05.732Z
ts60|TNA|4h|1730404800000|1730883600000,ts60,TNA,AMEX:TNA,4h,Swing 4H,LONG,Swing Low,2024-10-31 16:00,1730404800000,41.74,Flip Short,2024-11-06 04:00,1730883600000,50.87,264,11019.36,13,2385.87,21.63,2399.3,21.7518,77.02,0.6982,24.45,2026-07-25T04:22:05.732Z
ts60|TNA|4h|1734022800000|1736197200000,ts60,TNA,AMEX:TNA,4h,Swing 4H,LONG,Swing Low,2024-12-12 12:00,1734022800000,51.37,Time Stop,2025-01-06 16:00,1736197200000,43.83,258,13253.46,61,-1969.88,-14.8483,110.59,0.8336,2998.31,22.6003,24.56,2026-07-25T04:22:05.732Z
ts60|TNA|4h|1739379600000|1741294800000,ts60,TNA,AMEX:TNA,4h,Swing 4H,LONG,Swing Low,2025-02-12 12:00,1739379600000,42.39,Time Stop,2025-03-06 16:00,1741294800000,32.23,269,11402.91,61,-2753.11,-24.1198,658.41,5.7683,2978.47,26.0942,20.07,2026-07-25T04:22:05.732Z
ts60|TNA|4h|1743422400000|1745337600000,ts60,TNA,AMEX:TNA,4h,Swing 4H,LONG,Swing Low,2025-03-31 08:00,1743422400000,28.47,Time Stop,2025-04-22 12:00,1745337600000,22.54,309,8797.23,61,-1848.13,-20.9871,1119.05,12.7078,3454.15,39.2248,15.76,2026-07-25T04:22:05.732Z
ts60|TNA|4h|1748016000000|1749225600000,ts60,TNA,AMEX:TNA,4h,Swing 4H,LONG,Swing Low,2025-05-23 12:00,1748016000000,27.83,Flip Short,2025-06-06 12:00,1749225600000,31.81,253,7040.99,36,991.85,14.0727,1058.09,15.0125,19.69,0.2794,15.09,2026-07-25T04:22:05.732Z
ts60|TNA|4h|1750708800000|1751385600000,ts60,TNA,AMEX:TNA,4h,Swing 4H,LONG,Swing Low,2025-06-23 16:00,1750708800000,31.89,Flip Short,2025-07-01 12:00,1751385600000,34.8,250,7972.5,23,710.83,8.9071,719.53,9.0161,50.47,0.6325,16.67,2026-07-25T04:22:05.732Z
ts60|TNA|4h|1754049600000|1755086400000,ts60,TNA,AMEX:TNA,4h,Swing 4H,LONG,Swing Low,2025-08-01 08:00,1754049600000,33.34,Flip Short,2025-08-13 08:00,1755086400000,38.8,260,8668.4,32,1400.84,16.1442,1431.73,16.5002,528.67,6.0927,18.76,2026-07-25T04:22:05.732Z
ts60|TNA|4h|1760126400000|1760472000000,ts60,TNA,AMEX:TNA,4h,Swing 4H,LONG,Swing Low,2025-10-10 16:00,1760126400000,42.63,Flip Short,2025-10-14 16:00,1760472000000,48.1,234,9975.42,8,1258.75,12.6059,1506.34,15.0855,538.82,5.396,21.23,2026-07-25T04:22:05.732Z
ts60|TNA|4h|1762261200000|1764090000000,ts60,TNA,AMEX:TNA,4h,Swing 4H,LONG,Swing Low,2025-11-04 08:00,1762261200000,44.51,Time Stop,2025-11-25 12:00,1764090000000,44.44,251,11172.01,61,-39.9,-0.3568,480.79,4.2992,1981.52,17.7188,22.33,2026-07-25T04:22:05.732Z
ts60|TNA|4h|1767186000000|1767733200000,ts60,TNA,AMEX:TNA,4h,Swing 4H,LONG,Swing Low,2025-12-31 08:00,1767186000000,46.5,Flip Short,2026-01-06 16:00,1767733200000,51.06,239,11113.5,14,1066.52,9.5871,1100.24,9.8901,295.52,2.6565,23.32,2026-07-25T04:22:05.732Z
ts60|TNA|4h|1769778000000|1770829200000,ts60,TNA,AMEX:TNA,4h,Swing 4H,LONG,Swing Low,2026-01-30 08:00,1769778000000,53.55,Flip Short,2026-02-11 12:00,1770829200000,54.83,227,12155.85,33,265.96,2.1857,1038.85,8.5376,1015.5,8.3456,24.6,2026-07-25T04:22:05.732Z
ts60|TNA|4h|1772456400000|1774281600000,ts60,TNA,AMEX:TNA,4h,Swing 4H,LONG,Swing Low,2026-03-02 08:00,1772456400000,50.73,Time Stop,2026-03-23 12:00,1774281600000,44.31,245,12428.85,61,-1596.18,-12.8298,908.77,7.3045,2727.03,21.9192,23.28,2026-07-25T04:22:05.732Z
ts60|TNA|4h|1779206400000|1779796800000,ts60,TNA,AMEX:TNA,4h,Swing 4H,LONG,Swing Low,2026-05-19 12:00,1779206400000,57.03,Flip Short,2026-05-26 08:00,1779796800000,67.36,191,10892.73,15,1949.27,17.8773,2017.53,18.5033,43.36,0.3977,23.76,2026-07-25T04:22:05.732Z
ts60|TNA|4h|1781035200000|1781280000000,ts60,TNA,AMEX:TNA,4h,Swing 4H,LONG,Swing Low,2026-06-09 16:00,1781035200000,64.46,Flip Short,2026-06-12 12:00,1781280000000,69.53,197,12698.62,11,972.39,7.6498,1399.79,11.0122,712.05,5.6017,26.4,2026-07-25T04:22:05.732Z
ts60|UDOW|4h|1725552000000|1726502400000,ts60,UDOW,AMEX:UDOW,4h,Swing 4H,LONG,Swing Low,2024-09-05 12:00,1725552000000,42.8,Flip Short,2024-09-16 12:00,1726502400000,45.74,221,9458.8,28,630.17,6.6556,801.61,8.4663,442.62,4.6748,19.57,2026-07-25T04:22:10.781Z
ts60|UDOW|4h|1728331200000|1728662400000,ts60,UDOW,AMEX:UDOW,4h,Swing 4H,LONG,Swing Low,2024-10-07 16:00,1728331200000,46.74,Flip Short,2024-10-11 12:00,1728662400000,49.49,216,10095.84,15,573.21,5.6721,603.34,5.9702,115.94,1.1472,20.79,2026-07-25T04:22:10.781Z
ts60|UDOW|4h|1729886400000|1730898000000,ts60,UDOW,AMEX:UDOW,4h,Swing 4H,LONG,Swing Low,2024-10-25 16:00,1729886400000,46.93,Flip Short,2024-11-06 08:00,1730898000000,51.59,226,10606.18,30,1030.89,9.71,1076.45,10.1392,399.33,3.7613,22.27,2026-07-25T04:22:10.781Z
ts60|UDOW|4h|1734008400000|1736182800000,ts60,UDOW,AMEX:UDOW,4h,Swing 4H,LONG,Swing Low,2024-12-12 08:00,1734008400000,53.25,Time Stop,2025-01-06 12:00,1736182800000,49.07,217,11555.25,61,-929.26,-8.0339,66.56,0.5755,1591.32,13.7576,22.2,2026-07-25T04:22:10.781Z
ts60|UDOW|4h|1740157200000|1741982400000,ts60,UDOW,AMEX:UDOW,4h,Swing 4H,LONG,Swing Low,2025-02-21 12:00,1740157200000,50.78,Time Stop,2025-03-14 16:00,1741982400000,42.71,211,10714.58,61,-1722.5,-16.0601,141.21,1.3166,2219.88,20.6977,19.73,2026-07-25T04:22:10.781Z
ts60|UDOW|4h|1743667200000|1745582400000,ts60,UDOW,AMEX:UDOW,4h,Swing 4H,LONG,Swing Low,2025-04-03 04:00,1743667200000,41.27,Time Stop,2025-04-25 08:00,1745582400000,35.98,219,9038.13,61,-1175.43,-12.9922,41.33,0.4568,2816.62,31.1326,16.92,2026-07-25T04:22:10.781Z
ts60|UDOW|4h|1750420800000|1750953600000,ts60,UDOW,AMEX:UDOW,4h,Swing 4H,LONG,Swing Low,2025-06-20 08:00,1750420800000,41.89,Flip Short,2025-06-26 12:00,1750953600000,44.71,190,7959.1,17,519.35,6.5187,560.14,7.0307,156.16,1.9601,16.45,2026-07-25T04:22:10.781Z
ts60|UDOW|4h|1754049600000|1755244800000,ts60,UDOW,AMEX:UDOW,4h,Swing 4H,LONG,Swing Low,2025-08-01 08:00,1754049600000,45.78,Flip Short,2025-08-15 04:00,1755244800000,49.98,184,8423.52,39,755.18,8.9562,764.38,9.0652,269.7,3.1986,17.62,2026-07-25T04:22:10.781Z
ts60|UDOW|4h|1760112000000|1761321600000,ts60,UDOW,AMEX:UDOW,4h,Swing 4H,LONG,Swing Low,2025-10-10 12:00,1760112000000,51.56,Flip Short,2025-10-24 12:00,1761321600000,56.24,178,9177.68,40,813.85,8.8589,838.1,9.1228,479.1,5.215,19.19,2026-07-25T04:22:10.781Z
ts60|UDOW|4h|1762534800000|1762966800000,ts60,UDOW,AMEX:UDOW,4h,Swing 4H,LONG,Swing Low,2025-11-07 12:00,1762534800000,53.38,Flip Short,2025-11-12 12:00,1762966800000,59.41,186,9928.68,12,1100.6,11.074,1226.97,12.3455,54.57,0.5491,20.98,2026-07-25T04:22:10.781Z
ts60|UDOW|4h|1763413200000|1764781200000,ts60,UDOW,AMEX:UDOW,4h,Swing 4H,LONG,Swing Low,2025-11-17 16:00,1763413200000,53.4,Flip Short,2025-12-03 12:00,1764781200000,57.13,206,11000.4,43,745.61,6.7713,819.18,7.4394,629,5.7123,22.77,2026-07-25T04:22:10.781Z
ts60|UDOW|4h|1767373200000|1767632400000,ts60,UDOW,AMEX:UDOW,4h,Swing 4H,LONG,Swing Low,2026-01-02 12:00,1767373200000,58.01,Flip Short,2026-01-05 12:00,1767632400000,61.7,202,11718.02,4,721.2,6.1485,733.66,6.2547,33.94,0.2893,24.18,2026-07-25T04:22:10.781Z
ts60|UDOW|4h|1772211600000|1774036800000,ts60,UDOW,AMEX:UDOW,4h,Swing 4H,LONG,Swing Low,2026-02-27 12:00,1772211600000,59.85,Time Stop,2026-03-20 16:00,1774036800000,48.31,207,12388.95,61,-2411.17,-19.4428,120.09,0.9684,2552.28,20.5807,22.39,2026-07-25T04:22:10.781Z
ts60|UDOW|4h|1781107200000|1781539200000,ts60,UDOW,AMEX:UDOW,4h,Swing 4H,LONG,Swing Low,2026-06-10 12:00,1781107200000,63.14,Flip Short,2026-06-15 12:00,1781539200000,69.13,160,10102.4,12,937.24,9.2681,948.3,9.3775,392.5,3.8814,21.16,2026-07-25T04:22:10.781Z
ts60|UTSL|4h|1717776000000|1720454400000,ts60,UTSL,AMEX:UTSL,4h,Swing 4H,LONG,Swing Low,2024-06-07 12:00,1717776000000,27.09,Time Stop,2024-07-08 12:00,1720454400000,25.3,350,9481.5,61,-644.84,-6.7942,309.02,3.2559,1027.98,10.8311,18.34,2026-07-25T04:22:15.825Z
ts60|UTSL|4h|1728489600000|1729108800000,ts60,UTSL,AMEX:UTSL,4h,Swing 4H,LONG,Swing Low,2024-10-09 12:00,1728489600000,37.55,Flip Short,2024-10-16 16:00,1729108800000,41.82,236,8861.8,20,988.99,11.149,1048.42,11.8189,421.86,4.7557,18.73,2026-07-25T04:22:15.825Z
ts60|UTSL|4h|1730304000000|1732050000000,ts60,UTSL,AMEX:UTSL,4h,Swing 4H,LONG,Swing Low,2024-10-30 12:00,1730304000000,37.33,Flip Short,2024-11-19 16:00,1732050000000,38.4,262,9780.46,55,260.5,2.6608,404.18,4.1284,1018.48,10.403,19.84,2026-07-25T04:22:15.825Z
ts60|UTSL|4h|1733763600000|1735822800000,ts60,UTSL,AMEX:UTSL,4h,Swing 4H,LONG,Swing Low,2024-12-09 12:00,1733763600000,35.94,Time Stop,2025-01-02 08:00,1735822800000,32.57,279,10027.26,61,-959.34,-9.5578,48.56,0.4838,1597.54,15.916,19.11,2026-07-25T04:22:15.825Z
ts60|UTSL|4h|1740733200000|1742918400000,ts60,UTSL,AMEX:UTSL,4h,Swing 4H,LONG,Swing Low,2025-02-28 04:00,1740733200000,33.85,Time Stop,2025-03-25 12:00,1742918400000,32.15,270,9139.5,61,-476.82,-5.2119,587.56,6.4224,848.84,9.2783,17.82,2026-07-25T04:22:15.825Z
ts60|UTSL|4h|1743782400000|1745956800000,ts60,UTSL,AMEX:UTSL,4h,Swing 4H,LONG,Swing Low,2025-04-04 12:00,1743782400000,31.53,Flip Short,2025-04-29 16:00,1745956800000,34.34,273,8607.69,55,749.15,8.6945,794.01,9.2152,1701.21,19.7441,17.98,2026-07-25T04:22:15.825Z
ts60|UTSL|4h|1750176000000|1751054400000,ts60,UTSL,AMEX:UTSL,4h,Swing 4H,LONG,Swing Low,2025-06-17 12:00,1750176000000,35,Flip Short,2025-06-27 16:00,1751054400000,36.49,268,9380,24,380.16,4.0488,639.18,6.8075,143.38,1.527,19.16,2026-07-25T04:22:15.825Z
ts60|UTSL|4h|1756137600000|1757952000000,ts60,UTSL,AMEX:UTSL,4h,Swing 4H,LONG,Swing Low,2025-08-25 12:00,1756137600000,41.21,Flip Short,2025-09-15 12:00,1757952000000,41.61,236,9725.56,51,74.85,0.7689,162.55,1.6697,1041.05,10.6935,19.55,2026-07-25T04:22:15.825Z
ts60|UTSL|4h|1761768000000|1763974800000,ts60,UTSL,AMEX:UTSL,4h,Swing 4H,LONG,Swing Low,2025-10-29 16:00,1761768000000,47.52,Time Stop,2025-11-24 04:00,1763974800000,44.51,205,9741.6,61,-635.92,-6.5213,312.11,3.2007,813.34,8.3408,18.87,2026-07-25T04:22:15.825Z
ts60|UTSL|4h|1764781200000|1767013200000,ts60,UTSL,AMEX:UTSL,4h,Swing 4H,LONG,Swing Low,2025-12-03 12:00,1764781200000,43.5,Time Stop,2025-12-29 08:00,1767013200000,40.97,212,9222,61,-554.27,-6.0043,105.26,1.1402,958.98,10.3885,17.91,2026-07-25T04:22:15.825Z
ts60|UTSL|4h|1767632400000|1768496400000,ts60,UTSL,AMEX:UTSL,4h,Swing 4H,LONG,Swing Low,2026-01-05 12:00,1767632400000,39.14,Flip Short,2026-01-15 12:00,1768496400000,42.5,223,8728.22,31,731.07,8.3676,831.98,9.5226,325.39,3.7243,18.21,2026-07-25T04:22:15.825Z
ts60|UTSL|4h|1773316800000|1775577600000,ts60,UTSL,AMEX:UTSL,4h,Swing 4H,LONG,Swing Low,2026-03-12 08:00,1773316800000,49.5,Time Stop,2026-04-07 12:00,1775577600000,50.27,191,9454.5,61,128.01,1.3526,886.34,9.3654,1151.63,12.1686,19.06,2026-07-25T04:22:15.825Z
ts60|UTSL|4h|1776787200000|1777651200000,ts60,UTSL,AMEX:UTSL,4h,Swing 4H,LONG,Swing Low,2026-04-21 12:00,1776787200000,46.5,Flip Short,2026-05-01 12:00,1777651200000,51.45,206,9579,30,999.52,10.4241,1226.42,12.7904,341.24,3.5588,20.18,2026-07-25T04:22:15.825Z
ts60|UTSL|4h|1778256000000|1780430400000,ts60,UTSL,AMEX:UTSL,4h,Swing 4H,LONG,Swing Low,2026-05-08 12:00,1778256000000,45.37,Time Stop,2026-06-02 16:00,1780430400000,41.38,230,10435.1,61,-937.65,-8.9766,295.46,2.8286,1450.24,13.8838,19.95,2026-07-25T04:22:15.825Z
ts60|UTSL|4h|1784649600000|1784908800000,ts60,UTSL,AMEX:UTSL,4h,Swing 4H,LONG,Swing Low,2026-07-21 12:00,1784649600000,43.8,Flip Short,2026-07-24 12:00,1784908800000,48.14,220,9636,11,934.57,9.6891,1138.76,11.806,20.64,0.2139,20.23,2026-07-25T04:22:15.825Z
ts60|WQTM|4h|1769806800000|1772096400000,ts60,WQTM,CBOE:WQTM,4h,Swing 4H,LONG,Swing Low,2026-01-30 16:00,1769806800000,26.98,Time Stop,2026-02-26 04:00,1772096400000,28.9,352,9496.96,61,656.17,6.9024,666.34,7.0094,706.46,7.4313,19.67,2026-07-25T04:22:20.786Z
ts60|WQTM|4h|1773057600000|1775116800000,ts60,WQTM,CBOE:WQTM,4h,Swing 4H,LONG,Swing Low,2026-03-09 08:00,1773057600000,25.58,Time Stop,2026-04-02 04:00,1775116800000,24.69,395,10104.1,61,-371.41,-3.6721,985.3,9.7417,938.35,9.2776,19.86,2026-07-25T04:22:20.786Z
ts60|WQTM|4h|1781035200000|1782979200000,ts60,WQTM,CBOE:WQTM,4h,Swing 4H,LONG,Swing Low,2026-06-09 16:00,1781035200000,35.74,Time Stop,2026-07-02 04:00,1782979200000,36.15,273,9757.02,61,92.3,0.9451,866.57,8.8727,312.79,3.2026,19.63,2026-07-25T04:22:20.786Z
ts60|EWY|4h|1721836800000|1724169600000,ts60,EWY,AMEX:EWY,4h,Swing 4H,LONG,Swing Low,2024-07-24 12:00,1721836800000,64.95,Time Stop,2024-08-20 12:00,1724169600000,66.19,146,9482.7,61,161.89,1.7055,279.6,2.9456,1024.18,10.7897,19.15,2026-07-25T04:22:25.811Z
ts60|EWY|4h|1725624000000|1727179200000,ts60,EWY,AMEX:EWY,4h,Swing 4H,LONG,Swing Low,2024-09-06 08:00,1725624000000,62.2,Flip Short,2024-09-24 08:00,1727179200000,64.54,154,9578.8,39,340.84,3.5547,350.78,3.6584,353,3.6815,19.52,2026-07-25T04:22:25.811Z
ts60|EWY|4h|1728057600000|1730376000000,ts60,EWY,AMEX:EWY,4h,Swing 4H,LONG,Swing Low,2024-10-04 12:00,1728057600000,62.58,Time Stop,2024-10-31 08:00,1730376000000,60.01,159,9950.22,61,-428.12,-4.2983,184.03,1.8477,420.17,4.2185,19.49,2026-07-25T04:22:25.811Z
ts60|EWY|4h|1738587600000|1739466000000,ts60,EWY,AMEX:EWY,4h,Swing 4H,LONG,Swing Low,2025-02-03 08:00,1738587600000,53,Flip Short,2025-02-13 12:00,1739466000000,55.96,180,9540,33,513.19,5.3739,552.06,5.781,68.94,0.7219,19.61,2026-07-25T04:22:25.811Z
ts60|EWY|4h|1740747600000|1742241600000,ts60,EWY,AMEX:EWY,4h,Swing 4H,LONG,Swing Low,2025-02-28 08:00,1740747600000,54.55,Flip Short,2025-03-17 16:00,1742241600000,57.86,184,10037.2,45,588.36,5.8559,610.04,6.0717,160.92,1.6016,20.68,2026-07-25T04:22:25.811Z
ts60|EWY|4h|1743422400000|1745337600000,ts60,EWY,AMEX:EWY,4h,Swing 4H,LONG,Swing Low,2025-03-31 08:00,1743422400000,53.4,Flip Short,2025-04-22 12:00,1745337600000,55,198,10573.2,58,295.34,2.7905,371.57,3.5107,984.73,9.3042,21.46,2026-07-25T04:22:25.811Z
ts60|EWY|4h|1754049600000|1756123200000,ts60,EWY,AMEX:EWY,4h,Swing 4H,LONG,Swing Low,2025-08-01 08:00,1754049600000,70.01,Time Stop,2025-08-25 08:00,1756123200000,73.3,155,10851.55,61,487.74,4.4901,756.4,6.9635,24.8,0.2283,22.21,2026-07-25T04:22:25.811Z
ts60|EWY|4h|1763542800000|1764954000000,ts60,EWY,AMEX:EWY,4h,Swing 4H,LONG,Swing Low,2025-11-19 04:00,1763542800000,90.27,Flip Short,2025-12-05 12:00,1764954000000,94.22,125,11283.75,45,470.69,4.1672,554.97,4.9134,481.28,4.261,23.06,2026-07-25T04:22:25.811Z
ts60|EWY|4h|1765890000000|1767013200000,ts60,EWY,AMEX:EWY,4h,Swing 4H,LONG,Swing Low,2025-12-16 08:00,1765890000000,89.26,Flip Short,2025-12-29 08:00,1767013200000,97.8,132,11782.32,31,1102.59,9.3486,1152.46,9.7715,125.3,1.0624,24.69,2026-07-25T04:22:25.811Z
ts60|EWY|4h|1772557200000|1774382400000,ts60,EWY,AMEX:EWY,4h,Swing 4H,LONG,Swing Low,2026-03-03 12:00,1772557200000,132.54,Time Stop,2026-03-24 16:00,1774382400000,128.76,96,12723.84,61,-387.96,-3.0461,767.76,6.028,1140.72,8.9563,25.08,2026-07-25T04:22:25.811Z
ts60|EWY|4h|1781164800000|1781798400000,ts60,EWY,AMEX:EWY,4h,Swing 4H,LONG,Swing Low,2026-06-11 04:00,1781164800000,184,Flip Short,2026-06-18 12:00,1781798400000,218.67,70,12880,22,2398.71,18.6049,2492.42,19.3318,152.88,1.1858,28.19,2026-07-25T04:22:25.811Z
ts60|EWY|4h|1782921600000|1784836800000,ts60,EWY,AMEX:EWY,4h,Swing 4H,LONG,Swing Low,2026-07-01 12:00,1782921600000,188.31,Time Stop,2026-07-23 16:00,1784836800000,173.89,78,14688.18,61,-1153.01,-7.8421,290.29,1.9744,2676.05,18.2009,28.25,2026-07-25T04:22:25.811Z
ts60|MU|4h|1724918400000|1726833600000,ts60,MU,NASDAQ:MU,4h,Swing 4H,LONG,Swing Low,2024-08-29 04:00,1724918400000,92.3,Time Stop,2024-09-20 08:00,1726833600000,88.91,104,9599.2,61,-371.41,-3.8653,625.84,6.5132,859.28,8.9426,18.85,2026-07-25T04:22:30.742Z
ts60|MU|4h|1730376000000|1730926800000,ts60,MU,NASDAQ:MU,4h,Swing 4H,LONG,Swing Low,2024-10-31 08:00,1730376000000,102.31,Flip Short,2024-11-06 16:00,1730926800000,111.67,89,9105.59,18,814,8.9306,881.78,9.6743,296.58,3.2538,19.04,2026-07-25T04:22:30.742Z
ts60|MU|4h|1731618000000|1733734800000,ts60,MU,NASDAQ:MU,4h,Swing 4H,LONG,Swing Low,2024-11-14 16:00,1731618000000,99.14,Time Stop,2024-12-09 04:00,1733734800000,102,99,9814.86,61,263.23,2.6792,708.93,7.2158,368.19,3.7477,19.91,2026-07-25T04:22:30.742Z
ts60|MU|4h|1734598800000|1736859600000,ts60,MU,NASDAQ:MU,4h,Swing 4H,LONG,Swing Low,2024-12-19 04:00,1734598800000,89.01,Time Stop,2025-01-14 08:00,1736859600000,96.28,116,10325.16,61,821.83,7.9515,2046.35,19.7993,643.69,6.2279,21.49,2026-07-25T04:22:30.742Z
ts60|MU|4h|1737982800000|1739538000000,ts60,MU,NASDAQ:MU,4h,Swing 4H,LONG,Swing Low,2025-01-27 08:00,1737982800000,95.9,Flip Short,2025-02-14 08:00,1739538000000,96.85,114,10932.6,56,86.33,0.7888,177.17,1.6189,1008.43,9.2149,21.97,2026-07-25T04:22:30.742Z
ts60|MU|4h|1741093200000|1741968000000,ts60,MU,NASDAQ:MU,4h,Swing 4H,LONG,Swing Low,2025-03-04 08:00,1741093200000,89.16,Flip Short,2025-03-14 12:00,1741968000000,100.73,123,10966.68,33,1399.75,12.7509,1664.29,15.1607,429.17,3.9095,23.36,2026-07-25T04:22:30.742Z
ts60|MU|4h|1743177600000|1745265600000,ts60,MU,NASDAQ:MU,4h,Swing 4H,LONG,Swing Low,2025-03-28 12:00,1743177600000,88,Time Stop,2025-04-21 16:00,1745265600000,66.76,140,12320,61,-2995.27,-24.2879,267.68,2.1706,4070.92,33.0102,21.67,2026-07-25T04:22:30.742Z
ts60|MU|4h|1752508800000|1754337600000,ts60,MU,NASDAQ:MU,4h,Swing 4H,LONG,Swing Low,2025-07-14 12:00,1752508800000,119.43,Time Stop,2025-08-04 16:00,1754337600000,107.74,79,9434.97,61,-941.46,-9.9684,145.41,1.5396,1277.38,13.5253,17.95,2026-07-25T04:22:30.742Z
ts60|MU|4h|1763658000000|1765198800000,ts60,MU,NASDAQ:MU,4h,Swing 4H,LONG,Swing Low,2025-11-20 12:00,1763658000000,207.38,Flip Short,2025-12-08 08:00,1765198800000,243.65,41,8502.58,43,1468.58,17.2549,1550.32,18.2153,614.48,7.2198,18.49,2026-07-25T04:22:30.742Z
ts60|MU|4h|1766005200000|1766163600000,ts60,MU,NASDAQ:MU,4h,Swing 4H,LONG,Swing Low,2025-12-17 16:00,1766005200000,225.53,Flip Short,2025-12-19 12:00,1766163600000,262.25,44,9923.32,7,1594.22,16.0493,1876.36,18.8897,9.92,0.0999,21.46,2026-07-25T04:22:30.742Z
ts60|MU|4h|1772542800000|1773662400000,ts60,MU,NASDAQ:MU,4h,Swing 4H,LONG,Swing Low,2026-03-03 08:00,1772542800000,393.4,Flip Short,2026-03-16 08:00,1773662400000,444.88,29,11408.6,36,1468.61,12.86,1536.61,13.4554,1132.26,9.9147,24.31,2026-07-25T04:22:30.742Z
ts60|MU|4h|1774526400000|1775836800000,ts60,MU,NASDAQ:MU,4h,Swing 4H,LONG,Swing Low,2026-03-26 08:00,1774526400000,371.1,Flip Short,2026-04-10 12:00,1775836800000,415.22,34,12617.4,41,1473.35,11.6654,1824.4,14.445,2039.7,16.1496,26.73,2026-07-25T04:22:30.742Z
ts60|MU|4h|1783008000000|1784923200000,ts60,MU,NASDAQ:MU,4h,Swing 4H,LONG,Swing Low,2026-07-02 12:00,1783008000000,991.1,Time Stop,2026-07-24 16:00,1784923200000,920.95,14,13875.4,61,-1008.87,-7.2637,607.72,4.3755,2633.14,18.958,26.77,2026-07-25T04:22:30.742Z
ts60|RY|4h|1705320000000|1707753600000,ts60,RY,TSX:RY,4h,Swing 4H,LONG,Swing Low,2024-01-15 07:00,1705320000000,132,Time Stop,2024-02-12 11:00,1707753600000,131.2,71,9372,61,-75.49,-0.8046,156.77,1.6711,232.31,2.4763,18.69,2026-07-25T04:22:35.796Z
ts60|RY|4h|1713279600000|1714762800000,ts60,RY,TSX:RY,4h,Swing 4H,LONG,Swing Low,2024-04-16 11:00,1713279600000,133.23,Flip Short,2024-05-03 15:00,1714762800000,138.38,70,9326.1,40,341.49,3.658,368.67,3.9492,125.53,1.3446,19.01,2026-07-25T04:22:35.796Z
ts60|RY|4h|1718895600000|1720004400000,ts60,RY,TSX:RY,4h,Swing 4H,LONG,Swing Low,2024-06-20 11:00,1718895600000,141.25,Flip Short,2024-07-03 07:00,1720004400000,147.79,68,9605,23,425.07,4.421,435.12,4.5256,58.56,0.6091,19.65,2026-07-25T04:22:35.796Z
ts60|RY|4h|1722610800000|1724425200000,ts60,RY,TSX:RY,4h,Swing 4H,LONG,Swing Low,2024-08-02 11:00,1722610800000,149.06,Flip Short,2024-08-23 11:00,1724425200000,156.58,68,10136.08,42,490.58,4.8351,527.06,5.1947,246.78,2.4322,20.78,2026-07-25T04:22:35.796Z
ts60|RY|4h|1727982000000|1728658800000,ts60,RY,TSX:RY,4h,Swing 4H,LONG,Swing Low,2024-10-03 15:00,1727982000000,164.38,Flip Short,2024-10-11 11:00,1728658800000,169.21,64,10520.32,17,287.77,2.7326,310.76,2.9509,28.44,0.2701,21.35,2026-07-25T04:22:35.796Z
ts60|RY|4h|1734609600000|1737489600000,ts60,RY,TSX:RY,4h,Swing 4H,LONG,Swing Low,2024-12-19 07:00,1734609600000,173.83,Time Stop,2025-01-21 15:00,1737489600000,175.09,62,10777.46,61,56.49,0.5236,149.18,1.3828,305.9,2.8355,21.63,2026-07-25T04:22:35.796Z
ts60|RY|4h|1738771200000|1741291200000,ts60,RY,TSX:RY,4h,Swing 4H,LONG,Swing Low,2025-02-05 11:00,1738771200000,168.63,Time Stop,2025-03-06 15:00,1741291200000,163.37,64,10792.32,61,-357.89,-3.3128,261.85,2.4238,395.43,3.6604,21.25,2026-07-25T04:22:35.796Z
ts60|RY|4h|1753729200000|1754924400000,ts60,RY,TSX:RY,4h,Swing 4H,LONG,Swing Low,2025-07-28 15:00,1753729200000,179.1,Flip Short,2025-08-11 11:00,1754924400000,184.06,59,10566.9,26,271.21,2.5641,283.25,2.6779,222.97,2.1079,21.43,2026-07-25T04:22:35.796Z
ts60|RY|4h|1760439600000|1760626800000,ts60,RY,TSX:RY,4h,Swing 4H,LONG,Swing Low,2025-10-14 07:00,1760439600000,201.52,Flip Short,2025-10-16 11:00,1760626800000,206.24,53,10680.56,7,228.55,2.1377,262.27,2.4531,30.82,0.2883,21.61,2026-07-25T04:22:35.796Z
ts60|RY|4h|1762545600000|1762977600000,ts60,RY,TSX:RY,4h,Swing 4H,LONG,Swing Low,2025-11-07 15:00,1762545600000,203.29,Flip Short,2025-11-12 15:00,1762977600000,207.8,54,10977.66,9,221.34,2.0143,268.2,2.4407,35.82,0.326,22.2,2026-07-25T04:22:35.796Z
ts60|RY|4h|1768939200000|1770724800000,ts60,RY,TSX:RY,4h,Swing 4H,LONG,Swing Low,2026-01-20 15:00,1768939200000,231.99,Flip Short,2026-02-10 07:00,1770724800000,237,48,11135.52,43,217.97,1.9555,229.34,2.0575,386.5,3.4674,22.51,2026-07-25T04:22:35.796Z
ts60|RY|4h|1772208000000|1774638000000,ts60,RY,TSX:RY,4h,Swing 4H,LONG,Swing Low,2026-02-27 11:00,1772208000000,227.05,Time Stop,2026-03-27 15:00,1774638000000,219.84,50,11352.5,61,-382.84,-3.369,179.65,1.5809,513.35,4.5174,22.34,2026-07-25T04:22:35.796Z
ts60|BE|4h|1725379200000|1727208000000,ts60,BE,NYSE:BE,4h,Swing 4H,LONG,Swing Low,2024-09-03 12:00,1725379200000,11.04,Time Stop,2024-09-24 16:00,1727208000000,10.5,859,9483.36,61,-482.36,-5.0813,420.02,4.4246,1392.47,14.6687,18.5,2026-07-25T04:22:40.891Z
ts60|BE|4h|1733864400000|1735894800000,ts60,BE,NYSE:BE,4h,Swing 4H,LONG,Swing Low,2024-12-10 16:00,1733864400000,23.46,Time Stop,2025-01-03 04:00,1735894800000,23.37,384,9008.64,61,-52.54,-0.5827,1373.39,15.23,650.29,7.2113,17.98,2026-07-25T04:22:40.891Z
ts60|BE|4h|1736787600000|1737550800000,ts60,BE,NYSE:BE,4h,Swing 4H,LONG,Swing Low,2025-01-13 12:00,1736787600000,21.69,Flip Short,2025-01-22 08:00,1737550800000,26.36,413,8957.97,23,1908.87,21.2878,1977.57,22.0541,46.13,0.5144,19.84,2026-07-25T04:22:40.891Z
ts60|BE|4h|1737997200000|1739566800000,ts60,BE,NYSE:BE,4h,Swing 4H,LONG,Swing Low,2025-01-27 12:00,1737997200000,21.91,Flip Short,2025-02-14 16:00,1739566800000,25.41,492,10779.72,57,1698.72,15.7427,1819.46,16.8617,1034.14,9.5838,23.28,2026-07-25T04:22:40.891Z
ts60|BE|4h|1740416400000|1742241600000,ts60,BE,NYSE:BE,4h,Swing 4H,LONG,Swing Low,2025-02-24 12:00,1740416400000,22.78,Time Stop,2025-03-17 16:00,1742241600000,24.19,544,12392.32,61,741.49,5.9775,2446.49,19.7222,1388.71,11.195,25.55,2026-07-25T04:22:40.891Z
ts60|BE|4h|1743062400000|1744891200000,ts60,BE,NYSE:BE,4h,Swing 4H,LONG,Swing Low,2025-03-27 04:00,1743062400000,22.24,Time Stop,2025-04-17 08:00,1744891200000,17.9,595,13232.8,61,-2606.18,-19.6752,0,0,4309.13,32.5315,23.88,2026-07-25T04:22:40.891Z
ts60|BE|4h|1746547200000|1747238400000,ts60,BE,NYSE:BE,4h,Swing 4H,LONG,Swing Low,2025-05-06 12:00,1746547200000,16.37,Flip Short,2025-05-14 12:00,1747238400000,19.85,650,10640.5,24,2238.46,21.0161,2413.86,22.6629,186.14,1.7476,23.54,2026-07-25T04:22:40.891Z
ts60|BE|4h|1763053200000|1764882000000,ts60,BE,NYSE:BE,4h,Swing 4H,LONG,Swing Low,2025-11-13 12:00,1763053200000,103.39,Flip Short,2025-12-04 16:00,1764882000000,118.13,123,12716.97,57,1785.77,14.0284,1982.34,15.5726,3381.69,26.5654,27.25,2026-07-25T04:22:40.891Z
ts60|BE|4h|1765832400000|1767387600000,ts60,BE,NYSE:BE,4h,Swing 4H,LONG,Swing Low,2025-12-15 16:00,1765832400000,89.6,Flip Short,2026-01-02 16:00,1767387600000,98.62,161,14425.6,48,1421.92,9.847,1474.82,10.2134,2250.72,15.5866,30.3,2026-07-25T04:22:40.891Z
ts60|BE|4h|1770238800000|1771952400000,ts60,BE,NYSE:BE,4h,Swing 4H,LONG,Swing Low,2026-02-04 16:00,1770238800000,146.84,Flip Short,2026-02-24 12:00,1771952400000,170.69,107,15711.88,51,2517.97,16.0099,2783.41,17.6976,1709.52,10.8696,33.98,2026-07-25T04:22:40.891Z
ts60|BE|4h|1772830800000|1773950400000,ts60,BE,NYSE:BE,4h,Swing 4H,LONG,Swing Low,2026-03-06 16:00,1772830800000,135.36,Flip Short,2026-03-19 16:00,1773950400000,166.76,134,18138.24,36,4167.12,22.9513,4350.26,23.96,720.3,3.9672,40.48,2026-07-25T04:22:40.891Z
ts60|BE|4h|1774540800000|1775750400000,ts60,BE,NYSE:BE,4h,Swing 4H,LONG,Swing Low,2026-03-26 12:00,1774540800000,138.34,Flip Short,2026-04-09 12:00,1775750400000,162.53,160,22134.4,36,3822.26,17.2512,3878.67,17.5057,3516.53,15.8713,48.14,2026-07-25T04:22:40.891Z
ts60|BE|4h|1779134400000|1779379200000,ts60,BE,NYSE:BE,4h,Swing 4H,LONG,Swing Low,2026-05-18 16:00,1779134400000,258.74,Flip Short,2026-05-21 12:00,1779379200000,312.29,99,25615.26,11,5244.92,20.4553,5888.64,22.9658,1696.74,6.6173,56.53,2026-07-25T04:22:40.891Z
ts60|BE|4h|1780905600000|1781798400000,ts60,BE,NYSE:BE,4h,Swing 4H,LONG,Swing Low,2026-06-08 04:00,1780905600000,258.05,Flip Short,2026-06-18 12:00,1781798400000,311.51,121,31224.05,34,6399.74,20.4757,6735.1,21.5487,4175.47,13.3593,68.92,2026-07-25T04:22:40.891Z
ts60|TD|4h|1704916800000|1707393600000,ts60,TD,TSX:TD,4h,Swing 4H,LONG,Swing Low,2024-01-10 15:00,1704916800000,82.52,Time Stop,2024-02-08 07:00,1707393600000,79.74,115,9489.8,61,-338.36,-3.5619,51.46,0.5417,379.79,3.9981,18.66,2026-07-25T04:22:45.940Z
ts60|TD|4h|1712588400000|1714489200000,ts60,TD,TSX:TD,4h,Swing 4H,LONG,Swing Low,2024-04-08 11:00,1712588400000,80.28,Flip Short,2024-04-30 11:00,1714489200000,81.34,114,9151.92,48,102.42,1.1179,125.37,1.3685,348.87,3.8082,18.42,2026-07-25T04:22:45.940Z
ts60|TD|4h|1714748400000|1717441200000,ts60,TD,TSX:TD,4h,Swing 4H,LONG,Swing Low,2024-05-03 11:00,1714748400000,76.18,Time Stop,2024-06-03 15:00,1717441200000,75.2,121,9217.78,61,-136.9,-1.4837,254.56,2.7589,275.42,2.9849,18.32,2026-07-25T04:22:45.940Z
ts60|TD|4h|1728572400000|1730995200000,ts60,TD,TSX:TD,4h,Swing 4H,LONG,Swing Low,2024-10-10 11:00,1728572400000,82.26,Flip Short,2024-11-07 11:00,1730995200000,79.26,111,9130.86,57,-350.93,-3.8395,97.43,1.066,715.09,7.8238,17.93,2026-07-25T04:22:45.940Z
ts60|TD|4h|1733414400000|1735833600000,ts60,TD,TSX:TD,4h,Swing 4H,LONG,Swing Low,2024-12-05 11:00,1733414400000,75.03,Flip Short,2025-01-02 11:00,1735833600000,76.75,117,8778.51,50,183.48,2.088,219.37,2.4965,220.55,2.5099,17.76,2026-07-25T04:22:45.940Z
ts60|TD|4h|1741705200000|1742914800000,ts60,TD,TSX:TD,4h,Swing 4H,LONG,Swing Low,2025-03-11 11:00,1741705200000,83.02,Flip Short,2025-03-25 11:00,1742914800000,87.21,108,8966.16,30,434.14,4.8371,465.15,5.1827,43.53,0.485,18.38,2026-07-25T04:22:45.940Z
ts60|TD|4h|1743692400000|1745420400000,ts60,TD,TSX:TD,4h,Swing 4H,LONG,Swing Low,2025-04-03 11:00,1743692400000,82.12,Flip Short,2025-04-23 11:00,1745420400000,86.28,114,9361.68,39,455.04,4.8558,509.34,5.4352,472.2,5.0389,19.2,2026-07-25T04:22:45.940Z
ts60|TD|4h|1754060400000|1755183600000,ts60,TD,TSX:TD,4h,Swing 4H,LONG,Swing Low,2025-08-01 11:00,1754060400000,99.93,Flip Short,2025-08-14 11:00,1755183600000,102.82,98,9793.14,24,263.35,2.6864,279.31,2.8492,38.21,0.3898,19.87,2026-07-25T04:22:45.940Z
ts60|TD|4h|1756407600000|1758294000000,ts60,TD,TSX:TD,4h,Swing 4H,LONG,Swing Low,2025-08-28 15:00,1756407600000,100.55,Flip Short,2025-09-19 11:00,1758294000000,108.47,100,10055,44,771.1,7.6611,1045.94,10.3918,50.05,0.4973,20.9,2026-07-25T04:22:45.940Z
ts60|TD|4h|1769011200000|1770393600000,ts60,TD,TSX:TD,4h,Swing 4H,LONG,Swing Low,2026-01-21 11:00,1769011200000,128.88,Flip Short,2026-02-06 11:00,1770393600000,131.6,83,10697.04,36,204.14,1.9065,215.06,2.0085,213.22,1.9912,21.62,2026-07-25T04:22:45.940Z
ts60|TD|4h|1773068400000|1775156400000,ts60,TD,TSX:TD,4h,Swing 4H,LONG,Swing Low,2026-03-09 11:00,1773068400000,128.31,Flip Short,2026-04-02 15:00,1775156400000,132.3,85,10906.35,55,317,2.9036,334.19,3.0612,230.21,2.1086,22.15,2026-07-25T04:22:45.940Z
ts60|SBIN|4h|1671679800000|1675409400000,ts60,SBIN,BSE:SBIN,4h,Swing 4H,LONG,Swing Low,2022-12-21 22:30,1671679800000,595.2,Time Stop,2023-02-03 02:30,1675409400000,529.95,15,8928,61,-995.63,-11.1406,370.57,4.1465,1446.68,16.1876,16.88,2026-07-25T04:22:50.906Z
ts60|SBIN|4h|1679643000000|1682321400000,ts60,SBIN,BSE:SBIN,4h,Swing 4H,LONG,Swing Low,2023-03-24 03:30,1679643000000,512.55,Flip Short,2023-04-24 03:30,1682321400000,550.25,16,8200.8,34,586.2,7.1409,605.4,7.3748,179.4,2.1854,17,2026-07-25T04:22:50.906Z
ts60|SBIN|4h|1686886200000|1688974200000,ts60,SBIN,BSE:SBIN,4h,Swing 4H,LONG,Swing Low,2023-06-15 23:30,1686886200000,568.5,Flip Short,2023-07-10 03:30,1688974200000,593,16,9096,31,373.42,4.1012,491.7,5.4003,241.1,2.6479,18.58,2026-07-25T04:22:50.906Z
ts60|SBIN|4h|1691379000000|1694489400000,ts60,SBIN,BSE:SBIN,4h,Swing 4H,LONG,Swing Low,2023-08-06 23:30,1691379000000,579.75,Flip Short,2023-09-11 23:30,1694489400000,592.25,16,9276,50,181.25,1.952,191.52,2.0627,419.68,4.5198,18.75,2026-07-25T04:22:50.906Z
ts60|SBIN|4h|1697441400000|1701329400000,ts60,SBIN,BSE:SBIN,4h,Swing 4H,LONG,Swing Low,2023-10-16 03:30,1697441400000,576.8,Time Stop,2023-11-30 02:30,1701329400000,566,16,9228.8,61,-191.08,-2.0685,185.97,2.0131,547.63,5.928,18.28,2026-07-25T04:22:50.906Z
ts60|SBIN|4h|1705995000000|1706859000000,ts60,SBIN,BSE:SBIN,4h,Swing 4H,LONG,Swing Low,2024-01-23 02:30,1705995000000,609.95,Flip Short,2024-02-02 02:30,1706859000000,656.8,15,9149.25,14,683.75,7.4658,746.1,8.1466,147.9,1.6149,19,2026-07-25T04:22:50.906Z
ts60|SBIN|4h|1717486200000|1721028600000,ts60,SBIN,BSE:SBIN,4h,Swing 4H,LONG,Swing Low,2024-06-04 03:30,1717486200000,785.4,Flip Short,2024-07-15 03:30,1721028600000,873.8,12,9424.8,56,1040.89,11.0331,1065.78,11.2969,505.02,5.3531,19.91,2026-07-25T04:22:50.906Z
ts60|SBIN|4h|1722843000000|1726630200000,ts60,SBIN,BSE:SBIN,4h,Swing 4H,LONG,Swing Low,2024-08-05 03:30,1722843000000,802.85,Time Stop,2024-09-17 23:30,1726630200000,783.55,13,10437.05,61,-271.52,-2.5989,341.21,3.266,494.04,4.7288,20.62,2026-07-25T04:22:50.906Z
ts60|SBIN|4h|1732174200000|1733369400000,ts60,SBIN,BSE:SBIN,4h,Swing 4H,LONG,Swing Low,2024-11-21 02:30,1732174200000,777.7,Flip Short,2024-12-04 22:30,1733369400000,861.65,13,10110.1,19,1070.04,10.5733,1109.19,10.9601,23.11,0.2284,21.31,2026-07-25T04:22:50.906Z
ts60|SBIN|4h|1735543800000|1739158200000,ts60,SBIN,BSE:SBIN,4h,Swing 4H,LONG,Swing Low,2024-12-30 02:30,1735543800000,798.45,Time Stop,2025-02-09 22:30,1739158200000,740.55,14,11178.3,61,-832.15,-7.4369,146.32,1.3077,1074.48,9.6026,21.55,2026-07-25T04:22:50.906Z
ts60|SBIN|4h|1753947000000|1757993400000,ts60,SBIN,BSE:SBIN,4h,Swing 4H,LONG,Swing Low,2025-07-31 03:30,1753947000000,803.2,Time Stop,2025-09-15 23:30,1757993400000,823.4,13,10441.6,61,241.45,2.3101,405.56,3.8802,226.89,2.1708,21.15,2026-07-25T04:22:50.906Z
ts60|SBIN|4h|1773631800000|1776670200000,ts60,SBIN,BSE:SBIN,4h,Swing 4H,LONG,Swing Low,2026-03-15 23:30,1773631800000,1046.85,Flip Short,2026-04-20 03:30,1776670200000,1110.8,10,10468.5,43,617.92,5.8968,730.03,6.9666,716.97,6.842,21.58,2026-07-25T04:22:50.906Z
ts60|SBIN|4h|1778484600000|1781767800000,ts60,SBIN,BSE:SBIN,4h,Swing 4H,LONG,Swing Low,2026-05-11 03:30,1778484600000,979.9,Flip Short,2026-06-18 03:30,1781767800000,1040.8,12,11758.8,54,706.55,6.0027,780.84,6.6338,564.36,4.7947,24.25,2026-07-25T04:22:50.906Z
ts60|KARURVYSYA|4h|1676619000000|1680751800000,ts60,KARURVYSYA,BSE:KARURVYSYA,4h,Swing 4H,LONG,Swing Low,2023-02-17 02:30,1676619000000,84.65,Time Stop,2023-04-05 23:30,1680751800000,80.7,111,9396.15,61,-456.8,-4.8567,384.65,4.0896,819.7,8.715,18.35,2026-07-25T04:22:55.907Z
ts60|KARURVYSYA|4h|1691998200000|1693899000000,ts60,KARURVYSYA,BSE:KARURVYSYA,4h,Swing 4H,LONG,Swing Low,2023-08-14 03:30,1691998200000,101.7,Flip Short,2023-09-05 03:30,1693899000000,107.6,89,9051.3,30,506.47,5.59,685.15,7.5621,494.1,5.4534,18.63,2026-07-25T04:22:55.907Z
ts60|KARURVYSYA|4h|1710315000000|1712043000000,ts60,KARURVYSYA,BSE:KARURVYSYA,4h,Swing 4H,LONG,Swing Low,2024-03-13 03:30,1710315000000,142,Flip Short,2024-04-02 03:30,1712043000000,154.15,67,9514,24,794.21,8.3394,1032.34,10.8399,260.76,2.7381,19.84,2026-07-25T04:22:55.907Z
ts60|KARURVYSYA|4h|1715657400000|1718004600000,ts60,KARURVYSYA,BSE:KARURVYSYA,4h,Swing 4H,LONG,Swing Low,2024-05-13 23:30,1715657400000,157.8,Flip Short,2024-06-10 03:30,1718004600000,178.25,65,10257,38,1307.41,12.7337,1377.49,13.4164,1323.26,12.8881,21.84,2026-07-25T04:22:55.907Z
ts60|KARURVYSYA|4h|1725435000000|1729222200000,ts60,KARURVYSYA,BSE:KARURVYSYA,4h,Swing 4H,LONG,Swing Low,2024-09-04 03:30,1725435000000,182.5,Time Stop,2024-10-17 23:30,1729222200000,177.5,63,11497.5,61,-337.68,-2.9341,328.7,2.856,1366,11.869,22.68,2026-07-25T04:22:55.907Z
ts60|KARURVYSYA|4h|1735615800000|1737689400000,ts60,KARURVYSYA,BSE:KARURVYSYA,4h,Swing 4H,LONG,Swing Low,2024-12-30 22:30,1735615800000,175.95,Flip Short,2025-01-23 22:30,1737689400000,194.35,62,10908.9,36,1117.84,10.2368,1194.99,10.9433,358.11,3.2794,22.96,2026-07-25T04:22:55.907Z
ts60|KARURVYSYA|4h|1740367800000|1743579000000,ts60,KARURVYSYA,BSE:KARURVYSYA,4h,Swing 4H,LONG,Swing Low,2025-02-23 22:30,1740367800000,177.5,Flip Short,2025-04-02 03:30,1743579000000,177.85,68,12070,49,-0.36,-0.003,198.73,1.6448,1633.87,13.5231,24.16,2026-07-25T04:22:55.907Z
ts60|KARURVYSYA|4h|1756107000000|1759735800000,ts60,KARURVYSYA,BSE:KARURVYSYA,4h,Swing 4H,LONG,Swing Low,2025-08-25 03:30,1756107000000,184.95,Flip Short,2025-10-06 03:30,1759735800000,219,66,12206.7,56,2220.64,18.1738,2895.09,23.6936,164.01,1.3422,26.66,2026-07-25T04:22:55.907Z
ts60|KARURVYSYA|4h|1765251000000|1766734200000,ts60,KARURVYSYA,BSE:KARURVYSYA,4h,Swing 4H,LONG,Swing Low,2025-12-08 22:30,1765251000000,240,Flip Short,2025-12-26 02:30,1766734200000,267.3,59,14160,25,1580.77,11.1525,1637.84,11.5551,200.01,1.4111,29.93,2026-07-25T04:22:55.907Z
ts60|KARURVYSYA|4h|1773387000000|1777361400000,ts60,KARURVYSYA,BSE:KARURVYSYA,4h,Swing 4H,LONG,Swing Low,2026-03-13 03:30,1773387000000,284.7,Flip Short,2026-04-28 03:30,1777361400000,295.2,55,15658.5,56,545.61,3.4809,927.59,5.918,1621.66,10.3461,31.89,2026-07-25T04:22:55.907Z
ts60|KARURVYSYA|4h|1781076600000|1781767800000,ts60,KARURVYSYA,BSE:KARURVYSYA,4h,Swing 4H,LONG,Swing Low,2026-06-10 03:30,1781076600000,276,Flip Short,2026-06-18 03:30,1781767800000,297.3,59,16284,12,1222.88,7.5022,1470.52,9.0214,432.23,2.6517,33.82,2026-07-25T04:22:55.907Z
ts60|ICICIBANK|4h|1664350200000|1666668600000,ts60,ICICIBANK,BSE:ICICIBANK,4h,Swing 4H,LONG,Swing Low,2022-09-28 03:30,1664350200000,857.7,Flip Short,2022-10-24 23:30,1666668600000,938.9,11,9434.7,34,873.44,9.2485,883.77,9.3578,234.38,2.4818,19.76,2026-07-25T04:23:00.937Z
ts60|ICICIBANK|4h|1671521400000|1675308600000,ts60,ICICIBANK,BSE:ICICIBANK,4h,Swing 4H,LONG,Swing Low,2022-12-20 02:30,1671521400000,900.95,Time Stop,2023-02-01 22:30,1675308600000,838.95,11,9910.45,61,-701.14,-7.0677,232.09,2.3395,1163.26,11.726,19.14,2026-07-25T04:23:00.937Z
ts60|ICICIBANK|4h|1686886200000|1688542200000,ts60,ICICIBANK,BSE:ICICIBANK,4h,Swing 4H,LONG,Swing Low,2023-06-15 23:30,1686886200000,928.35,Flip Short,2023-07-05 03:30,1688542200000,961.2,10,9283.5,25,309.6,3.3317,353.72,3.8064,142.78,1.5365,18.9,2026-07-25T04:23:00.937Z
ts60|ICICIBANK|4h|1692343800000|1694503800000,ts60,ICICIBANK,BSE:ICICIBANK,4h,Swing 4H,LONG,Swing Low,2023-08-18 03:30,1692343800000,953,Flip Short,2023-09-12 03:30,1694503800000,984.65,10,9530,34,297.12,3.1147,410.97,4.3081,74.03,0.776,19.38,2026-07-25T04:23:00.937Z
ts60|ICICIBANK|4h|1695627000000|1699500600000,ts60,ICICIBANK,BSE:ICICIBANK,4h,Swing 4H,LONG,Swing Low,2023-09-25 03:30,1695627000000,957.25,Time Stop,2023-11-08 22:30,1699500600000,935.8,10,9572.5,61,-233.43,-2.4361,37.93,0.3958,593.57,6.1946,18.93,2026-07-25T04:23:00.937Z
ts60|ICICIBANK|4h|1704871800000|1705995000000,ts60,ICICIBANK,BSE:ICICIBANK,4h,Swing 4H,LONG,Swing Low,2024-01-10 02:30,1704871800000,989,Flip Short,2024-01-23 02:30,1705995000000,1034.85,10,9890,18,438.26,4.4269,774.11,7.8194,199.39,2.0141,20.24,2026-07-25T04:23:00.937Z
ts60|ICICIBANK|4h|1713497400000|1714102200000,ts60,ICICIBANK,BSE:ICICIBANK,4h,Swing 4H,LONG,Swing Low,2024-04-18 23:30,1713497400000,1053.4,Flip Short,2024-04-25 23:30,1714102200000,1112.15,9,9480.6,10,509.26,5.3662,634.92,6.6903,54.93,0.5788,19.49,2026-07-25T04:23:00.937Z
ts60|ICICIBANK|4h|1717486200000|1719214200000,ts60,ICICIBANK,BSE:ICICIBANK,4h,Swing 4H,LONG,Swing Low,2024-06-04 03:30,1717486200000,1073.45,Flip Short,2024-06-24 03:30,1719214200000,1165.45,10,10734.5,26,897.61,8.3536,1011.77,9.4159,230.23,2.1427,22.39,2026-07-25T04:23:00.937Z
ts60|ICICIBANK|4h|1722843000000|1725420600000,ts60,ICICIBANK,BSE:ICICIBANK,4h,Swing 4H,LONG,Swing Low,2024-08-05 03:30,1722843000000,1170.2,Flip Short,2024-09-03 23:30,1725420600000,1236.05,10,11702,41,634.44,5.4162,794.3,6.7809,180.7,1.5427,24.06,2026-07-25T04:23:00.937Z
ts60|ICICIBANK|4h|1735716600000|1739331000000,ts60,ICICIBANK,BSE:ICICIBANK,4h,Swing 4H,LONG,Swing Low,2025-01-01 02:30,1735716600000,1286.5,Time Stop,2025-02-11 22:30,1739331000000,1255.05,9,11578.5,61,-305.92,-2.6395,46.92,0.4048,907.08,7.8263,22.87,2026-07-25T04:23:00.937Z
ts60|ICICIBANK|4h|1756193400000|1760067000000,ts60,ICICIBANK,BSE:ICICIBANK,4h,Swing 4H,LONG,Swing Low,2025-08-26 03:30,1756193400000,1417.15,Time Stop,2025-10-09 23:30,1760067000000,1368.9,8,11337.2,61,-408.29,-3.5977,111.46,0.9822,604.54,5.327,22.29,2026-07-25T04:23:00.937Z
ts60|ICICIBANK|4h|1762155000000|1764228600000,ts60,ICICIBANK,BSE:ICICIBANK,4h,Swing 4H,LONG,Swing Low,2025-11-03 02:30,1762155000000,1346,Flip Short,2025-11-27 02:30,1764228600000,1390.3,8,10768,34,332.51,3.0849,369.23,3.4255,238.77,2.2152,21.89,2026-07-25T04:23:00.937Z
ts60|ICICIBANK|4h|1765956600000|1767684600000,ts60,ICICIBANK,BSE:ICICIBANK,4h,Swing 4H,LONG,Swing Low,2025-12-17 02:30,1765956600000,1350.45,Flip Short,2026-01-06 02:30,1767684600000,1410.65,8,10803.6,26,459.51,4.2491,493.6,4.5643,129.6,1.1984,22.09,2026-07-25T04:23:00.937Z
ts60|ICICIBANK|4h|1769499000000|1773199800000,ts60,ICICIBANK,BSE:ICICIBANK,4h,Swing 4H,LONG,Swing Low,2026-01-27 02:30,1769499000000,1352.3,Time Stop,2026-03-10 23:30,1773199800000,1303.65,9,12170.7,61,-461.75,-3.7902,727.63,5.9726,921.17,7.5612,23.9,2026-07-25T04:23:00.937Z
ts60|ICICIBANK|4h|1779262200000|1781076600000,ts60,ICICIBANK,BSE:ICICIBANK,4h,Swing 4H,LONG,Swing Low,2026-05-20 03:30,1779262200000,1230.5,Flip Short,2026-06-10 03:30,1781076600000,1299.45,9,11074.5,28,597.78,5.3924,665.28,6.0013,160.47,1.4476,22.77,2026-07-25T04:23:00.937Z
pyr25|AGQ|4h|1725379200000|1726243200000,pyr25,AGQ,AMEX:AGQ,4h,Swing 4H,LONG,Swing Low,2024-09-03 12:00,1725379200000,33.08,Flip Short,2024-09-13 12:00,1726243200000,40.05,229,7575.32,32,1579.38,20.8282,1588.55,20.9492,188.49,2.4857,16.75,2026-07-25T14:41:23.584Z
pyr25|AGQ|4h|1728403200000|1729281600000,pyr25,AGQ,AMEX:AGQ,4h,Swing 4H,LONG,Swing Low,2024-10-08 12:00,1728403200000,38.36,Flip Short,2024-10-18 16:00,1729281600000,46.73,229,8784.44,33,1897.24,21.5762,1937.72,22.0365,114.12,1.2979,19.49,2026-07-25T14:41:23.584Z
pyr25|AGQ|4h|1730898000000|1733331600000,pyr25,AGQ,AMEX:AGQ,4h,Swing 4H,LONG,Swing Low,2024-11-06 08:00,1730898000000,41.03,Flip Short,2024-12-04 12:00,1733331600000,40.01,249,10216.47,76,-274.16,-2.6808,293.56,2.8706,1275.14,12.4687,20.18,2026-07-25T14:41:23.584Z
pyr25|AGQ|4h|1734541200000|1736355600000,pyr25,AGQ,AMEX:AGQ,4h,Swing 4H,LONG,Swing Low,2024-12-18 12:00,1734541200000,36.91,Flip Short,2025-01-08 12:00,1736355600000,37.43,271,10002.61,50,120.77,1.2062,228.48,2.2819,980.18,9.7895,20.15,2026-07-25T14:41:23.584Z
pyr25|AGQ|4h|1737997200000|1738242000000,pyr25,AGQ,AMEX:AGQ,4h,Swing 4H,LONG,Swing Low,2025-01-27 12:00,1737997200000,35.7,Flip Short,2025-01-30 08:00,1738242000000,40.1,283,10103.1,11,1223.75,12.1005,1269.06,12.5485,126.13,1.2472,21.45,2026-07-25T14:41:23.584Z
pyr25|AGQ|4h|1740502800000|1741780800000,pyr25,AGQ,AMEX:AGQ,4h,Swing 4H,LONG,Swing Low,2025-02-25 12:00,1740502800000,39.44,Flip Short,2025-03-12 08:00,1741780800000,42.9,280,11043.2,42,945.74,8.5555,1019.36,9.2214,506.64,4.5832,23.06,2026-07-25T14:41:23.584Z
pyr25|AGQ|4h|1743681600000|1745352000000,pyr25,AGQ,AMEX:AGQ,4h,Swing 4H,LONG,Swing Low,2025-04-03 08:00,1743681600000,40.4,Flip Short,2025-04-22 16:00,1745352000000,39.64,291,11756.4,50,-244.45,-2.0772,229.77,1.9525,2491.08,21.1679,23.29,2026-07-25T14:41:23.584Z
pyr25|AGQ|4h|1743782400000|1745352000000,pyr25,AGQ,AMEX:AGQ,4h,Swing 4H,LONG,Pyramid Add,2025-04-04 12:00,1743782400000,33.29,Flip Short,2025-04-22 16:00,1745352000000,39.64,72,2396.88,45,451.95,18.8369,569.28,23.7273,103.92,4.3312,5.25,2026-07-25T14:41:23.584Z
pyr25|AGQ|4h|1746100800000|1747843200000,pyr25,AGQ,AMEX:AGQ,4h,Swing 4H,LONG,Swing Low,2025-05-01 08:00,1746100800000,37.48,Flip Short,2025-05-21 12:00,1747843200000,41.49,318,11918.64,57,1250.07,10.4779,1358.66,11.3881,50.08,0.4198,25.11,2026-07-25T14:41:23.584Z
pyr25|AGQ|4h|1753891200000|1755878400000,pyr25,AGQ,AMEX:AGQ,4h,Swing 4H,LONG,Swing Low,2025-07-30 12:00,1753891200000,51.01,Flip Short,2025-08-22 12:00,1755878400000,54.3,252,12854.52,67,802.54,6.237,899.39,6.9897,972.97,7.5616,26.54,2026-07-25T14:41:23.584Z
pyr25|AGQ|4h|1761062400000|1762779600000,pyr25,AGQ,AMEX:AGQ,4h,Swing 4H,LONG,Swing Low,2025-10-21 12:00,1761062400000,78.66,Flip Short,2025-11-10 08:00,1762779600000,85.15,171,13450.86,55,1081.78,8.0344,1121.99,8.3331,1424.2,10.5776,28.01,2026-07-25T14:41:23.584Z
pyr25|AGQ|4h|1769806800000|1772024400000,pyr25,AGQ,AMEX:AGQ,4h,Swing 4H,LONG,Swing Low,2026-01-30 16:00,1769806800000,160.14,Flip Short,2026-02-25 08:00,1772024400000,181.6,89,14252.46,66,1879.53,13.1742,3004.63,21.0604,6257.6,43.8616,30.41,2026-07-25T14:41:23.584Z
pyr25|AGQ|4h|1770051600000|1772024400000,pyr25,AGQ,AMEX:AGQ,4h,Swing 4H,LONG,Pyramid Add,2026-02-02 12:00,1770051600000,142.84,Flip Short,2026-02-25 08:00,1772024400000,181.6,22,3142.48,63,845.58,26.8812,1123.7,35.7226,1165.84,37.0624,7.14,2026-07-25T14:41:23.584Z
pyr25|AGQ|4h|1773662400000|1775635200000,pyr25,AGQ,AMEX:AGQ,4h,Swing 4H,LONG,Swing Low,2026-03-16 08:00,1773662400000,133.46,Flip Short,2026-04-08 04:00,1775635200000,122.36,122,16282.12,63,-1385.41,-8.5003,1157.36,7.1011,5994.28,36.7783,31.21,2026-07-25T14:41:23.584Z
pyr25|AGQ|4h|1773921600000|1775635200000,pyr25,AGQ,AMEX:AGQ,4h,Swing 4H,LONG,Pyramid Add,2026-03-19 08:00,1773921600000,104.8,Flip Short,2026-04-08 04:00,1775635200000,122.36,30,3144,51,519.99,16.5224,572.86,18.2024,613.34,19.4889,6.81,2026-07-25T14:41:23.584Z
pyr25|AGQ|4h|1777377600000|1778155200000,pyr25,AGQ,AMEX:AGQ,4h,Swing 4H,LONG,Swing Low,2026-04-28 08:00,1777377600000,107.8,Flip Short,2026-05-07 08:00,1778155200000,134.28,146,15738.8,28,3830.74,24.3151,3867.86,24.5508,607.04,3.8531,35.34,2026-07-25T14:41:23.584Z
pyr25|AGQ|4h|1779206400000|1784923200000,pyr25,AGQ,AMEX:AGQ,4h,Swing 4H,LONG,Swing Low,2026-05-19 12:00,1779206400000,111.4,,2026-07-24 16:00,1784923200000,65,167,18603.8,181,-7778.26,-41.7683,1501.1,8.0607,8994.85,48.3013,18.6,2026-07-25T14:41:23.584Z
pyr25|ASHR|4h|1722355200000|1727179200000,pyr25,ASHR,AMEX:ASHR,4h,Swing 4H,LONG,Swing Low,2024-07-30 12:00,1722355200000,23.27,Flip Short,2024-09-24 08:00,1727179200000,24.5,326,7586.02,120,385.41,5.0754,439.03,5.7816,300.99,3.9637,15.57,2026-07-25T14:41:28.634Z
pyr25|ASHR|4h|1729022400000|1730811600000,pyr25,ASHR,AMEX:ASHR,4h,Swing 4H,LONG,Swing Low,2024-10-15 16:00,1729022400000,26.82,Flip Short,2024-11-05 08:00,1730811600000,28.56,294,7885.08,58,495.28,6.2749,559.53,7.089,196.05,2.4838,16.28,2026-07-25T14:41:28.634Z
pyr25|ASHR|4h|1732280400000|1733749200000,pyr25,ASHR,AMEX:ASHR,4h,Swing 4H,LONG,Swing Low,2024-11-22 08:00,1732280400000,26.65,Flip Short,2024-12-09 08:00,1733749200000,28.86,310,8261.5,39,667.89,8.0763,732.64,8.8592,98.16,1.187,17.21,2026-07-25T14:41:28.634Z
pyr25|ASHR|4h|1734382800000|1737723600000,pyr25,ASHR,AMEX:ASHR,4h,Swing 4H,LONG,Swing Low,2024-12-16 16:00,1734382800000,26.83,Flip Short,2025-01-24 08:00,1737723600000,26.28,327,8773.41,90,-197.22,-2.2456,112.22,1.2778,626.8,7.1372,17.37,2026-07-25T14:41:28.634Z
pyr25|ASHR|4h|1741078800000|1741953600000,pyr25,ASHR,AMEX:ASHR,4h,Swing 4H,LONG,Swing Low,2025-03-04 04:00,1741078800000,26.39,Flip Short,2025-03-14 08:00,1741953600000,27.72,326,8603.14,31,415.94,4.8299,441.28,5.1241,8.6,0.0999,17.64,2026-07-25T14:41:28.634Z
pyr25|ASHR|4h|1743163200000|1746187200000,pyr25,ASHR,AMEX:ASHR,4h,Swing 4H,LONG,Swing Low,2025-03-28 08:00,1743163200000,26.7,Flip Short,2025-05-02 08:00,1746187200000,26.16,335,8944.5,92,-198.61,-2.2182,0,0,1174.74,13.1206,17.71,2026-07-25T14:41:28.634Z
pyr25|ASHR|4h|1748620800000|1749744000000,pyr25,ASHR,AMEX:ASHR,4h,Swing 4H,LONG,Swing Low,2025-05-30 12:00,1748620800000,26.43,Flip Short,2025-06-12 12:00,1749744000000,27.03,332,8774.76,34,181.45,2.0658,193.75,2.2058,118.33,1.3472,17.75,2026-07-25T14:41:28.634Z
pyr25|ASHR|4h|1760112000000|1761566400000,pyr25,ASHR,AMEX:ASHR,4h,Swing 4H,LONG,Swing Low,2025-10-10 12:00,1760112000000,31.69,Flip Short,2025-10-27 08:00,1761566400000,33.63,281,8904.89,39,526.79,5.9098,541.86,6.0788,171.88,1.9283,18.35,2026-07-25T14:41:28.634Z
pyr25|ASHR|4h|1763658000000|1765270800000,pyr25,ASHR,AMEX:ASHR,4h,Swing 4H,LONG,Swing Low,2025-11-20 12:00,1763658000000,32.3,Flip Short,2025-12-09 04:00,1765270800000,33.04,288,9302.4,36,194.3,2.0866,267.18,2.8693,265.62,2.8526,18.82,2026-07-25T14:41:28.634Z
pyr25|ASHR|4h|1766149200000|1767358800000,pyr25,ASHR,AMEX:ASHR,4h,Swing 4H,LONG,Swing Low,2025-12-19 08:00,1766149200000,32.3,Flip Short,2026-01-02 08:00,1767358800000,33.27,292,9431.6,28,264.09,2.7973,273.81,2.9002,32.79,0.3473,19.15,2026-07-25T14:41:28.634Z
pyr25|ASHR|4h|1769806800000|1770670800000,pyr25,ASHR,AMEX:ASHR,4h,Swing 4H,LONG,Swing Low,2026-01-30 16:00,1769806800000,33.48,Flip Short,2026-02-09 16:00,1770670800000,34.03,289,9675.72,21,139.44,1.4397,178.17,1.8396,177.3,1.8305,19.51,2026-07-25T14:41:28.634Z
pyr25|ASHR|4h|1772542800000|1775649600000,pyr25,ASHR,AMEX:ASHR,4h,Swing 4H,LONG,Swing Low,2026-03-03 08:00,1772542800000,33.27,Flip Short,2026-04-08 08:00,1775649600000,33.5,293,9748.11,88,47.83,0.4901,207.07,2.1221,484.41,4.9643,19.56,2026-07-25T14:41:28.634Z
pyr25|ASHR|4h|1779364800000|1781712000000,pyr25,ASHR,AMEX:ASHR,4h,Swing 4H,LONG,Swing Low,2026-05-21 08:00,1779364800000,35.07,Flip Short,2026-06-17 12:00,1781712000000,36.29,280,9819.6,63,321.62,3.272,337.38,3.4324,197.42,2.0085,19.98,2026-07-25T14:41:28.634Z
pyr25|EPI|4h|1710331200000|1712145600000,pyr25,EPI,AMEX:EPI,4h,Swing 4H,LONG,Swing Low,2024-03-13 08:00,1710331200000,42.92,Flip Short,2024-04-03 08:00,1712145600000,44.16,176,7553.92,45,202.91,2.6835,300.45,3.9734,153.63,2.0318,15.33,2026-07-25T14:41:33.757Z
pyr25|EPI|4h|1715601600000|1716220800000,pyr25,EPI,AMEX:EPI,4h,Swing 4H,LONG,Swing Low,2024-05-13 08:00,1715601600000,44,Flip Short,2024-05-20 12:00,1716220800000,45.87,176,7744,17,313.3,4.0417,323.14,4.1686,42.94,0.554,15.82,2026-07-25T14:41:33.757Z
pyr25|EPI|4h|1721808000000|1724328000000,pyr25,EPI,AMEX:EPI,4h,Swing 4H,LONG,Swing Low,2024-07-24 04:00,1721808000000,48.86,Flip Short,2024-08-22 08:00,1724328000000,49.49,165,8061.9,73,87.72,1.087,196.54,2.4354,479.96,5.9475,16.23,2026-07-25T14:41:33.757Z
pyr25|EPI|4h|1726070400000|1727092800000,pyr25,EPI,AMEX:EPI,4h,Swing 4H,LONG,Swing Low,2024-09-11 12:00,1726070400000,48.65,Flip Short,2024-09-23 08:00,1727092800000,50.91,165,8027.25,24,356.47,4.4363,364.87,4.5409,8.03,0.0999,16.43,2026-07-25T14:41:33.757Z
pyr25|EPI|4h|1728057600000|1733302800000,pyr25,EPI,AMEX:EPI,4h,Swing 4H,LONG,Swing Low,2024-10-04 12:00,1728057600000,49.34,Flip Short,2024-12-04 04:00,1733302800000,47.57,169,8338.46,139,-315.51,-3.78,67.71,0.8112,667.44,7.9963,16.38,2026-07-25T14:41:33.757Z
pyr25|EPI|4h|1734555600000|1742299200000,pyr25,EPI,AMEX:EPI,4h,Swing 4H,LONG,Swing Low,2024-12-18 16:00,1734555600000,46.33,Flip Short,2025-03-18 08:00,1742299200000,41.98,175,8107.75,180,-776.7,-9.5702,144.14,1.7761,1119.36,13.7922,15.45,2026-07-25T14:41:33.757Z
pyr25|EPI|4h|1744027200000|1744905600000,pyr25,EPI,AMEX:EPI,4h,Swing 4H,LONG,Swing Low,2025-04-07 08:00,1744027200000,41.24,Flip Short,2025-04-17 12:00,1744905600000,44.17,181,7464.44,26,514.87,6.8908,546.4,7.3127,76.24,1.0204,15.46,2026-07-25T14:41:33.757Z
pyr25|EPI|4h|1746720000000|1747224000000,pyr25,EPI,AMEX:EPI,4h,Swing 4H,LONG,Swing Low,2025-05-08 12:00,1746720000000,43.76,Flip Short,2025-05-14 08:00,1747224000000,45.96,180,7876.8,12,379.85,4.8176,483.52,6.1324,101.48,1.287,16.15,2026-07-25T14:41:33.757Z
pyr25|EPI|4h|1750190400000|1751025600000,pyr25,EPI,AMEX:EPI,4h,Swing 4H,LONG,Swing Low,2025-06-17 16:00,1750190400000,45.9,Flip Short,2025-06-27 08:00,1751025600000,47.45,178,8170.2,21,259.28,3.1704,267.73,3.2736,59.79,0.7311,16.62,2026-07-25T14:41:33.757Z
pyr25|EPI|4h|1753200000000|1758038400000,pyr25,EPI,AMEX:EPI,4h,Swing 4H,LONG,Swing Low,2025-07-22 12:00,1753200000000,46.54,Flip Short,2025-09-16 12:00,1758038400000,45.46,179,8330.66,128,-209.79,-2.5157,22.1,0.265,523.85,6.2819,16.47,2026-07-25T14:41:33.757Z
pyr25|EPI|4h|1764781200000|1766581200000,pyr25,EPI,AMEX:EPI,4h,Swing 4H,LONG,Swing Low,2025-12-03 12:00,1764781200000,45.19,Flip Short,2025-12-24 08:00,1766581200000,46.24,181,8179.39,49,173.5,2.1191,216.26,2.6413,80.58,0.9842,16.55,2026-07-25T14:41:33.757Z
pyr25|EPI|4h|1768582800000|1770066000000,pyr25,EPI,AMEX:EPI,4h,Swing 4H,LONG,Swing Low,2026-01-16 12:00,1768582800000,45.37,Flip Short,2026-02-02 16:00,1770066000000,46.29,184,8348.08,34,152.41,1.8239,160.93,1.9258,313.79,3.7551,16.87,2026-07-25T14:41:33.757Z
pyr25|EPI|4h|1772456400000|1775664000000,pyr25,EPI,AMEX:EPI,4h,Swing 4H,LONG,Swing Low,2026-03-02 08:00,1772456400000,44.64,Flip Short,2026-04-08 12:00,1775664000000,42.76,190,8481.6,85,-373.81,-4.4029,0,0,1000.28,11.7818,16.61,2026-07-25T14:41:33.757Z
pyr25|EPI|4h|1778572800000|1781539200000,pyr25,EPI,AMEX:EPI,4h,Swing 4H,LONG,Swing Low,2026-05-12 04:00,1778572800000,42.34,Flip Short,2026-06-15 12:00,1781539200000,42.91,192,8129.28,68,93.07,1.1438,105.15,1.2922,269.25,3.3088,16.37,2026-07-25T14:41:33.757Z
pyr25|EURL|4h|1692028800000|1699981200000,pyr25,EURL,AMEX:EURL,4h,Swing 4H,LONG,Swing Low,2023-08-14 12:00,1692028800000,21.88,Flip Short,2023-11-14 12:00,1699981200000,19.24,349,7636.12,132,-935.71,-12.2415,0,0,2370.37,31.0105,14.35,2026-07-25T14:41:38.650Z
pyr25|EURL|4h|1695657600000|1699981200000,pyr25,EURL,AMEX:EURL,4h,Swing 4H,LONG,Pyramid Add,2023-09-25 12:00,1695657600000,18.15,Flip Short,2023-11-14 12:00,1699981200000,19.24,87,1579.05,77,91.58,5.7937,103.69,6.5601,266.06,16.8325,3.25,2026-07-25T14:41:38.650Z
pyr25|EURL|4h|1705424400000|1708606800000,pyr25,EURL,AMEX:EURL,4h,Swing 4H,LONG,Swing Low,2024-01-16 12:00,1705424400000,21.41,Flip Short,2024-02-22 08:00,1708606800000,23.9,323,6915.43,57,789.63,11.407,829.65,11.9852,329.92,4.7659,14.64,2026-07-25T14:41:38.650Z
pyr25|EURL|4h|1712764800000|1715097600000,pyr25,EURL,AMEX:EURL,4h,Swing 4H,LONG,Swing Low,2024-04-10 12:00,1712764800000,24.71,Flip Short,2024-05-07 12:00,1715097600000,26.37,305,7536.55,45,490.72,6.5047,517.06,6.8539,712.09,9.439,15.58,2026-07-25T14:41:38.650Z
pyr25|EURL|4h|1718121600000|1720800000000,pyr25,EURL,AMEX:EURL,4h,Swing 4H,LONG,Swing Low,2024-06-11 12:00,1718121600000,26.73,Flip Short,2024-07-12 12:00,1720800000000,28.51,296,7912.08,50,510.53,6.4461,631.45,7.9728,549.59,6.9393,16.35,2026-07-25T14:41:38.650Z
pyr25|EURL|4h|1722600000000|1724083200000,pyr25,EURL,AMEX:EURL,4h,Swing 4H,LONG,Swing Low,2024-08-02 08:00,1722600000000,24.35,Flip Short,2024-08-19 12:00,1724083200000,27.76,331,8059.85,24,1111.46,13.7763,1170.3,14.5056,752.81,9.3309,17.25,2026-07-25T14:41:38.650Z
pyr25|EURL|4h|1729008000000|1733504400000,pyr25,EURL,AMEX:EURL,4h,Swing 4H,LONG,Swing Low,2024-10-15 12:00,1729008000000,26.46,Flip Short,2024-12-06 12:00,1733504400000,23.9,346,9155.16,99,-903.18,-9.8555,253.8,2.7695,1901.78,20.752,17.42,2026-07-25T14:41:38.650Z
pyr25|EURL|4h|1731430800000|1733504400000,pyr25,EURL,AMEX:EURL,4h,Swing 4H,LONG,Pyramid Add,2024-11-12 12:00,1731430800000,21.62,Flip Short,2024-12-06 12:00,1733504400000,23.9,86,1859.32,46,192.17,10.3249,238.94,12.8381,56.04,3.011,3.91,2026-07-25T14:41:38.650Z
pyr25|EURL|4h|1734555600000|1737478800000,pyr25,EURL,AMEX:EURL,4h,Swing 4H,LONG,Swing Low,2024-12-18 16:00,1734555600000,20.66,Flip Short,2025-01-21 12:00,1737478800000,23.15,413,8532.58,49,1010.28,11.8284,1019.84,11.9403,495.87,5.8057,18.09,2026-07-25T14:41:38.650Z
pyr25|EURL|4h|1743076800000|1745582400000,pyr25,EURL,AMEX:EURL,4h,Swing 4H,LONG,Swing Low,2025-03-27 08:00,1743076800000,27.56,Flip Short,2025-04-25 08:00,1745582400000,27.26,343,9453.08,64,-121.7,-1.2862,192.92,2.0387,3288.53,34.7532,18.8,2026-07-25T14:41:38.650Z
pyr25|EURL|4h|1743768000000|1745582400000,pyr25,EURL,AMEX:EURL,4h,Swing 4H,LONG,Pyramid Add,2025-04-04 08:00,1743768000000,23.4,Flip Short,2025-04-25 08:00,1745582400000,27.26,85,1989,46,323.79,16.263,355.86,17.8736,460.99,23.1538,4.31,2026-07-25T14:41:38.650Z
pyr25|EURL|4h|1750435200000|1751875200000,pyr25,EURL,AMEX:EURL,4h,Swing 4H,LONG,Swing Low,2025-06-20 12:00,1750435200000,31.5,Flip Short,2025-07-07 04:00,1751875200000,35.41,301,9481.5,26,1156.77,12.1881,1167.43,12.3004,235.23,2.4785,20.14,2026-07-25T14:41:38.650Z
pyr25|EURL|4h|1753992000000|1755619200000,pyr25,EURL,AMEX:EURL,4h,Swing 4H,LONG,Swing Low,2025-07-31 16:00,1753992000000,31.39,Flip Short,2025-08-19 12:00,1755619200000,35.71,332,10421.48,39,1411.96,13.535,1569.9,15.049,644.54,6.1786,22.28,2026-07-25T14:41:38.650Z
pyr25|EURL|4h|1756886400000|1759334400000,pyr25,EURL,AMEX:EURL,4h,Swing 4H,LONG,Swing Low,2025-09-03 04:00,1756886400000,33.6,Flip Short,2025-10-01 12:00,1759334400000,37.5,347,11659.2,51,1328.63,11.3842,1341.64,11.4956,98.41,0.8432,24.67,2026-07-25T14:41:38.650Z
pyr25|EURL|4h|1762275600000|1765458000000,pyr25,EURL,AMEX:EURL,4h,Swing 4H,LONG,Swing Low,2025-11-04 12:00,1762275600000,35.63,Flip Short,2025-12-11 08:00,1765458000000,39.8,349,12434.87,67,1429,11.4804,1442.9,11.592,1059.43,8.5114,26.33,2026-07-25T14:41:38.650Z
pyr25|EURL|4h|1772542800000|1775635200000,pyr25,EURL,AMEX:EURL,4h,Swing 4H,LONG,Swing Low,2026-03-03 08:00,1772542800000,42.3,Flip Short,2026-04-08 04:00,1775635200000,43.9,319,13493.7,78,482.9,3.5751,847.81,6.2767,2980.19,22.0638,27.5,2026-07-25T14:41:38.650Z
pyr25|EURL|4h|1774022400000|1775635200000,pyr25,EURL,AMEX:EURL,4h,Swing 4H,LONG,Pyramid Add,2026-03-20 12:00,1774022400000,35.12,Flip Short,2026-04-08 04:00,1775635200000,43.9,79,2774.48,36,687.38,24.7502,690.85,24.8751,170.25,6.1303,6.24,2026-07-25T14:41:38.650Z
pyr25|FAS|4h|1726070400000|1728489600000,pyr25,FAS,AMEX:FAS,4h,Swing 4H,LONG,Swing Low,2024-09-11 12:00,1726070400000,115.71,Flip Short,2024-10-09 12:00,1728489600000,133.21,65,7521.15,80,1121.32,14.894,1174.18,15.5961,7.52,0.0999,16.18,2026-07-25T14:41:43.719Z
pyr25|FAS|4h|1730404800000|1730898000000,pyr25,FAS,AMEX:FAS,4h,Swing 4H,LONG,Swing Low,2024-10-31 16:00,1730404800000,138.42,Flip Short,2024-11-06 08:00,1730898000000,163.32,61,8443.62,14,1500.49,17.753,1571.46,18.5926,287.21,3.3981,18.41,2026-07-25T14:41:43.719Z
pyr25|FAS|4h|1733850000000|1736960400000,pyr25,FAS,AMEX:FAS,4h,Swing 4H,LONG,Swing Low,2024-12-10 12:00,1733850000000,165.49,Flip Short,2025-01-15 12:00,1736960400000,159.09,57,9432.93,91,-383.3,-4.0594,81.2,0.8599,1597.45,16.9179,18.5,2026-07-25T14:41:43.719Z
pyr25|FAS|4h|1736773200000|1736960400000,pyr25,FAS,AMEX:FAS,4h,Swing 4H,LONG,Pyramid Add,2025-01-13 08:00,1736773200000,138.99,Flip Short,2025-01-15 12:00,1736960400000,159.09,14,1945.86,9,277.23,14.2328,297.09,15.2528,11.89,0.6102,4.17,2026-07-25T14:41:43.719Z
pyr25|FAS|4h|1740171600000|1741006800000,pyr25,FAS,AMEX:FAS,4h,Swing 4H,LONG,Swing Low,2025-02-21 16:00,1740171600000,170.22,Flip Short,2025-03-03 08:00,1741006800000,186.63,55,9362.1,22,882.92,9.4214,952.04,10.1589,260.71,2.782,19.63,2026-07-25T14:41:43.719Z
pyr25|FAS|4h|1741107600000|1742846400000,pyr25,FAS,AMEX:FAS,4h,Swing 4H,LONG,Swing Low,2025-03-04 12:00,1741107600000,160.9,Flip Short,2025-03-24 16:00,1742846400000,161.96,63,10136.7,57,46.44,0.4577,506.46,4.9913,1630.5,16.069,20.34,2026-07-25T14:41:43.719Z
pyr25|FAS|4h|1743667200000|1745424000000,pyr25,FAS,AMEX:FAS,4h,Swing 4H,LONG,Swing Low,2025-04-03 04:00,1743667200000,147.26,Flip Short,2025-04-23 12:00,1745424000000,132.81,69,10160.94,54,-1016.37,-9.9928,42.28,0.4157,3944.54,38.7818,19.32,2026-07-25T14:41:43.719Z
pyr25|FAS|4h|1743768000000|1745424000000,pyr25,FAS,AMEX:FAS,4h,Swing 4H,LONG,Pyramid Add,2025-04-04 08:00,1743768000000,121.98,Flip Short,2025-04-23 12:00,1745424000000,132.81,17,2073.66,49,179.78,8.661,285.23,13.741,541.65,26.0946,4.33,2026-07-25T14:41:43.719Z
pyr25|FAS|4h|1748016000000|1750780800000,pyr25,FAS,AMEX:FAS,4h,Swing 4H,LONG,Swing Low,2025-05-23 12:00,1748016000000,147.96,Flip Short,2025-06-24 12:00,1750780800000,160.9,64,9469.44,80,808.39,8.5283,843.01,8.8935,189.31,1.9972,19.77,2026-07-25T14:41:43.719Z
pyr25|FAS|4h|1752652800000|1753372800000,pyr25,FAS,AMEX:FAS,4h,Swing 4H,LONG,Swing Low,2025-07-16 04:00,1752652800000,160.98,Flip Short,2025-07-24 12:00,1753372800000,177.36,63,10141.74,26,1010.62,9.955,1022.43,10.0713,213.63,2.1044,21.32,2026-07-25T14:41:43.719Z
pyr25|FAS|4h|1754064000000|1755259200000,pyr25,FAS,AMEX:FAS,4h,Swing 4H,LONG,Swing Low,2025-08-01 12:00,1754064000000,158.57,Flip Short,2025-08-15 08:00,1755259200000,172.71,69,10941.33,39,952.8,8.6996,984.73,8.9911,228.98,2.0907,22.86,2026-07-25T14:41:43.719Z
pyr25|FAS|4h|1759420800000|1762966800000,pyr25,FAS,AMEX:FAS,4h,Swing 4H,LONG,Swing Low,2025-10-02 12:00,1759420800000,170.8,Flip Short,2025-11-12 12:00,1762966800000,172.9,68,11614.4,116,119.43,1.0273,592.23,5.094,1509.65,12.9851,23.37,2026-07-25T14:41:43.719Z
pyr25|FAS|4h|1763413200000|1764795600000,pyr25,FAS,AMEX:FAS,4h,Swing 4H,LONG,Swing Low,2025-11-17 16:00,1763413200000,151.71,Flip Short,2025-12-03 16:00,1764795600000,169.42,77,11681.67,43,1338.94,11.4505,1395.11,11.9308,284.26,2.431,24.73,2026-07-25T14:41:43.719Z
pyr25|FAS|4h|1768323600000|1770397200000,pyr25,FAS,AMEX:FAS,4h,Swing 4H,LONG,Swing Low,2026-01-13 12:00,1768323600000,162.96,Flip Short,2026-02-06 12:00,1770397200000,159.26,78,12710.88,68,-313.73,-2.4658,282.91,2.2235,1142.93,8.9828,25.13,2026-07-25T14:41:43.719Z
pyr25|FAS|4h|1770829200000|1775635200000,pyr25,FAS,AMEX:FAS,4h,Swing 4H,LONG,Swing Low,2026-02-11 12:00,1770829200000,149.24,Flip Short,2026-04-08 04:00,1775635200000,130.33,84,12536.16,150,-1611.92,-12.8453,66.42,0.5293,3569.1,28.442,23.48,2026-07-25T14:41:43.719Z
pyr25|FAS|4h|1772557200000|1775635200000,pyr25,FAS,AMEX:FAS,4h,Swing 4H,LONG,Pyramid Add,2026-03-03 12:00,1772557200000,130.41,Flip Short,2026-04-08 04:00,1775635200000,130.33,21,2738.61,98,-7.16,-0.261,146.99,5.362,496.45,18.1096,5.48,2026-07-25T14:41:43.719Z
pyr25|FAS|4h|1777564800000|1779811200000,pyr25,FAS,AMEX:FAS,4h,Swing 4H,LONG,Swing Low,2026-04-30 12:00,1777564800000,137.48,Flip Short,2026-05-26 12:00,1779811200000,134.45,82,11273.36,68,-270.76,-2.3994,310.99,2.7558,914.09,8.1003,22.3,2026-07-25T14:41:43.719Z
pyr25|FAS|4h|1780502400000|1780675200000,pyr25,FAS,AMEX:FAS,4h,Swing 4H,LONG,Swing Low,2026-06-03 12:00,1780502400000,124.93,Flip Short,2026-06-05 12:00,1780675200000,136.08,89,11118.77,8,969.12,8.7074,1177.92,10.5834,11.12,0.0999,23.23,2026-07-25T14:41:43.719Z
pyr25|GLD|4h|1728576000000|1729080000000,pyr25,GLD,AMEX:GLD,4h,Swing 4H,LONG,Swing Low,2024-10-10 12:00,1728576000000,242.34,Flip Short,2024-10-16 08:00,1729080000000,247.34,31,7512.54,15,139.82,1.8593,161.75,2.1509,29.52,0.3926,15.18,2026-07-25T14:41:48.561Z
pyr25|GLD|4h|1730898000000|1732309200000,pyr25,GLD,AMEX:GLD,4h,Swing 4H,LONG,Swing Low,2024-11-06 08:00,1730898000000,248.9,Flip Short,2024-11-22 16:00,1732309200000,249.9,30,7467,50,15.04,0.2012,36.93,0.4941,448.47,6,14.96,2026-07-25T14:41:48.561Z
pyr25|GLD|4h|1734555600000|1736355600000,pyr25,GLD,AMEX:GLD,4h,Swing 4H,LONG,Swing Low,2024-12-18 16:00,1734555600000,239.41,Flip Short,2025-01-08 12:00,1736355600000,246.41,32,7661.12,51,208.45,2.7182,217.62,2.8377,38.06,0.4963,15.55,2026-07-25T14:41:48.561Z
pyr25|GLD|4h|1740747600000|1741881600000,pyr25,GLD,AMEX:GLD,4h,Swing 4H,LONG,Swing Low,2025-02-28 08:00,1740747600000,263.57,Flip Short,2025-03-13 12:00,1741881600000,274.64,29,7643.53,37,305.42,3.9918,313.68,4.0997,74.92,0.9792,15.61,2026-07-25T14:41:48.561Z
pyr25|GLD|4h|1744027200000|1744300800000,pyr25,GLD,AMEX:GLD,4h,Swing 4H,LONG,Swing Low,2025-04-07 08:00,1744027200000,279.4,Flip Short,2025-04-10 12:00,1744300800000,291.16,29,8102.6,13,324.49,4.0008,378.18,4.6627,205.3,2.5313,16.55,2026-07-25T14:41:48.561Z
pyr25|GLD|4h|1747238400000|1748880000000,pyr25,GLD,AMEX:GLD,4h,Swing 4H,LONG,Swing Low,2025-05-14 12:00,1747238400000,293.32,Flip Short,2025-06-02 12:00,1748880000000,310.96,28,8212.96,48,477,5.8021,497.75,6.0545,143.17,1.7415,16.92,2026-07-25T14:41:48.561Z
pyr25|GLD|4h|1750780800000|1752249600000,pyr25,GLD,AMEX:GLD,4h,Swing 4H,LONG,Swing Low,2025-06-24 12:00,1750780800000,305.27,Flip Short,2025-07-11 12:00,1752249600000,309.38,28,8547.56,48,97.87,1.1439,131.73,1.5396,159.19,1.8605,17.21,2026-07-25T14:41:48.561Z
pyr25|GLD|4h|1753718400000|1756324800000,pyr25,GLD,AMEX:GLD,4h,Swing 4H,LONG,Swing Low,2025-07-28 12:00,1753718400000,305.26,Flip Short,2025-08-27 16:00,1756324800000,312.69,28,8547.28,89,190.74,2.2293,238.41,2.7866,128.95,1.5071,17.3,2026-07-25T14:41:48.561Z
pyr25|GLD|4h|1761652800000|1762866000000,pyr25,GLD,AMEX:GLD,4h,Swing 4H,LONG,Swing Low,2025-10-28 08:00,1761652800000,361.02,Flip Short,2025-11-11 08:00,1762866000000,380.4,24,8664.48,40,447.33,5.1576,479.5,5.5285,48.98,0.5648,17.79,2026-07-25T14:41:48.561Z
pyr25|GLD|4h|1773662400000|1775635200000,pyr25,GLD,AMEX:GLD,4h,Swing 4H,LONG,Swing Low,2026-03-16 08:00,1773662400000,459.03,Flip Short,2026-04-08 04:00,1775635200000,442.85,20,9180.6,63,-341.64,-3.7176,66.22,0.7206,1479.18,16.0959,18.04,2026-07-25T14:41:48.561Z
pyr25|GLD|4h|1777377600000|1778572800000,pyr25,GLD,AMEX:GLD,4h,Swing 4H,LONG,Swing Low,2026-04-28 08:00,1777377600000,419,Flip Short,2026-05-12 04:00,1778572800000,432.04,21,8799,39,255.97,2.9062,388.1,4.4063,128.5,1.4589,17.87,2026-07-25T14:41:48.561Z
pyr25|GLTR|4h|1699880400000|1700586000000,pyr25,GLTR,AMEX:GLTR,4h,Swing 4H,LONG,Swing Low,2023-11-13 08:00,1699880400000,84.46,Flip Short,2023-11-21 12:00,1700586000000,89.22,89,7516.94,15,408.18,5.4247,442.82,5.8851,7.52,0.0999,15.46,2026-07-25T14:41:53.520Z
pyr25|GLTR|4h|1707843600000|1709312400000,pyr25,GLTR,AMEX:GLTR,4h,Swing 4H,LONG,Swing Low,2024-02-13 12:00,1707843600000,85.68,Flip Short,2024-03-01 12:00,1709312400000,89.63,92,7882.56,25,347.27,4.4012,355.52,4.5057,24.44,0.3098,16.13,2026-07-25T14:41:53.520Z
pyr25|GLTR|4h|1714665600000|1715788800000,pyr25,GLTR,AMEX:GLTR,4h,Swing 4H,LONG,Swing Low,2024-05-02 12:00,1714665600000,99.12,Flip Short,2024-05-15 12:00,1715788800000,104.95,82,8127.84,19,461.33,5.6702,492.07,6.0481,71.27,0.876,16.73,2026-07-25T14:41:53.520Z
pyr25|GLTR|4h|1717776000000|1720195200000,pyr25,GLTR,AMEX:GLTR,4h,Swing 4H,LONG,Swing Low,2024-06-07 12:00,1717776000000,102.01,Flip Short,2024-07-05 12:00,1720195200000,107.19,83,8466.83,41,412.58,4.868,421.47,4.973,90.64,1.0694,17.36,2026-07-25T14:41:53.520Z
pyr25|GLTR|4h|1722873600000|1724155200000,pyr25,GLTR,AMEX:GLTR,4h,Swing 4H,LONG,Swing Low,2024-08-05 12:00,1722873600000,102.08,Flip Short,2024-08-20 08:00,1724155200000,108.9,86,8778.88,24,568.38,6.4679,577.74,6.5745,92.2,1.0492,18.14,2026-07-25T14:41:53.520Z
pyr25|GLTR|4h|1731344400000|1733936400000,pyr25,GLTR,AMEX:GLTR,4h,Swing 4H,LONG,Swing Low,2024-11-11 12:00,1731344400000,111.88,Flip Short,2024-12-11 12:00,1733936400000,116,82,9174.16,47,319.15,3.4754,340.97,3.7129,276.49,3.0108,18.69,2026-07-25T14:41:53.520Z
pyr25|GLTR|4h|1734613200000|1737478800000,pyr25,GLTR,AMEX:GLTR,4h,Swing 4H,LONG,Swing Low,2024-12-19 08:00,1734613200000,109.55,Flip Short,2025-01-21 12:00,1737478800000,115.42,86,9421.3,40,485.47,5.1478,495.4,5.253,81.66,0.8659,19.35,2026-07-25T14:41:53.520Z
pyr25|GLTR|4h|1744113600000|1744387200000,pyr25,GLTR,AMEX:GLTR,4h,Swing 4H,LONG,Swing Low,2025-04-08 08:00,1744113600000,121.95,Flip Short,2025-04-11 12:00,1744387200000,130.2,81,9877.95,10,647.83,6.5518,658.37,6.6584,137.05,1.386,20.42,2026-07-25T14:41:53.520Z
pyr25|GLTR|4h|1747238400000|1748880000000,pyr25,GLTR,AMEX:GLTR,4h,Swing 4H,LONG,Swing Low,2025-05-14 12:00,1747238400000,128.81,Flip Short,2025-06-02 12:00,1748880000000,136.76,80,10304.8,30,614.75,5.9597,634.5,6.1511,95.1,0.922,21.25,2026-07-25T14:41:53.520Z
pyr25|GLTR|4h|1761580800000|1762966800000,pyr25,GLTR,AMEX:GLTR,4h,Swing 4H,LONG,Swing Low,2025-10-27 12:00,1761580800000,169.66,Flip Short,2025-11-12 12:00,1762966800000,182.8,63,10688.58,36,805.62,7.5296,817.13,7.6373,253.87,2.3728,22.2,2026-07-25T14:41:53.520Z
pyr25|GLTR|4h|1769806800000|1771880400000,pyr25,GLTR,AMEX:GLTR,4h,Swing 4H,LONG,Swing Low,2026-01-30 16:00,1769806800000,233.01,Flip Short,2026-02-23 16:00,1771880400000,249.98,49,11417.49,59,807.86,7.0686,821.09,7.1843,1383.91,12.1088,23.67,2026-07-25T14:41:53.520Z
pyr25|GLTR|4h|1773662400000|1775635200000,pyr25,GLTR,AMEX:GLTR,4h,Swing 4H,LONG,Swing Low,2026-03-16 08:00,1773662400000,232.28,Flip Short,2026-04-08 04:00,1775635200000,222.55,51,11846.28,59,-519.43,-4.3803,160.02,1.3495,2014.62,16.9893,23.2,2026-07-25T14:41:53.520Z
pyr25|GLTR|4h|1774267200000|1775635200000,pyr25,GLTR,AMEX:GLTR,4h,Swing 4H,LONG,Pyramid Add,2026-03-23 08:00,1774267200000,202.14,Flip Short,2026-04-08 04:00,1775635200000,222.55,12,2425.68,41,239.82,9.877,253.89,10.4565,26.55,1.0933,5.1,2026-07-25T14:41:53.520Z
pyr25|GLTR|4h|1777377600000|1778515200000,pyr25,GLTR,AMEX:GLTR,4h,Swing 4H,LONG,Swing Low,2026-04-28 08:00,1777377600000,213.12,Flip Short,2026-05-11 12:00,1778515200000,230.52,55,11721.6,33,932.6,7.9483,1006.88,8.5814,210.82,1.7968,24.4,2026-07-25T14:41:53.520Z
pyr25|GLTR|4h|1779206400000|1784908800000,pyr25,GLTR,AMEX:GLTR,4h,Swing 4H,LONG,Swing Low,2026-05-19 12:00,1779206400000,212.51,,2026-07-24 12:00,1784908800000,181.57,59,12538.09,138,-1848.71,-14.73,248.83,1.9826,2200.26,17.5311,12.54,2026-07-25T14:41:53.520Z
pyr25|JNUG|4h|1725379200000|1726228800000,pyr25,JNUG,AMEX:JNUG,4h,Swing 4H,LONG,Swing Low,2024-09-03 12:00,1725379200000,38.63,Flip Short,2024-09-13 08:00,1726228800000,46.21,196,7571.48,31,1469.05,19.383,1534.95,20.2525,432.89,5.7117,16.63,2026-07-25T14:41:58.687Z
pyr25|JNUG|4h|1728316800000|1729080000000,pyr25,JNUG,AMEX:JNUG,4h,Swing 4H,LONG,Swing Low,2024-10-07 12:00,1728316800000,45.23,Flip Short,2024-10-16 08:00,1729080000000,51.16,192,8684.16,26,1120.05,12.8848,1158.68,13.3291,402.28,4.6278,18.51,2026-07-25T14:41:58.687Z
pyr25|JNUG|4h|1730739600000|1733763600000,pyr25,JNUG,AMEX:JNUG,4h,Swing 4H,LONG,Swing Low,2024-11-04 12:00,1730739600000,50.29,Flip Short,2024-12-09 12:00,1733763600000,48.3,190,9555.1,92,-396.83,-4.1489,324.84,3.3963,2382.66,24.911,18.73,2026-07-25T14:41:58.687Z
pyr25|JNUG|4h|1731344400000|1733763600000,pyr25,JNUG,AMEX:JNUG,4h,Swing 4H,LONG,Pyramid Add,2024-11-11 12:00,1731344400000,41.87,Flip Short,2024-12-09 12:00,1733763600000,48.3,47,1967.89,72,297.97,15.1266,323.27,16.4109,193.26,9.8108,4.24,2026-07-25T14:41:58.687Z
pyr25|JNUG|4h|1734368400000|1736514000000,pyr25,JNUG,AMEX:JNUG,4h,Swing 4H,LONG,Swing Low,2024-12-16 12:00,1734368400000,41.9,Flip Short,2025-01-10 08:00,1736514000000,41.9,226,9469.4,62,-18.94,-0.1998,69.63,0.7346,1609.55,16.9804,18.94,2026-07-25T14:41:58.687Z
pyr25|JNUG|4h|1735578000000|1736514000000,pyr25,JNUG,AMEX:JNUG,4h,Swing 4H,LONG,Pyramid Add,2024-12-30 12:00,1735578000000,35.36,Flip Short,2025-01-10 08:00,1736514000000,41.9,56,1980.16,27,361.91,18.2587,369.86,18.6596,7.02,0.3542,4.33,2026-07-25T14:41:58.687Z
pyr25|JNUG|4h|1740416400000|1741809600000,pyr25,JNUG,AMEX:JNUG,4h,Swing 4H,LONG,Swing Low,2025-02-24 12:00,1740416400000,49.25,Flip Short,2025-03-12 16:00,1741809600000,53.43,197,9702.25,47,803.23,8.2706,813.76,8.3789,1191.7,12.2705,20.23,2026-07-25T14:41:58.687Z
pyr25|JNUG|4h|1743681600000|1744372800000,pyr25,JNUG,AMEX:JNUG,4h,Swing 4H,LONG,Swing Low,2025-04-03 08:00,1743681600000,56.54,Flip Short,2025-04-11 08:00,1744372800000,66.13,183,10346.82,24,1732.52,16.7278,1803.18,17.41,2085.57,20.1365,22.45,2026-07-25T14:41:58.687Z
pyr25|JNUG|4h|1744027200000|1744372800000,pyr25,JNUG,AMEX:JNUG,4h,Swing 4H,LONG,Pyramid Add,2025-04-07 08:00,1744027200000,47.96,Flip Short,2025-04-11 08:00,1744372800000,66.13,45,2158.2,16,812.52,37.6102,829.89,38.4145,126.36,5.8489,5.13,2026-07-25T14:41:58.687Z
pyr25|JNUG|4h|1746100800000|1748030400000,pyr25,JNUG,AMEX:JNUG,4h,Swing 4H,LONG,Swing Low,2025-05-01 08:00,1746100800000,63.7,Flip Short,2025-05-23 16:00,1748030400000,73.76,192,12230.4,66,1905.13,15.5614,2358.97,19.2685,1189.19,9.7135,26.39,2026-07-25T14:41:58.687Z
pyr25|JNUG|4h|1750420800000|1752494400000,pyr25,JNUG,AMEX:JNUG,4h,Swing 4H,LONG,Swing Low,2025-06-20 08:00,1750420800000,81.39,Flip Short,2025-07-14 08:00,1752494400000,83.01,169,13754.91,60,246,1.7866,317.49,2.3059,1389.41,10.0911,27.78,2026-07-25T14:41:58.687Z
pyr25|JNUG|4h|1752768000000|1753200000000,pyr25,JNUG,AMEX:JNUG,4h,Swing 4H,LONG,Swing Low,2025-07-17 12:00,1752768000000,75.44,Flip Short,2025-07-22 12:00,1753200000000,84.62,184,13880.96,12,1659.67,11.9445,1693.64,12.189,15.72,0.1131,29.45,2026-07-25T14:41:58.687Z
pyr25|JNUG|4h|1753718400000|1754510400000,pyr25,JNUG,AMEX:JNUG,4h,Swing 4H,LONG,Swing Low,2025-07-28 12:00,1753718400000,74.72,Flip Short,2025-08-06 16:00,1754510400000,86.46,203,15168.16,28,2350.5,15.4808,2418.8,15.9306,1151.97,7.5871,32.72,2026-07-25T14:41:58.687Z
pyr25|JNUG|4h|1761062400000|1762866000000,pyr25,JNUG,AMEX:JNUG,4h,Swing 4H,LONG,Swing Low,2025-10-21 12:00,1761062400000,145.59,Flip Short,2025-11-11 08:00,1762866000000,152.99,116,16888.44,59,823.76,4.8728,913.43,5.4032,2782.33,16.4583,34.64,2026-07-25T14:41:58.687Z
pyr25|JNUG|4h|1762290000000|1762866000000,pyr25,JNUG,AMEX:JNUG,4h,Swing 4H,LONG,Pyramid Add,2025-11-04 16:00,1762290000000,122.2,Flip Short,2025-11-11 08:00,1762866000000,152.99,29,3543.8,18,884.93,24.9463,907.35,25.5782,16.3,0.4596,7.98,2026-07-25T14:41:58.687Z
pyr25|JNUG|4h|1769806800000|1771851600000,pyr25,JNUG,AMEX:JNUG,4h,Swing 4H,LONG,Swing Low,2026-01-30 16:00,1769806800000,235.03,Flip Short,2026-02-23 08:00,1771851600000,305.81,77,18097.31,58,5408.42,29.8553,5488.17,30.2956,2792.41,15.4145,41.64,2026-07-25T14:41:58.687Z
pyr25|JNUG|4h|1772816400000|1775635200000,pyr25,JNUG,AMEX:JNUG,4h,Swing 4H,LONG,Swing Low,2026-03-06 12:00,1772816400000,269.71,Flip Short,2026-04-08 04:00,1775635200000,232.72,82,22116.22,86,-3074.38,-13.8871,1881.92,8.5007,11188.06,50.537,41.2,2026-07-25T14:41:58.687Z
pyr25|JNUG|4h|1773417600000|1775635200000,pyr25,JNUG,AMEX:JNUG,4h,Swing 4H,LONG,Pyramid Add,2026-03-13 12:00,1773417600000,224.17,Flip Short,2026-04-08 04:00,1775635200000,232.72,20,4483.4,66,161.86,3.6066,295.12,6.5759,1817.08,40.4886,9.14,2026-07-25T14:41:58.687Z
pyr25|JNUG|4h|1777377600000|1778515200000,pyr25,JNUG,AMEX:JNUG,4h,Swing 4H,LONG,Swing Low,2026-04-28 08:00,1777377600000,188.95,Flip Short,2026-05-11 12:00,1778515200000,224.2,107,20217.65,37,3727.54,18.4187,4424.56,21.8628,1823.17,9.0087,44.21,2026-07-25T14:41:58.687Z
pyr25|JNUG|4h|1779206400000|1784923200000,pyr25,JNUG,AMEX:JNUG,4h,Swing 4H,LONG,Swing Low,2026-05-19 12:00,1779206400000,162.82,,2026-07-24 16:00,1784923200000,118.48,141,22957.62,180,-6291.6,-27.3779,3737.51,16.2638,8962.36,38.9997,22.96,2026-07-25T14:41:58.687Z
pyr25|MEXX|4h|1705424400000|1706878800000,pyr25,MEXX,AMEX:MEXX,4h,Swing 4H,LONG,Swing Low,2024-01-16 12:00,1705424400000,30.1,Flip Short,2024-02-02 08:00,1706878800000,34.02,253,7615.3,30,975.54,12.7974,1105.58,14.5034,586.99,7.7003,16.22,2026-07-25T14:42:03.671Z
pyr25|MEXX|4h|1709125200000|1711540800000,pyr25,MEXX,AMEX:MEXX,4h,Swing 4H,LONG,Swing Low,2024-02-28 08:00,1709125200000,31.01,Flip Short,2024-03-27 08:00,1711540800000,34.21,266,8248.66,42,833.85,10.0988,842.95,10.209,574.83,6.9618,17.35,2026-07-25T14:42:03.671Z
pyr25|MEXX|4h|1713254400000|1715788800000,pyr25,MEXX,AMEX:MEXX,4h,Swing 4H,LONG,Swing Low,2024-04-16 04:00,1713254400000,30.8,Flip Short,2024-05-15 12:00,1715788800000,34.08,305,9394,45,980.61,10.4283,991.01,10.5388,951.84,10.1223,19.79,2026-07-25T14:42:03.671Z
pyr25|MEXX|4h|1716998400000|1720180800000,pyr25,MEXX,AMEX:MEXX,4h,Swing 4H,LONG,Swing Low,2024-05-29 12:00,1716998400000,27.6,Flip Short,2024-07-05 08:00,1720180800000,18.37,356,9825.6,76,-3302.25,-33.575,307.01,3.1215,4139.43,42.0869,16.37,2026-07-25T14:42:03.671Z
pyr25|MEXX|4h|1717430400000|1720180800000,pyr25,MEXX,AMEX:MEXX,4h,Swing 4H,LONG,Pyramid Add,2024-06-03 12:00,1717430400000,21,Flip Short,2024-07-05 08:00,1720180800000,18.37,89,1869,68,-237.57,-12.6986,291.83,15.5987,446.87,23.8856,3.5,2026-07-25T14:42:03.671Z
pyr25|MEXX|4h|1721894400000|1723824000000,pyr25,MEXX,AMEX:MEXX,4h,Swing 4H,LONG,Swing Low,2024-07-25 04:00,1721894400000,17.4,Flip Short,2024-08-16 12:00,1723824000000,17.3,402,6994.8,52,-54.15,-0.7734,93.51,1.3354,2129.55,30.4144,13.95,2026-07-25T14:42:03.671Z
pyr25|MEXX|4h|1722614400000|1723824000000,pyr25,MEXX,AMEX:MEXX,4h,Swing 4H,LONG,Pyramid Add,2024-08-02 12:00,1722614400000,14.5,Flip Short,2024-08-16 12:00,1723824000000,17.3,100,1450,31,276.82,19.072,301.55,20.7758,239.45,16.4973,3.18,2026-07-25T14:42:03.671Z
pyr25|MEXX|4h|1724788800000|1726603200000,pyr25,MEXX,AMEX:MEXX,4h,Swing 4H,LONG,Swing Low,2024-08-27 16:00,1724788800000,13.08,Flip Short,2024-09-17 16:00,1726603200000,14.71,544,7115.52,46,871.6,12.2371,955.76,13.4187,746.96,10.4871,15.12,2026-07-25T14:42:03.671Z
pyr25|MEXX|4h|1729094400000|1733418000000,pyr25,MEXX,AMEX:MEXX,4h,Swing 4H,LONG,Swing Low,2024-10-16 12:00,1729094400000,13.3,Flip Short,2024-12-05 12:00,1733418000000,11.7,590,7847,110,-958.75,-12.2058,352.05,4.482,2125.95,27.0654,14.75,2026-07-25T14:42:03.671Z
pyr25|MEXX|4h|1730826000000|1733418000000,pyr25,MEXX,AMEX:MEXX,4h,Swing 4H,LONG,Pyramid Add,2024-11-05 12:00,1730826000000,11.6,Flip Short,2024-12-05 12:00,1733418000000,11.7,147,1705.2,64,11.27,0.6605,265.83,15.5741,279.54,16.3767,3.43,2026-07-25T14:42:03.671Z
pyr25|MEXX|4h|1734973200000|1737637200000,pyr25,MEXX,AMEX:MEXX,4h,Swing 4H,LONG,Swing Low,2024-12-23 12:00,1734973200000,9.88,Flip Short,2025-01-23 08:00,1737637200000,10.46,723,7143.24,56,404.63,5.6589,527.88,7.3825,759.06,10.6157,14.71,2026-07-25T14:42:03.671Z
pyr25|MEXX|4h|1741093200000|1743696000000,pyr25,MEXX,AMEX:MEXX,4h,Swing 4H,LONG,Swing Low,2025-03-04 08:00,1741093200000,10.26,Flip Short,2025-04-03 12:00,1743696000000,13.47,709,7274.34,57,2259.07,31.0242,2502.59,34.3686,617.01,8.4736,16.82,2026-07-25T14:42:03.671Z
pyr25|MEXX|4h|1743796800000|1745409600000,pyr25,MEXX,AMEX:MEXX,4h,Swing 4H,LONG,Swing Low,2025-04-04 16:00,1743796800000,9.99,Flip Short,2025-04-23 08:00,1745409600000,13.87,911,9100.89,41,3512.94,38.5614,3735.11,41.0001,1430.26,15.6999,21.74,2026-07-25T14:42:03.671Z
pyr25|MEXX|4h|1750262400000|1751472000000,pyr25,MEXX,AMEX:MEXX,4h,Swing 4H,LONG,Swing Low,2025-06-18 12:00,1750262400000,16.38,Flip Short,2025-07-02 12:00,1751472000000,18.22,721,11809.98,29,1301.69,11.011,1422.98,12.0369,1050.05,8.8823,24.95,2026-07-25T14:42:03.671Z
pyr25|MEXX|4h|1753113600000|1754596800000,pyr25,MEXX,AMEX:MEXX,4h,Swing 4H,LONG,Swing Low,2025-07-21 12:00,1753113600000,16.4,Flip Short,2025-08-07 16:00,1754596800000,17.71,776,12726.4,33,990.09,7.772,1283.19,10.0729,517.13,4.0594,26.47,2026-07-25T14:42:03.671Z
pyr25|MEXX|4h|1760112000000|1761825600000,pyr25,MEXX,AMEX:MEXX,4h,Swing 4H,LONG,Swing Low,2025-10-10 12:00,1760112000000,20.07,Flip Short,2025-10-30 08:00,1761825600000,22.6,677,13587.39,39,1683.92,12.3809,1942.94,14.2853,663.51,4.8784,28.89,2026-07-25T14:42:03.671Z
pyr25|MEXX|4h|1772557200000|1775059200000,pyr25,MEXX,AMEX:MEXX,4h,Swing 4H,LONG,Swing Low,2026-03-03 12:00,1772557200000,30.51,Flip Short,2026-04-01 12:00,1775059200000,29.96,490,14949.9,65,-299.13,-1.9989,1557.95,10.4107,3533.15,23.6097,29.63,2026-07-25T14:42:03.671Z
pyr25|MEXX|4h|1773432000000|1775059200000,pyr25,MEXX,AMEX:MEXX,4h,Swing 4H,LONG,Pyramid Add,2026-03-13 16:00,1773432000000,25.55,Flip Short,2026-04-01 12:00,1775059200000,29.96,122,3117.1,37,531.25,17.026,614.2,19.6846,273.96,8.7801,6.77,2026-07-25T14:42:03.671Z
pyr25|MEXX|4h|1777564800000|1778256000000,pyr25,MEXX,AMEX:MEXX,4h,Swing 4H,LONG,Swing Low,2026-04-30 12:00,1777564800000,29.34,Flip Short,2026-05-08 12:00,1778256000000,34.2,510,14963.4,15,2446.19,16.3315,2871.64,19.1719,147.56,0.9852,32.41,2026-07-25T14:42:03.671Z
pyr25|MIDU|4h|1716998400000|1720713600000,pyr25,MIDU,AMEX:MIDU,4h,Swing 4H,LONG,Swing Low,2024-05-29 12:00,1716998400000,48.11,Flip Short,2024-07-11 12:00,1720713600000,50.54,157,7553.27,91,366.02,4.841,760.18,10.0542,378.07,5.0004,15.49,2026-07-25T14:42:08.702Z
pyr25|MIDU|4h|1722614400000|1724414400000,pyr25,MIDU,AMEX:MIDU,4h,Swing 4H,LONG,Swing Low,2024-08-02 12:00,1722614400000,46.96,Flip Short,2024-08-23 08:00,1724414400000,52.06,167,7842.32,50,835.16,10.6388,1089.35,13.8768,1161.81,14.7999,16.54,2026-07-25T14:42:08.702Z
pyr25|MIDU|4h|1725552000000|1726747200000,pyr25,MIDU,AMEX:MIDU,4h,Swing 4H,LONG,Swing Low,2024-09-05 12:00,1725552000000,48,Flip Short,2024-09-19 08:00,1726747200000,56.22,176,8448,34,1428.38,16.891,1686.43,19.9426,677.25,8.0087,18.34,2026-07-25T14:42:08.702Z
pyr25|MIDU|4h|1730390400000|1730898000000,pyr25,MIDU,AMEX:MIDU,4h,Swing 4H,LONG,Swing Low,2024-10-31 12:00,1730390400000,54.32,Flip Short,2024-11-06 08:00,1730898000000,64.11,178,9668.96,12,1721.54,17.787,1836.19,18.9716,262.43,2.7114,21.08,2026-07-25T14:42:08.702Z
pyr25|MIDU|4h|1734109200000|1736960400000,pyr25,MIDU,AMEX:MIDU,4h,Swing 4H,LONG,Swing Low,2024-12-13 12:00,1734109200000,61.84,Flip Short,2025-01-15 12:00,1736960400000,56.6,176,10883.84,69,-943.09,-8.6563,152.8,1.4025,2121.12,19.4693,20.85,2026-07-25T14:42:08.702Z
pyr25|MIDU|4h|1734685200000|1736960400000,pyr25,MIDU,AMEX:MIDU,4h,Swing 4H,LONG,Pyramid Add,2024-12-20 04:00,1734685200000,50.7,Flip Short,2025-01-15 12:00,1736960400000,56.6,44,2230.8,53,254.88,11.414,322.05,14.4221,39.63,1.7748,4.72,2026-07-25T14:42:08.702Z
pyr25|MIDU|4h|1739379600000|1745956800000,pyr25,MIDU,AMEX:MIDU,4h,Swing 4H,LONG,Swing Low,2025-02-12 12:00,1739379600000,54.46,Flip Short,2025-04-29 16:00,1745956800000,36.2,191,10401.86,197,-3504.98,-33.662,537.77,5.1648,5641.08,54.1773,17.32,2026-07-25T14:42:08.702Z
pyr25|MIDU|4h|1741107600000|1745956800000,pyr25,MIDU,AMEX:MIDU,4h,Swing 4H,LONG,Pyramid Add,2025-03-04 12:00,1741107600000,43.76,Flip Short,2025-04-29 16:00,1745956800000,36.2,47,2056.72,147,-359.08,-17.4413,116.85,5.6759,884.72,42.9729,3.76,2026-07-25T14:42:08.702Z
pyr25|MIDU|4h|1754064000000|1755878400000,pyr25,MIDU,AMEX:MIDU,4h,Swing 4H,LONG,Swing Low,2025-08-01 12:00,1754064000000,44.87,Flip Short,2025-08-22 12:00,1755878400000,51,166,7448.42,49,1001.67,13.4346,1076.53,14.4387,156.85,2.1037,15.91,2026-07-25T14:42:08.702Z
pyr25|MIDU|4h|1758801600000|1761321600000,pyr25,MIDU,AMEX:MIDU,4h,Swing 4H,LONG,Swing Low,2025-09-25 08:00,1758801600000,49.45,Flip Short,2025-10-24 12:00,1761321600000,52.2,165,8159.25,71,436.98,5.3503,552.84,6.7689,831.51,10.1808,16.77,2026-07-25T14:42:08.702Z
pyr25|MIDU|4h|1762506000000|1764176400000,pyr25,MIDU,AMEX:MIDU,4h,Swing 4H,LONG,Swing Low,2025-11-07 04:00,1762506000000,47.3,Flip Short,2025-11-26 12:00,1764176400000,51.3,180,8514,43,702.25,8.24,711.49,8.3483,867.11,10.1744,17.75,2026-07-25T14:42:08.702Z
pyr25|MIDU|4h|1769806800000|1770397200000,pyr25,MIDU,AMEX:MIDU,4h,Swing 4H,LONG,Swing Low,2026-01-30 16:00,1769806800000,56.16,Flip Short,2026-02-06 12:00,1770397200000,63.51,161,9041.76,16,1164.08,12.8617,1174.31,12.9746,182.92,2.0211,19.27,2026-07-25T14:42:08.702Z
pyr25|MIDU|4h|1772557200000|1775592000000,pyr25,MIDU,AMEX:MIDU,4h,Swing 4H,LONG,Swing Low,2026-03-03 12:00,1772557200000,59.82,Flip Short,2026-04-07 16:00,1775592000000,55.43,165,9870.3,89,-743.37,-7.5238,391.08,3.9582,2034.42,20.5909,19.02,2026-07-25T14:42:08.702Z
pyr25|MIDU|4h|1774022400000|1775592000000,pyr25,MIDU,AMEX:MIDU,4h,Swing 4H,LONG,Pyramid Add,2026-03-20 12:00,1774022400000,50.05,Flip Short,2026-04-07 16:00,1775592000000,55.43,41,2052.05,42,216.26,10.528,218.53,10.6386,104.55,5.0899,4.32,2026-07-25T14:42:08.702Z
pyr25|MIDU|4h|1779206400000|1780416000000,pyr25,MIDU,AMEX:MIDU,4h,Swing 4H,LONG,Swing Low,2026-05-19 12:00,1779206400000,60.7,Flip Short,2026-06-02 12:00,1780416000000,69.37,159,9651.3,30,1357.85,14.055,1413.4,14.63,111.41,1.1532,20.68,2026-07-25T14:42:08.702Z
pyr25|PILL|4h|1716580800000|1720713600000,pyr25,PILL,AMEX:PILL,4h,Swing 4H,LONG,Swing Low,2024-05-24 16:00,1716580800000,6.52,Flip Short,2024-07-11 12:00,1720713600000,6.88,1176,7667.52,93,407.6,5.3106,498.01,6.4886,889.67,11.5915,15.76,2026-07-25T14:42:13.997Z
pyr25|PILL|4h|1722859200000|1724428800000,pyr25,PILL,AMEX:PILL,4h,Swing 4H,LONG,Swing Low,2024-08-05 08:00,1722859200000,6.7,Flip Short,2024-08-23 12:00,1724428800000,8.06,1154,7731.8,41,1552.41,20.0582,1665.57,21.5203,550.11,7.1078,17.03,2026-07-25T14:42:13.997Z
pyr25|PILL|4h|1725624000000|1726689600000,pyr25,PILL,AMEX:PILL,4h,Swing 4H,LONG,Swing Low,2024-09-06 08:00,1725624000000,7.93,Flip Short,2024-09-18 16:00,1726689600000,8.68,1502,11910.86,25,1101.55,9.2391,1114.59,9.3484,928.13,7.7845,24.95,2026-07-25T14:42:13.997Z
pyr25|PILL|4h|1728576000000|1728921600000,pyr25,PILL,AMEX:PILL,4h,Swing 4H,LONG,Swing Low,2024-10-10 12:00,1728576000000,7.81,Flip Short,2024-10-14 12:00,1728921600000,8.81,1279,9988.99,6,1257.74,12.5787,1294.59,12.9472,176.26,1.7628,21.26,2026-07-25T14:42:13.997Z
pyr25|PILL|4h|1731704400000|1737133200000,pyr25,PILL,AMEX:PILL,4h,Swing 4H,LONG,Swing Low,2024-11-15 16:00,1731704400000,8.45,Flip Short,2025-01-17 12:00,1737133200000,7.49,1314,11103.3,147,-1282.39,-11.538,1132.08,10.1857,3164.7,28.4739,20.95,2026-07-25T14:42:13.997Z
pyr25|PILL|4h|1734685200000|1737133200000,pyr25,PILL,AMEX:PILL,4h,Swing 4H,LONG,Pyramid Add,2024-12-20 04:00,1734685200000,7.18,Flip Short,2025-01-17 12:00,1737133200000,7.49,328,2355.04,65,96.87,4.1091,168.2,7.1352,373,15.8223,4.81,2026-07-25T14:42:13.997Z
pyr25|PILL|4h|1740416400000|1746014400000,pyr25,PILL,AMEX:PILL,4h,Swing 4H,LONG,Swing Low,2025-02-24 12:00,1740416400000,7.78,Flip Short,2025-04-30 08:00,1746014400000,5.52,1313,10215.14,154,-2984.84,-29.1906,265.51,2.5966,5432.91,53.1317,17.46,2026-07-25T14:42:13.997Z
pyr25|PILL|4h|1741953600000|1746014400000,pyr25,PILL,AMEX:PILL,4h,Swing 4H,LONG,Pyramid Add,2025-03-14 08:00,1741953600000,6.65,Flip Short,2025-04-30 08:00,1746014400000,5.52,328,2181.2,110,-374.63,-17.1583,276.62,12.6693,986.18,45.1676,3.99,2026-07-25T14:42:13.997Z
pyr25|PILL|4h|1747238400000|1747656000000,pyr25,PILL,AMEX:PILL,4h,Swing 4H,LONG,Swing Low,2025-05-14 12:00,1747238400000,4.7,Flip Short,2025-05-19 08:00,1747656000000,5.15,1587,7458.9,10,698.52,9.3555,1817.59,24.3437,55.07,0.7376,15.63,2026-07-25T14:42:13.997Z
pyr25|PILL|4h|1748016000000|1749657600000,pyr25,PILL,AMEX:PILL,4h,Swing 4H,LONG,Swing Low,2025-05-23 12:00,1748016000000,4.87,Flip Short,2025-06-11 12:00,1749657600000,5.98,1631,7942.97,44,1792.71,22.5473,2144.98,26.9777,24.25,0.305,17.7,2026-07-25T14:42:13.997Z
pyr25|PILL|4h|1750708800000|1752163200000,pyr25,PILL,AMEX:PILL,4h,Swing 4H,LONG,Swing Low,2025-06-23 16:00,1750708800000,5.37,Flip Short,2025-07-10 12:00,1752163200000,5.92,1752,9408.24,40,943.82,10.0218,1076.83,11.4342,517.49,5.4949,19.78,2026-07-25T14:42:13.997Z
pyr25|PILL|4h|1753948800000|1755000000000,pyr25,PILL,AMEX:PILL,4h,Swing 4H,LONG,Swing Low,2025-07-31 04:00,1753948800000,5.71,Flip Short,2025-08-12 08:00,1755000000000,6.36,1776,10140.96,33,1132.96,11.161,1144.26,11.2723,1075.74,10.5973,21.44,2026-07-25T14:42:13.997Z
pyr25|PILL|4h|1757952000000|1759248000000,pyr25,PILL,AMEX:PILL,4h,Swing 4H,LONG,Swing Low,2025-09-15 12:00,1757952000000,7.2,Flip Short,2025-09-30 12:00,1759248000000,7.98,1516,10915.2,38,1159.47,10.6119,1186.72,10.8614,223.16,2.0424,23.01,2026-07-25T14:42:13.997Z
pyr25|PILL|4h|1762534800000|1762880400000,pyr25,PILL,AMEX:PILL,4h,Swing 4H,LONG,Swing Low,2025-11-07 12:00,1762534800000,7.79,Flip Short,2025-11-11 12:00,1762880400000,9.09,1514,11794.06,7,1942.64,16.4549,2047.25,17.3409,42.07,0.3564,25.56,2026-07-25T14:42:13.997Z
pyr25|PILL|4h|1767373200000|1769101200000,pyr25,PILL,AMEX:PILL,4h,Swing 4H,LONG,Swing Low,2026-01-02 12:00,1767373200000,11.55,Flip Short,2026-01-22 12:00,1769101200000,13.18,1147,13247.85,46,1841.24,13.8846,2097.23,15.8149,517.93,3.9056,28.37,2026-07-25T14:42:13.997Z
pyr25|PILL|4h|1769792400000|1772038800000,pyr25,PILL,AMEX:PILL,4h,Swing 4H,LONG,Swing Low,2026-01-30 12:00,1769792400000,11.49,Flip Short,2026-02-25 12:00,1772038800000,13.41,1281,14718.69,53,2427.62,16.477,2777.86,18.8542,14.72,0.0999,31.9,2026-07-25T14:42:13.997Z
pyr25|PILL|4h|1772557200000|1775635200000,pyr25,PILL,AMEX:PILL,4h,Swing 4H,LONG,Swing Low,2026-03-03 12:00,1772557200000,11.52,Flip Short,2026-04-08 04:00,1775635200000,11.49,1428,16450.56,79,-75.7,-0.4597,1097.39,6.6642,3914.89,23.7741,32.86,2026-07-25T14:42:13.997Z
pyr25|PILL|4h|1773936000000|1775635200000,pyr25,PILL,AMEX:PILL,4h,Swing 4H,LONG,Pyramid Add,2026-03-19 12:00,1773936000000,10.01,Flip Short,2026-04-08 04:00,1775635200000,11.49,357,3573.57,39,520.68,14.5559,524.79,14.6705,439.11,12.2755,7.68,2026-07-25T14:42:13.997Z
pyr25|PILL|4h|1779120000000|1781107200000,pyr25,PILL,AMEX:PILL,4h,Swing 4H,LONG,Swing Low,2026-05-18 12:00,1779120000000,11.1,Flip Short,2026-06-10 12:00,1781107200000,12.53,1518,16849.8,52,2134.87,12.6573,2867.35,17.0001,624.05,3.6999,35.87,2026-07-25T14:42:13.997Z
pyr25|QTUM|4h|1721822400000|1724342400000,pyr25,QTUM,NASDAQ:QTUM,4h,Swing 4H,LONG,Swing Low,2024-07-24 08:00,1721822400000,62.85,Flip Short,2024-08-22 12:00,1724342400000,61.65,124,7793.4,59,-164.24,-2.1053,10.81,0.1385,1222.99,15.677,15.44,2026-07-25T14:42:19.074Z
pyr25|QTUM|4h|1725638400000|1727280000000,pyr25,QTUM,NASDAQ:QTUM,4h,Swing 4H,LONG,Swing Low,2024-09-06 12:00,1725638400000,57.4,Flip Short,2024-09-25 12:00,1727280000000,61.71,130,7462,33,544.82,7.2939,719.24,9.629,17.86,0.2391,15.48,2026-07-25T14:42:19.074Z
pyr25|QTUM|4h|1730491200000|1730998800000,pyr25,QTUM,NASDAQ:QTUM,4h,Swing 4H,LONG,Swing Low,2024-11-01 16:00,1730491200000,62.06,Flip Short,2024-11-07 12:00,1730998800000,65.99,126,7819.56,13,479.05,6.1201,497.44,6.3551,38.06,0.4862,16.13,2026-07-25T14:42:19.074Z
pyr25|QTUM|4h|1734699600000|1739552400000,pyr25,QTUM,NASDAQ:QTUM,4h,Swing 4H,LONG,Swing Low,2024-12-20 08:00,1734699600000,74.47,Flip Short,2025-02-14 12:00,1739552400000,84.25,111,8266.17,145,1067.96,12.9068,1491.34,18.0235,27.14,0.328,17.62,2026-07-25T14:42:19.074Z
pyr25|QTUM|4h|1740488400000|1742299200000,pyr25,QTUM,NASDAQ:QTUM,4h,Swing 4H,LONG,Swing Low,2025-02-25 08:00,1740488400000,81.95,Flip Short,2025-03-18 08:00,1742299200000,80,110,9014.5,60,-232.31,-2.5745,64.69,0.7169,906.61,10.0472,17.81,2026-07-25T14:42:19.074Z
pyr25|QTUM|4h|1743192000000|1745424000000,pyr25,QTUM,NASDAQ:QTUM,4h,Swing 4H,LONG,Swing Low,2025-03-28 16:00,1743192000000,75.18,Flip Short,2025-04-23 12:00,1745424000000,72.22,118,8871.24,67,-366.67,-4.1292,205.89,2.3185,1501.57,16.9094,17.39,2026-07-25T14:42:19.074Z
pyr25|QTUM|4h|1744027200000|1745424000000,pyr25,QTUM,NASDAQ:QTUM,4h,Swing 4H,LONG,Pyramid Add,2025-04-07 08:00,1744027200000,63.49,Flip Short,2025-04-23 12:00,1745424000000,72.22,29,1841.21,45,249.23,13.5229,280.91,15.2415,28.81,1.5632,3.94,2026-07-25T14:42:19.074Z
pyr25|QTUM|4h|1754049600000|1755028800000,pyr25,QTUM,NASDAQ:QTUM,4h,Swing 4H,LONG,Swing Low,2025-08-01 08:00,1754049600000,90.89,Flip Short,2025-08-12 16:00,1755028800000,94.91,97,8816.33,30,371.92,4.2143,381.12,4.3186,155.29,1.7596,18.02,2026-07-25T14:42:19.074Z
pyr25|QTUM|4h|1755705600000|1756396800000,pyr25,QTUM,NASDAQ:QTUM,4h,Swing 4H,LONG,Swing Low,2025-08-20 12:00,1755705600000,91.22,Flip Short,2025-08-28 12:00,1756396800000,96.06,99,9030.78,24,460.62,5.0955,474.09,5.2445,11.01,0.1218,18.54,2026-07-25T14:42:19.074Z
pyr25|QTUM|4h|1763067600000|1764766800000,pyr25,QTUM,NASDAQ:QTUM,4h,Swing 4H,LONG,Swing Low,2025-11-13 16:00,1763067600000,107.16,Flip Short,2025-12-03 08:00,1764766800000,110.47,88,9430.08,50,272.13,2.8829,281.85,2.9859,796.15,8.4342,19.15,2026-07-25T14:42:19.074Z
pyr25|QTUM|4h|1766048400000|1767618000000,pyr25,QTUM,NASDAQ:QTUM,4h,Swing 4H,LONG,Swing Low,2025-12-18 04:00,1766048400000,107.98,Flip Short,2026-01-05 08:00,1767618000000,113.88,89,9610.22,41,505.35,5.2533,521.72,5.4234,9.61,0.0999,19.75,2026-07-25T14:42:19.074Z
pyr25|QTUM|4h|1770037200000|1775635200000,pyr25,QTUM,NASDAQ:QTUM,4h,Swing 4H,LONG,Swing Low,2026-02-02 08:00,1770037200000,114.89,Flip Short,2026-04-08 04:00,1775635200000,114.83,87,9995.43,179,-25.21,-0.2519,471.11,4.7086,1174.06,11.7342,19.99,2026-07-25T14:42:19.074Z
pyr25|SOXL|4h|1725379200000|1727280000000,pyr25,SOXL,AMEX:SOXL,4h,Swing 4H,LONG,Swing Low,2024-09-03 12:00,1725379200000,32.01,Flip Short,2024-09-25 12:00,1727280000000,35.63,237,7586.37,64,841.91,11.0866,1047.06,13.7881,1550.46,20.417,16.03,2026-07-25T14:42:24.089Z
pyr25|SOXL|4h|1725638400000|1727280000000,pyr25,SOXL,AMEX:SOXL,4h,Swing 4H,LONG,Pyramid Add,2024-09-06 12:00,1725638400000,25.7,Flip Short,2024-09-25 12:00,1727280000000,35.63,59,1516.3,52,582.25,38.3611,633.32,41.726,13.32,0.8773,3.62,2026-07-25T14:42:24.089Z
pyr25|SOXL|4h|1729713600000|1733317200000,pyr25,SOXL,AMEX:SOXL,4h,Swing 4H,LONG,Swing Low,2024-10-23 16:00,1729713600000,33.8,Flip Short,2024-12-04 08:00,1733317200000,31.13,257,8686.6,114,-702.88,-8.0834,1183.79,13.6142,2118.66,24.3656,16.69,2026-07-25T14:42:24.089Z
pyr25|SOXL|4h|1731690000000|1733317200000,pyr25,SOXL,AMEX:SOXL,4h,Swing 4H,LONG,Pyramid Add,2024-11-15 12:00,1731690000000,26.86,Flip Short,2024-12-04 08:00,1733317200000,31.13,64,1719.04,47,269.57,15.6657,282.44,16.4137,83,4.8234,3.71,2026-07-25T14:42:24.089Z
pyr25|SOXL|4h|1734598800000|1736182800000,pyr25,SOXL,AMEX:SOXL,4h,Swing 4H,LONG,Swing Low,2024-12-19 04:00,1734598800000,27.55,Flip Short,2025-01-06 12:00,1736182800000,33.44,303,8347.65,42,1766.19,21.1368,1833.89,21.947,911.29,10.9058,18.48,2026-07-25T14:42:24.089Z
pyr25|SOXL|4h|1736773200000|1737478800000,pyr25,SOXL,AMEX:SOXL,4h,Swing 4H,LONG,Swing Low,2025-01-13 08:00,1736773200000,26.6,Flip Short,2025-01-21 12:00,1737478800000,33.77,364,9682.4,21,2587.91,26.7012,2614.76,26.9783,137.08,1.4144,21.97,2026-07-25T14:42:24.089Z
pyr25|SOXL|4h|1737997200000|1739883600000,pyr25,SOXL,AMEX:SOXL,4h,Swing 4H,LONG,Swing Low,2025-01-27 12:00,1737997200000,25.6,Flip Short,2025-02-18 08:00,1739883600000,29.3,455,11648,59,1658.52,14.2244,1676.4,14.3778,853.4,7.3192,24.98,2026-07-25T14:42:24.089Z
pyr25|SOXL|4h|1740502800000|1746100800000,pyr25,SOXL,AMEX:SOXL,4h,Swing 4H,LONG,Swing Low,2025-02-25 12:00,1740502800000,25.59,Flip Short,2025-05-01 08:00,1746100800000,12.66,504,12897.36,183,-6536,-50.6264,853.98,6.6148,9331.86,72.2825,19.28,2026-07-25T14:42:24.089Z
pyr25|SOXL|4h|1740762000000|1746100800000,pyr25,SOXL,AMEX:SOXL,4h,Swing 4H,LONG,Pyramid Add,2025-02-28 12:00,1740762000000,22.49,Flip Short,2025-05-01 08:00,1746100800000,12.66,126,2833.74,171,-1243.01,-43.8208,172.31,6.0744,1941.97,68.462,4.43,2026-07-25T14:42:24.089Z
pyr25|SOXL|4h|1753992000000|1755086400000,pyr25,SOXL,AMEX:SOXL,4h,Swing 4H,LONG,Swing Low,2025-07-31 16:00,1753992000000,24.97,Flip Short,2025-08-13 08:00,1755086400000,28.54,280,6991.6,34,984.62,14.0688,1020.61,14.5831,678.99,9.7018,14.98,2026-07-25T14:42:24.089Z
pyr25|SOXL|4h|1760342400000|1761321600000,pyr25,SOXL,AMEX:SOXL,4h,Swing 4H,LONG,Swing Low,2025-10-13 04:00,1760342400000,38.12,Flip Short,2025-10-24 12:00,1761321600000,43.52,222,8462.64,38,1180.68,13.9377,1332.42,15.729,579,6.835,18.12,2026-07-25T14:42:24.089Z
pyr25|SOXL|4h|1763125200000|1764694800000,pyr25,SOXL,AMEX:SOXL,4h,Swing 4H,LONG,Swing Low,2025-11-14 08:00,1763125200000,35.95,Flip Short,2025-12-02 12:00,1764694800000,43.05,240,8628,45,1685.04,19.5104,2069.77,23.965,1887.83,21.8584,18.96,2026-07-25T14:42:24.089Z
pyr25|SOXL|4h|1763715600000|1764694800000,pyr25,SOXL,AMEX:SOXL,4h,Swing 4H,LONG,Pyramid Add,2025-11-21 04:00,1763715600000,31.33,Flip Short,2025-12-02 12:00,1764694800000,43.05,60,1879.8,26,698.74,37.1337,794.92,42.2452,194.48,10.3354,4.46,2026-07-25T14:42:24.089Z
pyr25|SOXL|4h|1765990800000|1767358800000,pyr25,SOXL,AMEX:SOXL,4h,Swing 4H,LONG,Swing Low,2025-12-17 12:00,1765990800000,37.04,Flip Short,2026-01-02 08:00,1767358800000,44.83,282,10445.28,39,2173.69,20.7895,2228.63,21.315,388.33,3.714,23.09,2026-07-25T14:42:24.089Z
pyr25|SOXL|4h|1770224400000|1772038800000,pyr25,SOXL,AMEX:SOXL,4h,Swing 4H,LONG,Swing Low,2026-02-04 12:00,1770224400000,53.11,Flip Short,2026-02-25 12:00,1772038800000,70.89,228,12109.08,56,4025.57,33.211,4376.89,36.1094,873.95,7.2101,28.27,2026-07-25T14:42:24.089Z
pyr25|SOXL|4h|1772456400000|1774425600000,pyr25,SOXL,AMEX:SOXL,4h,Swing 4H,LONG,Swing Low,2026-03-02 08:00,1772456400000,57.77,Flip Short,2026-03-25 04:00,1774425600000,57,262,15135.74,67,-231.81,-1.53,1307.96,8.6329,3769.6,24.8804,30.07,2026-07-25T14:42:24.089Z
pyr25|SOXL|4h|1772830800000|1774425600000,pyr25,SOXL,AMEX:SOXL,4h,Swing 4H,LONG,Pyramid Add,2026-03-06 16:00,1772830800000,47.89,Flip Short,2026-03-25 04:00,1774425600000,57,65,3112.85,49,585.33,18.785,642.99,20.6353,292.36,9.3827,6.82,2026-07-25T14:42:24.089Z
pyr25|SOXL|4h|1774612800000|1775635200000,pyr25,SOXL,AMEX:SOXL,4h,Swing 4H,LONG,Swing Low,2026-03-27 08:00,1774612800000,47.6,Flip Short,2026-04-08 04:00,1775635200000,64.52,324,15422.4,27,5445.75,35.2754,5482.86,35.5157,2688.42,17.4145,36.33,2026-07-25T14:42:24.089Z
pyr25|SOXL|4h|1774900800000|1775635200000,pyr25,SOXL,AMEX:SOXL,4h,Swing 4H,LONG,Pyramid Add,2026-03-30 16:00,1774900800000,40.62,Flip Short,2026-04-08 04:00,1775635200000,64.52,81,3290.22,21,1927.38,58.5206,1936.66,58.8023,106.16,3.2233,8.52,2026-07-25T14:42:24.089Z
pyr25|SOXL|4h|1781035200000|1781812800000,pyr25,SOXL,AMEX:SOXL,4h,Swing 4H,LONG,Swing Low,2026-06-09 16:00,1781035200000,201.62,Flip Short,2026-06-18 16:00,1781812800000,279.76,104,20968.48,28,8076.5,38.4788,8771.19,41.7886,3354.17,15.9803,50.06,2026-07-25T14:42:24.089Z
pyr25|SOXL|4h|1783008000000|1784923200000,pyr25,SOXL,AMEX:SOXL,4h,Swing 4H,LONG,Swing Low,2026-07-02 12:00,1783008000000,189.9,,2026-07-24 16:00,1784923200000,136.46,143,27155.7,61,-7688.59,-28.2847,2961.54,10.8949,10523.35,38.7132,27.16,2026-07-25T14:42:24.089Z
pyr25|TMF|4h|1727092800000|1732712400000,pyr25,TMF,AMEX:TMF,4h,Swing 4H,LONG,Swing Low,2024-09-23 08:00,1727092800000,59.15,Flip Short,2024-11-27 08:00,1732712400000,48.2,128,7571.2,188,-1415.34,-18.6751,151.15,1.9944,2067.09,27.2748,13.74,2026-07-25T14:42:28.924Z
pyr25|TMF|4h|1728921600000|1732712400000,pyr25,TMF,AMEX:TMF,4h,Swing 4H,LONG,Pyramid Add,2024-10-14 12:00,1728921600000,50.03,Flip Short,2024-11-27 08:00,1732712400000,48.2,32,1600.96,127,-61.7,-3.8503,110.72,6.9089,224.64,14.0176,3.14,2026-07-25T14:42:28.924Z
pyr25|TMF|4h|1734037200000|1737982800000,pyr25,TMF,AMEX:TMF,4h,Swing 4H,LONG,Swing Low,2024-12-12 16:00,1734037200000,45.78,Flip Short,2025-01-27 08:00,1737982800000,40.88,141,6454.98,110,-703.12,-10.8818,48.54,0.7511,1319.16,20.416,12.22,2026-07-25T14:42:28.924Z
pyr25|TMF|4h|1736269200000|1737982800000,pyr25,TMF,AMEX:TMF,4h,Swing 4H,LONG,Pyramid Add,2025-01-07 12:00,1736269200000,37.97,Flip Short,2025-01-27 08:00,1737982800000,40.88,35,1328.95,47,99.09,7.4488,114.87,8.6351,53.83,4.0464,2.76,2026-07-25T14:42:28.924Z
pyr25|TMF|4h|1739379600000|1740488400000,pyr25,TMF,AMEX:TMF,4h,Swing 4H,LONG,Swing Low,2025-02-12 12:00,1739379600000,39.67,Flip Short,2025-02-25 08:00,1740488400000,44.16,151,5990.17,31,665.33,11.096,702.2,11.7108,36.19,0.6036,12.66,2026-07-25T14:42:28.924Z
pyr25|TMF|4h|1741867200000|1743609600000,pyr25,TMF,AMEX:TMF,4h,Swing 4H,LONG,Swing Low,2025-03-13 08:00,1741867200000,42.54,Flip Short,2025-04-02 12:00,1743609600000,44.81,153,6508.62,57,333.95,5.1257,605.49,9.2936,314.04,4.8201,13.36,2026-07-25T14:42:28.924Z
pyr25|TMF|4h|1744142400000|1745942400000,pyr25,TMF,AMEX:TMF,4h,Swing 4H,LONG,Swing Low,2025-04-08 16:00,1744142400000,40.44,Flip Short,2025-04-29 12:00,1745942400000,42.01,167,6753.48,55,248.42,3.6747,262.12,3.8773,769.94,11.3893,13.77,2026-07-25T14:42:28.924Z
pyr25|TMF|4h|1746806400000|1749124800000,pyr25,TMF,AMEX:TMF,4h,Swing 4H,LONG,Swing Low,2025-05-09 12:00,1746806400000,38.53,Flip Short,2025-06-05 08:00,1749124800000,38.24,180,6935.4,71,-66.02,-0.951,25.46,0.3668,968.14,13.9454,13.82,2026-07-25T14:42:28.924Z
pyr25|TMF|4h|1751918400000|1753819200000,pyr25,TMF,AMEX:TMF,4h,Swing 4H,LONG,Swing Low,2025-07-07 16:00,1751918400000,36.78,Flip Short,2025-07-29 16:00,1753819200000,37.91,187,6877.86,64,197.34,2.8664,215.65,3.1323,481.86,6.9989,13.97,2026-07-25T14:42:28.924Z
pyr25|TMF|4h|1755532800000|1757001600000,pyr25,TMF,AMEX:TMF,4h,Swing 4H,LONG,Swing Low,2025-08-18 12:00,1755532800000,36.5,Flip Short,2025-09-04 12:00,1757001600000,37.74,193,7044.5,48,224.99,3.1907,321.06,4.553,165.3,2.3442,14.33,2026-07-25T14:42:28.924Z
pyr25|TMF|4h|1758744000000|1760112000000,pyr25,TMF,AMEX:TMF,4h,Swing 4H,LONG,Swing Low,2025-09-24 16:00,1758744000000,39.74,Flip Short,2025-10-10 12:00,1760112000000,41.7,182,7232.68,47,341.9,4.7224,398.63,5.506,127.35,1.759,14.82,2026-07-25T14:42:28.924Z
pyr25|TMF|4h|1761825600000|1764090000000,pyr25,TMF,AMEX:TMF,4h,Swing 4H,LONG,Swing Low,2025-10-30 08:00,1761825600000,41.7,Flip Short,2025-11-25 12:00,1764090000000,41.83,179,7464.3,73,8.32,0.1113,116.05,1.5531,440.64,5.8975,14.95,2026-07-25T14:42:28.924Z
pyr25|TMF|4h|1764939600000|1768410000000,pyr25,TMF,AMEX:TMF,4h,Swing 4H,LONG,Swing Low,2025-12-05 08:00,1764939600000,39.29,Flip Short,2026-01-14 12:00,1768410000000,38.66,191,7504.39,105,-135.22,-1.8001,76.54,1.0189,467.81,6.2276,14.89,2026-07-25T14:42:28.924Z
pyr25|TMF|4h|1768914000000|1770742800000,pyr25,TMF,AMEX:TMF,4h,Swing 4H,LONG,Swing Low,2026-01-20 08:00,1768914000000,36.37,Flip Short,2026-02-10 12:00,1770742800000,38.85,203,7383.11,61,488.17,6.6054,522.45,7.0692,90.61,1.2261,15.27,2026-07-25T14:42:28.924Z
pyr25|TMF|4h|1772715600000|1780056000000,pyr25,TMF,AMEX:TMF,4h,Swing 4H,LONG,Swing Low,2026-03-05 08:00,1772715600000,39.33,Flip Short,2026-05-29 08:00,1780056000000,35.11,197,7748.01,236,-846,-10.9081,134.09,1.7289,1534.5,19.7853,14.66,2026-07-25T14:42:28.924Z
pyr25|TMF|4h|1778860800000|1780056000000,pyr25,TMF,AMEX:TMF,4h,Swing 4H,LONG,Pyramid Add,2026-05-15 12:00,1778860800000,32.84,Flip Short,2026-05-29 08:00,1780056000000,35.11,49,1609.16,35,107.9,6.6987,111.09,6.8968,63.35,3.9329,3.33,2026-07-25T14:42:28.924Z
pyr25|TNA|4h|1725465600000|1726689600000,pyr25,TNA,AMEX:TNA,4h,Swing 4H,LONG,Swing Low,2024-09-04 12:00,1725465600000,40.28,Flip Short,2024-09-18 16:00,1726689600000,43.32,188,7572.64,41,555.8,7.3323,1167.43,15.401,992.69,13.0958,15.72,2026-07-25T14:42:33.862Z
pyr25|TNA|4h|1727870400000|1728979200000,pyr25,TNA,AMEX:TNA,4h,Swing 4H,LONG,Swing Low,2024-10-02 08:00,1727870400000,41.39,Flip Short,2024-10-15 04:00,1728979200000,45.25,193,7988.27,35,728.26,9.1075,752.43,9.4098,195.2,2.4411,16.72,2026-07-25T14:42:33.862Z
pyr25|TNA|4h|1730404800000|1730883600000,pyr25,TNA,AMEX:TNA,4h,Swing 4H,LONG,Swing Low,2024-10-31 16:00,1730404800000,41.74,Flip Short,2024-11-06 04:00,1730883600000,50.87,205,8556.7,13,1852.66,21.63,1863.09,21.7518,59.81,0.6982,18.99,2026-07-25T14:42:33.862Z
pyr25|TNA|4h|1734022800000|1737478800000,pyr25,TNA,AMEX:TNA,4h,Swing 4H,LONG,Swing Low,2024-12-12 12:00,1734022800000,51.37,Flip Short,2025-01-21 12:00,1737478800000,45.95,194,9965.78,96,-1070.36,-10.7296,83.15,0.8336,2652.25,26.5869,18.88,2026-07-25T14:42:33.862Z
pyr25|TNA|4h|1734555600000|1737478800000,pyr25,TNA,AMEX:TNA,4h,Swing 4H,LONG,Pyramid Add,2024-12-18 16:00,1734555600000,42.37,Flip Short,2025-01-21 12:00,1737478800000,45.95,48,2033.76,79,167.6,8.2327,180.37,8.8598,223.79,10.9929,4.24,2026-07-25T14:42:33.862Z
pyr25|TNA|4h|1739379600000|1742832000000,pyr25,TNA,AMEX:TNA,4h,Swing 4H,LONG,Swing Low,2025-02-12 12:00,1739379600000,42.39,Flip Short,2025-03-24 12:00,1742832000000,33.62,219,9283.41,108,-1937.28,-20.8473,536.03,5.7683,3073.09,33.07,16.65,2026-07-25T14:42:33.862Z
pyr25|TNA|4h|1740762000000|1742832000000,pyr25,TNA,AMEX:TNA,4h,Swing 4H,LONG,Pyramid Add,2025-02-28 12:00,1740762000000,36.61,Flip Short,2025-03-24 12:00,1742832000000,33.62,54,1976.94,64,-165.25,-8.3506,82.8,4.1843,445.32,22.5031,3.79,2026-07-25T14:42:33.862Z
pyr25|TNA|4h|1743422400000|1745424000000,pyr25,TNA,AMEX:TNA,4h,Swing 4H,LONG,Swing Low,2025-03-31 08:00,1743422400000,28.47,Flip Short,2025-04-23 12:00,1745424000000,24.25,270,7686.9,65,-1153.63,-14.9928,977.81,12.7078,3018.19,39.2248,14.23,2026-07-25T14:42:33.862Z
pyr25|TNA|4h|1743768000000|1745424000000,pyr25,TNA,AMEX:TNA,4h,Swing 4H,LONG,Pyramid Add,2025-04-04 08:00,1743768000000,21.63,Flip Short,2025-04-23 12:00,1745424000000,24.25,67,1449.21,49,172.47,11.8888,271.24,18.6978,290.22,20.006,3.07,2026-07-25T14:42:33.862Z
pyr25|TNA|4h|1748016000000|1749225600000,pyr25,TNA,AMEX:TNA,4h,Swing 4H,LONG,Swing Low,2025-05-23 12:00,1748016000000,27.83,Flip Short,2025-06-06 12:00,1749225600000,31.81,249,6929.67,36,976.17,14.0727,1041.36,15.0125,19.38,0.2794,14.85,2026-07-25T14:42:33.862Z
pyr25|TNA|4h|1750708800000|1751385600000,pyr25,TNA,AMEX:TNA,4h,Swing 4H,LONG,Swing Low,2025-06-23 16:00,1750708800000,31.89,Flip Short,2025-07-01 12:00,1751385600000,34.8,241,7685.49,23,685.24,8.9071,693.62,9.0161,48.66,0.6325,16.07,2026-07-25T14:42:33.862Z
pyr25|TNA|4h|1754049600000|1755086400000,pyr25,TNA,AMEX:TNA,4h,Swing 4H,LONG,Swing Low,2025-08-01 08:00,1754049600000,33.34,Flip Short,2025-08-13 08:00,1755086400000,38.8,246,8201.64,32,1325.41,16.1442,1354.64,16.5002,500.2,6.0927,17.75,2026-07-25T14:42:33.862Z
pyr25|TNA|4h|1760126400000|1760472000000,pyr25,TNA,AMEX:TNA,4h,Swing 4H,LONG,Swing Low,2025-10-10 16:00,1760126400000,42.63,Flip Short,2025-10-14 16:00,1760472000000,48.1,216,9208.08,8,1161.92,12.6059,1390.47,15.0855,497.37,5.396,19.6,2026-07-25T14:42:33.862Z
pyr25|TNA|4h|1762261200000|1764190800000,pyr25,TNA,AMEX:TNA,4h,Swing 4H,LONG,Swing Low,2025-11-04 08:00,1762261200000,44.51,Flip Short,2025-11-26 16:00,1764190800000,46.33,227,10103.77,66,392.52,3.881,595.99,5.8928,1792.05,17.7188,20.62,2026-07-25T14:42:33.862Z
pyr25|TNA|4h|1763672400000|1764190800000,pyr25,TNA,AMEX:TNA,4h,Swing 4H,LONG,Pyramid Add,2025-11-20 16:00,1763672400000,37.15,Flip Short,2025-11-26 16:00,1764190800000,46.33,56,2080.4,16,509.41,24.4615,559.6,26.8718,29.52,1.4176,4.67,2026-07-25T14:42:33.862Z
pyr25|TNA|4h|1767186000000|1767733200000,pyr25,TNA,AMEX:TNA,4h,Swing 4H,LONG,Swing Low,2025-12-31 08:00,1767186000000,46.5,Flip Short,2026-01-06 16:00,1767733200000,51.06,232,10788,14,1035.29,9.5871,1068.01,9.8901,286.87,2.6565,22.63,2026-07-25T14:42:33.862Z
pyr25|TNA|4h|1769778000000|1770829200000,pyr25,TNA,AMEX:TNA,4h,Swing 4H,LONG,Swing Low,2026-01-30 08:00,1769778000000,53.55,Flip Short,2026-02-11 12:00,1770829200000,54.83,216,11566.8,33,253.07,2.1857,988.51,8.5376,966.29,8.3456,23.41,2026-07-25T14:42:33.862Z
pyr25|TNA|4h|1772456400000|1775635200000,pyr25,TNA,AMEX:TNA,4h,Swing 4H,LONG,Swing Low,2026-03-02 08:00,1772456400000,50.73,Flip Short,2026-04-08 04:00,1775635200000,51.65,232,11769.36,103,189.69,1.6101,860.55,7.3045,2640.33,22.4115,23.75,2026-07-25T14:42:33.862Z
pyr25|TNA|4h|1773057600000|1775635200000,pyr25,TNA,AMEX:TNA,4h,Swing 4H,LONG,Pyramid Add,2026-03-09 08:00,1773057600000,43.73,Flip Short,2026-04-08 04:00,1775635200000,51.65,58,2536.34,83,453.83,17.8752,456.82,17.9931,253.68,9.9917,5.53,2026-07-25T14:42:33.862Z
pyr25|TNA|4h|1779206400000|1779796800000,pyr25,TNA,AMEX:TNA,4h,Swing 4H,LONG,Swing Low,2026-05-19 12:00,1779206400000,57.03,Flip Short,2026-05-26 08:00,1779796800000,67.36,215,12261.45,15,2194.21,17.8773,2271.04,18.5033,48.81,0.3977,26.74,2026-07-25T14:42:33.862Z
pyr25|TNA|4h|1781035200000|1781280000000,pyr25,TNA,AMEX:TNA,4h,Swing 4H,LONG,Swing Low,2026-06-09 16:00,1781035200000,64.46,Flip Short,2026-06-12 12:00,1781280000000,69.53,216,13923.36,11,1066.18,7.6498,1534.8,11.0122,780.72,5.6017,28.94,2026-07-25T14:42:33.862Z
pyr25|UDOW|4h|1725552000000|1726502400000,pyr25,UDOW,AMEX:UDOW,4h,Swing 4H,LONG,Swing Low,2024-09-05 12:00,1725552000000,42.8,Flip Short,2024-09-16 12:00,1726502400000,45.74,177,7575.6,28,504.71,6.6556,642.01,8.4663,354.5,4.6748,15.67,2026-07-25T14:42:38.784Z
pyr25|UDOW|4h|1728331200000|1728662400000,pyr25,UDOW,AMEX:UDOW,4h,Swing 4H,LONG,Swing Low,2024-10-07 16:00,1728331200000,46.74,Flip Short,2024-10-11 12:00,1728662400000,49.49,170,7945.8,15,451.14,5.6721,474.85,5.9702,91.25,1.1472,16.36,2026-07-25T14:42:38.784Z
pyr25|UDOW|4h|1729886400000|1730898000000,pyr25,UDOW,AMEX:UDOW,4h,Swing 4H,LONG,Swing Low,2024-10-25 16:00,1729886400000,46.93,Flip Short,2024-11-06 08:00,1730898000000,51.59,177,8306.61,30,807.38,9.71,843.06,10.1392,312.75,3.7613,17.44,2026-07-25T14:42:38.784Z
pyr25|UDOW|4h|1734008400000|1737118800000,pyr25,UDOW,AMEX:UDOW,4h,Swing 4H,LONG,Swing Low,2024-12-12 08:00,1734008400000,53.25,Flip Short,2025-01-17 08:00,1737118800000,49.62,167,8892.75,92,-623.39,-7.0031,51.23,0.5755,1478.49,16.6092,17.18,2026-07-25T14:42:38.784Z
pyr25|UDOW|4h|1736773200000|1737118800000,pyr25,UDOW,AMEX:UDOW,4h,Swing 4H,LONG,Pyramid Add,2025-01-13 08:00,1736773200000,44.86,Flip Short,2025-01-17 08:00,1737118800000,49.62,41,1839.26,16,191.29,10.3898,193.32,10.5003,5.12,0.2781,3.87,2026-07-25T14:42:38.784Z
pyr25|UDOW|4h|1740157200000|1743004800000,pyr25,UDOW,AMEX:UDOW,4h,Swing 4H,LONG,Swing Low,2025-02-21 12:00,1740157200000,50.78,Flip Short,2025-03-26 12:00,1743004800000,45.76,169,8581.82,92,-864.7,-10.0658,113.1,1.3166,1778.01,20.6977,16.32,2026-07-25T14:42:38.784Z
pyr25|UDOW|4h|1741708800000|1743004800000,pyr25,UDOW,AMEX:UDOW,4h,Swing 4H,LONG,Pyramid Add,2025-03-11 12:00,1741708800000,42.75,Flip Short,2025-03-26 12:00,1743004800000,45.76,42,1795.5,44,122.7,6.8271,163.26,9.0839,104.28,5.8018,3.72,2026-07-25T14:42:38.784Z
pyr25|UDOW|4h|1743667200000|1746100800000,pyr25,UDOW,AMEX:UDOW,4h,Swing 4H,LONG,Swing Low,2025-04-03 04:00,1743667200000,41.27,Flip Short,2025-05-01 08:00,1746100800000,38.78,194,8006.38,77,-498.59,-6.2212,36.61,0.4568,2495.09,31.1326,15.53,2026-07-25T14:42:38.784Z
pyr25|UDOW|4h|1743782400000|1746100800000,pyr25,UDOW,AMEX:UDOW,4h,Swing 4H,LONG,Pyramid Add,2025-04-04 12:00,1743782400000,34.95,Flip Short,2025-05-01 08:00,1746100800000,38.78,48,1677.6,71,180.3,10.7368,198.96,11.8481,313.68,18.6793,3.54,2026-07-25T14:42:38.784Z
pyr25|UDOW|4h|1750420800000|1750953600000,pyr25,UDOW,AMEX:UDOW,4h,Swing 4H,LONG,Swing Low,2025-06-20 08:00,1750420800000,41.89,Flip Short,2025-06-26 12:00,1750953600000,44.71,186,7791.54,17,508.41,6.5187,548.35,7.0307,152.87,1.9601,16.11,2026-07-25T14:42:38.784Z
pyr25|UDOW|4h|1754049600000|1755244800000,pyr25,UDOW,AMEX:UDOW,4h,Swing 4H,LONG,Swing Low,2025-08-01 08:00,1754049600000,45.78,Flip Short,2025-08-15 04:00,1755244800000,49.98,178,8148.84,39,730.55,8.9562,739.45,9.0652,260.91,3.1986,17.05,2026-07-25T14:42:38.784Z
pyr25|UDOW|4h|1760112000000|1761321600000,pyr25,UDOW,AMEX:UDOW,4h,Swing 4H,LONG,Swing Low,2025-10-10 12:00,1760112000000,51.56,Flip Short,2025-10-24 12:00,1761321600000,56.24,169,8713.64,40,772.7,8.8589,795.73,9.1228,454.87,5.215,18.22,2026-07-25T14:42:38.784Z
pyr25|UDOW|4h|1762534800000|1762966800000,pyr25,UDOW,AMEX:UDOW,4h,Swing 4H,LONG,Swing Low,2025-11-07 12:00,1762534800000,53.38,Flip Short,2025-11-12 12:00,1762966800000,59.41,174,9288.12,12,1029.59,11.074,1147.81,12.3455,51.05,0.5491,19.63,2026-07-25T14:42:38.784Z
pyr25|UDOW|4h|1763413200000|1764781200000,pyr25,UDOW,AMEX:UDOW,4h,Swing 4H,LONG,Swing Low,2025-11-17 16:00,1763413200000,53.4,Flip Short,2025-12-03 12:00,1764781200000,57.13,189,10092.6,43,684.08,6.7713,751.58,7.4394,577.09,5.7123,20.89,2026-07-25T14:42:38.784Z
pyr25|UDOW|4h|1767373200000|1767632400000,pyr25,UDOW,AMEX:UDOW,4h,Swing 4H,LONG,Swing Low,2026-01-02 12:00,1767373200000,58.01,Flip Short,2026-01-05 12:00,1767632400000,61.7,183,10615.83,4,653.36,6.1485,664.65,6.2547,30.75,0.2893,21.91,2026-07-25T14:42:38.784Z
pyr25|UDOW|4h|1772211600000|1775635200000,pyr25,UDOW,AMEX:UDOW,4h,Swing 4H,LONG,Swing Low,2026-02-27 12:00,1772211600000,59.85,Flip Short,2026-04-08 04:00,1775635200000,54.47,186,11132.1,106,-1021.94,-9.171,107.91,0.9684,2555.61,22.9342,21.26,2026-07-25T14:42:38.784Z
pyr25|UDOW|4h|1773907200000|1775635200000,pyr25,UDOW,AMEX:UDOW,4h,Swing 4H,LONG,Pyramid Add,2026-03-19 04:00,1773907200000,50.23,Flip Short,2026-04-08 04:00,1775635200000,54.47,46,2310.58,52,190.22,8.2245,192.73,8.3328,189.07,8.1746,4.82,2026-07-25T14:42:38.784Z
pyr25|UDOW|4h|1781107200000|1781539200000,pyr25,UDOW,AMEX:UDOW,4h,Swing 4H,LONG,Swing Low,2026-06-10 12:00,1781107200000,63.14,Flip Short,2026-06-15 12:00,1781539200000,69.13,166,10481.24,12,972.38,9.2681,983.86,9.3775,407.22,3.8814,21.96,2026-07-25T14:42:38.784Z
pyr25|UTSL|4h|1717776000000|1720713600000,pyr25,UTSL,AMEX:UTSL,4h,Swing 4H,LONG,Swing Low,2024-06-07 12:00,1717776000000,27.09,Flip Short,2024-07-11 12:00,1720713600000,27.49,280,7585.2,69,96.72,1.2738,247.21,3.2559,822.39,10.8311,15.28,2026-07-25T14:42:43.713Z
pyr25|UTSL|4h|1728489600000|1729108800000,pyr25,UTSL,AMEX:UTSL,4h,Swing 4H,LONG,Swing Low,2024-10-09 12:00,1728489600000,37.55,Flip Short,2024-10-16 16:00,1729108800000,41.82,204,7660.2,20,854.89,11.149,906.26,11.8189,364.66,4.7557,16.19,2026-07-25T14:42:43.713Z
pyr25|UTSL|4h|1730304000000|1732050000000,pyr25,UTSL,AMEX:UTSL,4h,Swing 4H,LONG,Swing Low,2024-10-30 12:00,1730304000000,37.33,Flip Short,2024-11-19 16:00,1732050000000,38.4,222,8287.26,55,220.73,2.6608,342.47,4.1284,862.99,10.403,16.81,2026-07-25T14:42:43.713Z
pyr25|UTSL|4h|1733763600000|1737046800000,pyr25,UTSL,AMEX:UTSL,4h,Swing 4H,LONG,Swing Low,2024-12-09 12:00,1733763600000,35.94,Flip Short,2025-01-16 12:00,1737046800000,35.14,235,8445.9,93,-204.7,-2.4213,40.9,0.4838,1503.05,17.7784,16.7,2026-07-25T14:42:43.713Z
pyr25|UTSL|4h|1736787600000|1737046800000,pyr25,UTSL,AMEX:UTSL,4h,Swing 4H,LONG,Pyramid Add,2025-01-13 12:00,1736787600000,30,Flip Short,2025-01-16 12:00,1737046800000,35.14,58,1740,10,294.34,16.8993,296.38,17.0163,3.48,0.1998,3.78,2026-07-25T14:42:43.713Z
pyr25|UTSL|4h|1740733200000|1743609600000,pyr25,UTSL,AMEX:UTSL,4h,Swing 4H,LONG,Swing Low,2025-02-28 04:00,1740733200000,33.85,Flip Short,2025-04-02 12:00,1743609600000,35.33,252,8530.2,82,355.53,4.1637,548.39,6.4224,792.25,9.2783,17.43,2026-07-25T14:42:43.713Z
pyr25|UTSL|4h|1743782400000|1745956800000,pyr25,UTSL,AMEX:UTSL,4h,Swing 4H,LONG,Swing Low,2025-04-04 12:00,1743782400000,31.53,Flip Short,2025-04-29 16:00,1745956800000,34.34,277,8733.81,55,760.12,8.6945,805.65,9.2152,1726.13,19.7441,18.25,2026-07-25T14:42:43.713Z
pyr25|UTSL|4h|1744041600000|1745956800000,pyr25,UTSL,AMEX:UTSL,4h,Swing 4H,LONG,Pyramid Add,2025-04-07 12:00,1744041600000,28.01,Flip Short,2025-04-29 16:00,1745956800000,34.34,69,1932.69,52,432.47,22.3541,443.81,22.9403,186.85,9.6584,4.3,2026-07-25T14:42:43.713Z
pyr25|UTSL|4h|1750176000000|1751054400000,pyr25,UTSL,AMEX:UTSL,4h,Swing 4H,LONG,Swing Low,2025-06-17 12:00,1750176000000,35,Flip Short,2025-06-27 16:00,1751054400000,36.49,278,9730,24,394.35,4.0488,663.03,6.8075,148.73,1.527,19.87,2026-07-25T14:42:43.713Z
pyr25|UTSL|4h|1756137600000|1757952000000,pyr25,UTSL,AMEX:UTSL,4h,Swing 4H,LONG,Swing Low,2025-08-25 12:00,1756137600000,41.21,Flip Short,2025-09-15 12:00,1757952000000,41.61,243,10014.03,51,77.07,0.7689,167.38,1.6697,1071.92,10.6935,20.13,2026-07-25T14:42:43.713Z
pyr25|UTSL|4h|1761768000000|1764579600000,pyr25,UTSL,AMEX:UTSL,4h,Swing 4H,LONG,Swing Low,2025-10-29 16:00,1761768000000,47.52,Flip Short,2025-12-01 04:00,1764579600000,48.16,210,9979.2,74,114.31,1.1443,319.72,3.2007,833.18,8.3408,20.09,2026-07-25T14:42:43.713Z
pyr25|UTSL|4h|1764781200000|1767373200000,pyr25,UTSL,AMEX:UTSL,4h,Swing 4H,LONG,Swing Low,2025-12-03 12:00,1764781200000,43.5,Flip Short,2026-01-02 12:00,1767373200000,41.74,234,10179,72,-431.79,-4.2377,116.18,1.1402,1058.5,10.3885,19.95,2026-07-25T14:42:43.713Z
pyr25|UTSL|4h|1767632400000|1768496400000,pyr25,UTSL,AMEX:UTSL,4h,Swing 4H,LONG,Swing Low,2026-01-05 12:00,1767632400000,39.14,Flip Short,2026-01-15 12:00,1768496400000,42.5,252,9863.28,31,826.15,8.3676,940.18,9.5226,367.7,3.7243,20.57,2026-07-25T14:42:43.713Z
pyr25|UTSL|4h|1773316800000|1775750400000,pyr25,UTSL,AMEX:UTSL,4h,Swing 4H,LONG,Swing Low,2026-03-12 08:00,1773316800000,49.5,Flip Short,2026-04-09 12:00,1775750400000,54.16,213,10543.5,69,970.5,9.1955,1075.76,10.1928,1284.28,12.1686,22.08,2026-07-25T14:42:43.713Z
pyr25|UTSL|4h|1776787200000|1777651200000,pyr25,UTSL,AMEX:UTSL,4h,Swing 4H,LONG,Swing Low,2026-04-21 12:00,1776787200000,46.5,Flip Short,2026-05-01 12:00,1777651200000,51.45,242,11253,30,1174.2,10.4241,1440.75,12.7904,400.87,3.5588,23.7,2026-07-25T14:42:43.713Z
pyr25|UTSL|4h|1778256000000|1782316800000,pyr25,UTSL,AMEX:UTSL,4h,Swing 4H,LONG,Swing Low,2026-05-08 12:00,1778256000000,45.37,Flip Short,2026-06-24 12:00,1782316800000,45.76,266,12068.42,111,79.5,0.6581,341.71,2.8286,1677.23,13.8838,24.24,2026-07-25T14:42:43.713Z
pyr25|UTSL|4h|1784649600000|1784908800000,pyr25,UTSL,AMEX:UTSL,4h,Swing 4H,LONG,Swing Low,2026-07-21 12:00,1784649600000,43.8,Flip Short,2026-07-24 12:00,1784908800000,48.14,279,12220.2,11,1185.21,9.6891,1444.16,11.806,26.17,0.2139,25.65,2026-07-25T14:42:43.713Z
pyr25|WQTM|4h|1769806800000|1772110800000,pyr25,WQTM,CBOE:WQTM,4h,Swing 4H,LONG,Swing Low,2026-01-30 16:00,1769806800000,26.98,Flip Short,2026-02-26 08:00,1772110800000,27.3,282,7608.36,62,74.93,0.9839,533.83,7.0094,565.97,7.4313,15.31,2026-07-25T14:42:48.631Z
pyr25|WQTM|4h|1773057600000|1776153600000,pyr25,WQTM,CBOE:WQTM,4h,Swing 4H,LONG,Swing Low,2026-03-09 08:00,1773057600000,25.58,Flip Short,2026-04-14 04:00,1776153600000,27.37,299,7648.42,85,519.38,6.7839,745.83,9.7417,710.3,9.2776,15.83,2026-07-25T14:42:48.631Z
pyr25|EWY|4h|1721836800000|1724428800000,pyr25,EWY,AMEX:EWY,4h,Swing 4H,LONG,Swing Low,2024-07-24 12:00,1721836800000,64.95,Flip Short,2024-08-23 12:00,1724428800000,66.82,117,7599.15,71,203.37,2.6736,256.82,3.3762,820.75,10.7897,15.42,2026-07-25T14:42:53.584Z
pyr25|EWY|4h|1725624000000|1727179200000,pyr25,EWY,AMEX:EWY,4h,Swing 4H,LONG,Swing Low,2024-09-06 08:00,1725624000000,62.2,Flip Short,2024-09-24 08:00,1727179200000,64.54,124,7712.8,39,274.44,3.5547,282.45,3.6584,284.23,3.6815,15.72,2026-07-25T14:42:53.584Z
pyr25|EWY|4h|1728057600000|1736960400000,pyr25,EWY,AMEX:EWY,4h,Swing 4H,LONG,Swing Low,2024-10-04 12:00,1728057600000,62.58,Flip Short,2025-01-15 12:00,1736960400000,54.62,127,7947.66,247,-1025.8,-12.8941,146.99,1.8477,1510.36,18.9848,14.88,2026-07-25T14:42:53.584Z
pyr25|EWY|4h|1734555600000|1736960400000,pyr25,EWY,AMEX:EWY,4h,Swing 4H,LONG,Pyramid Add,2024-12-18 16:00,1734555600000,52.08,Flip Short,2025-01-15 12:00,1736960400000,54.62,31,1614.48,66,75.43,4.6676,83.95,5.1943,42.84,2.6511,3.31,2026-07-25T14:42:53.584Z
pyr25|EWY|4h|1738587600000|1739466000000,pyr25,EWY,AMEX:EWY,4h,Swing 4H,LONG,Swing Low,2025-02-03 08:00,1738587600000,53,Flip Short,2025-02-13 12:00,1739466000000,55.96,136,7208,33,387.74,5.3739,417.11,5.781,52.09,0.7219,14.82,2026-07-25T14:42:53.584Z
pyr25|EWY|4h|1740747600000|1742241600000,pyr25,EWY,AMEX:EWY,4h,Swing 4H,LONG,Swing Low,2025-02-28 08:00,1740747600000,54.55,Flip Short,2025-03-17 16:00,1742241600000,57.86,138,7527.9,45,441.27,5.8559,457.53,6.0717,120.69,1.6016,15.51,2026-07-25T14:42:53.584Z
pyr25|EWY|4h|1743422400000|1745337600000,pyr25,EWY,AMEX:EWY,4h,Swing 4H,LONG,Swing Low,2025-03-31 08:00,1743422400000,53.4,Flip Short,2025-04-22 12:00,1745337600000,55,147,7849.8,58,219.27,2.7905,275.86,3.5107,731.09,9.3042,15.93,2026-07-25T14:42:53.584Z
pyr25|EWY|4h|1754049600000|1757088000000,pyr25,EWY,AMEX:EWY,4h,Swing 4H,LONG,Swing Low,2025-08-01 08:00,1754049600000,70.01,Flip Short,2025-09-05 12:00,1757088000000,73.46,114,7981.14,94,376.94,4.7182,556.32,6.9635,18.24,0.2283,16.36,2026-07-25T14:42:53.584Z
pyr25|EWY|4h|1763542800000|1764954000000,pyr25,EWY,AMEX:EWY,4h,Swing 4H,LONG,Swing Low,2025-11-19 04:00,1763542800000,90.27,Flip Short,2025-12-05 12:00,1764954000000,94.22,92,8304.84,45,346.43,4.1672,408.46,4.9134,354.22,4.261,16.97,2026-07-25T14:42:53.584Z
pyr25|EWY|4h|1765890000000|1767013200000,pyr25,EWY,AMEX:EWY,4h,Swing 4H,LONG,Swing Low,2025-12-16 08:00,1765890000000,89.26,Flip Short,2025-12-29 08:00,1767013200000,97.8,96,8568.96,31,801.88,9.3486,838.15,9.7715,91.13,1.0624,17.96,2026-07-25T14:42:53.584Z
pyr25|EWY|4h|1772557200000|1775635200000,pyr25,EWY,AMEX:EWY,4h,Swing 4H,LONG,Swing Low,2026-03-03 12:00,1772557200000,132.54,Flip Short,2026-04-08 04:00,1775635200000,136.74,69,9145.26,98,271.22,2.9627,551.82,6.028,1348.44,14.7299,18.58,2026-07-25T14:42:53.584Z
pyr25|EWY|4h|1781164800000|1781798400000,pyr25,EWY,AMEX:EWY,4h,Swing 4H,LONG,Swing Low,2026-06-11 04:00,1781164800000,184,Flip Short,2026-06-18 12:00,1781798400000,218.67,53,9752,22,1816.17,18.6049,1887.12,19.3318,115.75,1.1858,21.34,2026-07-25T14:42:53.584Z
pyr25|EWY|4h|1782921600000|1784923200000,pyr25,EWY,AMEX:EWY,4h,Swing 4H,LONG,Swing Low,2026-07-01 12:00,1782921600000,188.31,,2026-07-24 16:00,1784923200000,162.21,57,10733.67,65,-1507.68,-14.0322,212.14,1.9744,1955.57,18.2009,10.73,2026-07-25T14:42:53.584Z
pyr25|MU|4h|1724918400000|1727092800000,pyr25,MU,NASDAQ:MU,4h,Swing 4H,LONG,Swing Low,2024-08-29 04:00,1724918400000,92.3,Flip Short,2024-09-23 08:00,1727092800000,92.21,83,7660.9,65,-22.78,-0.2971,499.47,6.5132,685.77,8.9426,15.31,2026-07-25T14:42:58.551Z
pyr25|MU|4h|1730376000000|1730926800000,pyr25,MU,NASDAQ:MU,4h,Swing 4H,LONG,Swing Low,2024-10-31 08:00,1730376000000,102.31,Flip Short,2024-11-06 16:00,1730926800000,111.67,74,7570.94,18,676.81,8.9306,733.17,9.6743,246.59,3.2538,15.83,2026-07-25T14:42:58.551Z
pyr25|MU|4h|1731618000000|1734354000000,pyr25,MU,NASDAQ:MU,4h,Swing 4H,LONG,Swing Low,2024-11-14 16:00,1731618000000,99.14,Flip Short,2024-12-16 08:00,1734354000000,106.24,81,8030.34,82,558.46,6.9475,585.7,7.2863,301.25,3.7477,16.64,2026-07-25T14:42:58.551Z
pyr25|MU|4h|1734598800000|1737464400000,pyr25,MU,NASDAQ:MU,4h,Swing 4H,LONG,Swing Low,2024-12-19 04:00,1734598800000,89.01,Flip Short,2025-01-21 08:00,1737464400000,106.15,97,8633.97,77,1643.65,19.018,1728.64,20.0013,538.25,6.2279,18.93,2026-07-25T14:42:58.551Z
pyr25|MU|4h|1737982800000|1739538000000,pyr25,MU,NASDAQ:MU,4h,Swing 4H,LONG,Swing Low,2025-01-27 08:00,1737982800000,95.9,Flip Short,2025-02-14 08:00,1739538000000,96.85,101,9685.9,56,76.48,0.7888,156.96,1.6189,893.44,9.2149,19.47,2026-07-25T14:42:58.551Z
pyr25|MU|4h|1741093200000|1741968000000,pyr25,MU,NASDAQ:MU,4h,Swing 4H,LONG,Swing Low,2025-03-04 08:00,1741093200000,89.16,Flip Short,2025-03-14 12:00,1741968000000,100.73,110,9807.6,33,1251.81,12.7509,1488.39,15.1607,383.81,3.9095,20.89,2026-07-25T14:42:58.551Z
pyr25|MU|4h|1743177600000|1745611200000,pyr25,MU,NASDAQ:MU,4h,Swing 4H,LONG,Swing Low,2025-03-28 12:00,1743177600000,88,Flip Short,2025-04-25 16:00,1745611200000,79.79,122,10736,77,-1022.09,-9.5107,233.26,2.1706,3547.52,33.0102,20.47,2026-07-25T14:42:58.551Z
pyr25|MU|4h|1743768000000|1745611200000,pyr25,MU,NASDAQ:MU,4h,Swing 4H,LONG,Pyramid Add,2025-04-04 08:00,1743768000000,70.39,Flip Short,2025-04-25 16:00,1745611200000,79.79,30,2111.7,58,277.49,13.1277,295.19,13.9647,343.51,16.2508,4.51,2026-07-25T14:42:58.551Z
pyr25|MU|4h|1752508800000|1754668800000,pyr25,MU,NASDAQ:MU,4h,Swing 4H,LONG,Swing Low,2025-07-14 12:00,1752508800000,119.43,Flip Short,2025-08-08 12:00,1754668800000,118.48,85,10151.55,76,-100.97,-0.9937,156.45,1.5396,1374.4,13.5253,20.22,2026-07-25T14:42:58.551Z
pyr25|MU|4h|1763658000000|1765198800000,pyr25,MU,NASDAQ:MU,4h,Swing 4H,LONG,Swing Low,2025-11-20 12:00,1763658000000,207.38,Flip Short,2025-12-08 08:00,1765198800000,243.65,48,9954.24,43,1719.31,17.2549,1815.01,18.2153,719.39,7.2198,21.65,2026-07-25T14:42:58.551Z
pyr25|MU|4h|1766005200000|1766163600000,pyr25,MU,NASDAQ:MU,4h,Swing 4H,LONG,Swing Low,2025-12-17 16:00,1766005200000,225.53,Flip Short,2025-12-19 12:00,1766163600000,262.25,50,11276.5,7,1811.61,16.0493,2132.22,18.8897,11.28,0.0999,24.39,2026-07-25T14:42:58.551Z
pyr25|MU|4h|1772542800000|1773662400000,pyr25,MU,NASDAQ:MU,4h,Swing 4H,LONG,Swing Low,2026-03-03 08:00,1772542800000,393.4,Flip Short,2026-03-16 08:00,1773662400000,444.88,32,12588.8,36,1620.54,12.86,1695.57,13.4554,1249.39,9.9147,26.82,2026-07-25T14:42:58.551Z
pyr25|MU|4h|1774526400000|1775836800000,pyr25,MU,NASDAQ:MU,4h,Swing 4H,LONG,Swing Low,2026-03-26 08:00,1774526400000,371.1,Flip Short,2026-04-10 12:00,1775836800000,415.22,37,13730.7,41,1603.35,11.6654,1985.38,14.445,2219.67,16.1496,29.09,2026-07-25T14:42:58.551Z
pyr25|MU|4h|1783008000000|1784923200000,pyr25,MU,NASDAQ:MU,4h,Swing 4H,LONG,Swing Low,2026-07-02 12:00,1783008000000,991.1,,2026-07-24 16:00,1784923200000,910.8,15,14866.5,61,-1233.03,-8.2857,651.13,4.3755,2821.22,18.958,14.87,2026-07-25T14:42:58.551Z
pyr25|RY|4h|1705320000000|1708718400000,pyr25,RY,TSX:RY,4h,Swing 4H,LONG,Swing Low,2024-01-15 07:00,1705320000000,132,Flip Short,2024-02-23 15:00,1708718400000,133.33,57,7524,86,60.69,0.8058,125.86,1.6711,258.32,3.4299,15.12,2026-07-25T14:43:03.557Z
pyr25|RY|4h|1713279600000|1714762800000,pyr25,RY,TSX:RY,4h,Swing 4H,LONG,Swing Low,2024-04-16 11:00,1713279600000,133.23,Flip Short,2024-05-03 15:00,1714762800000,138.38,57,7594.11,40,278.07,3.658,300.21,3.9492,102.21,1.3446,15.48,2026-07-25T14:43:03.557Z
pyr25|RY|4h|1718895600000|1720004400000,pyr25,RY,TSX:RY,4h,Swing 4H,LONG,Swing Low,2024-06-20 11:00,1718895600000,141.25,Flip Short,2024-07-03 07:00,1720004400000,147.79,55,7768.75,23,343.8,4.421,351.93,4.5256,47.37,0.6091,15.9,2026-07-25T14:43:03.557Z
pyr25|RY|4h|1722610800000|1724425200000,pyr25,RY,TSX:RY,4h,Swing 4H,LONG,Swing Low,2024-08-02 11:00,1722610800000,149.06,Flip Short,2024-08-23 11:00,1724425200000,156.58,54,8049.24,42,389.58,4.8351,418.55,5.1947,195.97,2.4322,16.5,2026-07-25T14:43:03.557Z
pyr25|RY|4h|1727982000000|1728658800000,pyr25,RY,TSX:RY,4h,Swing 4H,LONG,Swing Low,2024-10-03 15:00,1727982000000,164.38,Flip Short,2024-10-11 11:00,1728658800000,169.21,51,8383.38,17,229.32,2.7326,247.64,2.9509,22.66,0.2701,17.01,2026-07-25T14:43:03.557Z
pyr25|RY|4h|1734609600000|1738080000000,pyr25,RY,TSX:RY,4h,Swing 4H,LONG,Swing Low,2024-12-19 07:00,1734609600000,173.83,Flip Short,2025-01-28 11:00,1738080000000,177.28,49,8517.67,75,151.85,1.7809,174.74,2.0495,241.76,2.8355,17.2,2026-07-25T14:43:03.557Z
pyr25|RY|4h|1738771200000|1745420400000,pyr25,RY,TSX:RY,4h,Swing 4H,LONG,Swing Low,2025-02-05 11:00,1738771200000,168.63,Flip Short,2025-04-23 11:00,1745420400000,164.97,51,8600.13,159,-203.67,-2.3659,208.66,2.4238,894.98,10.3962,17.01,2026-07-25T14:43:03.557Z
pyr25|RY|4h|1753729200000|1754924400000,pyr25,RY,TSX:RY,4h,Swing 4H,LONG,Swing Low,2025-07-28 15:00,1753729200000,179.1,Flip Short,2025-08-11 11:00,1754924400000,184.06,47,8417.7,26,216.05,2.5641,225.64,2.6779,177.62,2.1079,17.07,2026-07-25T14:43:03.557Z
pyr25|RY|4h|1760439600000|1760626800000,pyr25,RY,TSX:RY,4h,Swing 4H,LONG,Swing Low,2025-10-14 07:00,1760439600000,201.52,Flip Short,2025-10-16 11:00,1760626800000,206.24,43,8665.36,7,185.43,2.1377,212.78,2.4531,25.01,0.2883,17.53,2026-07-25T14:43:03.557Z
pyr25|RY|4h|1762545600000|1762977600000,pyr25,RY,TSX:RY,4h,Swing 4H,LONG,Swing Low,2025-11-07 15:00,1762545600000,203.29,Flip Short,2025-11-12 15:00,1762977600000,207.8,43,8741.47,9,176.25,2.0143,213.57,2.4407,28.52,0.326,17.68,2026-07-25T14:43:03.557Z
pyr25|RY|4h|1768939200000|1770724800000,pyr25,RY,TSX:RY,4h,Swing 4H,LONG,Swing Low,2026-01-20 15:00,1768939200000,231.99,Flip Short,2026-02-10 07:00,1770724800000,237,38,8815.62,43,172.56,1.9555,181.56,2.0575,305.98,3.4674,17.82,2026-07-25T14:43:03.557Z
pyr25|RY|4h|1772208000000|1775055600000,pyr25,RY,TSX:RY,4h,Swing 4H,LONG,Swing Low,2026-02-27 11:00,1772208000000,227.05,Flip Short,2026-04-01 11:00,1775055600000,227.32,40,9082,69,-7.37,-0.0811,143.72,1.5809,410.68,4.5174,18.17,2026-07-25T14:43:03.557Z
pyr25|BE|4h|1725379200000|1730739600000,pyr25,BE,NYSE:BE,4h,Swing 4H,LONG,Swing Low,2024-09-03 12:00,1725379200000,11.04,Flip Short,2024-11-04 12:00,1730739600000,10.73,688,7595.52,176,-228.26,-3.0022,336.4,4.4246,1397.36,18.3787,14.98,2026-07-25T14:43:08.559Z
pyr25|BE|4h|1729699200000|1730739600000,pyr25,BE,NYSE:BE,4h,Swing 4H,LONG,Pyramid Add,2024-10-23 12:00,1729699200000,9.27,Flip Short,2024-11-04 12:00,1730739600000,10.73,172,1594.44,32,247.68,15.5185,280.49,17.5739,44.59,2.7941,3.44,2026-07-25T14:43:08.559Z
pyr25|BE|4h|1733864400000|1736254800000,pyr25,BE,NYSE:BE,4h,Swing 4H,LONG,Swing Low,2024-12-10 16:00,1733864400000,23.46,Flip Short,2025-01-07 08:00,1736254800000,25.52,324,7601.04,70,651.57,8.5636,1158.8,15.23,548.68,7.2113,15.87,2026-07-25T14:43:08.559Z
pyr25|BE|4h|1736787600000|1737550800000,pyr25,BE,NYSE:BE,4h,Swing 4H,LONG,Swing Low,2025-01-13 12:00,1736787600000,21.69,Flip Short,2025-01-22 08:00,1737550800000,26.36,373,8090.37,23,1723.99,21.2878,1786.04,22.0541,41.66,0.5144,17.92,2026-07-25T14:43:08.559Z
pyr25|BE|4h|1737997200000|1739566800000,pyr25,BE,NYSE:BE,4h,Swing 4H,LONG,Swing Low,2025-01-27 12:00,1737997200000,21.91,Flip Short,2025-02-14 16:00,1739566800000,25.41,429,9399.39,57,1481.2,15.7427,1586.48,16.8617,901.72,9.5838,20.3,2026-07-25T14:43:08.559Z
pyr25|BE|4h|1740416400000|1742486400000,pyr25,BE,NYSE:BE,4h,Swing 4H,LONG,Swing Low,2025-02-24 12:00,1740416400000,22.78,Flip Short,2025-03-20 12:00,1742486400000,25.76,462,10524.36,72,1354.33,12.8557,2077.72,19.7222,1179.38,11.195,22.43,2026-07-25T14:43:08.559Z
pyr25|BE|4h|1743062400000|1745596800000,pyr25,BE,NYSE:BE,4h,Swing 4H,LONG,Swing Low,2025-03-27 04:00,1743062400000,22.24,Flip Short,2025-04-25 12:00,1745596800000,18.7,526,11698.24,82,-1883.57,-16.0853,0,0,3809.42,32.5315,21.53,2026-07-25T14:43:08.559Z
pyr25|BE|4h|1743696000000|1745596800000,pyr25,BE,NYSE:BE,4h,Swing 4H,LONG,Pyramid Add,2025-04-03 12:00,1743696000000,19.27,Flip Short,2025-04-25 12:00,1745596800000,18.7,131,2524.37,60,-79.64,-3.1519,32.85,1.2998,559.27,22.1329,4.97,2026-07-25T14:43:08.559Z
pyr25|BE|4h|1746547200000|1747238400000,pyr25,BE,NYSE:BE,4h,Swing 4H,LONG,Swing Low,2025-05-06 12:00,1746547200000,16.37,Flip Short,2025-05-14 12:00,1747238400000,19.85,616,10083.92,24,2121.37,21.0161,2287.6,22.6629,176.4,1.7476,22.31,2026-07-25T14:43:08.559Z
pyr25|BE|4h|1763053200000|1764882000000,pyr25,BE,NYSE:BE,4h,Swing 4H,LONG,Swing Low,2025-11-13 12:00,1763053200000,103.39,Flip Short,2025-12-04 16:00,1764882000000,118.13,113,11683.07,57,1640.59,14.0284,1821.18,15.5726,3106.75,26.5654,25.03,2026-07-25T14:43:08.559Z
pyr25|BE|4h|1763744400000|1764882000000,pyr25,BE,NYSE:BE,4h,Swing 4H,LONG,Pyramid Add,2025-11-21 12:00,1763744400000,88.32,Flip Short,2025-12-04 16:00,1764882000000,118.13,28,2472.96,33,828.9,33.485,873.65,35.2927,106.63,4.3076,5.78,2026-07-25T14:43:08.559Z
pyr25|BE|4h|1765832400000|1767387600000,pyr25,BE,NYSE:BE,4h,Swing 4H,LONG,Swing Low,2025-12-15 16:00,1765832400000,89.6,Flip Short,2026-01-02 16:00,1767387600000,98.62,151,13529.6,48,1333.6,9.847,1383.22,10.2134,2110.92,15.5866,28.42,2026-07-25T14:43:08.559Z
pyr25|BE|4h|1770238800000|1771952400000,pyr25,BE,NYSE:BE,4h,Swing 4H,LONG,Swing Low,2026-02-04 16:00,1770238800000,146.84,Flip Short,2026-02-24 12:00,1771952400000,170.69,99,14537.16,51,2329.71,16.0099,2575.3,17.6976,1581.71,10.8696,31.44,2026-07-25T14:43:08.559Z
pyr25|BE|4h|1772830800000|1773950400000,pyr25,BE,NYSE:BE,4h,Swing 4H,LONG,Swing Low,2026-03-06 16:00,1772830800000,135.36,Flip Short,2026-03-19 16:00,1773950400000,166.76,120,16243.2,36,3731.75,22.9513,3895.76,23.96,645.04,3.9672,36.25,2026-07-25T14:43:08.559Z
pyr25|BE|4h|1774540800000|1775750400000,pyr25,BE,NYSE:BE,4h,Swing 4H,LONG,Swing Low,2026-03-26 12:00,1774540800000,138.34,Flip Short,2026-04-09 12:00,1775750400000,162.53,138,19090.92,36,3296.7,17.2512,3345.35,17.5057,3033.01,15.8713,41.52,2026-07-25T14:43:08.559Z
pyr25|BE|4h|1779134400000|1779379200000,pyr25,BE,NYSE:BE,4h,Swing 4H,LONG,Swing Low,2026-05-18 16:00,1779134400000,258.74,Flip Short,2026-05-21 12:00,1779379200000,312.29,83,21475.42,11,4397.25,20.4553,4936.94,22.9658,1422.52,6.6173,47.4,2026-07-25T14:43:08.559Z
pyr25|BE|4h|1780905600000|1781798400000,pyr25,BE,NYSE:BE,4h,Swing 4H,LONG,Swing Low,2026-06-08 04:00,1780905600000,258.05,Flip Short,2026-06-18 12:00,1781798400000,311.51,98,25288.9,34,5183.26,20.4757,5454.87,21.5487,3381.79,13.3593,55.82,2026-07-25T14:43:08.559Z
pyr25|BE|4h|1783526400000|1784923200000,pyr25,BE,NYSE:BE,4h,Swing 4H,LONG,Swing Low,2026-07-08 12:00,1783526400000,246.42,,2026-07-24 16:00,1784923200000,186.1,117,28831.14,49,-7108.05,-24.6294,3549.03,12.2974,7422.06,25.7175,28.83,2026-07-25T14:43:08.559Z
pyr25|TD|4h|1704916800000|1709222400000,pyr25,TD,TSX:TD,4h,Swing 4H,LONG,Swing Low,2024-01-10 15:00,1704916800000,82.52,Flip Short,2024-02-29 11:00,1709222400000,81.09,92,7591.84,104,-146.61,-1.9293,41.17,0.5417,439.07,5.7777,15.05,2026-07-25T14:43:13.584Z
pyr25|TD|4h|1712588400000|1714489200000,pyr25,TD,TSX:TD,4h,Swing 4H,LONG,Swing Low,2024-04-08 11:00,1712588400000,80.28,Flip Short,2024-04-30 11:00,1714489200000,81.34,93,7466.04,48,83.55,1.1179,102.27,1.3685,284.61,3.8082,15.03,2026-07-25T14:43:13.584Z
pyr25|TD|4h|1714748400000|1720710000000,pyr25,TD,TSX:TD,4h,Swing 4H,LONG,Swing Low,2024-05-03 11:00,1714748400000,76.18,Flip Short,2024-07-11 11:00,1720710000000,76.53,99,7541.82,141,19.53,0.2587,208.28,2.7589,256.03,3.3914,15.12,2026-07-25T14:43:13.584Z
pyr25|TD|4h|1728572400000|1730995200000,pyr25,TD,TSX:TD,4h,Swing 4H,LONG,Swing Low,2024-10-10 11:00,1728572400000,82.26,Flip Short,2024-11-07 11:00,1730995200000,79.26,91,7485.66,57,-287.7,-3.8395,79.87,1.066,586.25,7.8238,14.7,2026-07-25T14:43:13.584Z
pyr25|TD|4h|1733414400000|1735833600000,pyr25,TD,TSX:TD,4h,Swing 4H,LONG,Swing Low,2024-12-05 11:00,1733414400000,75.03,Flip Short,2025-01-02 11:00,1735833600000,76.75,97,7277.91,50,152.12,2.088,181.87,2.4965,182.85,2.5099,14.72,2026-07-25T14:43:13.584Z
pyr25|TD|4h|1741705200000|1742914800000,pyr25,TD,TSX:TD,4h,Swing 4H,LONG,Swing Low,2025-03-11 11:00,1741705200000,83.02,Flip Short,2025-03-25 11:00,1742914800000,87.21,89,7388.78,30,357.76,4.8371,383.32,5.1827,35.87,0.485,15.15,2026-07-25T14:43:13.584Z
pyr25|TD|4h|1743692400000|1745420400000,pyr25,TD,TSX:TD,4h,Swing 4H,LONG,Swing Low,2025-04-03 11:00,1743692400000,82.12,Flip Short,2025-04-23 11:00,1745420400000,86.28,94,7719.28,39,375.21,4.8558,419.98,5.4352,389.36,5.0389,15.83,2026-07-25T14:43:13.584Z
pyr25|TD|4h|1754060400000|1755183600000,pyr25,TD,TSX:TD,4h,Swing 4H,LONG,Swing Low,2025-08-01 11:00,1754060400000,99.93,Flip Short,2025-08-14 11:00,1755183600000,102.82,80,7994.4,24,214.98,2.6864,228.01,2.8492,31.19,0.3898,16.22,2026-07-25T14:43:13.584Z
pyr25|TD|4h|1756407600000|1758294000000,pyr25,TD,TSX:TD,4h,Swing 4H,LONG,Swing Low,2025-08-28 15:00,1756407600000,100.55,Flip Short,2025-09-19 11:00,1758294000000,108.47,81,8144.55,44,624.59,7.6611,847.22,10.3918,40.54,0.4973,16.93,2026-07-25T14:43:13.584Z
pyr25|TD|4h|1769011200000|1770393600000,pyr25,TD,TSX:TD,4h,Swing 4H,LONG,Swing Low,2026-01-21 11:00,1769011200000,128.88,Flip Short,2026-02-06 11:00,1770393600000,131.6,67,8634.96,36,164.79,1.9065,173.61,2.0085,172.11,1.9912,17.45,2026-07-25T14:43:13.584Z
pyr25|TD|4h|1773068400000|1775156400000,pyr25,TD,TSX:TD,4h,Swing 4H,LONG,Swing Low,2026-03-09 11:00,1773068400000,128.31,Flip Short,2026-04-02 15:00,1775156400000,132.3,68,8725.08,55,253.6,2.9036,267.35,3.0612,184.17,2.1086,17.72,2026-07-25T14:43:13.584Z
pyr25|SBIN|4h|1671679800000|1678087800000,pyr25,SBIN,BSE:SBIN,4h,Swing 4H,LONG,Swing Low,2022-12-21 22:30,1671679800000,595.2,Flip Short,2023-03-06 02:30,1678087800000,560.65,12,7142.4,103,-428.47,-5.993,296.46,4.1465,1157.34,16.1876,13.87,2026-07-25T14:43:18.499Z
pyr25|SBIN|4h|1675308600000|1678087800000,pyr25,SBIN,BSE:SBIN,4h,Swing 4H,LONG,Pyramid Add,2023-02-01 22:30,1675308600000,516.8,Flip Short,2023-03-06 02:30,1678087800000,560.65,3,1550.4,45,128.32,8.2682,152.05,9.7973,44.3,2.8545,3.23,2026-07-25T14:43:18.499Z
pyr25|SBIN|4h|1679643000000|1682321400000,pyr25,SBIN,BSE:SBIN,4h,Swing 4H,LONG,Swing Low,2023-03-24 03:30,1679643000000,512.55,Flip Short,2023-04-24 03:30,1682321400000,550.25,14,7175.7,34,512.92,7.1409,529.72,7.3748,156.98,2.1854,14.88,2026-07-25T14:43:18.499Z
pyr25|SBIN|4h|1686886200000|1688974200000,pyr25,SBIN,BSE:SBIN,4h,Swing 4H,LONG,Swing Low,2023-06-15 23:30,1686886200000,568.5,Flip Short,2023-07-10 03:30,1688974200000,593,13,7390.5,31,303.4,4.1012,399.51,5.4003,195.89,2.6479,15.1,2026-07-25T14:43:18.499Z
pyr25|SBIN|4h|1691379000000|1694489400000,pyr25,SBIN,BSE:SBIN,4h,Swing 4H,LONG,Swing Low,2023-08-06 23:30,1691379000000,579.75,Flip Short,2023-09-11 23:30,1694489400000,592.25,13,7536.75,50,147.26,1.952,155.61,2.0627,340.99,4.5198,15.24,2026-07-25T14:43:18.499Z
pyr25|SBIN|4h|1697441400000|1701675000000,pyr25,SBIN,BSE:SBIN,4h,Swing 4H,LONG,Swing Low,2023-10-16 03:30,1697441400000,576.8,Flip Short,2023-12-04 02:30,1701675000000,592,14,8075.2,65,196.44,2.4302,207.52,2.5673,479.18,5.928,16.36,2026-07-25T14:43:18.499Z
pyr25|SBIN|4h|1705995000000|1706859000000,pyr25,SBIN,BSE:SBIN,4h,Swing 4H,LONG,Swing Low,2024-01-23 02:30,1705995000000,609.95,Flip Short,2024-02-02 02:30,1706859000000,656.8,13,7929.35,14,592.58,7.4658,646.62,8.1466,128.18,1.6149,16.47,2026-07-25T14:43:18.499Z
pyr25|SBIN|4h|1717486200000|1721028600000,pyr25,SBIN,BSE:SBIN,4h,Swing 4H,LONG,Swing Low,2024-06-04 03:30,1717486200000,785.4,Flip Short,2024-07-15 03:30,1721028600000,873.8,11,8639.4,56,954.15,11.0331,976.96,11.2969,462.94,5.3531,18.25,2026-07-25T14:43:18.499Z
pyr25|SBIN|4h|1722843000000|1729150200000,pyr25,SBIN,BSE:SBIN,4h,Swing 4H,LONG,Swing Low,2024-08-05 03:30,1722843000000,802.85,Flip Short,2024-10-17 03:30,1729150200000,817.35,11,8831.35,102,141.68,1.6027,288.72,3.266,419.13,4.7412,17.82,2026-07-25T14:43:18.499Z
pyr25|SBIN|4h|1732174200000|1733369400000,pyr25,SBIN,BSE:SBIN,4h,Swing 4H,LONG,Swing Low,2024-11-21 02:30,1732174200000,777.7,Flip Short,2024-12-04 22:30,1733369400000,861.65,12,9332.4,19,987.73,10.5733,1023.87,10.9601,21.33,0.2284,19.67,2026-07-25T14:43:18.499Z
pyr25|SBIN|4h|1735543800000|1742369400000,pyr25,SBIN,BSE:SBIN,4h,Swing 4H,LONG,Swing Low,2024-12-30 02:30,1735543800000,798.45,Flip Short,2025-03-19 03:30,1742369400000,746.6,12,9581.4,112,-640.74,-6.6807,125.42,1.3077,1435.18,14.9639,18.54,2026-07-25T14:43:18.499Z
pyr25|SBIN|4h|1753947000000|1758094200000,pyr25,SBIN,BSE:SBIN,4h,Swing 4H,LONG,Swing Low,2025-07-31 03:30,1753947000000,803.2,Flip Short,2025-09-17 03:30,1758094200000,843.05,12,9638.4,64,458.44,4.7517,501.56,5.1986,209.44,2.1708,19.76,2026-07-25T14:43:18.499Z
pyr25|SBIN|4h|1773631800000|1776670200000,pyr25,SBIN,BSE:SBIN,4h,Swing 4H,LONG,Swing Low,2026-03-15 23:30,1773631800000,1046.85,Flip Short,2026-04-20 03:30,1776670200000,1110.8,9,9421.65,43,556.13,5.8968,657.03,6.9666,645.27,6.842,19.42,2026-07-25T14:43:18.499Z
pyr25|SBIN|4h|1778484600000|1781767800000,pyr25,SBIN,BSE:SBIN,4h,Swing 4H,LONG,Swing Low,2026-05-11 03:30,1778484600000,979.9,Flip Short,2026-06-18 03:30,1781767800000,1040.8,10,9799,54,588.79,6.0027,650.7,6.6338,470.3,4.7947,20.21,2026-07-25T14:43:18.499Z
pyr25|KARURVYSYA|4h|1676619000000|1684308600000,pyr25,KARURVYSYA,BSE:KARURVYSYA,4h,Swing 4H,LONG,Swing Low,2023-02-17 02:30,1676619000000,84.65,Flip Short,2023-05-17 03:30,1684308600000,86.9,89,7533.85,114,184.98,2.4529,446.37,5.9189,657.23,8.715,15.27,2026-07-25T14:43:23.443Z
pyr25|KARURVYSYA|4h|1691998200000|1693899000000,pyr25,KARURVYSYA,BSE:KARURVYSYA,4h,Swing 4H,LONG,Swing Low,2023-08-14 03:30,1691998200000,101.7,Flip Short,2023-09-05 03:30,1693899000000,107.6,76,7729.2,30,432.49,5.59,585.07,7.5621,421.93,5.4534,15.91,2026-07-25T14:43:23.443Z
pyr25|KARURVYSYA|4h|1710315000000|1712043000000,pyr25,KARURVYSYA,BSE:KARURVYSYA,4h,Swing 4H,LONG,Swing Low,2024-03-13 03:30,1710315000000,142,Flip Short,2024-04-02 03:30,1712043000000,154.15,56,7952,24,663.82,8.3394,862.85,10.8399,217.95,2.7381,16.58,2026-07-25T14:43:23.443Z
pyr25|KARURVYSYA|4h|1715657400000|1718004600000,pyr25,KARURVYSYA,BSE:KARURVYSYA,4h,Swing 4H,LONG,Swing Low,2024-05-13 23:30,1715657400000,157.8,Flip Short,2024-06-10 03:30,1718004600000,178.25,54,8521.2,38,1086.15,12.7337,1144.38,13.4164,1099.32,12.8881,18.15,2026-07-25T14:43:23.443Z
pyr25|KARURVYSYA|4h|1725435000000|1729481400000,pyr25,KARURVYSYA,BSE:KARURVYSYA,4h,Swing 4H,LONG,Swing Low,2024-09-04 03:30,1725435000000,182.5,Flip Short,2024-10-20 23:30,1729481400000,186.6,51,9307.5,63,190.28,2.0423,266.09,2.856,1105.81,11.869,18.82,2026-07-25T14:43:23.443Z
pyr25|KARURVYSYA|4h|1735615800000|1737689400000,pyr25,KARURVYSYA,BSE:KARURVYSYA,4h,Swing 4H,LONG,Swing Low,2024-12-30 22:30,1735615800000,175.95,Flip Short,2025-01-23 22:30,1737689400000,194.35,53,9325.35,36,955.57,10.2368,1021.52,10.9433,306.13,3.2794,19.63,2026-07-25T14:43:23.443Z
pyr25|KARURVYSYA|4h|1740367800000|1743579000000,pyr25,KARURVYSYA,BSE:KARURVYSYA,4h,Swing 4H,LONG,Swing Low,2025-02-23 22:30,1740367800000,177.5,Flip Short,2025-04-02 03:30,1743579000000,177.85,57,10117.5,49,-0.3,-0.003,166.58,1.6448,1369.57,13.5231,20.25,2026-07-25T14:43:23.443Z
pyr25|KARURVYSYA|4h|1756107000000|1759735800000,pyr25,KARURVYSYA,BSE:KARURVYSYA,4h,Swing 4H,LONG,Swing Low,2025-08-25 03:30,1756107000000,184.95,Flip Short,2025-10-06 03:30,1759735800000,219,55,10172.25,56,1850.53,18.1738,2412.58,23.6936,136.67,1.3422,22.22,2026-07-25T14:43:23.443Z
pyr25|KARURVYSYA|4h|1765251000000|1766734200000,pyr25,KARURVYSYA,BSE:KARURVYSYA,4h,Swing 4H,LONG,Swing Low,2025-12-08 22:30,1765251000000,240,Flip Short,2025-12-26 02:30,1766734200000,267.3,48,11520,25,1286.05,11.1525,1332.48,11.5551,162.72,1.4111,24.35,2026-07-25T14:43:23.443Z
pyr25|KARURVYSYA|4h|1773387000000|1777361400000,pyr25,KARURVYSYA,BSE:KARURVYSYA,4h,Swing 4H,LONG,Swing Low,2026-03-13 03:30,1773387000000,284.7,Flip Short,2026-04-28 03:30,1777361400000,295.2,44,12526.8,56,436.48,3.4809,742.07,5.918,1297.33,10.3461,25.52,2026-07-25T14:43:23.443Z
pyr25|KARURVYSYA|4h|1781076600000|1781767800000,pyr25,KARURVYSYA,BSE:KARURVYSYA,4h,Swing 4H,LONG,Swing Low,2026-06-10 03:30,1781076600000,276,Flip Short,2026-06-18 03:30,1781767800000,297.3,47,12972,12,974.15,7.5022,1171.43,9.0214,344.32,2.6517,26.95,2026-07-25T14:43:23.443Z
pyr25|ICICIBANK|4h|1664350200000|1666668600000,pyr25,ICICIBANK,BSE:ICICIBANK,4h,Swing 4H,LONG,Swing Low,2022-09-28 03:30,1664350200000,857.7,Flip Short,2022-10-24 23:30,1666668600000,938.9,8,6861.6,34,635.23,9.2485,642.74,9.3578,170.46,2.4818,14.37,2026-07-25T14:43:28.290Z
pyr25|ICICIBANK|4h|1671521400000|1680247800000,pyr25,ICICIBANK,BSE:ICICIBANK,4h,Swing 4H,LONG,Swing Low,2022-12-20 02:30,1671521400000,900.95,Flip Short,2023-03-31 03:30,1680247800000,875.25,8,7207.6,140,-219.81,-3.0466,168.79,2.3395,846.01,11.726,14.21,2026-07-25T14:43:28.290Z
pyr25|ICICIBANK|4h|1686886200000|1688542200000,pyr25,ICICIBANK,BSE:ICICIBANK,4h,Swing 4H,LONG,Swing Low,2023-06-15 23:30,1686886200000,928.35,Flip Short,2023-07-05 03:30,1688542200000,961.2,8,7426.8,25,247.68,3.3317,282.97,3.8064,114.23,1.5365,15.12,2026-07-25T14:43:28.290Z
pyr25|ICICIBANK|4h|1692343800000|1694503800000,pyr25,ICICIBANK,BSE:ICICIBANK,4h,Swing 4H,LONG,Swing Low,2023-08-18 03:30,1692343800000,953,Flip Short,2023-09-12 03:30,1694503800000,984.65,8,7624,34,237.7,3.1147,328.78,4.3081,59.22,0.776,15.5,2026-07-25T14:43:28.290Z
pyr25|ICICIBANK|4h|1695627000000|1701660600000,pyr25,ICICIBANK,BSE:ICICIBANK,4h,Swing 4H,LONG,Swing Low,2023-09-25 03:30,1695627000000,957.25,Flip Short,2023-12-03 22:30,1701660600000,960.15,8,7658,92,7.86,0.1025,30.34,0.3958,474.86,6.1946,15.34,2026-07-25T14:43:28.290Z
pyr25|ICICIBANK|4h|1704871800000|1705995000000,pyr25,ICICIBANK,BSE:ICICIBANK,4h,Swing 4H,LONG,Swing Low,2024-01-10 02:30,1704871800000,989,Flip Short,2024-01-23 02:30,1705995000000,1034.85,8,7912,18,350.61,4.4269,619.29,7.8194,159.51,2.0141,16.19,2026-07-25T14:43:28.290Z
pyr25|ICICIBANK|4h|1713497400000|1714102200000,pyr25,ICICIBANK,BSE:ICICIBANK,4h,Swing 4H,LONG,Swing Low,2024-04-18 23:30,1713497400000,1053.4,Flip Short,2024-04-25 23:30,1714102200000,1112.15,8,8427.2,10,452.68,5.3662,564.37,6.6903,48.83,0.5788,17.32,2026-07-25T14:43:28.290Z
pyr25|ICICIBANK|4h|1717486200000|1719214200000,pyr25,ICICIBANK,BSE:ICICIBANK,4h,Swing 4H,LONG,Swing Low,2024-06-04 03:30,1717486200000,1073.45,Flip Short,2024-06-24 03:30,1719214200000,1165.45,8,8587.6,26,718.09,8.3536,809.41,9.4159,184.19,2.1427,17.91,2026-07-25T14:43:28.290Z
pyr25|ICICIBANK|4h|1722843000000|1725420600000,pyr25,ICICIBANK,BSE:ICICIBANK,4h,Swing 4H,LONG,Swing Low,2024-08-05 03:30,1722843000000,1170.2,Flip Short,2024-09-03 23:30,1725420600000,1236.05,8,9361.6,41,507.55,5.4162,635.44,6.7809,144.56,1.5427,19.25,2026-07-25T14:43:28.290Z
pyr25|ICICIBANK|4h|1735716600000|1742283000000,pyr25,ICICIBANK,BSE:ICICIBANK,4h,Swing 4H,LONG,Swing Low,2025-01-01 02:30,1735716600000,1286.5,Flip Short,2025-03-18 03:30,1742283000000,1293.4,7,9005.5,106,30.24,0.3355,118.39,1.3134,705.51,7.8263,18.06,2026-07-25T14:43:28.290Z
pyr25|ICICIBANK|4h|1756193400000|1760931000000,pyr25,ICICIBANK,BSE:ICICIBANK,4h,Swing 4H,LONG,Swing Low,2025-08-26 03:30,1756193400000,1417.15,Flip Short,2025-10-19 23:30,1760931000000,1441.2,6,8502.9,73,127.15,1.4939,135.8,1.5955,453.4,5.327,17.15,2026-07-25T14:43:28.290Z
pyr25|ICICIBANK|4h|1762155000000|1764228600000,pyr25,ICICIBANK,BSE:ICICIBANK,4h,Swing 4H,LONG,Swing Low,2025-11-03 02:30,1762155000000,1346,Flip Short,2025-11-27 02:30,1764228600000,1390.3,7,9422,34,290.95,3.0849,323.08,3.4255,208.92,2.2152,19.15,2026-07-25T14:43:28.290Z
pyr25|ICICIBANK|4h|1765956600000|1767684600000,pyr25,ICICIBANK,BSE:ICICIBANK,4h,Swing 4H,LONG,Swing Low,2025-12-17 02:30,1765956600000,1350.45,Flip Short,2026-01-06 02:30,1767684600000,1410.65,7,9453.15,26,402.07,4.2491,431.9,4.5643,113.4,1.1984,19.33,2026-07-25T14:43:28.290Z
pyr25|ICICIBANK|4h|1769499000000|1776238200000,pyr25,ICICIBANK,BSE:ICICIBANK,4h,Swing 4H,LONG,Swing Low,2026-01-27 02:30,1769499000000,1352.3,Flip Short,2026-04-15 03:30,1776238200000,1346.8,7,9466.1,104,-57.39,-0.6057,565.93,5.9726,1162.72,12.2707,18.89,2026-07-25T14:43:28.290Z
pyr25|ICICIBANK|4h|1779262200000|1781076600000,pyr25,ICICIBANK,BSE:ICICIBANK,4h,Swing 4H,LONG,Swing Low,2026-05-20 03:30,1779262200000,1230.5,Flip Short,2026-06-10 03:30,1781076600000,1299.45,8,9844,28,531.36,5.3924,591.36,6.0013,142.64,1.4476,20.24,2026-07-25T14:43:28.290Z
