trade_key,rule_type,ticker,symbol,timeframe,watchlist,side,entry_signal,entry_time_et,entry_time_ms,entry_price,exit_signal,exit_time_et,exit_time_ms,exit_price,qty,position_value,bars_held,pnl_usd,pnl_pct,mfe_usd,mfe_pct,mae_usd,mae_pct,commission,logged_at
flip-only|WTAI|30m|1771862400000|1772031600000,flip-only,WTAI,CBOE:WTAI,30m,Swing 30min,LONG,Swing Low,2026-02-23 11:00,1771862400000,29.37,Flip Short,2026-02-25 10:00,1772031600000,30.71,339,9956.43,28,433.89,4.3536,444.3,4.458,60.81,0.6101,20.37,2026-07-25T00:18:15.247Z
flip-only|WTAI|30m|1772461800000|1772461800000,flip-only,WTAI,CBOE:WTAI,30m,Swing 30min,LONG,Swing Low,2026-03-02 09:30,1772461800000,29.39,Margin call,2026-03-02 09:30,1772461800000,29.39,1,29.39,0,-0.06,-0.1998,0,0,0.03,0.0999,0.06,2026-07-25T00:18:15.247Z
flip-only|WTAI|30m|1772461800000|1773239400000,flip-only,WTAI,CBOE:WTAI,30m,Swing 30min,LONG,Swing Low,2026-03-02 09:30,1772461800000,29.39,Flip Short,2026-03-11 10:30,1773239400000,29.93,354,10404.06,109,170.16,1.6339,379,3.6391,555.56,5.3345,21,2026-07-25T00:18:15.247Z
flip-only|WTAI|30m|1773417600000|1773757800000,flip-only,WTAI,CBOE:WTAI,30m,Swing 30min,LONG,Swing Low,2026-03-13 12:00,1773417600000,28.78,Flip Short,2026-03-17 10:30,1773757800000,29.87,367,10562.26,26,378.51,3.58,415.16,3.9267,25.24,0.2387,21.52,2026-07-25T00:18:15.247Z
flip-only|WTAI|30m|1774029600000|1774029600000,flip-only,WTAI,CBOE:WTAI,30m,Swing 30min,LONG,Swing Low,2026-03-20 14:00,1774029600000,29.04,Margin call,2026-03-20 14:00,1774029600000,29.04,1,29.04,0,-0.06,-0.1998,0,0,0.03,0.0999,0.06,2026-07-25T00:18:15.247Z
flip-only|WTAI|30m|1774029600000|1774612800000,flip-only,WTAI,CBOE:WTAI,30m,Swing 30min,LONG,Swing Low,2026-03-20 14:00,1774029600000,29.04,Flip Short,2026-03-27 08:00,1774612800000,28.03,377,10948.08,69,-402.29,-3.6708,641.26,5.8514,391.72,3.5744,21.52,2026-07-25T00:18:15.247Z
flip-only|WTAI|30m|1774616400000|1775059200000,flip-only,WTAI,CBOE:WTAI,30m,Swing 30min,LONG,Swing Low,2026-03-27 09:00,1774616400000,27.85,Flip Short,2026-04-01 12:00,1775059200000,29.27,377,10499.45,49,513.81,4.8888,528.61,5.0296,493.06,4.6914,21.53,2026-07-25T00:18:15.247Z
flip-only|WTAI|30m|1776067200000|1776168000000,flip-only,WTAI,CBOE:WTAI,30m,Swing 30min,LONG,Swing Low,2026-04-13 04:00,1776067200000,29.55,Flip Short,2026-04-14 08:00,1776168000000,32.45,356,10519.8,17,1010.33,9.5945,1021.88,9.7042,10.52,0.0999,22.07,2026-07-25T00:18:15.247Z
flip-only|WTAI|30m|1779114600000|1779361200000,flip-only,WTAI,CBOE:WTAI,30m,Swing 30min,LONG,Swing Low,2026-05-18 10:30,1779114600000,39.83,Flip Short,2026-05-21 07:00,1779361200000,40.61,302,12028.66,49,211.27,1.7546,311.11,2.5838,449.93,3.7367,24.29,2026-07-25T00:18:15.247Z
flip-only|WTAI|30m|1780529400000|1780529400000,flip-only,WTAI,CBOE:WTAI,30m,Swing 30min,LONG,Swing Low,2026-06-03 19:30,1780529400000,45.74,Margin call,2026-06-03 19:30,1780529400000,45.74,1,45.74,0,-0.09,-0.1998,0,0,0.05,0.0999,0.09,2026-07-25T00:18:15.247Z
flip-only|WTAI|30m|1780529400000|1781209800000,flip-only,WTAI,CBOE:WTAI,30m,Swing 30min,LONG,Swing Low,2026-06-03 19:30,1780529400000,45.74,Flip Short,2026-06-11 16:30,1781209800000,43.1,268,12258.32,109,-731.33,-5.96,137.82,1.1232,1451.42,11.8284,23.81,2026-07-25T00:18:15.247Z
flip-only|WTAI|30m|1782221400000|1782221400000,flip-only,WTAI,CBOE:WTAI,30m,Swing 30min,LONG,Swing Low,2026-06-23 09:30,1782221400000,45.04,Margin call,2026-06-23 09:30,1782221400000,45.04,1,45.04,0,-0.09,-0.1998,0,0,0.05,0.0999,0.09,2026-07-25T00:18:15.247Z
flip-only|WTAI|30m|1782221400000|1782828000000,flip-only,WTAI,CBOE:WTAI,30m,Swing 30min,LONG,Swing Low,2026-06-23 09:30,1782221400000,45.04,Flip Short,2026-06-30 10:00,1782828000000,46.77,256,11530.24,95,419.38,3.6336,871.67,7.5523,459.53,3.9815,23.5,2026-07-25T00:18:15.247Z
flip-only|WTAI|30m|1783004400000|1783681200000,flip-only,WTAI,CBOE:WTAI,30m,Swing 30min,LONG,Swing Low,2026-07-02 11:00,1783004400000,43.46,Flip Short,2026-07-10 07:00,1783681200000,43.83,275,11951.5,69,77.75,0.6499,282.3,2.3597,669.2,5.5937,24,2026-07-25T00:18:15.247Z
flip-only|WTAI|30m|1783965600000|1783965600000,flip-only,WTAI,CBOE:WTAI,30m,Swing 30min,LONG,Swing Low,2026-07-13 14:00,1783965600000,41.62,Margin call,2026-07-13 14:00,1783965600000,41.62,1,41.62,0,-0.08,-0.1998,0,0,0.04,0.0999,0.08,2026-07-25T00:18:15.247Z
flip-only|WTAI|30m|1783965600000|1784640600000,flip-only,WTAI,CBOE:WTAI,30m,Swing 30min,LONG,Swing Low,2026-07-13 14:00,1783965600000,41.62,Flip Short,2026-07-21 09:30,1784640600000,41.19,289,12028.18,94,-148.2,-1.2309,470.6,3.9086,1090,9.053,23.93,2026-07-25T00:18:15.247Z
flip-only|EWY|30m|1778175000000|1778248800000,flip-only,EWY,AMEX:EWY,30m,Swing 30min,LONG,Swing Low,2026-05-07 13:30,1778175000000,176.56,Flip Short,2026-05-08 10:00,1778248800000,186.7,56,9887.36,25,547.5,5.5318,559.63,5.6544,86.05,0.8694,20.34,2026-07-25T00:18:20.710Z
flip-only|EWY|30m|1778574600000|1778693400000,flip-only,EWY,AMEX:EWY,30m,Swing 30min,LONG,Swing Low,2026-05-12 04:30,1778574600000,183.12,Flip Short,2026-05-13 13:30,1778693400000,189.19,57,10437.84,50,324.77,3.1083,344.1,3.2934,553.08,5.2935,21.22,2026-07-25T00:18:20.710Z
flip-only|EWY|30m|1778833800000|1779289200000,flip-only,EWY,AMEX:EWY,30m,Swing 30min,LONG,Swing Low,2026-05-15 04:30,1778833800000,178.83,Flip Short,2026-05-20 11:00,1779289200000,177.96,60,10729.8,109,-73.61,-0.6853,274.87,2.5592,710.33,6.6135,21.41,2026-07-25T00:18:20.710Z
flip-only|EWY|30m|1779480000000|1779784200000,flip-only,EWY,AMEX:EWY,30m,Swing 30min,LONG,Swing Low,2026-05-22 16:00,1779480000000,181.92,Flip Short,2026-05-26 04:30,1779784200000,192.67,59,10733.28,9,612.15,5.6976,631.19,5.8748,31.97,0.2976,22.1,2026-07-25T00:18:20.710Z
flip-only|EWY|30m|1780495200000|1780993800000,flip-only,EWY,AMEX:EWY,30m,Swing 30min,LONG,Swing Low,2026-06-03 10:00,1780495200000,209.56,Flip Short,2026-06-09 04:30,1780993800000,192.99,54,11316.24,117,-916.52,-8.091,198.2,1.7497,1940.2,17.1281,21.74,2026-07-25T00:18:20.710Z
flip-only|EWY|30m|1781024400000|1781186400000,flip-only,EWY,AMEX:EWY,30m,Swing 30min,LONG,Swing Low,2026-06-09 13:00,1781024400000,178.18,Flip Short,2026-06-11 10:00,1781186400000,187.12,58,10334.44,58,497.33,4.8076,621.29,6.0058,274.81,2.6566,21.19,2026-07-25T00:18:20.710Z
flip-only|EWY|30m|1781638200000|1781771400000,flip-only,EWY,AMEX:EWY,30m,Swing 30min,LONG,Swing Low,2026-06-16 15:30,1781638200000,205.88,Flip Short,2026-06-18 04:30,1781771400000,213.9,53,10911.64,42,402.81,3.6879,469.8,4.3012,84.58,0.7744,22.25,2026-07-25T00:18:20.710Z
flip-only|EWY|30m|1782203400000|1782333000000,flip-only,EWY,AMEX:EWY,30m,Swing 30min,LONG,Swing Low,2026-06-23 04:30,1782203400000,194.85,Flip Short,2026-06-24 16:30,1782333000000,209.49,58,11301.3,56,825.67,7.2987,877.26,7.7547,213.14,1.8841,23.45,2026-07-25T00:18:20.710Z
flip-only|EWY|30m|1782478800000|1782828000000,flip-only,EWY,AMEX:EWY,30m,Swing 30min,LONG,Swing Low,2026-06-26 09:00,1782478800000,194.84,Flip Short,2026-06-30 10:00,1782828000000,199.49,62,12080.08,66,263.85,2.182,431.84,3.5712,391.52,3.2378,24.45,2026-07-25T00:18:20.710Z
flip-only|EWY|30m|1782896400000|1783326600000,flip-only,EWY,AMEX:EWY,30m,Swing 30min,LONG,Swing Low,2026-07-01 05:00,1782896400000,193.23,Flip Short,2026-07-06 04:30,1783326600000,190.43,64,12366.72,63,-203.75,-1.646,56.11,0.4533,1214.93,9.8143,24.55,2026-07-25T00:18:20.710Z
flip-only|EWY|30m|1783434600000|1783603800000,flip-only,EWY,AMEX:EWY,30m,Swing 30min,LONG,Swing Low,2026-07-07 10:30,1783434600000,179.2,Flip Short,2026-07-09 09:30,1783603800000,183.64,68,12185.6,62,277.25,2.2729,308.09,2.5258,750.67,6.1541,24.67,2026-07-25T00:18:20.710Z
flip-only|EWY|30m|1783931400000|1784048400000,flip-only,EWY,AMEX:EWY,30m,Swing 30min,LONG,Swing Low,2026-07-13 04:30,1783931400000,168.96,Flip Short,2026-07-14 13:00,1784048400000,176.22,74,12503.04,49,511.7,4.0885,619.46,4.9495,320.34,2.5596,25.54,2026-07-25T00:18:20.710Z
flip-only|EWY|30m|1784134800000|1784309400000,flip-only,EWY,AMEX:EWY,30m,Swing 30min,LONG,Swing Low,2026-07-15 13:00,1784134800000,166.93,Flip Short,2026-07-17 13:30,1784309400000,167.47,78,13020.54,65,16.04,0.123,382.44,2.9343,1006.74,7.7242,26.08,2026-07-25T00:18:20.710Z
flip-only|KORU|30m|1778175000000|1778175000000,flip-only,KORU,AMEX:KORU,30m,Swing 30min,LONG,Swing Low,2026-05-07 13:30,1778175000000,38.3,Margin call,2026-05-07 13:30,1778175000000,38.3,1,38.3,0,-0.08,-0.1998,0,0,0.04,0.0999,0.08,2026-07-25T00:18:25.589Z
flip-only|KORU|30m|1778175000000|1778248800000,flip-only,KORU,AMEX:KORU,30m,Swing 30min,LONG,Swing Low,2026-05-07 13:30,1778175000000,38.3,Flip Short,2026-05-08 10:00,1778248800000,44.68,260,9958,25,1637.23,16.4249,1693.04,16.9848,269.96,2.7083,21.57,2026-07-25T00:18:25.589Z
flip-only|KORU|30m|1778574600000|1778693400000,flip-only,KORU,AMEX:KORU,30m,Swing 30min,LONG,Swing Low,2026-05-12 04:30,1778574600000,41.63,Flip Short,2026-05-13 13:30,1778693400000,44.85,279,11614.77,50,874.25,7.5196,950.94,8.1791,2000.88,17.2099,24.13,2026-07-25T00:18:25.589Z
flip-only|KORU|30m|1778833800000|1779289200000,flip-only,KORU,AMEX:KORU,30m,Swing 30min,LONG,Swing Low,2026-05-15 04:30,1778833800000,37.55,Flip Short,2026-05-20 11:00,1779289200000,36.78,332,12466.6,109,-280.32,-2.2463,960.29,7.6952,2402.87,19.2552,24.68,2026-07-25T00:18:25.589Z
flip-only|KORU|30m|1780495200000|1780993800000,flip-only,KORU,AMEX:KORU,30m,Swing 30min,LONG,Swing Low,2026-06-03 10:00,1780495200000,57.1,Flip Short,2026-06-09 04:30,1780993800000,39.58,213,12162.3,117,-3752.35,-30.8215,675.83,5.5512,5795.11,47.6006,20.59,2026-07-25T00:18:25.589Z
flip-only|KORU|30m|1781022600000|1781199000000,flip-only,KORU,AMEX:KORU,30m,Swing 30min,LONG,Swing Low,2026-06-09 12:30,1781022600000,30.79,Flip Short,2026-06-11 13:30,1781199000000,37.64,274,8436.46,66,1858.15,22.0032,1868.46,22.1254,498.9,5.9077,18.75,2026-07-25T00:18:25.589Z
flip-only|KORU|30m|1781638200000|1781771400000,flip-only,KORU,AMEX:KORU,30m,Swing 30min,LONG,Swing Low,2026-06-16 15:30,1781638200000,45.84,Flip Short,2026-06-18 04:30,1781771400000,50.91,225,10314,42,1118.98,10.8383,1301.44,12.6055,190.31,1.8434,21.77,2026-07-25T00:18:25.589Z
flip-only|KORU|30m|1782203400000|1782333000000,flip-only,KORU,AMEX:KORU,30m,Swing 30min,LONG,Swing Low,2026-06-23 04:30,1782203400000,36.49,Flip Short,2026-06-24 16:30,1782333000000,43.95,313,11421.37,56,2309.8,20.2033,2464.41,21.5556,718.8,6.2872,25.18,2026-07-25T00:18:25.589Z
flip-only|KORU|30m|1782478800000|1782828000000,flip-only,KORU,AMEX:KORU,30m,Swing 30min,LONG,Swing Low,2026-06-26 09:00,1782478800000,35.19,Flip Short,2026-06-30 10:00,1782828000000,37.84,390,13724.1,66,1005.02,7.3157,1678.88,12.2208,1261.72,9.1843,28.48,2026-07-25T00:18:25.589Z
flip-only|KORU|30m|1782896400000|1783346400000,flip-only,KORU,AMEX:KORU,30m,Swing 30min,LONG,Swing Low,2026-07-01 05:00,1782896400000,34.08,Flip Short,2026-07-06 10:00,1783346400000,31.43,432,14722.56,74,-1173.1,-7.9601,296.32,2.0107,4252.64,28.8564,28.3,2026-07-25T00:18:25.589Z
flip-only|KORU|30m|1783434600000|1783605600000,flip-only,KORU,AMEX:KORU,30m,Swing 30min,LONG,Swing Low,2026-07-07 10:30,1783434600000,25.97,Flip Short,2026-07-09 10:00,1783605600000,28.65,523,13582.31,63,1373.07,10.0992,1461.28,10.7479,2231.1,16.4101,28.57,2026-07-25T00:18:25.589Z
flip-only|KORU|30m|1784133000000|1784624400000,flip-only,KORU,AMEX:KORU,30m,Swing 30min,LONG,Swing Low,2026-07-15 12:30,1784133000000,19.99,Flip Short,2026-07-21 05:00,1784624400000,20.59,748,14952.52,113,418.45,2.7957,1496.01,9.9951,3403.39,22.7386,30.35,2026-07-25T00:18:25.589Z
flip-only|KORU|30m|1784881800000|1784881800000,flip-only,KORU,AMEX:KORU,30m,Swing 30min,LONG,Swing Low,2026-07-24 04:30,1784881800000,20.23,Margin call,2026-07-24 04:30,1784881800000,20.23,1,20.23,0,-0.04,-0.1998,0,0,0.02,0.0999,0.04,2026-07-25T00:18:25.589Z
flip-only|UDOW|30m|1777467600000|1777546800000,flip-only,UDOW,AMEX:UDOW,30m,Swing 30min,LONG,Swing Low,2026-04-29 09:00,1777467600000,59.37,Flip Short,2026-04-30 07:00,1777546800000,59.27,168,9974.16,28,-36.73,-0.3679,28.67,0.2871,327.49,3.2801,19.93,2026-07-25T00:18:30.590Z
flip-only|UDOW|30m|1777890600000|1778058000000,flip-only,UDOW,AMEX:UDOW,30m,Swing 30min,LONG,Swing Low,2026-05-04 06:30,1777890600000,59.5,Flip Short,2026-05-06 05:00,1778058000000,60.75,167,9936.5,61,188.67,1.8968,233.88,2.3514,213.68,2.1483,20.08,2026-07-25T00:18:30.590Z
flip-only|UDOW|30m|1778176800000|1778610600000,flip-only,UDOW,AMEX:UDOW,30m,Swing 30min,LONG,Swing Low,2026-05-07 14:00,1778176800000,60.72,Flip Short,2026-05-12 14:30,1778610600000,61.28,167,10140.24,94,73.15,0.7206,136.82,1.3479,197.18,1.9426,20.37,2026-07-25T00:18:30.590Z
flip-only|UDOW|30m|1778848200000|1779291000000,flip-only,UDOW,AMEX:UDOW,30m,Swing 30min,LONG,Swing Low,2026-05-15 08:30,1778848200000,60.67,Flip Short,2026-05-20 11:30,1779291000000,61.06,168,10192.56,100,45.07,0.4417,181.33,1.7772,310.91,3.0473,20.45,2026-07-25T00:18:30.590Z
flip-only|UDOW|30m|1779820200000|1780047000000,flip-only,UDOW,AMEX:UDOW,30m,Swing 30min,LONG,Swing Low,2026-05-26 14:30,1779820200000,63.52,Flip Short,2026-05-29 05:30,1780047000000,65,161,10226.72,74,217.59,2.1255,248.98,2.4322,60.14,0.5874,20.69,2026-07-25T00:18:30.590Z
flip-only|UDOW|30m|1780516800000|1780581600000,flip-only,UDOW,AMEX:UDOW,30m,Swing 30min,LONG,Swing Low,2026-06-03 16:00,1780516800000,64.8,Flip Short,2026-06-04 10:00,1780581600000,67.56,161,10432.8,20,423.05,4.0509,440.37,4.2168,49.07,0.4699,21.31,2026-07-25T00:18:30.590Z
flip-only|UDOW|30m|1780686000000|1781200800000,flip-only,UDOW,AMEX:UDOW,30m,Swing 30min,LONG,Swing Low,2026-06-05 15:00,1780686000000,65.32,Flip Short,2026-06-11 14:00,1781200800000,64.44,166,10843.12,124,-167.62,-1.5443,224.88,2.0718,769.46,7.0892,21.54,2026-07-25T00:18:30.590Z
flip-only|UDOW|30m|1781724600000|1782313200000,flip-only,UDOW,AMEX:UDOW,30m,Swing 30min,LONG,Swing Low,2026-06-17 15:30,1781724600000,67.63,Flip Short,2026-06-24 11:00,1782313200000,69.31,158,10685.54,115,243.8,2.2793,261.07,2.4408,190.81,1.7839,21.64,2026-07-25T00:18:30.590Z
flip-only|UDOW|30m|1782480600000|1782741600000,flip-only,UDOW,AMEX:UDOW,30m,Swing 30min,LONG,Swing Low,2026-06-26 09:30,1782480600000,67.75,Flip Short,2026-06-29 10:00,1782741600000,69.4,161,10907.75,30,243.57,2.2308,357.78,3.2768,57.6,0.5275,22.08,2026-07-25T00:18:30.590Z
flip-only|UDOW|30m|1782914400000|1782916200000,flip-only,UDOW,AMEX:UDOW,30m,Swing 30min,LONG,Swing Low,2026-07-01 10:00,1782914400000,70.12,Flip Short,2026-07-01 10:30,1782916200000,70.48,160,11219.2,1,35.1,0.3126,86.38,0.7692,44.82,0.3991,22.5,2026-07-25T00:18:30.590Z
flip-only|UDOW|30m|1783499400000|1783672200000,flip-only,UDOW,AMEX:UDOW,30m,Swing 30min,LONG,Swing Low,2026-07-08 04:30,1783499400000,70.29,Flip Short,2026-07-10 04:30,1783672200000,70.8,159,11176.11,61,58.66,0.5243,114.43,1.0229,213.11,1.9049,22.43,2026-07-25T00:18:30.590Z
flip-only|UDOW|30m|1784230200000|1784728800000,flip-only,UDOW,AMEX:UDOW,30m,Swing 30min,LONG,Swing Low,2026-07-16 15:30,1784230200000,70.37,Flip Short,2026-07-22 10:00,1784728800000,70.18,160,11259.2,109,-52.89,-0.4693,89.54,0.7945,424.06,3.7626,22.49,2026-07-25T00:18:30.590Z
flip-only|FAS|30m|1776866400000|1777302000000,flip-only,FAS,AMEX:FAS,30m,Swing 30min,LONG,Swing Low,2026-04-22 10:00,1776866400000,141.74,Flip Short,2026-04-27 11:00,1777302000000,135.49,70,9921.8,85,-456.91,-4.6005,23.68,0.2384,726.72,7.3172,19.41,2026-07-25T00:18:36.223Z
flip-only|FAS|30m|1777478400000|1777636800000,flip-only,FAS,AMEX:FAS,30m,Swing 30min,LONG,Swing Low,2026-04-29 12:00,1777478400000,135.44,Flip Short,2026-05-01 08:00,1777636800000,139,70,9480.8,48,229.99,2.4234,239.72,2.5259,344.08,3.6256,19.21,2026-07-25T00:18:36.223Z
flip-only|FAS|30m|1777890600000|1778067000000,flip-only,FAS,AMEX:FAS,30m,Swing 30min,LONG,Swing Low,2026-05-04 06:30,1777890600000,134.5,Flip Short,2026-05-06 07:30,1778067000000,136.17,72,9684,60,100.75,1.0394,245.2,2.5294,211.28,2.1796,19.49,2026-07-25T00:18:36.223Z
flip-only|FAS|30m|1778164200000|1778605200000,flip-only,FAS,AMEX:FAS,30m,Swing 30min,LONG,Swing Low,2026-05-07 10:30,1778164200000,132.66,Flip Short,2026-05-12 13:00,1778605200000,133.03,74,9816.84,86,7.72,0.0786,165.56,1.6848,412.38,4.1965,19.66,2026-07-25T00:18:36.223Z
flip-only|FAS|30m|1778877000000|1778877000000,flip-only,FAS,AMEX:FAS,30m,Swing 30min,LONG,Swing Low,2026-05-15 16:30,1778877000000,128.29,Margin call,2026-05-15 16:30,1778877000000,128.29,1,128.29,0,-0.26,-0.1998,0,0,0.13,0.0999,0.26,2026-07-25T00:18:36.223Z
flip-only|FAS|30m|1778877000000|1779112800000,flip-only,FAS,AMEX:FAS,30m,Swing 30min,LONG,Swing Low,2026-05-15 16:30,1778877000000,128.29,Flip Short,2026-05-18 10:00,1779112800000,133.6,76,9750.04,15,383.66,3.931,415.09,4.2531,107.79,1.1044,19.9,2026-07-25T00:18:36.223Z
flip-only|FAS|30m|1779285600000|1779373800000,flip-only,FAS,AMEX:FAS,30m,Swing 30min,LONG,Swing Low,2026-05-20 10:00,1779285600000,129.38,Flip Short,2026-05-21 10:30,1779373800000,133.27,78,10091.64,28,282.93,2.8008,322.97,3.1972,78.73,0.7794,20.49,2026-07-25T00:18:36.223Z
flip-only|FAS|30m|1779818400000|1780066800000,flip-only,FAS,AMEX:FAS,30m,Swing 30min,LONG,Swing Low,2026-05-26 14:00,1779818400000,133.66,Flip Short,2026-05-29 11:00,1780066800000,131.87,78,10425.48,77,-160.33,-1.5363,160.39,1.5369,461.27,4.42,20.71,2026-07-25T00:18:36.223Z
flip-only|FAS|30m|1780326000000|1780426800000,flip-only,FAS,AMEX:FAS,30m,Swing 30min,LONG,Swing Low,2026-06-01 11:00,1780326000000,129.23,Flip Short,2026-06-02 15:00,1780426800000,131.94,80,10338.4,33,195.91,1.893,251.26,2.4279,159.14,1.5378,20.89,2026-07-25T00:18:36.223Z
flip-only|FAS|30m|1780495200000|1780495200000,flip-only,FAS,AMEX:FAS,30m,Swing 30min,LONG,Swing Low,2026-06-03 10:00,1780495200000,127.41,Margin call,2026-06-03 10:00,1780495200000,127.41,1,127.41,0,-0.25,-0.1998,0,0,0.13,0.0999,0.25,2026-07-25T00:18:36.223Z
flip-only|FAS|30m|1780495200000|1780581600000,flip-only,FAS,AMEX:FAS,30m,Swing 30min,LONG,Swing Low,2026-06-03 10:00,1780495200000,127.41,Flip Short,2026-06-04 10:00,1780581600000,134.88,82,10447.62,28,591.03,5.6514,611.93,5.8513,302.37,2.8912,21.51,2026-07-25T00:18:36.223Z
flip-only|FAS|30m|1780939800000|1781013600000,flip-only,FAS,AMEX:FAS,30m,Swing 30min,LONG,Swing Low,2026-06-08 13:30,1780939800000,135.11,Flip Short,2026-06-09 10:00,1781013600000,139.21,82,11079.02,17,313.71,2.8287,343.16,3.0943,102.1,0.9206,22.49,2026-07-25T00:18:36.223Z
flip-only|FAS|30m|1781191800000|1781254800000,flip-only,FAS,AMEX:FAS,30m,Swing 30min,LONG,Swing Low,2026-06-11 11:30,1781191800000,135.85,Flip Short,2026-06-12 05:00,1781254800000,140.74,84,11411.4,14,387.53,3.3926,401.87,3.5181,82.81,0.725,23.23,2026-07-25T00:18:36.223Z
flip-only|FAS|30m|1781796600000|1782315000000,flip-only,FAS,AMEX:FAS,30m,Swing 30min,LONG,Swing Low,2026-06-18 11:30,1781796600000,149.21,Flip Short,2026-06-24 11:30,1782315000000,151.63,79,11787.59,70,167.41,1.4188,179.39,1.5204,312.78,2.6508,23.77,2026-07-25T00:18:36.223Z
flip-only|FAS|30m|1782414000000|1782914400000,flip-only,FAS,AMEX:FAS,30m,Swing 30min,LONG,Swing Low,2026-06-25 15:00,1782414000000,147.63,Flip Short,2026-07-01 10:00,1782914400000,151.02,81,11958.03,82,250.4,2.0919,269.92,2.255,297.08,2.4819,24.19,2026-07-25T00:18:36.223Z
flip-only|FAS|30m|1783501200000|1783686600000,flip-only,FAS,AMEX:FAS,30m,Swing 30min,LONG,Swing Low,2026-07-08 05:00,1783501200000,163.45,Flip Short,2026-07-10 08:30,1783686600000,165.03,75,12258.75,60,93.86,0.7649,167.74,1.367,443.51,3.6143,24.64,2026-07-25T00:18:36.223Z
flip-only|FAS|30m|1784296800000|1784907000000,flip-only,FAS,AMEX:FAS,30m,Swing 30min,LONG,Swing Low,2026-07-17 10:00,1784296800000,173.11,Flip Short,2026-07-24 11:30,1784907000000,169.11,71,12290.81,114,-308.3,-2.5059,22.5,0.1829,842.99,6.8519,24.3,2026-07-25T00:18:36.223Z
flip-only|MU|30m|1777559400000|1777644000000,flip-only,MU,NASDAQ:MU,30m,Swing 30min,LONG,Swing Low,2026-04-30 10:30,1777559400000,507.77,Flip Short,2026-05-01 10:00,1777644000000,541.52,19,9647.63,31,621.31,6.4336,632.17,6.5461,157.28,1.6286,19.94,2026-07-25T00:18:42.064Z
flip-only|MU|30m|1778598000000|1778661000000,flip-only,MU,NASDAQ:MU,30m,Swing 30min,LONG,Swing Low,2026-05-12 11:00,1778598000000,750.44,Flip Short,2026-05-13 04:30,1778661000000,813.5,14,10506.16,19,860.94,8.1865,932.39,8.8659,623.57,5.9293,21.9,2026-07-25T00:18:42.064Z
flip-only|MU|30m|1778788800000|1779267600000,flip-only,MU,NASDAQ:MU,30m,Swing 30min,LONG,Swing Low,2026-05-14 16:00,1778788800000,776.3,Flip Short,2026-05-20 05:00,1779267600000,725,14,10868.2,106,-739.22,-6.7949,92.45,0.8498,1747.99,16.0674,21.02,2026-07-25T00:18:42.064Z
flip-only|MU|30m|1780565400000|1780993800000,flip-only,MU,NASDAQ:MU,30m,Swing 30min,LONG,Swing Low,2026-06-04 05:30,1780565400000,1019,Flip Short,2026-06-09 04:30,1780993800000,990.9,10,10190,94,-301.1,-2.9519,162.31,1.5912,1699.19,16.6584,20.1,2026-07-25T00:18:42.064Z
flip-only|MU|30m|1781024400000|1781204400000,flip-only,MU,NASDAQ:MU,30m,Swing 30min,LONG,Swing Low,2026-06-09 13:00,1781024400000,872.4,Flip Short,2026-06-11 15:00,1781204400000,964.4,11,9596.4,68,991.8,10.3248,1020,10.6184,72.74,0.7572,20.2,2026-07-25T00:18:42.064Z
flip-only|MU|30m|1781640000000|1781771400000,flip-only,MU,NASDAQ:MU,30m,Swing 30min,LONG,Swing Low,2026-06-16 16:00,1781640000000,1020.49,Flip Short,2026-06-18 04:30,1781771400000,1086.5,11,11225.39,41,702.93,6.2557,803.1,7.1472,77.56,0.6902,23.18,2026-07-25T00:18:42.064Z
flip-only|MU|30m|1782203400000|1782333000000,flip-only,MU,NASDAQ:MU,30m,Swing 30min,LONG,Swing Low,2026-06-23 04:30,1782203400000,1104.5,Flip Short,2026-06-24 16:30,1782333000000,1190.12,10,11045,56,833.25,7.5366,913.96,8.2666,1145.05,10.3567,22.95,2026-07-25T00:18:42.064Z
flip-only|MU|30m|1782480600000|1782837000000,flip-only,MU,NASDAQ:MU,30m,Swing 30min,LONG,Swing Low,2026-06-26 09:30,1782480600000,1139.08,Flip Short,2026-06-30 12:30,1782837000000,1155.71,11,12529.88,70,157.69,1.2572,642.19,5.1201,1282.81,10.2278,25.24,2026-07-25T00:18:42.064Z
flip-only|MU|30m|1782910800000|1783585800000,flip-only,MU,NASDAQ:MU,30m,Swing 30min,LONG,Swing Low,2026-07-01 09:00,1782910800000,1082.16,Flip Short,2026-07-09 04:30,1783585800000,983,12,12985.92,151,-1214.7,-9.3446,165.09,1.2701,2498.79,19.223,24.78,2026-07-25T00:18:42.064Z
flip-only|MU|30m|1783931400000|1784034000000,flip-only,MU,NASDAQ:MU,30m,Swing 30min,LONG,Swing Low,2026-07-13 04:30,1783931400000,926.21,Flip Short,2026-07-14 09:00,1784034000000,984,12,11114.52,41,670.56,6.0271,754.49,6.7815,294.91,2.6508,22.92,2026-07-25T00:18:42.064Z
flip-only|MU|30m|1784127600000|1784309400000,flip-only,MU,NASDAQ:MU,30m,Swing 30min,LONG,Swing Low,2026-07-15 11:00,1784127600000,918.2,Flip Short,2026-07-17 13:30,1784309400000,896.58,13,11936.6,69,-304.65,-2.5497,0.41,0.0035,1496.41,12.5238,23.59,2026-07-25T00:18:42.064Z
flip-only|TD|30m|1768935600000|1769103000000,flip-only,TD,TSX:TD,30m,Swing 30min,LONG,Swing Low,2026-01-20 14:00,1768935600000,128.85,Flip Short,2026-01-22 12:30,1769103000000,130.8,77,9921.45,25,130.16,1.3106,144.85,1.4585,73.83,0.7434,19.99,2026-07-25T00:18:47.035Z
flip-only|TD|30m|1769614200000|1770066000000,flip-only,TD,TSX:TD,30m,Swing 30min,LONG,Swing Low,2026-01-28 10:30,1769614200000,129.32,Flip Short,2026-02-02 16:00,1770066000000,129.16,78,10086.96,54,-32.64,-0.3233,2.39,0.0237,234.73,2.3247,20.16,2026-07-25T00:18:47.035Z
flip-only|TD|30m|1770913800000|1771513200000,flip-only,TD,TSX:TD,30m,Swing 30min,LONG,Swing Low,2026-02-12 11:30,1770913800000,131.54,Flip Short,2026-02-19 10:00,1771513200000,131.05,76,9997.04,53,-57.2,-0.5716,20.4,0.2039,292.72,2.9251,19.96,2026-07-25T00:18:47.035Z
flip-only|TD|30m|1771871400000|1772118000000,flip-only,TD,TSX:TD,30m,Swing 30min,LONG,Swing Low,2026-02-23 13:30,1771871400000,130.97,Flip Short,2026-02-26 10:00,1772118000000,133.86,76,9953.72,35,199.51,2.0024,272.77,2.7376,94.31,0.9466,20.13,2026-07-25T00:18:47.035Z
flip-only|TD|30m|1772463600000|1772650800000,flip-only,TD,TSX:TD,30m,Swing 30min,LONG,Swing Low,2026-03-02 10:00,1772463600000,132.4,Flip Short,2026-03-04 14:00,1772650800000,135.11,77,10194.8,36,188.07,1.8429,198.48,1.9449,93.35,0.9148,20.6,2026-07-25T00:18:47.035Z
flip-only|TD|30m|1772809200000|1773756000000,flip-only,TD,TSX:TD,30m,Swing 30min,LONG,Swing Low,2026-03-06 10:00,1772809200000,129.71,Flip Short,2026-03-17 10:00,1773756000000,131.68,80,10376.8,99,136.69,1.3159,152.82,1.4713,236.78,2.2795,20.91,2026-07-25T00:18:47.035Z
flip-only|TD|30m|1774015200000|1774368000000,flip-only,TD,TSX:TD,30m,Swing 30min,LONG,Swing Low,2026-03-20 10:00,1774015200000,127.92,Flip Short,2026-03-24 12:00,1774368000000,129.92,82,10489.44,32,142.86,1.3606,173.19,1.6494,190.07,1.8102,21.14,2026-07-25T00:18:47.035Z
flip-only|TD|30m|1774634400000|1774987200000,flip-only,TD,TSX:TD,30m,Swing 30min,LONG,Swing Low,2026-03-27 14:00,1774634400000,127,Flip Short,2026-03-31 16:00,1774987200000,129.92,84,10668,33,223.7,2.0948,234.61,2.197,56.03,0.5247,21.58,2026-07-25T00:18:47.035Z
flip-only|TD|30m|1776952800000|1777384800000,flip-only,TD,TSX:TD,30m,Swing 30min,LONG,Swing Low,2026-04-23 10:00,1776952800000,143.66,Flip Short,2026-04-28 10:00,1777384800000,144.59,76,10918.16,44,48.77,0.4463,98.52,0.9015,91.48,0.837,21.91,2026-07-25T00:18:47.035Z
flip-only|TD|30m|1778011200000|1778077800000,flip-only,TD,TSX:TD,30m,Swing 30min,LONG,Swing Low,2026-05-05 16:00,1778011200000,144.26,Flip Short,2026-05-06 10:30,1778077800000,147.01,75,10819.5,3,184.4,1.7027,207.43,1.9153,10.82,0.0999,21.85,2026-07-25T00:18:47.035Z
flip-only|TD|30m|1778594400000|1778680800000,flip-only,TD,TSX:TD,30m,Swing 30min,LONG,Swing Low,2026-05-12 10:00,1778594400000,145.62,Flip Short,2026-05-13 10:00,1778680800000,148.07,76,11067.12,14,163.88,1.4793,179.69,1.622,51.35,0.4635,22.32,2026-07-25T00:18:47.035Z
flip-only|TD|30m|1779976800000|1780063200000,flip-only,TD,TSX:TD,30m,Swing 30min,LONG,Swing Low,2026-05-28 10:00,1779976800000,154.3,Flip Short,2026-05-29 10:00,1780063200000,155.43,73,11263.9,14,59.88,0.5311,236.94,2.1014,37.54,0.333,22.61,2026-07-25T00:18:47.035Z
flip-only|TD|30m|1780065000000|1780583400000,flip-only,TD,TSX:TD,30m,Swing 30min,LONG,Swing Low,2026-05-29 10:30,1780065000000,153.98,Flip Short,2026-06-04 10:30,1780583400000,157.92,73,11240.54,55,264.85,2.3539,282.95,2.5147,96.65,0.859,22.77,2026-07-25T00:18:47.035Z
flip-only|TD|30m|1783008000000|1783447200000,flip-only,TD,TSX:TD,30m,Swing 30min,LONG,Swing Low,2026-07-02 12:00,1783008000000,169.06,Flip Short,2026-07-07 14:00,1783447200000,171.93,68,11496.08,46,171.97,1.4944,193.86,1.6847,56.38,0.4899,23.19,2026-07-25T00:18:47.035Z
flip-only|TD|30m|1783522800000|1784037600000,flip-only,TD,TSX:TD,30m,Swing 30min,LONG,Swing Low,2026-07-08 11:00,1783522800000,167.49,Flip Short,2026-07-14 10:00,1784037600000,171.65,70,11724.3,54,267.46,2.279,310.28,2.6438,90.12,0.7679,23.74,2026-07-25T00:18:47.035Z
flip-only|WTAI|30m|1771338600000|1771601400000,flip-only,WTAI,CBOE:WTAI,30m,Swing 30m,LONG,Swing Low,2026-02-17 09:30,1771338600000,29.7,Flip Short,2026-02-20 10:30,1771601400000,30.15,327,9711.9,47,127.58,1.3123,215.92,2.221,147.05,1.5126,19.57,2026-07-27T19:18:05.578Z
flip-only|KORU|30m|1779480000000|1779784200000,flip-only,KORU,AMEX:KORU,30m,Swing 30m,LONG,Swing Low,2026-05-22 16:00,1779480000000,39,Flip Short,2026-05-26 04:30,1779784200000,45.7,296,11544,9,1958.13,16.9454,1986.46,17.1905,76.66,0.6634,25.07,2026-07-27T19:18:11.763Z
flip-only|KORU|30m|1783931400000|1784048400000,flip-only,KORU,AMEX:KORU,30m,Swing 30m,LONG,Swing Low,2026-07-13 04:30,1783931400000,21.4,Flip Short,2026-07-14 13:00,1784048400000,23.86,762,16306.8,49,1840.03,11.2726,2216.35,13.578,1083.11,6.6354,34.49,2026-07-27T19:18:11.763Z
flip-only|UDOW|30m|1784028600000|1784124000000,flip-only,UDOW,AMEX:UDOW,30m,Swing 30m,LONG,Swing Low,2026-07-14 07:30,1784028600000,69.55,Flip Short,2026-07-15 10:00,1784124000000,71.5,153,10641.15,36,276.77,2.5983,359.62,3.3761,64.19,0.6026,21.58,2026-07-27T19:18:14.738Z
flip-only|UDOW|30m|1784800800000|1785141000000,flip-only,UDOW,AMEX:UDOW,30m,Swing 30m,LONG,Swing Low,2026-07-23 06:00,1784800800000,68.6,Flip Short,2026-07-27 04:30,1785141000000,70,158,10838.8,61,199.3,1.8369,210.36,1.9389,318.94,2.9396,21.9,2026-07-27T19:18:14.738Z
flip-only|KRYS|30m|1771516800000|1773757800000,flip-only,KRYS,NASDAQ:KRYS,30m,Swing 30m,LONG,Swing Low,2026-02-19 11:00,1771516800000,265.66,Flip Short,2026-03-17 10:30,1773757800000,256.42,35,9298.1,270,-341.67,-3.671,492.6,5.2926,739.4,7.9442,18.27,2026-07-29T13:48:57.519Z
flip-only|KRYS|30m|1774260000000|1774535400000,flip-only,KRYS,NASDAQ:KRYS,30m,Swing 30m,LONG,Swing Low,2026-03-23 06:00,1774260000000,247.51,Flip Short,2026-03-26 10:30,1774535400000,257.86,37,9157.87,48,364.25,3.9735,435.95,4.7557,126.08,1.3753,18.7,2026-07-29T13:48:57.519Z
flip-only|KRYS|30m|1774625400000|1774965600000,flip-only,KRYS,NASDAQ:KRYS,30m,Swing 30m,LONG,Swing Low,2026-03-27 11:30,1774625400000,246.44,Flip Short,2026-03-31 10:00,1774965600000,258,38,9364.72,35,420.11,4.4816,434.48,4.6349,169.34,1.8065,19.17,2026-07-29T13:48:57.519Z
flip-only|KRYS|30m|1775745000000|1776106800000,flip-only,KRYS,NASDAQ:KRYS,30m,Swing 30m,LONG,Swing Low,2026-04-09 10:30,1775745000000,253.9,Flip Short,2026-04-13 15:00,1776106800000,266,39,9902.1,39,451.62,4.5563,485.4,4.8971,9.9,0.0999,20.28,2026-07-29T13:48:57.519Z
flip-only|KRYS|30m|1776965400000|1777300200000,flip-only,KRYS,NASDAQ:KRYS,30m,Swing 30m,LONG,Swing Low,2026-04-23 13:30,1776965400000,268.2,Flip Short,2026-04-27 10:30,1777300200000,278.56,38,10191.6,22,372.9,3.6553,502.05,4.9212,245.03,2.4018,20.78,2026-07-29T13:48:57.519Z
flip-only|KRYS|30m|1777473000000|1777892400000,flip-only,KRYS,NASDAQ:KRYS,30m,Swing 30m,LONG,Swing Low,2026-04-29 10:30,1777473000000,261.81,Flip Short,2026-05-04 07:00,1777892400000,273.3,40,10472.4,44,438.2,4.1801,449.13,4.2844,184.87,1.7636,21.4,2026-07-29T13:48:57.519Z
flip-only|KRYS|30m|1777901400000|1777924800000,flip-only,KRYS,NASDAQ:KRYS,30m,Swing 30m,LONG,Swing Low,2026-05-04 09:30,1777901400000,265.74,Flip Short,2026-05-04 16:00,1777924800000,287,43,11426.82,13,890.41,7.7845,912.21,7.9751,598.38,5.2314,23.77,2026-07-29T13:48:57.519Z
flip-only|KRYS|30m|1779112800000|1779368400000,flip-only,KRYS,NASDAQ:KRYS,30m,Swing 30m,LONG,Swing Low,2026-05-18 10:00,1779112800000,304.41,Flip Short,2026-05-21 09:00,1779368400000,309.99,39,11871.99,51,193.66,1.6296,205.75,1.7313,671.36,5.6494,23.96,2026-07-29T13:48:57.519Z
flip-only|KRYS|30m|1780344000000|1780583400000,flip-only,KRYS,NASDAQ:KRYS,30m,Swing 30m,LONG,Swing Low,2026-06-01 16:00,1780344000000,298.4,Flip Short,2026-06-04 10:30,1780583400000,310.77,40,11936,43,470.43,3.9374,502.06,4.2021,516.34,4.3215,24.37,2026-07-29T13:48:57.519Z
flip-only|KRYS|30m|1782223200000|1782397800000,flip-only,KRYS,NASDAQ:KRYS,30m,Swing 30m,LONG,Swing Low,2026-06-23 10:00,1782223200000,341.34,Flip Short,2026-06-25 10:30,1782397800000,356.81,36,12288.24,29,531.79,4.3233,586.03,4.7643,145.13,1.1799,25.13,2026-07-29T13:48:57.519Z
flip-only|KRYS|30m|1783458000000|1783605600000,flip-only,KRYS,NASDAQ:KRYS,30m,Swing 30m,LONG,Swing Low,2026-07-07 17:00,1783458000000,365,Flip Short,2026-07-09 10:00,1783605600000,379.98,35,12775,23,498.23,3.8961,552.48,4.3203,118.13,0.9237,26.07,2026-07-29T13:48:57.519Z
flip-only|KRYS|30m|1783692000000|1784545200000,flip-only,KRYS,NASDAQ:KRYS,30m,Swing 30m,LONG,Swing Low,2026-07-10 10:00,1783692000000,360.19,Flip Short,2026-07-20 07:00,1784545200000,358.22,37,13327.03,95,-99.47,-0.7456,261.95,1.9636,1204.36,9.0279,26.58,2026-07-29T13:48:57.519Z
flip-only|KRYS|30m|1784642400000|1785159000000,flip-only,KRYS,NASDAQ:KRYS,30m,Swing 30m,LONG,Swing Low,2026-07-21 10:00,1784642400000,335,Flip Short,2026-07-27 09:30,1785159000000,339.49,40,13400,60,152.62,1.1378,516.6,3.8514,634.2,4.7281,26.98,2026-07-29T13:48:57.519Z
flip-only|CORT|30m|1770917400000|1771945200000,flip-only,CORT,NASDAQ:CORT,30m,Swing 30m,LONG,Swing Low,2026-02-12 12:30,1770917400000,39.68,Flip Short,2026-02-24 10:00,1771945200000,37.08,239,9483.52,110,-639.75,-6.7391,191.28,2.0149,2619.36,27.5926,18.35,2026-07-29T13:49:00.369Z
flip-only|CORT|30m|1772042400000|1773257400000,flip-only,CORT,NASDAQ:CORT,30m,Swing 30m,LONG,Swing Low,2026-02-25 13:00,1772042400000,34.49,Flip Short,2026-03-11 15:30,1773257400000,34.21,257,8863.93,161,-89.62,-1.01,492.29,5.5483,409.78,4.6184,17.66,2026-07-29T13:49:00.369Z
flip-only|CORT|30m|1773325800000|1773774000000,flip-only,CORT,NASDAQ:CORT,30m,Swing 30m,LONG,Swing Low,2026-03-12 10:30,1773325800000,33.05,Flip Short,2026-03-17 15:00,1773774000000,33.18,266,8791.3,51,16.96,0.1928,28.45,0.3233,333.31,3.7876,17.62,2026-07-29T13:49:00.369Z
flip-only|CORT|30m|1774359000000|1774449000000,flip-only,CORT,NASDAQ:CORT,30m,Swing 30m,LONG,Swing Low,2026-03-24 09:30,1774359000000,33.23,Flip Short,2026-03-25 10:30,1774449000000,47.1,265,8805.95,16,3654.26,41.4562,3666.74,41.5978,69.76,0.7914,21.29,2026-07-29T13:49:00.369Z
flip-only|CORT|30m|1774638000000|1774965600000,flip-only,CORT,NASDAQ:CORT,30m,Swing 30m,LONG,Swing Low,2026-03-27 15:00,1774638000000,37.31,Flip Short,2026-03-31 10:00,1774965600000,39.26,329,12274.99,31,616.36,5.0162,629.27,5.1214,180.06,1.4655,25.19,2026-07-29T13:49:00.369Z
flip-only|CORT|30m|1775518200000|1775638800000,flip-only,CORT,NASDAQ:CORT,30m,Swing 30m,LONG,Swing Low,2026-04-06 19:30,1775518200000,40.9,Flip Short,2026-04-08 05:00,1775638800000,43.31,315,12883.5,20,732.62,5.6808,834.47,6.4705,176.68,1.37,26.53,2026-07-29T13:49:00.369Z
flip-only|CORT|30m|1776967200000|1777296600000,flip-only,CORT,NASDAQ:CORT,30m,Swing 30m,LONG,Swing Low,2026-04-23 14:00,1776967200000,44.68,Flip Short,2026-04-27 09:30,1777296600000,46.19,303,13538.04,20,430,3.173,819.71,6.0488,107.47,0.793,27.53,2026-07-29T13:49:00.369Z
flip-only|CORT|30m|1778173200000|1778508000000,flip-only,CORT,NASDAQ:CORT,30m,Swing 30m,LONG,Swing Low,2026-05-07 13:00,1778173200000,50.19,Flip Short,2026-05-11 10:00,1778508000000,51.49,278,13952.82,29,333.13,2.3852,761.67,5.4534,94.57,0.6771,28.27,2026-07-29T13:49:00.369Z
flip-only|CORT|30m|1779129000000|1779274800000,flip-only,CORT,NASDAQ:CORT,30m,Swing 30m,LONG,Swing Low,2026-05-18 14:30,1779129000000,55.38,Flip Short,2026-05-20 07:00,1779274800000,57.51,257,14232.66,21,518.4,3.6387,774.76,5.4381,289.22,2.0301,29.01,2026-07-29T13:49:00.369Z
flip-only|CORT|30m|1781811000000|1782396000000,flip-only,CORT,NASDAQ:CORT,30m,Swing 30m,LONG,Swing Low,2026-06-18 15:30,1781811000000,79.84,Flip Short,2026-06-25 10:00,1782396000000,83.95,185,14770.4,49,730.05,4.9377,777.03,5.2555,438.42,2.9653,30.3,2026-07-29T13:49:00.369Z
flip-only|CORT|30m|1783693800000|1784201400000,flip-only,CORT,NASDAQ:CORT,30m,Swing 30m,LONG,Swing Low,2026-07-10 10:30,1783693800000,91.15,Flip Short,2026-07-16 07:30,1784201400000,89.53,169,15404.35,65,-304.31,-1.9735,216.13,1.4016,1071.65,6.9499,30.53,2026-07-29T13:49:00.369Z
flip-only|CORT|30m|1784815200000|1784827800000,flip-only,CORT,NASDAQ:CORT,30m,Swing 30m,LONG,Swing Low,2026-07-23 10:00,1784815200000,93.97,Flip Short,2026-07-23 13:30,1784827800000,96.95,162,15223.14,7,451.83,2.9651,485.36,3.1851,31.42,0.2062,30.93,2026-07-29T13:49:00.369Z
flip-only|SBLK|30m|1770913800000|1771345800000,flip-only,SBLK,NASDAQ:SBLK,30m,Swing 30m,LONG,Swing Low,2026-02-12 11:30,1770913800000,23.04,Flip Short,2026-02-17 11:30,1771345800000,24.51,411,9469.44,30,584.63,6.1677,664.57,7.011,71.12,0.7503,19.54,2026-07-29T13:49:03.203Z
flip-only|SBLK|30m|1772031600000|1772204400000,flip-only,SBLK,NASDAQ:SBLK,30m,Swing 30m,LONG,Swing Low,2026-02-25 10:00,1772031600000,24.79,Flip Short,2026-02-27 10:00,1772204400000,25.41,404,10015.16,39,230.2,2.2962,333.38,3.3255,143.34,1.4298,20.28,2026-07-29T13:49:03.203Z
flip-only|SBLK|30m|1772636400000|1773822600000,flip-only,SBLK,NASDAQ:SBLK,30m,Swing 30m,LONG,Swing Low,2026-03-04 10:00,1772636400000,25.63,Flip Short,2026-03-18 04:30,1773822600000,22.57,400,10252,172,-1243.28,-12.1151,161.75,1.5761,1666.25,16.2367,19.28,2026-07-29T13:49:03.203Z
flip-only|SBLK|30m|1774252800000|1774360800000,flip-only,SBLK,NASDAQ:SBLK,30m,Swing 30m,LONG,Swing Low,2026-03-23 04:00,1774252800000,22.4,Flip Short,2026-03-24 10:00,1774360800000,23.25,406,9094.4,19,326.57,3.5873,336.01,3.691,82.17,0.9027,18.53,2026-07-29T13:49:03.203Z
flip-only|SBLK|30m|1774553400000|1775041200000,flip-only,SBLK,NASDAQ:SBLK,30m,Swing 30m,LONG,Swing Low,2026-03-26 15:30,1774553400000,22.69,Flip Short,2026-04-01 07:00,1775041200000,23.02,413,9370.97,46,117.41,1.2517,126.92,1.353,352.16,3.7542,18.88,2026-07-29T13:49:03.203Z
flip-only|SBLK|30m|1776691800000|1776697200000,flip-only,SBLK,NASDAQ:SBLK,30m,Swing 30m,LONG,Swing Low,2026-04-20 09:30,1776691800000,24.39,Flip Short,2026-04-20 11:00,1776697200000,25.22,391,9536.49,3,305.13,3.1964,385.37,4.037,185.49,1.9431,19.4,2026-07-29T13:49:03.203Z
flip-only|SBLK|30m|1777028400000|1777374000000,flip-only,SBLK,NASDAQ:SBLK,30m,Swing 30m,LONG,Swing Low,2026-04-24 07:00,1777028400000,24.2,Flip Short,2026-04-28 07:00,1777374000000,24.55,405,9801,38,122.01,1.2436,306.1,3.12,131.3,1.3383,19.74,2026-07-29T13:49:03.203Z
flip-only|SBLK|30m|1778511600000|1778614200000,flip-only,SBLK,NASDAQ:SBLK,30m,Swing 30m,LONG,Swing Low,2026-05-11 11:00,1778511600000,26.42,Flip Short,2026-05-12 15:30,1778614200000,27.31,374,9881.08,23,312.76,3.1621,337.94,3.4166,13.62,0.1377,20.1,2026-07-29T13:49:03.203Z
flip-only|SBLK|30m|1778689800000|1779273000000,flip-only,SBLK,NASDAQ:SBLK,30m,Swing 30m,LONG,Swing Low,2026-05-13 12:30,1778689800000,26.42,Flip Short,2026-05-20 06:30,1779273000000,26.78,386,10198.12,74,118.42,1.1601,148.06,1.4504,207.06,2.0283,20.54,2026-07-29T13:49:03.203Z
flip-only|SBLK|30m|1780063200000|1780324200000,flip-only,SBLK,NASDAQ:SBLK,30m,Swing 30m,LONG,Swing Low,2026-05-29 10:00,1780063200000,26.95,Flip Short,2026-06-01 10:30,1780324200000,27.84,383,10321.85,20,319.89,3.096,361.19,3.4958,40.96,0.3964,20.98,2026-07-29T13:49:03.203Z
flip-only|SBLK|30m|1780585200000|1780693200000,flip-only,SBLK,NASDAQ:SBLK,30m,Swing 30m,LONG,Swing Low,2026-06-04 11:00,1780585200000,26.96,Flip Short,2026-06-05 17:00,1780693200000,27.21,393,10595.28,26,76.96,0.7256,268.43,2.531,81.34,0.7669,21.29,2026-07-29T13:49:03.203Z
flip-only|SBLK|30m|1780927200000|1781200800000,flip-only,SBLK,NASDAQ:SBLK,30m,Swing 30m,LONG,Swing Low,2026-06-08 10:00,1780927200000,26.69,Flip Short,2026-06-11 14:00,1781200800000,27.15,400,10676,53,162.46,1.5202,237.32,2.2207,202.68,1.8965,21.54,2026-07-29T13:49:03.203Z
flip-only|SBLK|30m|1781784000000|1782228600000,flip-only,SBLK,NASDAQ:SBLK,30m,Swing 30m,LONG,Swing Low,2026-06-18 08:00,1781784000000,26.44,Flip Short,2026-06-23 11:30,1782228600000,26.86,410,10840.4,37,150.35,1.3855,226.96,2.0916,478.24,4.4072,21.85,2026-07-29T13:49:03.203Z
flip-only|SBLK|30m|1782397800000|1782919800000,flip-only,SBLK,NASDAQ:SBLK,30m,Swing 30m,LONG,Swing Low,2026-06-25 10:30,1782397800000,25.43,Flip Short,2026-07-01 11:30,1782919800000,25.16,432,10985.76,71,-138.49,-1.2594,66.77,0.6072,689.23,6.2675,21.85,2026-07-29T13:49:03.203Z
flip-only|SBLK|30m|1783612800000|1783951200000,flip-only,SBLK,NASDAQ:SBLK,30m,Swing 30m,LONG,Swing Low,2026-07-09 12:00,1783612800000,25.44,Flip Short,2026-07-13 10:00,1783951200000,26.53,426,10837.44,26,442.2,4.0762,542.96,5.0051,36.4,0.3355,22.14,2026-07-29T13:49:03.203Z
flip-only|SBLK|30m|1784232000000|1784653200000,flip-only,SBLK,NASDAQ:SBLK,30m,Swing 30m,LONG,Swing Low,2026-07-16 16:00,1784232000000,26.02,Flip Short,2026-07-21 13:00,1784653200000,26.48,433,11266.66,46,176.45,1.5645,200.9,1.7814,517.88,4.5919,22.73,2026-07-29T13:49:03.203Z
flip-only|LFST|30m|1770307200000|1770741000000,flip-only,LFST,NASDAQ:LFST,30m,Swing 30m,LONG,Swing Low,2026-02-05 11:00,1770307200000,6.87,Flip Short,2026-02-10 11:30,1770741000000,7.01,1381,9487.47,44,174.17,1.834,211.47,2.2267,575.7,6.0619,19.17,2026-07-29T13:49:20.749Z
flip-only|LFST|30m|1772114400000|1773838800000,flip-only,LFST,NASDAQ:LFST,30m,Swing 30m,LONG,Swing Low,2026-02-26 09:00,1772114400000,6.7,Flip Short,2026-03-18 09:00,1773838800000,6.51,1445,9681.5,205,-293.64,-3.03,1131.87,11.6794,717.73,7.406,19.09,2026-07-29T13:49:20.749Z
flip-only|LFST|30m|1774017000000|1774279800000,flip-only,LFST,NASDAQ:LFST,30m,Swing 30m,LONG,Swing Low,2026-03-20 10:30,1774017000000,6.35,Flip Short,2026-03-23 11:30,1774279800000,6.58,1476,9372.6,16,320.4,3.415,389.15,4.1478,38.89,0.4145,19.08,2026-07-29T13:49:20.749Z
flip-only|LFST|30m|1774632600000|1775647800000,flip-only,LFST,NASDAQ:LFST,30m,Swing 30m,LONG,Swing Low,2026-03-27 13:30,1774632600000,6.34,Flip Short,2026-04-08 07:30,1775647800000,6.95,1524,9662.16,89,909.39,9.4024,980.94,10.1422,192.54,1.9908,20.25,2026-07-29T13:49:20.749Z
flip-only|LFST|30m|1775842200000|1776184200000,flip-only,LFST,NASDAQ:LFST,30m,Swing 30m,LONG,Swing Low,2026-04-10 13:30,1775842200000,6.36,Flip Short,2026-04-14 12:30,1776184200000,6.57,1657,10538.52,25,326.54,3.0955,354,3.3558,76.82,0.7282,21.43,2026-07-29T13:49:20.749Z
flip-only|LFST|30m|1777906800000|1778148000000,flip-only,LFST,NASDAQ:LFST,30m,Swing 30m,LONG,Swing Low,2026-05-04 11:00,1777906800000,7.37,Flip Short,2026-05-07 06:00,1778148000000,7.64,1470,10833.9,39,374.84,3.4564,386.07,3.5599,290.13,2.6753,22.06,2026-07-29T13:49:20.749Z
flip-only|LFST|30m|1778504400000|1778682600000,flip-only,LFST,NASDAQ:LFST,30m,Swing 30m,LONG,Swing Low,2026-05-11 09:00,1778504400000,7.7,Flip Short,2026-05-13 10:30,1778682600000,8.03,1478,11380.6,32,464.49,4.0774,520.7,4.5708,173.96,1.527,23.25,2026-07-29T13:49:20.749Z
flip-only|LFST|30m|1778862600000|1779976800000,flip-only,LFST,NASDAQ:LFST,30m,Swing 30m,LONG,Swing Low,2026-05-15 12:30,1778862600000,7.71,Flip Short,2026-05-28 10:00,1779976800000,7.67,1513,11665.23,113,-83.79,-0.7176,260.67,2.2324,722.78,6.1898,23.27,2026-07-29T13:49:20.749Z
flip-only|LFST|30m|1780495200000|1781089200000,flip-only,LFST,NASDAQ:LFST,30m,Swing 30m,LONG,Swing Low,2026-06-03 10:00,1780495200000,7.63,Flip Short,2026-06-10 07:00,1781089200000,7.6,1516,11567.08,73,-68.57,-0.5922,337.11,2.9115,527.01,4.5515,23.09,2026-07-29T13:49:20.749Z
flip-only|LFST|30m|1783380600000|1784129400000,flip-only,LFST,NASDAQ:LFST,30m,Swing 30m,LONG,Swing Low,2026-07-06 19:30,1783380600000,11.02,Flip Short,2026-07-15 11:30,1784129400000,10.99,1048,11548.96,95,-54.51,-0.4715,61.81,0.5347,703.23,6.083,23.07,2026-07-29T13:49:20.749Z
flip-only|LFST|30m|1784728800000|1785331800000,flip-only,LFST,NASDAQ:LFST,30m,Swing 30m,LONG,Swing Low,2026-07-22 10:00,1784728800000,11.21,Flip Short,2026-07-29 09:30,1785331800000,11.29,1021,11445.41,69,58.71,0.5124,70.23,0.613,552.58,4.8231,22.97,2026-07-29T13:49:20.749Z
flip-only|NWSA|30m|1769635800000|1770022800000,flip-only,NWSA,NASDAQ:NWSA,30m,Swing 30m,LONG,Swing Low,2026-01-28 16:30,1769635800000,26.63,Flip Short,2026-02-02 04:00,1770022800000,27.01,356,9480.28,30,116.18,1.2243,154.28,1.6257,126.96,1.3379,19.1,2026-07-29T13:49:23.711Z
flip-only|NWSA|30m|1770130800000|1771439400000,flip-only,NWSA,NASDAQ:NWSA,30m,Swing 30m,LONG,Swing Low,2026-02-03 10:00,1770130800000,26.11,Flip Short,2026-02-18 13:30,1771439400000,23.35,367,9582.37,166,-1031.07,-10.7493,16.11,0.1679,1440.88,15.0218,18.15,2026-07-29T13:49:23.711Z
flip-only|NWSA|30m|1771875000000|1772118000000,flip-only,NWSA,NASDAQ:NWSA,30m,Swing 30m,LONG,Swing Low,2026-02-23 14:30,1771875000000,23.08,Flip Short,2026-02-26 10:00,1772118000000,24.29,373,8608.84,38,433.66,5.0324,442.72,5.1375,98.13,1.1387,17.67,2026-07-29T13:49:23.711Z
flip-only|NWSA|30m|1773324000000|1773752400000,flip-only,NWSA,NASDAQ:NWSA,30m,Swing 30m,LONG,Swing Low,2026-03-12 10:00,1773324000000,24.23,Flip Short,2026-03-17 09:00,1773752400000,24.49,372,9013.56,40,78.6,0.8711,87.71,0.9721,269.41,2.986,18.12,2026-07-29T13:49:23.711Z
flip-only|NWSA|30m|1773930600000|1774272600000,flip-only,NWSA,NASDAQ:NWSA,30m,Swing 30m,LONG,Swing Low,2026-03-19 10:30,1773930600000,23.88,Flip Short,2026-03-23 09:30,1774272600000,24.43,381,9098.28,28,191.14,2.0988,284.27,3.1213,150.07,1.6478,18.41,2026-07-29T13:49:23.711Z
flip-only|NWSA|30m|1775140200000|1775656800000,flip-only,NWSA,NASDAQ:NWSA,30m,Swing 30m,LONG,Swing Low,2026-04-02 10:30,1775140200000,24.23,Flip Short,2026-04-08 10:00,1775656800000,24.8,383,9280.09,44,199.53,2.148,239.67,2.58,39.92,0.4297,18.78,2026-07-29T13:49:23.711Z
flip-only|NWSA|30m|1776087000000|1776108600000,flip-only,NWSA,NASDAQ:NWSA,30m,Swing 30m,LONG,Swing Low,2026-04-13 09:30,1776087000000,24.43,Flip Short,2026-04-13 15:30,1776108600000,24.91,384,9381.12,12,165.37,1.7611,194.14,2.0674,20.9,0.2226,18.95,2026-07-29T13:49:23.711Z
flip-only|NWSA|30m|1777471200000|1777642200000,flip-only,NWSA,NASDAQ:NWSA,30m,Swing 30m,LONG,Swing Low,2026-04-29 10:00,1777471200000,26.1,Flip Short,2026-05-01 09:30,1777642200000,26.5,369,9630.9,30,128.19,1.3297,259.74,2.6942,79.74,0.8271,19.41,2026-07-29T13:49:23.711Z
flip-only|NWSA|30m|1777923000000|1778095800000,flip-only,NWSA,NASDAQ:NWSA,30m,Swing 30m,LONG,Swing Low,2026-05-04 15:30,1777923000000,25.88,Flip Short,2026-05-06 15:30,1778095800000,26.49,377,9756.76,28,210.23,2.1525,242.83,2.4864,235.96,2.416,19.74,2026-07-29T13:49:23.711Z
flip-only|NWSA|30m|1778767200000|1779890400000,flip-only,NWSA,NASDAQ:NWSA,30m,Swing 30m,LONG,Swing Low,2026-05-14 10:00,1778767200000,26.38,Flip Short,2026-05-27 10:00,1779890400000,26.67,377,9945.26,112,89.33,0.8973,137.08,1.377,311.55,3.1295,20,2026-07-29T13:49:23.711Z
flip-only|NWSA|30m|1780497000000|1780668000000,flip-only,NWSA,NASDAQ:NWSA,30m,Swing 30m,LONG,Swing Low,2026-06-03 10:30,1780497000000,25.94,Flip Short,2026-06-05 10:00,1780668000000,27.11,386,10012.84,28,431.14,4.3016,460.91,4.5986,44.75,0.4465,20.48,2026-07-29T13:49:23.711Z
flip-only|NWSA|30m|1781193600000|1781713800000,flip-only,NWSA,NASDAQ:NWSA,30m,Swing 30m,LONG,Swing Low,2026-06-11 12:00,1781193600000,26.49,Flip Short,2026-06-17 12:30,1781713800000,26.51,394,10437.06,62,-13,-0.1245,123.52,1.1823,538.4,5.1534,20.88,2026-07-29T13:49:23.711Z
flip-only|NWSA|30m|1782126000000|1782741600000,flip-only,NWSA,NASDAQ:NWSA,30m,Swing 30m,LONG,Swing Low,2026-06-22 07:00,1782126000000,25.31,Flip Short,2026-06-29 10:00,1782741600000,25.83,413,10453.03,78,193.64,1.8506,208.44,1.992,406.93,3.8891,21.12,2026-07-29T13:49:23.711Z
flip-only|NWSA|30m|1782828000000|1782916200000,flip-only,NWSA,NASDAQ:NWSA,30m,Swing 30m,LONG,Swing Low,2026-06-30 10:00,1782828000000,24.96,Flip Short,2026-07-01 10:30,1782916200000,25.91,425,10608,15,382.13,3.5987,405.89,3.8225,163.61,1.5408,21.62,2026-07-29T13:49:23.711Z
flip-only|NWSA|30m|1784104200000|1784125800000,flip-only,NWSA,NASDAQ:NWSA,30m,Swing 30m,LONG,Swing Low,2026-07-15 04:30,1784104200000,26.73,Flip Short,2026-07-15 10:30,1784125800000,28.32,418,11173.14,3,641.61,5.7367,678.53,6.0668,215.99,1.9312,23.01,2026-07-29T13:49:23.711Z
flip-only|NWSA|30m|1784642400000|1785245400000,flip-only,NWSA,NASDAQ:NWSA,30m,Swing 30m,LONG,Swing Low,2026-07-21 10:00,1784642400000,27.81,Flip Short,2026-07-28 09:30,1785245400000,27.33,416,11568.96,71,-222.62,-1.9223,0.91,0.0079,697.97,6.0271,22.94,2026-07-29T13:49:23.711Z
flip-only|NTR|30m|1769785200000|1770217200000,flip-only,NTR,TSX:NTR,30m,Swing 30m,LONG,Swing Low,2026-01-30 10:00,1769785200000,94.49,Flip Short,2026-02-04 10:00,1770217200000,96.92,100,9449,43,223.86,2.3668,304.55,3.2199,182.45,1.929,19.14,2026-07-29T13:49:26.786Z
flip-only|NTR|30m|1770310800000|1770750000000,flip-only,NTR,TSX:NTR,30m,Swing 30m,LONG,Swing Low,2026-02-05 12:00,1770310800000,93.68,Flip Short,2026-02-10 14:00,1770750000000,96.48,103,9649.04,46,268.81,2.7831,285.96,2.9607,116.77,1.209,19.59,2026-07-29T13:49:26.786Z
flip-only|NTR|30m|1771340400000|1771513200000,flip-only,NTR,TSX:NTR,30m,Swing 30m,LONG,Swing Low,2026-02-17 10:00,1771340400000,94.8,Flip Short,2026-02-19 10:00,1771513200000,97.43,105,9954,28,255.97,2.5689,355.45,3.5673,40.4,0.4055,20.18,2026-07-29T13:49:26.786Z
flip-only|NTR|30m|1772649000000|1772821800000,flip-only,NTR,TSX:NTR,30m,Swing 30m,LONG,Swing Low,2026-03-04 13:30,1772649000000,99.84,Flip Short,2026-03-06 13:30,1772821800000,104.44,102,10183.68,28,448.36,4.3984,464.12,4.5529,104.02,1.0205,20.84,2026-07-29T13:49:26.786Z
flip-only|NTR|30m|1773691200000|1774454400000,flip-only,NTR,TSX:NTR,30m,Swing 30m,LONG,Swing Low,2026-03-16 16:00,1773691200000,106.43,Flip Short,2026-03-25 12:00,1774454400000,106.26,99,10536.57,91,-37.89,-0.3592,357.74,3.3919,741.16,7.0271,21.06,2026-07-29T13:49:26.786Z
flip-only|NTR|30m|1775064600000|1775570400000,flip-only,NTR,TSX:NTR,30m,Swing 30m,LONG,Swing Low,2026-04-01 13:30,1775064600000,101.94,Flip Short,2026-04-07 10:00,1775570400000,107.97,103,10499.82,35,599.47,5.7036,617.8,5.878,20.8,0.1979,21.62,2026-07-29T13:49:26.786Z
flip-only|NTR|30m|1775656800000|1777298400000,flip-only,NTR,TSX:NTR,30m,Swing 30m,LONG,Swing Low,2026-04-08 10:00,1775656800000,99.96,Flip Short,2026-04-27 10:00,1777298400000,99.54,111,11095.56,182,-68.76,-0.6191,589.41,5.3069,586.08,5.2768,22.14,2026-07-29T13:49:26.786Z
flip-only|NTR|30m|1778076000000|1778608800000,flip-only,NTR,TSX:NTR,30m,Swing 30m,LONG,Swing Low,2026-05-06 10:00,1778076000000,100.39,Flip Short,2026-05-12 14:00,1778608800000,98.7,110,11042.9,64,-207.8,-1.8799,124.26,1.1241,795.34,7.1951,21.9,2026-07-29T13:49:26.786Z
flip-only|NTR|30m|1779199200000|1780344000000,flip-only,NTR,TSX:NTR,30m,Swing 30m,LONG,Swing Low,2026-05-19 10:00,1779199200000,97.03,Flip Short,2026-06-01 16:00,1780344000000,96.35,112,10867.36,139,-97.82,-0.8992,242.25,2.2269,381.59,3.5078,21.66,2026-07-29T13:49:26.786Z
flip-only|NTR|30m|1780668000000|1781283600000,flip-only,NTR,TSX:NTR,30m,Swing 30m,LONG,Swing Low,2026-06-05 10:00,1780668000000,94.77,Flip Short,2026-06-12 13:00,1781283600000,94.4,114,10803.78,76,-63.75,-0.5894,17.7,0.1636,514.68,4.7592,21.57,2026-07-29T13:49:26.786Z
flip-only|NTR|30m|1781629200000|1782828000000,flip-only,NTR,TSX:NTR,30m,Swing 30m,LONG,Swing Low,2026-06-16 13:00,1781629200000,90.77,Flip Short,2026-06-30 10:00,1782828000000,89.43,118,10710.86,134,-179.38,-1.6731,167.47,1.562,710.45,6.6264,21.26,2026-07-29T13:49:26.786Z
flip-only|NTR|30m|1783692000000|1783951200000,flip-only,NTR,TSX:NTR,30m,Swing 30m,LONG,Swing Low,2026-07-10 10:00,1783692000000,91.56,Flip Short,2026-07-13 10:00,1783951200000,94.94,115,10529.4,14,367.25,3.4844,408.07,3.8717,40.43,0.3836,21.45,2026-07-29T13:49:26.786Z
flip-only|NTR|30m|1784556000000|1784728800000,flip-only,NTR,TSX:NTR,30m,Swing 30m,LONG,Swing Low,2026-07-20 10:00,1784556000000,93.37,Flip Short,2026-07-22 10:00,1784728800000,96.75,116,10830.92,28,370.03,3.413,404.45,3.7305,75.79,0.6991,22.05,2026-07-29T13:49:26.786Z
flip-only|NTR|30m|1785160800000|1785267000000,flip-only,NTR,TSX:NTR,30m,Swing 30m,LONG,Swing Low,2026-07-27 10:00,1785160800000,94.13,Flip Short,2026-07-28 15:30,1785267000000,98.12,119,11201.47,25,451.93,4.0305,474.32,4.2302,11.2,0.0999,22.88,2026-07-29T13:49:26.786Z
flip-only|MDLZ|30m|1773864000000|1774265400000,flip-only,MDLZ,NASDAQ:MDLZ,30m,Swing 30m,LONG,Swing Low,2026-03-18 16:00,1773864000000,56.48,Flip Short,2026-03-23 07:30,1774265400000,57.16,168,9488.64,52,95.15,1.0018,175.31,1.8457,127.09,1.338,19.09,2026-07-29T13:49:29.696Z
flip-only|MDLZ|30m|1774967400000|1775482200000,flip-only,MDLZ,NASDAQ:MDLZ,30m,Swing 30m,LONG,Swing Low,2026-03-31 10:30,1774967400000,57.2,Flip Short,2026-04-06 09:30,1775482200000,57.5,167,9552.4,50,30.95,0.3236,95.66,1.0004,123.11,1.2875,19.15,2026-07-29T13:49:29.696Z
flip-only|MDLZ|30m|1776088800000|1776682800000,flip-only,MDLZ,NASDAQ:MDLZ,30m,Swing 30m,LONG,Swing Low,2026-04-13 10:00,1776088800000,58.2,Flip Short,2026-04-20 07:00,1776682800000,57.47,165,9603,93,-139.54,-1.4516,21.75,0.2262,361.05,3.756,19.09,2026-07-29T13:49:29.696Z
flip-only|MDLZ|30m|1776780000000|1776967200000,flip-only,MDLZ,NASDAQ:MDLZ,30m,Swing 30m,LONG,Swing Low,2026-04-21 10:00,1776780000000,56.87,Flip Short,2026-04-23 14:00,1776967200000,57.46,166,9440.42,44,78.96,0.8356,108.42,1.1473,193.7,2.0498,18.98,2026-07-29T13:49:29.696Z
flip-only|MDLZ|30m|1777989600000|1778076000000,flip-only,MDLZ,NASDAQ:MDLZ,30m,Swing 30m,LONG,Swing Low,2026-05-05 10:00,1777989600000,60.74,Flip Short,2026-05-06 10:00,1778076000000,61.83,157,9536.18,22,151.89,1.5911,200.84,2.104,44.08,0.4617,19.24,2026-07-29T13:49:29.696Z
flip-only|MDLZ|30m|1778688000000|1779199200000,flip-only,MDLZ,NASDAQ:MDLZ,30m,Swing 30m,LONG,Swing Low,2026-05-13 12:00,1778688000000,61.06,Flip Short,2026-05-19 10:00,1779199200000,62.29,158,9647.48,68,174.85,1.8106,192.59,1.9943,129.73,1.3433,19.49,2026-07-29T13:49:29.696Z
flip-only|MDLZ|30m|1779872400000|1779890400000,flip-only,MDLZ,NASDAQ:MDLZ,30m,Swing 30m,LONG,Swing Low,2026-05-27 05:00,1779872400000,61.08,Flip Short,2026-05-27 10:00,1779890400000,62.2,162,9894.96,7,161.47,1.6302,226.63,2.288,55.25,0.5579,19.97,2026-07-29T13:49:29.696Z
flip-only|MDLZ|30m|1780311600000|1780495200000,flip-only,MDLZ,NASDAQ:MDLZ,30m,Swing 30m,LONG,Swing Low,2026-06-01 07:00,1780311600000,61,Flip Short,2026-06-03 10:00,1780495200000,61.9,164,10004,39,127.44,1.2727,158.92,1.5869,182.2,1.8195,20.16,2026-07-29T13:49:29.696Z
flip-only|MDLZ|30m|1780597800000|1780684200000,flip-only,MDLZ,NASDAQ:MDLZ,30m,Swing 30m,LONG,Swing Low,2026-06-04 14:30,1780597800000,60.77,Flip Short,2026-06-05 14:30,1780684200000,62.89,166,10087.82,15,331.39,3.2818,345.15,3.4181,13.41,0.1328,20.53,2026-07-29T13:49:29.696Z
flip-only|MDLZ|30m|1781272800000|1782244800000,flip-only,MDLZ,NASDAQ:MDLZ,30m,Swing 30m,LONG,Swing Low,2026-06-12 10:00,1781272800000,62.57,Flip Short,2026-06-23 16:00,1782244800000,61.05,167,10449.19,139,-274.48,-2.6242,71.38,0.6824,531.49,5.0813,20.64,2026-07-29T13:49:29.696Z
flip-only|MDLZ|30m|1782504000000|1783000800000,flip-only,MDLZ,NASDAQ:MDLZ,30m,Swing 30m,LONG,Swing Low,2026-06-26 16:00,1782504000000,60.73,Flip Short,2026-07-02 10:00,1783000800000,60.02,167,10141.91,68,-138.74,-1.3666,73.36,0.7226,527.84,5.1994,20.17,2026-07-29T13:49:29.696Z
flip-only|MDLZ|30m|1783603800000|1783951200000,flip-only,MDLZ,NASDAQ:MDLZ,30m,Swing 30m,LONG,Swing Low,2026-07-09 09:30,1783603800000,59.25,Flip Short,2026-07-13 10:00,1783951200000,60.66,170,10072.5,38,219.32,2.1752,246.63,2.4461,273.57,2.7133,20.38,2026-07-29T13:49:29.696Z
flip-only|MDLZ|30m|1784122200000|1784210400000,flip-only,MDLZ,NASDAQ:MDLZ,30m,Swing 30m,LONG,Swing Low,2026-07-15 09:30,1784122200000,58.34,Flip Short,2026-07-16 10:00,1784210400000,60.44,176,10267.84,20,348.69,3.3926,389.25,3.7872,92.99,0.9047,20.91,2026-07-29T13:49:29.696Z
flip-only|MDLZ|30m|1784642400000|1784743200000,flip-only,MDLZ,NASDAQ:MDLZ,30m,Swing 30m,LONG,Swing Low,2026-07-21 10:00,1784642400000,59.28,Flip Short,2026-07-22 14:00,1784743200000,60.81,178,10551.84,32,250.96,2.376,277.81,2.6302,23.01,0.2179,21.38,2026-07-29T13:49:29.696Z
flip-only|FWONK|30m|1769698800000|1770228000000,flip-only,FWONK,NASDAQ:FWONK,30m,Swing 30m,LONG,Swing Low,2026-01-29 10:00,1769698800000,86.91,Flip Short,2026-02-04 13:00,1770228000000,87.99,109,9473.19,66,98.66,1.0404,152.94,1.6128,440.02,4.6403,19.06,2026-07-29T13:49:32.576Z
flip-only|FWONK|30m|1770651000000|1771340400000,flip-only,FWONK,NASDAQ:FWONK,30m,Swing 30m,LONG,Swing Low,2026-02-09 10:30,1770651000000,84.4,Flip Short,2026-02-17 10:00,1771340400000,86.29,113,9537.2,67,194.28,2.0351,307.99,3.2262,128.19,1.3427,19.29,2026-07-29T13:49:32.576Z
flip-only|FWONK|30m|1771893000000|1772114400000,flip-only,FWONK,NASDAQ:FWONK,30m,Swing 30m,LONG,Swing Low,2026-02-23 19:30,1771893000000,87.95,Flip Short,2026-02-26 09:00,1772114400000,90.64,111,9762.45,28,278.77,2.8526,709.52,7.2606,243.97,2.4966,19.82,2026-07-29T13:49:32.576Z
flip-only|FWONK|30m|1772555400000|1773156600000,flip-only,FWONK,NASDAQ:FWONK,30m,Swing 30m,LONG,Swing Low,2026-03-03 11:30,1772555400000,88.59,Flip Short,2026-03-10 11:30,1773156600000,85.98,113,10010.67,78,-314.66,-3.1401,113.16,1.1293,821.35,8.1966,19.73,2026-07-29T13:49:32.576Z
flip-only|FWONK|30m|1773421200000|1773756000000,flip-only,FWONK,NASDAQ:FWONK,30m,Swing 30m,LONG,Swing Low,2026-03-13 13:00,1773421200000,84.04,Flip Short,2026-03-17 10:00,1773756000000,88.69,115,9664.6,24,514.89,5.3222,582.59,6.022,120.06,1.2411,19.86,2026-07-29T13:49:32.576Z
flip-only|FWONK|30m|1773930600000|1774445400000,flip-only,FWONK,NASDAQ:FWONK,30m,Swing 30m,LONG,Swing Low,2026-03-19 10:30,1773930600000,83.69,Flip Short,2026-03-25 09:30,1774445400000,84.05,122,10210.18,54,23.46,0.2295,126.43,1.237,324.97,3.1796,20.46,2026-07-29T13:49:32.576Z
flip-only|FWONK|30m|1774620000000|1774976400000,flip-only,FWONK,NASDAQ:FWONK,30m,Swing 30m,LONG,Swing Low,2026-03-27 10:00,1774620000000,82.09,Flip Short,2026-03-31 13:00,1774976400000,85.28,124,10179.16,34,374.81,3.6784,480.86,4.7193,223.46,2.1931,20.75,2026-07-29T13:49:32.576Z
flip-only|FWONK|30m|1776360600000|1776434400000,flip-only,FWONK,NASDAQ:FWONK,30m,Swing 30m,LONG,Swing Low,2026-04-16 13:30,1776360600000,88.84,Flip Short,2026-04-17 10:00,1776434400000,91.21,119,10571.96,6,260.6,2.4626,366.66,3.4647,11.76,0.1111,21.43,2026-07-29T13:49:32.576Z
flip-only|FWONK|30m|1776780000000|1777298400000,flip-only,FWONK,NASDAQ:FWONK,30m,Swing 30m,LONG,Swing Low,2026-04-21 10:00,1776780000000,88.8,Flip Short,2026-04-27 10:00,1777298400000,89.44,121,10744.8,55,55.87,0.5195,80.01,0.7439,371.32,3.4524,21.57,2026-07-29T13:49:32.576Z
flip-only|FWONK|30m|1777384800000|1777636800000,flip-only,FWONK,NASDAQ:FWONK,30m,Swing 30m,LONG,Swing Low,2026-04-28 10:00,1777384800000,86.49,Flip Short,2026-05-01 08:00,1777636800000,87.07,125,10811.25,45,50.8,0.4695,170.44,1.5749,320.81,2.9644,21.7,2026-07-29T13:49:32.576Z
flip-only|FWONK|30m|1778608800000|1779807600000,flip-only,FWONK,NASDAQ:FWONK,30m,Swing 30m,LONG,Swing Low,2026-05-12 14:00,1778608800000,91.1,Flip Short,2026-05-26 11:00,1779807600000,90.84,120,10932,129,-53.03,-0.4846,250.67,2.2907,423.73,3.8722,21.83,2026-07-29T13:49:32.576Z
flip-only|FWONK|30m|1780495200000|1781015400000,flip-only,FWONK,NASDAQ:FWONK,30m,Swing 30m,LONG,Swing Low,2026-06-03 10:00,1780495200000,88.12,Flip Short,2026-06-09 10:30,1781015400000,88.38,123,10838.76,60,10.27,0.0947,136.76,1.2605,401.98,3.705,21.71,2026-07-29T13:49:32.576Z
flip-only|FWONK|30m|1782223200000|1782396000000,flip-only,FWONK,NASDAQ:FWONK,30m,Swing 30m,LONG,Swing Low,2026-06-23 10:00,1782223200000,89.3,Flip Short,2026-06-25 10:00,1782396000000,92.23,122,10894.6,29,335.31,3.0747,346.57,3.1779,32.85,0.3013,22.15,2026-07-29T13:49:32.576Z
flip-only|FWONK|30m|1783519200000|1783953000000,flip-only,FWONK,NASDAQ:FWONK,30m,Swing 30m,LONG,Swing Low,2026-07-08 10:00,1783519200000,97.14,Flip Short,2026-07-13 10:30,1783953000000,99.96,115,11171.1,43,301.63,2.6974,313.13,2.8002,335.47,3,22.67,2026-07-29T13:49:32.576Z
flip-only|FWONK|30m|1784291400000|1784556000000,flip-only,FWONK,NASDAQ:FWONK,30m,Swing 30m,LONG,Swing Low,2026-07-17 08:30,1784291400000,99.73,Flip Short,2026-07-20 10:00,1784556000000,102.79,116,11568.68,16,331.47,2.8624,343.39,2.9653,531.25,4.5875,23.49,2026-07-29T13:49:32.576Z
flip-only|FWONK|30m|1784746800000|1785166200000,flip-only,FWONK,NASDAQ:FWONK,30m,Swing 30m,LONG,Swing Low,2026-07-22 15:00,1784746800000,97.21,Flip Short,2026-07-27 11:30,1785166200000,98.53,121,11762.41,36,136.04,1.1554,147.96,1.2566,316.68,2.6896,23.68,2026-07-29T13:49:32.576Z
flip-only|NWS|30m|1771864200000|1772118000000,flip-only,NWS,NASDAQ:NWS,30m,Swing 30m,LONG,Swing Low,2026-02-23 11:30,1771864200000,25.95,Flip Short,2026-02-26 10:00,1772118000000,27.03,365,9471.75,56,374.86,3.9537,384.73,4.0578,129.92,1.3703,19.34,2026-07-29T13:49:35.596Z
flip-only|NWS|30m|1772465400000|1772649000000,flip-only,NWS,NASDAQ:NWS,30m,Swing 30m,LONG,Swing Low,2026-03-02 10:30,1772465400000,26.27,Flip Short,2026-03-04 13:30,1772649000000,26.87,375,9851.25,40,205.07,2.0796,237.65,2.41,204.85,2.0774,19.93,2026-07-29T13:49:35.596Z
flip-only|NWS|30m|1773219600000|1773667800000,flip-only,NWS,NASDAQ:NWS,30m,Swing 30m,LONG,Swing Low,2026-03-11 05:00,1773219600000,27,Flip Short,2026-03-16 09:30,1773667800000,27.16,369,9963,62,39.05,0.3916,255.72,2.5641,157.56,1.5799,19.99,2026-07-29T13:49:35.596Z
flip-only|NWS|30m|1773909000000|1774272600000,flip-only,NWS,NASDAQ:NWS,30m,Swing 30m,LONG,Swing Low,2026-03-19 04:30,1773909000000,27.33,Flip Short,2026-03-23 09:30,1774272600000,28.08,368,10057.44,50,255.61,2.539,376.34,3.7382,286.06,2.8414,20.39,2026-07-29T13:49:35.596Z
flip-only|NWS|30m|1774362600000|1774639800000,flip-only,NWS,NASDAQ:NWS,30m,Swing 30m,LONG,Swing Low,2026-03-24 10:30,1774362600000,27.12,Flip Short,2026-03-27 15:30,1774639800000,27.78,380,10305.6,67,229.94,2.229,240.49,2.3313,105.31,1.0208,20.86,2026-07-29T13:49:35.596Z
flip-only|NWS|30m|1775118600000|1775655000000,flip-only,NWS,NASDAQ:NWS,30m,Swing 30m,LONG,Swing Low,2026-04-02 04:30,1775118600000,27.85,Flip Short,2026-04-08 09:30,1775655000000,28.47,378,10527.3,55,213.07,2.022,306.99,2.9132,93.69,0.8891,21.29,2026-07-29T13:49:35.596Z
flip-only|NWS|30m|1777296600000|1777642200000,flip-only,NWS,NASDAQ:NWS,30m,Swing 30m,LONG,Swing Low,2026-04-27 09:30,1777296600000,30.06,Flip Short,2026-05-01 09:30,1777642200000,30.79,356,10701.36,65,238.22,2.2238,306.14,2.8579,202.94,1.8945,21.66,2026-07-29T13:49:35.596Z
flip-only|NWS|30m|1777982400000|1778167800000,flip-only,NWS,NASDAQ:NWS,30m,Swing 30m,LONG,Swing Low,2026-05-05 08:00,1777982400000,30,Flip Short,2026-05-07 11:30,1778167800000,30.55,365,10950,45,178.65,1.6299,233.6,2.1312,375.95,3.4299,22.1,2026-07-29T13:49:35.596Z
flip-only|NWS|30m|1778679000000|1779204600000,flip-only,NWS,NASDAQ:NWS,30m,Swing 30m,LONG,Swing Low,2026-05-13 09:30,1778679000000,30.45,Flip Short,2026-05-19 11:30,1779204600000,30.44,366,11144.7,68,-25.95,-0.2326,116.96,1.0484,311.26,2.7901,22.29,2026-07-29T13:49:35.596Z
flip-only|NWS|30m|1779285600000|1779456600000,flip-only,NWS,NASDAQ:NWS,30m,Swing 30m,LONG,Swing Low,2026-05-20 10:00,1779285600000,29.66,Flip Short,2026-05-22 09:30,1779456600000,30.36,374,11092.84,33,239.35,2.1556,452.67,4.0766,97.11,0.8746,22.45,2026-07-29T13:49:35.596Z
flip-only|NWS|30m|1779802200000|1779888600000,flip-only,NWS,NASDAQ:NWS,30m,Swing 30m,LONG,Swing Low,2026-05-26 09:30,1779802200000,29.76,Flip Short,2026-05-27 09:30,1779888600000,30.07,378,11249.28,17,94.56,0.8398,457.47,4.0626,101.97,0.9055,22.62,2026-07-29T13:49:35.596Z
flip-only|NWS|30m|1780320600000|1780666200000,flip-only,NWS,NASDAQ:NWS,30m,Swing 30m,LONG,Swing Low,2026-06-01 09:30,1780320600000,29.8,Flip Short,2026-06-05 09:30,1780666200000,30.9,381,11353.8,62,395.97,3.4841,442.04,3.8894,163.75,1.4408,23.13,2026-07-29T13:49:35.596Z
flip-only|NWS|30m|1781186400000|1781706600000,flip-only,NWS,NASDAQ:NWS,30m,Swing 30m,LONG,Swing Low,2026-06-11 10:00,1781186400000,30.61,Flip Short,2026-06-17 10:30,1781706600000,29.98,385,11784.85,66,-265.88,-2.2538,15.17,0.1286,750.98,6.3661,23.33,2026-07-29T13:49:35.596Z
flip-only|NWS|30m|1781809200000|1782131400000,flip-only,NWS,NASDAQ:NWS,30m,Swing 30m,LONG,Swing Low,2026-06-18 15:00,1781809200000,28.73,Flip Short,2026-06-22 08:30,1782131400000,29.3,402,11549.46,3,205.81,1.7802,659.79,5.707,124.11,1.0735,23.33,2026-07-29T13:49:35.596Z
flip-only|NWS|30m|1782136800000|1782394200000,flip-only,NWS,NASDAQ:NWS,30m,Swing 30m,LONG,Swing Low,2026-06-22 10:00,1782136800000,28.45,Flip Short,2026-06-25 09:30,1782394200000,28.6,413,11749.85,51,38.39,0.3264,554.06,4.7108,445.4,3.7869,23.56,2026-07-29T13:49:35.596Z
flip-only|NWS|30m|1782833400000|1782918000000,flip-only,NWS,NASDAQ:NWS,30m,Swing 30m,LONG,Swing Low,2026-06-30 11:30,1782833400000,28.16,Flip Short,2026-07-01 11:00,1782918000000,29.73,418,11770.88,14,632.06,5.3643,648.67,5.5053,78.65,0.6675,24.2,2026-07-29T13:49:35.596Z
flip-only|NWS|30m|1784122200000|1784125800000,flip-only,NWS,NASDAQ:NWS,30m,Swing 30m,LONG,Swing Low,2026-07-15 09:30,1784122200000,31.02,Flip Short,2026-07-15 10:30,1784125800000,31.98,397,12314.94,2,356.11,2.8888,392.63,3.185,24.22,0.1965,25.01,2026-07-29T13:49:35.596Z
flip-only|NWS|30m|1784644200000|1785247200000,flip-only,NWS,NASDAQ:NWS,30m,Swing 30m,LONG,Swing Low,2026-07-21 10:30,1784644200000,31.53,Flip Short,2026-07-28 10:00,1785247200000,31.69,403,12706.59,80,39,0.3066,172.67,1.3576,1032.3,8.116,25.48,2026-07-29T13:49:35.596Z
flip-only|BIIB|30m|1772816400000|1773151200000,flip-only,BIIB,NASDAQ:BIIB,30m,Swing 30m,LONG,Swing Low,2026-03-06 12:00,1772816400000,181.31,Flip Short,2026-03-10 10:00,1773151200000,187.69,52,9428.12,32,312.57,3.312,415.93,4.4072,25.03,0.2652,19.19,2026-07-29T13:49:38.480Z
flip-only|BIIB|30m|1773345600000|1774436400000,flip-only,BIIB,NASDAQ:BIIB,30m,Swing 30m,LONG,Swing Low,2026-03-12 16:00,1773345600000,184.15,Flip Short,2026-03-25 07:00,1774436400000,183.94,52,9575.8,137,-30.06,-0.3136,193.22,2.0158,322.1,3.3603,19.14,2026-07-29T13:49:38.480Z
flip-only|BIIB|30m|1774641600000|1775646000000,flip-only,BIIB,NASDAQ:BIIB,30m,Swing 30m,LONG,Swing Low,2026-03-27 16:00,1774641600000,183.61,Flip Short,2026-04-08 07:00,1775646000000,178.49,53,9731.33,122,-290.55,-2.9827,328.94,3.3768,803.67,8.2503,19.19,2026-07-29T13:49:38.480Z
flip-only|BIIB|30m|1775844000000|1776171600000,flip-only,BIIB,NASDAQ:BIIB,30m,Swing 30m,LONG,Swing Low,2026-04-10 14:00,1775844000000,173.22,Flip Short,2026-04-14 09:00,1776171600000,177.22,54,9353.88,32,197.08,2.1048,294.13,3.1413,109.79,1.1726,18.92,2026-07-29T13:49:38.480Z
flip-only|BIIB|30m|1776358800000|1776693600000,flip-only,BIIB,NASDAQ:BIIB,30m,Swing 30m,LONG,Swing Low,2026-04-16 13:00,1776358800000,176.3,Flip Short,2026-04-20 10:00,1776693600000,180.03,54,9520.2,33,182.18,1.9117,297.74,3.1243,87.82,0.9215,19.24,2026-07-29T13:49:38.480Z
flip-only|BIIB|30m|1777039200000|1777471200000,flip-only,BIIB,NASDAQ:BIIB,30m,Swing 30m,LONG,Swing Low,2026-04-24 10:00,1777039200000,184.25,Flip Short,2026-04-29 10:00,1777471200000,189.02,53,9765.25,65,233.03,2.3839,426.42,4.3624,405.15,4.1447,19.78,2026-07-29T13:49:38.480Z
flip-only|BIIB|30m|1777881600000|1778065200000,flip-only,BIIB,NASDAQ:BIIB,30m,Swing 30m,LONG,Swing Low,2026-05-04 04:00,1777881600000,188.31,Flip Short,2026-05-06 07:00,1778065200000,190.06,54,10168.74,35,74.07,0.7277,350.55,3.4439,162.45,1.5959,20.43,2026-07-29T13:49:38.480Z
flip-only|BIIB|30m|1778769000000|1779460200000,flip-only,BIIB,NASDAQ:BIIB,30m,Swing 30m,LONG,Swing Low,2026-05-14 10:30,1778769000000,196.5,Flip Short,2026-05-22 10:30,1779460200000,193.68,51,10021.5,122,-163.72,-1.632,0,0,556.23,5.5448,19.9,2026-07-29T13:49:38.480Z
flip-only|BIIB|30m|1780322400000|1780529400000,flip-only,BIIB,NASDAQ:BIIB,30m,Swing 30m,LONG,Swing Low,2026-06-01 10:00,1780322400000,193.62,Flip Short,2026-06-03 19:30,1780529400000,196.82,51,9874.62,45,143.29,1.4496,153.33,1.5512,459.69,4.6507,19.91,2026-07-29T13:49:38.480Z
flip-only|BIIB|30m|1781618400000|1781712000000,flip-only,BIIB,NASDAQ:BIIB,30m,Swing 30m,LONG,Swing Low,2026-06-16 10:00,1781618400000,196.8,Flip Short,2026-06-17 12:00,1781712000000,200.62,51,10036.8,21,174.55,1.7374,210.79,2.0981,142.64,1.4197,20.27,2026-07-29T13:49:38.480Z
flip-only|BIIB|30m|1781794800000|1782234000000,flip-only,BIIB,NASDAQ:BIIB,30m,Swing 30m,LONG,Swing Low,2026-06-18 11:00,1781794800000,194.31,Flip Short,2026-06-23 13:00,1782234000000,201.03,52,10104.12,40,328.88,3.2517,347.14,3.4322,73.02,0.722,20.56,2026-07-29T13:49:38.480Z
flip-only|BIIB|30m|1782914400000|1783004400000,flip-only,BIIB,NASDAQ:BIIB,30m,Swing 30m,LONG,Swing Low,2026-07-01 10:00,1782914400000,214.07,Flip Short,2026-07-02 11:00,1783004400000,218.26,49,10489.43,24,184.13,1.7536,232.55,2.2148,305.47,2.9093,21.18,2026-07-29T13:49:38.480Z
flip-only|BIIB|30m|1783369800000|1783965600000,flip-only,BIIB,NASDAQ:BIIB,30m,Swing 30m,LONG,Swing Low,2026-07-06 16:30,1783369800000,208.73,Flip Short,2026-07-13 14:00,1783965600000,208.52,51,10645.23,89,-31.99,-0.3002,156.12,1.4652,730.26,6.8531,21.28,2026-07-29T13:49:38.480Z
flip-only|BIIB|30m|1784035800000|1784217600000,flip-only,BIIB,NASDAQ:BIIB,30m,Swing 30m,LONG,Swing Low,2026-07-14 09:30,1784035800000,201.62,Flip Short,2026-07-16 12:00,1784217600000,204.29,53,10685.86,50,120,1.1218,239.47,2.2388,833.78,7.7948,21.51,2026-07-29T13:49:38.480Z
flip-only|BIIB|30m|1784566800000|1785160800000,flip-only,BIIB,NASDAQ:BIIB,30m,Swing 30m,LONG,Swing Low,2026-07-20 13:00,1784566800000,202.87,Flip Short,2026-07-27 10:00,1785160800000,203.42,53,10752.11,76,7.62,0.0708,75.64,0.7028,334.05,3.1037,21.53,2026-07-29T13:49:38.480Z
flip-only|SGHC|30m|1771882200000|1772479800000,flip-only,SGHC,NYSE:SGHC,30m,Swing 30m,LONG,Swing Low,2026-02-23 16:30,1771882200000,11.19,Flip Short,2026-03-02 14:30,1772479800000,11.05,862,9645.78,96,-139.85,-1.4484,792.01,8.2028,949.23,9.831,19.17,2026-07-29T13:49:41.331Z
flip-only|SGHC|30m|1772811000000|1773822600000,flip-only,SGHC,NYSE:SGHC,30m,Swing 30m,LONG,Swing Low,2026-03-06 10:30,1772811000000,10.78,Flip Short,2026-03-18 04:30,1773822600000,10.71,869,9367.82,139,-79.5,-0.8479,425.13,4.5337,574.22,6.1236,18.67,2026-07-29T13:49:41.331Z
flip-only|SGHC|30m|1773840600000|1774265400000,flip-only,SGHC,NYSE:SGHC,30m,Swing 30m,LONG,Swing Low,2026-03-18 09:30,1773840600000,10.55,Flip Short,2026-03-23 07:30,1774265400000,10.65,884,9326.2,66,69.66,0.7462,379.63,4.0665,530.89,5.6867,18.74,2026-07-29T13:49:41.331Z
flip-only|SGHC|30m|1774513800000|1775030400000,flip-only,SGHC,NYSE:SGHC,30m,Swing 30m,LONG,Swing Low,2026-03-26 04:30,1774513800000,10.5,Flip Short,2026-04-01 04:00,1775030400000,10.85,912,9576,87,299.73,3.1269,382.58,3.9912,575.02,5.9988,19.47,2026-07-29T13:49:41.331Z
flip-only|SGHC|30m|1775575800000|1775651400000,flip-only,SGHC,NYSE:SGHC,30m,Swing 30m,LONG,Swing Low,2026-04-07 11:30,1775575800000,10.42,Flip Short,2026-04-08 08:30,1775651400000,10.6,924,9628.08,13,146.9,1.5242,701.85,7.2824,148.23,1.538,19.42,2026-07-29T13:49:41.331Z
flip-only|SGHC|30m|1775746800000|1776171600000,flip-only,SGHC,NYSE:SGHC,30m,Swing 30m,LONG,Swing Low,2026-04-09 11:00,1775746800000,10.4,Flip Short,2026-04-14 09:00,1776171600000,10.95,939,9765.6,49,496.4,5.0781,732.04,7.4887,375.98,3.8462,20.05,2026-07-29T13:49:41.331Z
flip-only|SGHC|30m|1776430800000|1776693600000,flip-only,SGHC,NYSE:SGHC,30m,Swing 30m,LONG,Swing Low,2026-04-17 09:00,1776430800000,11.18,Flip Short,2026-04-20 10:00,1776693600000,11.81,933,10430.94,21,566.34,5.424,763.96,7.3167,150.38,1.4402,21.45,2026-07-29T13:49:41.331Z
flip-only|SGHC|30m|1778180400000|1778245200000,flip-only,SGHC,NYSE:SGHC,30m,Swing 30m,LONG,Swing Low,2026-05-07 15:00,1778180400000,12.89,Flip Short,2026-05-08 09:00,1778245200000,13.45,835,10763.15,5,445.61,4.136,490.24,4.5502,19.11,0.1774,21.99,2026-07-29T13:49:41.331Z
flip-only|SGHC|30m|1778508000000|1778531400000,flip-only,SGHC,NYSE:SGHC,30m,Swing 30m,LONG,Swing Low,2026-05-11 10:00,1778508000000,12.97,Flip Short,2026-05-11 16:30,1778531400000,14.4,864,11206.08,13,1211.87,10.8036,1699.51,15.1508,54.41,0.485,23.65,2026-07-29T13:49:41.331Z
flip-only|SGHC|30m|1778594400000|1779127200000,flip-only,SGHC,NYSE:SGHC,30m,Swing 30m,LONG,Swing Low,2026-05-12 10:00,1778594400000,13.14,Flip Short,2026-05-18 14:00,1779127200000,13.54,938,12325.32,80,350.17,2.8383,860.01,6.9707,668.93,5.4218,25.03,2026-07-29T13:49:41.331Z
flip-only|SGHC|30m|1779804000000|1780322400000,flip-only,SGHC,NYSE:SGHC,30m,Swing 30m,LONG,Swing Low,2026-05-26 10:00,1779804000000,12.99,Flip Short,2026-06-01 10:00,1780322400000,13.01,978,12704.22,67,-5.87,-0.0461,241.58,1.8996,599.5,4.7142,25.43,2026-07-29T13:49:41.331Z
flip-only|SGHC|30m|1780495200000|1780585200000,flip-only,SGHC,NYSE:SGHC,30m,Swing 30m,LONG,Swing Low,2026-06-03 10:00,1780495200000,12.36,Flip Short,2026-06-04 11:00,1780585200000,13.17,1025,12669,21,804.08,6.3405,889.33,7.0127,12.67,0.0999,26.17,2026-07-29T13:49:41.331Z
flip-only|SGHC|30m|1781011800000|1781015400000,flip-only,SGHC,NYSE:SGHC,30m,Swing 30m,LONG,Swing Low,2026-06-09 09:30,1781011800000,12.8,Flip Short,2026-06-09 10:30,1781015400000,13.62,1048,13414.4,2,831.67,6.1936,887.87,6.6121,44.85,0.334,27.69,2026-07-29T13:49:41.331Z
flip-only|SGHC|30m|1781530200000|1782147600000,flip-only,SGHC,NYSE:SGHC,30m,Swing 30m,LONG,Swing Low,2026-06-15 09:30,1781530200000,13.5,Flip Short,2026-06-22 13:00,1782147600000,13.74,1062,14337,71,225.95,1.5744,527.28,3.6741,481.62,3.3559,28.93,2026-07-29T13:49:41.331Z
flip-only|SGHC|30m|1782327600000|1782496800000,flip-only,SGHC,NYSE:SGHC,30m,Swing 30m,LONG,Swing Low,2026-06-24 15:00,1782327600000,13.45,Flip Short,2026-06-26 14:00,1782496800000,13.88,1074,14445.3,36,432.47,2.9908,468.85,3.2425,336.65,2.3282,29.35,2026-07-29T13:49:41.331Z
flip-only|SGHC|30m|1782907200000|1782943200000,flip-only,SGHC,NYSE:SGHC,30m,Swing 30m,LONG,Swing Low,2026-07-01 08:00,1782907200000,13.57,Flip Short,2026-07-01 18:00,1782943200000,13.97,1104,14981.28,15,411.2,2.742,470.78,3.1393,202.66,1.3514,30.4,2026-07-29T13:49:41.331Z
flip-only|SGHC|30m|1784118600000|1784561400000,flip-only,SGHC,NYSE:SGHC,30m,Swing 30m,LONG,Swing Low,2026-07-15 08:30,1784118600000,14.76,Flip Short,2026-07-20 11:30,1784561400000,15.16,1033,15247.08,57,382.29,2.5048,439.27,2.8782,294.16,1.9273,30.91,2026-07-29T13:49:41.331Z
flip-only|SGHC|30m|1784746800000|1785250800000,flip-only,SGHC,NYSE:SGHC,30m,Swing 30m,LONG,Swing Low,2026-07-22 15:00,1784746800000,14.64,Flip Short,2026-07-28 11:00,1785250800000,14.81,1065,15591.6,58,149.69,0.9591,197.41,1.2649,558.74,3.58,31.36,2026-07-29T13:49:41.331Z
flip-only|OII|30m|1773329400000|1773937800000,flip-only,OII,NYSE:OII,30m,Swing 30m,LONG,Swing Low,2026-03-12 11:30,1773329400000,35.04,Flip Short,2026-03-19 12:30,1773937800000,34.77,270,9460.8,106,-91.75,-0.9688,225.44,2.3805,598.06,6.3151,18.85,2026-07-29T13:49:44.226Z
flip-only|OII|30m|1774533600000|1774868400000,flip-only,OII,NYSE:OII,30m,Swing 30m,LONG,Swing Low,2026-03-26 10:00,1774533600000,36.19,Flip Short,2026-03-30 07:00,1774868400000,36.87,260,9409.4,32,157.8,1.6754,198.59,2.1084,38.01,0.4035,19,2026-07-29T13:49:44.226Z
flip-only|OII|30m|1774881000000|1775484000000,flip-only,OII,NYSE:OII,30m,Swing 30m,LONG,Swing Low,2026-03-30 10:30,1774881000000,35.88,Flip Short,2026-04-06 10:00,1775484000000,36.29,267,9579.96,85,90.2,0.9406,147.95,1.5428,607.66,6.3367,19.27,2026-07-29T13:49:44.226Z
flip-only|OII|30m|1775656800000|1776166200000,flip-only,OII,NYSE:OII,30m,Swing 30m,LONG,Swing Low,2026-04-08 10:00,1775656800000,35.58,Flip Short,2026-04-14 07:30,1776166200000,37.43,271,9642.18,73,481.56,4.9894,543.2,5.6279,204.76,2.1215,19.79,2026-07-29T13:49:44.226Z
flip-only|OII|30m|1776263400000|1776378600000,flip-only,OII,NYSE:OII,30m,Swing 30m,LONG,Swing Low,2026-04-15 10:30,1776263400000,35.21,Flip Short,2026-04-16 18:30,1776378600000,36.58,287,10105.27,32,372.59,3.6834,454.83,4.4965,41.68,0.412,20.6,2026-07-29T13:49:44.226Z
flip-only|OII|30m|1776895200000|1776960000000,flip-only,OII,NYSE:OII,30m,Swing 30m,LONG,Swing Low,2026-04-22 18:00,1776895200000,36.93,Flip Short,2026-04-23 12:00,1776960000000,39.25,289,10672.77,19,648.46,6.0698,905.46,8.4753,568.44,5.3208,22.02,2026-07-29T13:49:44.226Z
flip-only|OII|30m|1777476600000|1777883400000,flip-only,OII,NYSE:OII,30m,Swing 30m,LONG,Swing Low,2026-04-29 11:30,1777476600000,36.76,Flip Short,2026-05-04 04:30,1777883400000,37.05,300,11028,52,64.86,0.5875,342.97,3.1069,446.03,4.0405,22.14,2026-07-29T13:49:44.226Z
flip-only|OII|30m|1778067000000|1778499000000,flip-only,OII,NYSE:OII,30m,Swing 30m,LONG,Swing Low,2026-05-06 07:30,1778067000000,36.7,Flip Short,2026-05-11 07:30,1778499000000,37.2,309,11340.3,60,131.66,1.1599,235.86,2.0778,400.68,3.5297,22.84,2026-07-29T13:49:44.226Z
flip-only|OII|30m|1778853600000|1779474600000,flip-only,OII,NYSE:OII,30m,Swing 30m,LONG,Swing Low,2026-05-15 10:00,1778853600000,37.14,Flip Short,2026-05-22 14:30,1779474600000,38.87,302,11216.28,92,499.5,4.4489,565.6,5.0377,65.58,0.5841,22.96,2026-07-29T13:49:44.226Z
flip-only|OII|30m|1779890400000|1780417800000,flip-only,OII,NYSE:OII,30m,Swing 30m,LONG,Swing Low,2026-05-27 10:00,1779890400000,37.55,Flip Short,2026-06-02 12:30,1780417800000,38.61,312,11715.6,95,306.96,2.6175,549.88,4.6889,389.24,3.3191,23.76,2026-07-29T13:49:44.226Z
flip-only|OII|30m|1780567200000|1780585200000,flip-only,OII,NYSE:OII,30m,Swing 30m,LONG,Swing Low,2026-06-04 06:00,1780567200000,37.62,Flip Short,2026-06-04 11:00,1780585200000,39.08,318,11963.16,7,439.89,3.6734,490.48,4.0958,11.96,0.0999,24.39,2026-07-29T13:49:44.226Z
flip-only|OII|30m|1780687800000|1781101800000,flip-only,OII,NYSE:OII,30m,Swing 30m,LONG,Swing Low,2026-06-05 15:30,1780687800000,36.91,Flip Short,2026-06-10 10:30,1781101800000,39.99,336,12401.76,48,1009.04,8.1281,1072.88,8.6424,130,1.0472,25.84,2026-07-29T13:49:44.226Z
flip-only|OII|30m|1781512200000|1782203400000,flip-only,OII,NYSE:OII,30m,Swing 30m,LONG,Swing Low,2026-06-15 04:30,1781512200000,38.52,Flip Short,2026-06-23 04:30,1782203400000,35.58,345,13289.4,111,-1039.86,-7.8169,266.16,2.0008,1227.69,9.2289,25.56,2026-07-29T13:49:44.226Z
flip-only|OII|30m|1782309600000|1782396000000,flip-only,OII,NYSE:OII,30m,Swing 30m,LONG,Swing Low,2026-06-24 10:00,1782309600000,35.44,Flip Short,2026-06-25 10:00,1782396000000,37.01,350,12404,20,524.14,4.2214,614.1,4.9458,82.4,0.6637,25.36,2026-07-29T13:49:44.226Z
flip-only|OII|30m|1783006200000|1783499400000,flip-only,OII,NYSE:OII,30m,Swing 30m,LONG,Swing Low,2026-07-02 11:30,1783006200000,39.07,Flip Short,2026-07-08 04:30,1783499400000,39.94,329,12854.03,42,260.24,2.0225,345.76,2.6872,401.07,3.1171,25.99,2026-07-29T13:49:44.226Z
flip-only|OII|30m|1784133000000|1784557800000,flip-only,OII,NYSE:OII,30m,Swing 30m,LONG,Swing Low,2026-07-15 12:30,1784133000000,42.03,Flip Short,2026-07-20 10:30,1784557800000,43.23,313,13155.39,43,348.91,2.6496,475.12,3.608,138.36,1.0507,26.69,2026-07-29T13:49:44.226Z
flip-only|EXEL|30m|1771858800000|1771952400000,flip-only,EXEL,NASDAQ:EXEL,30m,Swing 30m,LONG,Swing Low,2026-02-23 10:00,1771858800000,44.13,Flip Short,2026-02-24 12:00,1771952400000,44.7,214,9443.82,17,102.97,1.0893,112.54,1.1904,139.98,1.4808,19.01,2026-07-29T13:49:48.987Z
flip-only|EXEL|30m|1772229600000|1773064800000,flip-only,EXEL,NASDAQ:EXEL,30m,Swing 30m,LONG,Swing Low,2026-02-27 17:00,1772229600000,43.2,Flip Short,2026-03-09 10:00,1773064800000,41.69,220,9504,96,-350.88,-3.6882,0,0,777.3,8.1705,18.68,2026-07-29T13:49:48.987Z
flip-only|EXEL|30m|1773333000000|1773757800000,flip-only,EXEL,NASDAQ:EXEL,30m,Swing 30m,LONG,Swing Low,2026-03-12 12:30,1773333000000,40.8,Flip Short,2026-03-17 10:30,1773757800000,42.02,226,9220.8,47,257,2.7844,291.36,3.1566,65.72,0.712,18.72,2026-07-29T13:49:48.987Z
flip-only|EXEL|30m|1774645200000|1774987200000,flip-only,EXEL,NASDAQ:EXEL,30m,Swing 30m,LONG,Swing Low,2026-03-27 17:00,1774645200000,41.31,Flip Short,2026-03-31 16:00,1774987200000,42.91,228,9418.68,32,345.6,3.6656,412.38,4.374,150.78,1.5992,19.2,2026-07-29T13:49:48.987Z
flip-only|EXEL|30m|1776094200000|1776175200000,flip-only,EXEL,NASDAQ:EXEL,30m,Swing 30m,LONG,Swing Low,2026-04-13 11:30,1776094200000,43.86,Flip Short,2026-04-14 10:00,1776175200000,45.66,224,9824.64,12,383.15,3.896,409.06,4.1594,34.46,0.3504,20.05,2026-07-29T13:49:48.987Z
flip-only|EXEL|30m|1776708000000|1776780000000,flip-only,EXEL,NASDAQ:EXEL,30m,Swing 30m,LONG,Swing Low,2026-04-20 14:00,1776708000000,43.99,Flip Short,2026-04-21 10:00,1776780000000,45.05,231,10161.69,9,224.29,2.205,361.75,3.5564,116.42,1.1445,20.57,2026-07-29T13:49:48.987Z
flip-only|EXEL|30m|1777042800000|1778016600000,flip-only,EXEL,NASDAQ:EXEL,30m,Swing 30m,LONG,Swing Low,2026-04-24 11:00,1777042800000,44.67,Flip Short,2026-05-05 17:30,1778016600000,45.02,232,10363.44,126,60.39,0.5822,247.16,2.3825,281.8,2.7165,20.81,2026-07-29T13:49:48.987Z
flip-only|EXEL|30m|1779111000000|1779366600000,flip-only,EXEL,NASDAQ:EXEL,30m,Swing 30m,LONG,Swing Low,2026-05-18 09:30,1779111000000,50.28,Flip Short,2026-05-21 08:30,1779366600000,50.58,209,10508.52,56,41.62,0.3957,54.28,0.516,487.03,4.63,21.08,2026-07-29T13:49:48.987Z
flip-only|EXEL|30m|1779966000000|1779978600000,flip-only,EXEL,NASDAQ:EXEL,30m,Swing 30m,LONG,Swing Low,2026-05-28 07:00,1779966000000,50.1,Flip Short,2026-05-28 10:30,1779978600000,51.59,212,10621.2,5,294.32,2.7683,309.5,2.9111,116.62,1.0969,21.56,2026-07-29T13:49:48.987Z
flip-only|EXEL|30m|1780410600000|1780515000000,flip-only,EXEL,NASDAQ:EXEL,30m,Swing 30m,LONG,Swing Low,2026-06-02 10:30,1780410600000,49.55,Flip Short,2026-06-03 15:30,1780515000000,51.53,217,10752.35,27,407.73,3.7882,440.61,4.0937,275.49,2.5596,21.93,2026-07-29T13:49:48.987Z
flip-only|EXEL|30m|1781532000000|1781773200000,flip-only,EXEL,NASDAQ:EXEL,30m,Swing 30m,LONG,Swing Low,2026-06-15 10:00,1781532000000,52.51,Flip Short,2026-06-18 05:00,1781773200000,53.1,212,11132.12,48,102.69,0.9216,190.27,1.7075,201.93,1.8121,22.39,2026-07-29T13:49:48.987Z
flip-only|EXEL|30m|1781793000000|1782309600000,flip-only,EXEL,NASDAQ:EXEL,30m,Swing 30m,LONG,Swing Low,2026-06-18 10:30,1781793000000,51.26,Flip Short,2026-06-24 10:00,1782309600000,52.55,219,11225.94,55,259.78,2.3118,317.27,2.8234,122.92,1.0938,22.73,2026-07-29T13:49:48.987Z
flip-only|EXEL|30m|1782914400000|1783004400000,flip-only,EXEL,NASDAQ:EXEL,30m,Swing 30m,LONG,Swing Low,2026-07-01 10:00,1782914400000,53.69,Flip Short,2026-07-02 11:00,1783004400000,55.98,214,11489.66,16,466.59,4.0569,527.79,4.589,54.29,0.472,23.47,2026-07-29T13:49:48.987Z
flip-only|EXEL|30m|1783953000000|1785160800000,flip-only,EXEL,NASDAQ:EXEL,30m,Swing 30m,LONG,Swing Low,2026-07-13 10:30,1783953000000,55.17,Flip Short,2026-07-27 10:00,1785160800000,56.52,216,11916.72,160,267.47,2.2423,322.88,2.7068,210.64,1.7658,24.13,2026-07-29T13:49:48.987Z
flip-only|CORT|30m|1785171600000|1785333600000,flip-only,CORT,NASDAQ:CORT,30m,Swing 30m,LONG,Swing Low,2026-07-27 13:00,1785171600000,90.47,Flip Short,2026-07-29 10:00,1785333600000,94.32,172,15560.84,27,630.42,4.0473,1002.68,6.4372,96.4,0.6189,31.78,2026-07-29T14:17:37.940Z
flip-only|BUSE|30m|1768230000000|1768489200000,flip-only,BUSE,NASDAQ:BUSE,30m,Swing 30m,LONG,Swing Low,2026-01-12 10:00,1768230000000,24.04,Flip Short,2026-01-15 10:00,1768489200000,24.5,393,9447.72,40,161.7,1.7099,198.84,2.1026,166.65,1.7621,19.08,2026-07-29T14:18:10.452Z
flip-only|BUSE|30m|1769617800000|1770062400000,flip-only,BUSE,NASDAQ:BUSE,30m,Swing 30m,LONG,Swing Low,2026-01-28 11:30,1769617800000,24.3,Flip Short,2026-02-02 15:00,1770062400000,25.51,396,9622.8,48,459.44,4.7697,485.38,5.039,104.66,1.0866,19.72,2026-07-29T14:18:10.452Z
flip-only|BUSE|30m|1770834600000|1772634600000,flip-only,BUSE,NASDAQ:BUSE,30m,Swing 30m,LONG,Swing Low,2026-02-11 13:30,1770834600000,26.5,Flip Short,2026-03-04 09:30,1772634600000,25.86,380,10070,179,-263.1,-2.6101,164.73,1.6342,667.47,6.6217,19.9,2026-07-29T14:18:10.452Z
flip-only|BUSE|30m|1772809200000|1773752400000,flip-only,BUSE,NASDAQ:BUSE,30m,Swing 30m,LONG,Swing Low,2026-03-06 10:00,1772809200000,24.37,Flip Short,2026-03-17 09:00,1773752400000,25.13,403,9821.11,97,286.33,2.9126,526.17,5.3522,82.36,0.8378,19.95,2026-07-29T14:18:10.452Z
flip-only|BUSE|30m|1773842400000|1774274400000,flip-only,BUSE,NASDAQ:BUSE,30m,Swing 30m,LONG,Swing Low,2026-03-18 10:00,1773842400000,24.62,Flip Short,2026-03-23 10:00,1774274400000,25.19,409,10069.58,45,212.76,2.1108,259.87,2.5782,337.27,3.346,20.37,2026-07-29T14:18:10.452Z
flip-only|BUSE|30m|1774618200000|1774963800000,flip-only,BUSE,NASDAQ:BUSE,30m,Swing 30m,LONG,Swing Low,2026-03-27 09:30,1774618200000,24.94,Flip Short,2026-03-31 09:30,1774963800000,25.01,418,10424.92,28,8.38,0.0803,102.44,0.9816,240.32,2.303,20.88,2026-07-29T14:18:10.452Z
flip-only|BUSE|30m|1776175200000|1776436200000,flip-only,BUSE,NASDAQ:BUSE,30m,Swing 30m,LONG,Swing Low,2026-04-14 10:00,1776175200000,26.54,Flip Short,2026-04-17 10:30,1776436200000,26.98,388,10297.52,42,149.95,1.4548,160.42,1.5563,161.62,1.5679,20.77,2026-07-29T14:18:10.452Z
flip-only|BUSE|30m|1776967200000|1777302000000,flip-only,BUSE,NASDAQ:BUSE,30m,Swing 30m,LONG,Swing Low,2026-04-23 14:00,1776967200000,26.23,Flip Short,2026-04-27 11:00,1777302000000,26.56,398,10439.54,21,110.33,1.0558,124.88,1.195,129.84,1.2425,21.01,2026-07-29T14:18:10.452Z
flip-only|BUSE|30m|1777482000000|1778054400000,flip-only,BUSE,NASDAQ:BUSE,30m,Swing 30m,LONG,Swing Low,2026-04-29 13:00,1777482000000,25.98,Flip Short,2026-05-06 04:00,1778054400000,26.6,406,10547.88,60,230.37,2.1819,557.85,5.2835,246.03,2.3302,21.35,2026-07-29T14:18:10.452Z
flip-only|BUSE|30m|1778506200000|1779285600000,flip-only,BUSE,NASDAQ:BUSE,30m,Swing 30m,LONG,Swing Low,2026-05-11 09:30,1778506200000,26.72,Flip Short,2026-05-20 10:00,1779285600000,26.46,407,10875.04,101,-127.46,-1.1709,0,0,478.93,4.3995,21.64,2026-07-29T14:18:10.452Z
flip-only|BUSE|30m|1780408800000|1780425000000,flip-only,BUSE,NASDAQ:BUSE,30m,Swing 30m,LONG,Swing Low,2026-06-02 10:00,1780408800000,27.3,Flip Short,2026-06-02 14:30,1780425000000,27.53,390,10647,9,68.32,0.641,90.75,0.8515,30.15,0.2829,21.38,2026-07-29T14:18:10.452Z
flip-only|BUSE|30m|1781708400000|1782243000000,flip-only,BUSE,NASDAQ:BUSE,30m,Swing 30m,LONG,Swing Low,2026-06-17 11:00,1781708400000,28.2,Flip Short,2026-06-23 15:30,1782243000000,28.89,379,10687.8,51,239.87,2.2421,254.61,2.3799,173.66,1.6232,21.64,2026-07-29T14:18:10.452Z
flip-only|BUSE|30m|1782835200000|1782919800000,flip-only,BUSE,NASDAQ:BUSE,30m,Swing 30m,LONG,Swing Low,2026-06-30 12:00,1782835200000,29.32,Flip Short,2026-07-01 11:30,1782919800000,30.07,373,10936.36,13,257.6,2.3531,276.27,2.5237,14.67,0.134,22.15,2026-07-29T14:18:10.452Z
flip-only|BUSE|30m|1783344600000|1784039400000,flip-only,BUSE,NASDAQ:BUSE,30m,Swing 30m,LONG,Swing Low,2026-07-06 09:30,1783344600000,28.09,Flip Short,2026-07-14 10:30,1784039400000,29.44,398,11179.82,89,514.4,4.5966,741.04,6.6218,11.18,0.0999,22.9,2026-07-29T14:18:10.452Z
flip-only|BUSE|30m|1784732400000|1785159000000,flip-only,BUSE,NASDAQ:BUSE,30m,Swing 30m,LONG,Swing Low,2026-07-22 11:00,1784732400000,29.44,Flip Short,2026-07-27 09:30,1785159000000,30.15,396,11658.24,41,257.56,2.2071,269.5,2.3094,150.26,1.2876,23.6,2026-07-29T14:18:10.452Z
flip-only|CURB|30m|1768919400000|1769797800000,flip-only,CURB,NYSE:CURB,30m,Swing 30m,LONG,Swing Low,2026-01-20 09:30,1768919400000,24.83,Flip Short,2026-01-30 13:30,1769797800000,24.16,383,9509.89,118,-275.37,-2.8928,9.64,0.1013,538.05,5.6521,18.76,2026-07-29T14:33:27.212Z
flip-only|CURB|30m|1770759000000|1771009200000,flip-only,CURB,NYSE:CURB,30m,Swing 30m,LONG,Swing Low,2026-02-10 16:30,1770759000000,25.13,Flip Short,2026-02-13 14:00,1771009200000,25.99,368,9247.84,43,297.67,3.2156,307.23,3.3189,60.77,0.6564,18.81,2026-07-29T14:33:27.212Z
flip-only|CURB|30m|1772458200000|1772634600000,flip-only,CURB,NYSE:CURB,30m,Swing 30m,LONG,Swing Low,2026-03-02 08:30,1772458200000,27.26,Flip Short,2026-03-04 09:30,1772634600000,28.54,348,9486.48,30,426.02,4.4863,435.95,4.5909,68.65,0.7229,19.42,2026-07-29T14:33:27.212Z
flip-only|CURB|30m|1772739000000|1773666000000,flip-only,CURB,NYSE:CURB,30m,Swing 30m,LONG,Swing Low,2026-03-05 14:30,1772739000000,27.66,Flip Short,2026-03-16 09:00,1773666000000,26.82,358,9902.28,90,-320.22,-3.2306,122.56,1.2364,579.12,5.8425,19.5,2026-07-29T14:33:27.212Z
flip-only|CURB|30m|1773923400000|1774884600000,flip-only,CURB,NYSE:CURB,30m,Swing 30m,LONG,Swing Low,2026-03-19 08:30,1773923400000,26.26,Flip Short,2026-03-30 11:30,1774884600000,25.97,371,9742.46,105,-126.97,-1.3019,71.88,0.737,373.32,3.8281,19.38,2026-07-29T14:33:27.212Z
flip-only|CURB|30m|1774899000000|1774945800000,flip-only,CURB,NYSE:CURB,30m,Swing 30m,LONG,Swing Low,2026-03-30 15:30,1774899000000,25.52,Flip Short,2026-03-31 04:30,1774945800000,26,371,9467.92,2,158.97,1.6773,213.13,2.2488,13.18,0.139,19.11,2026-07-29T14:33:27.212Z
flip-only|CURB|30m|1774965600000|1774976400000,flip-only,CURB,NYSE:CURB,30m,Swing 30m,LONG,Swing Low,2026-03-31 10:00,1774965600000,25.61,Flip Short,2026-03-31 13:00,1774976400000,26.08,375,9603.75,6,156.87,1.6318,219.15,2.2796,35.85,0.373,19.38,2026-07-29T14:33:27.212Z
flip-only|CURB|30m|1776796200000|1776956400000,flip-only,CURB,NYSE:CURB,30m,Swing 30m,LONG,Swing Low,2026-04-21 14:30,1776796200000,27.15,Flip Short,2026-04-23 11:00,1776956400000,28.2,360,9774,22,358.07,3.6599,382.63,3.9108,124.97,1.2774,19.93,2026-07-29T14:33:27.212Z
flip-only|CURB|30m|1777483800000|1778074200000,flip-only,CURB,NYSE:CURB,30m,Swing 30m,LONG,Swing Low,2026-04-29 13:30,1777483800000,27.77,Flip Short,2026-05-06 09:30,1778074200000,27.76,365,10136.05,62,-23.92,-0.2357,66.51,0.6556,229.14,2.2583,20.27,2026-07-29T14:33:27.212Z
flip-only|CURB|30m|1778234400000|1779112800000,flip-only,CURB,NYSE:CURB,30m,Swing 30m,LONG,Swing Low,2026-05-08 06:00,1778234400000,26.82,Flip Short,2026-05-18 10:00,1779112800000,28.07,372,9977.04,85,444.58,4.4516,588.94,5.8971,9.98,0.0999,20.42,2026-07-29T14:33:27.212Z
flip-only|CURB|30m|1780338600000|1780581600000,flip-only,CURB,NYSE:CURB,30m,Swing 30m,LONG,Swing Low,2026-06-01 14:30,1780338600000,28.62,Flip Short,2026-06-04 10:00,1780581600000,29.34,367,10503.54,34,242.97,2.3109,301.45,2.8671,72.89,0.6933,21.27,2026-07-29T14:33:27.212Z
flip-only|CURB|30m|1781722800000|1782225000000,flip-only,CURB,NYSE:CURB,30m,Swing 30m,LONG,Swing Low,2026-06-17 15:00,1781722800000,30.12,Flip Short,2026-06-23 10:30,1782225000000,30.96,357,10752.84,33,278.07,2.5835,292.7,2.7193,264.22,2.4548,21.81,2026-07-29T14:33:27.212Z
flip-only|CURB|30m|1782394200000|1782412200000,flip-only,CURB,NYSE:CURB,30m,Swing 30m,LONG,Swing Low,2026-06-25 09:30,1782394200000,31.02,Flip Short,2026-06-25 14:30,1782412200000,31.29,355,11012.1,10,73.73,0.6689,88.39,0.8018,50.06,0.4542,22.12,2026-07-29T14:33:27.212Z
flip-only|CURB|30m|1782822600000|1783436400000,flip-only,CURB,NYSE:CURB,30m,Swing 30m,LONG,Swing Low,2026-06-30 08:30,1782822600000,30.29,Flip Short,2026-07-07 11:00,1783436400000,30.5,366,11086.14,68,54.61,0.4921,248.77,2.2418,845.57,7.6196,22.25,2026-07-29T14:33:27.212Z
flip-only|CURB|30m|1783944000000|1784125800000,flip-only,CURB,NYSE:CURB,30m,Swing 30m,LONG,Swing Low,2026-07-13 08:00,1783944000000,30.14,Flip Short,2026-07-15 10:30,1784125800000,30.63,369,11121.66,33,158.39,1.4227,191.83,1.7231,110.75,0.9948,22.42,2026-07-29T14:33:27.212Z
flip-only|CURB|30m|1784745000000|1784907000000,flip-only,CURB,NYSE:CURB,30m,Swing 30m,LONG,Swing Low,2026-07-22 14:30,1784745000000,30.97,Flip Short,2026-07-24 11:30,1784907000000,31.74,364,11273.08,22,257.45,2.2815,272.65,2.4162,149.59,1.3257,22.83,2026-07-29T14:33:27.212Z
flip-only|CURB|30m|1785247200000|1785249000000,flip-only,CURB,NYSE:CURB,30m,Swing 30m,LONG,Swing Low,2026-07-28 10:00,1785247200000,31.55,Flip Short,2026-07-28 10:30,1785249000000,32.06,365,11515.75,1,162.93,1.4135,207.48,1.7999,95.47,0.8282,23.22,2026-07-29T14:33:27.212Z
flip-only|SHO|30m|1768404600000|1769023800000,flip-only,SHO,NYSE:SHO,30m,Swing 30m,LONG,Swing Low,2026-01-14 10:30,1768404600000,9.19,Flip Short,2026-01-21 14:30,1769023800000,9.24,1032,9484.08,62,32.58,0.3432,52.44,0.5523,298.44,3.1436,19.02,2026-07-29T15:03:29.839Z
flip-only|SHO|30m|1769526000000|1770222600000,flip-only,SHO,NYSE:SHO,30m,Swing 30m,LONG,Swing Low,2026-01-27 10:00,1769526000000,8.91,Flip Short,2026-02-04 11:30,1770222600000,9.06,1068,9515.88,82,141.01,1.4803,150.68,1.5819,233.8,2.4544,19.19,2026-07-29T15:03:29.839Z
flip-only|SHO|30m|1770919200000|1771426800000,flip-only,SHO,NYSE:SHO,30m,Swing 30m,LONG,Swing Low,2026-02-12 13:00,1770919200000,8.99,Flip Short,2026-02-18 10:00,1771426800000,9.41,1073,9646.27,36,430.92,4.4627,473.2,4.9007,20.38,0.211,19.74,2026-07-29T15:03:29.839Z
flip-only|SHO|30m|1771860600000|1772118000000,flip-only,SHO,NYSE:SHO,30m,Swing 30m,LONG,Swing Low,2026-02-23 10:30,1771860600000,9.19,Flip Short,2026-02-26 10:00,1772118000000,9.56,1096,10072.24,40,384.97,3.8183,439.29,4.357,75.83,0.7521,20.55,2026-07-29T15:03:29.839Z
flip-only|SHO|30m|1772463600000|1772643600000,flip-only,SHO,NYSE:SHO,30m,Swing 30m,LONG,Swing Low,2026-03-02 10:00,1772463600000,9.24,Flip Short,2026-03-04 12:00,1772643600000,9.8,1127,10413.48,31,609.66,5.8487,620.71,5.9547,89.3,0.8567,21.46,2026-07-29T15:03:29.839Z
flip-only|SHO|30m|1773064800000|1774274400000,flip-only,SHO,NYSE:SHO,30m,Swing 30m,LONG,Swing Low,2026-03-09 10:00,1773064800000,9.11,Flip Short,2026-03-23 10:00,1774274400000,9.23,1207,10995.77,133,122.7,1.1148,411.45,3.7382,312.75,2.8414,22.14,2026-07-29T15:03:29.839Z
flip-only|SHO|30m|1774636200000|1775656800000,flip-only,SHO,NYSE:SHO,30m,Swing 30m,LONG,Swing Low,2026-03-27 14:30,1774636200000,8.98,Flip Short,2026-04-08 10:00,1775656800000,9.19,1237,11108.26,84,237.29,2.1341,372.36,3.3488,159.55,1.4349,22.48,2026-07-29T15:03:29.839Z
flip-only|SHO|30m|1776882600000|1777298400000,flip-only,SHO,NYSE:SHO,30m,Swing 30m,LONG,Swing Low,2026-04-22 14:30,1776882600000,9.54,Flip Short,2026-04-27 10:00,1777298400000,9.71,1189,11343.06,32,179.24,1.5786,262.13,2.3086,106.46,0.9376,22.89,2026-07-29T15:03:29.839Z
flip-only|SHO|30m|1777912200000|1777982400000,flip-only,SHO,NYSE:SHO,30m,Swing 30m,LONG,Swing Low,2026-05-04 12:30,1777912200000,9.73,Flip Short,2026-05-05 08:00,1777982400000,9.93,1182,11500.86,9,213.16,1.8516,319.46,2.7749,58.78,0.5106,23.24,2026-07-29T15:03:29.839Z
flip-only|SHO|30m|1777989600000|1778002200000,flip-only,SHO,NYSE:SHO,30m,Swing 30m,LONG,Swing Low,2026-05-05 10:00,1777989600000,9.87,Flip Short,2026-05-05 13:30,1778002200000,10,1187,11715.69,7,130.72,1.1147,154.46,1.3171,23.59,0.2011,23.59,2026-07-29T15:03:29.839Z
flip-only|SHO|30m|1778594400000|1779298200000,flip-only,SHO,NYSE:SHO,30m,Swing 30m,LONG,Swing Low,2026-05-12 10:00,1778594400000,10.21,Flip Short,2026-05-20 13:30,1779298200000,10.49,1160,11843.6,90,300.79,2.5371,336.16,2.8355,127.84,1.0784,24.01,2026-07-29T15:03:29.839Z
flip-only|SHO|30m|1781789400000|1781791200000,flip-only,SHO,NYSE:SHO,30m,Swing 30m,LONG,Swing Low,2026-06-18 09:30,1781789400000,11.89,Flip Short,2026-06-18 10:00,1781791200000,12.01,1031,12258.59,1,99.08,0.8074,111.46,0.9083,53.5,0.436,24.64,2026-07-29T15:03:29.839Z
flip-only|SHO|30m|1782309600000|1782741600000,flip-only,SHO,NYSE:SHO,30m,Swing 30m,LONG,Swing Low,2026-06-24 10:00,1782309600000,11.76,Flip Short,2026-06-29 10:00,1782741600000,11.79,1039,12218.64,43,6.7,0.0548,133.24,1.0894,334.31,2.7333,24.47,2026-07-29T15:03:29.839Z
flip-only|SHO|30m|1782829800000|1784037600000,flip-only,SHO,NYSE:SHO,30m,Swing 30m,LONG,Swing Low,2026-06-30 10:30,1782829800000,11.46,Flip Short,2026-07-14 10:00,1784037600000,11.29,1068,12239.28,125,-205.86,-1.6803,115.92,0.9462,514.2,4.197,24.3,2026-07-29T15:03:29.839Z
flip-only|SHO|30m|1784824200000|1785160800000,flip-only,SHO,NYSE:SHO,30m,Swing 30m,LONG,Swing Low,2026-07-23 12:30,1784824200000,11.61,Flip Short,2026-07-27 10:00,1785160800000,11.86,1036,12027.96,21,234.69,1.9492,278.05,2.3094,63.83,0.5301,24.31,2026-07-29T15:03:29.839Z
flip-only|APLE|30m|1770917400000|1771435800000,flip-only,APLE,NYSE:APLE,30m,Swing 30m,LONG,Swing Low,2026-02-12 12:30,1770917400000,12.13,Flip Short,2026-02-18 12:30,1771435800000,12.43,782,9485.66,48,215.39,2.2685,225.11,2.3708,126.79,1.3353,19.21,2026-07-29T15:03:32.977Z
flip-only|APLE|30m|1771520400000|1772118000000,flip-only,APLE,NYSE:APLE,30m,Swing 30m,LONG,Swing Low,2026-02-19 12:00,1771520400000,12.15,Flip Short,2026-02-26 10:00,1772118000000,12.65,797,9683.55,84,378.73,3.9072,396.79,4.0934,328.48,3.3888,19.77,2026-07-29T15:03:32.977Z
flip-only|APLE|30m|1772456400000|1773855000000,flip-only,APLE,NYSE:APLE,30m,Swing 30m,LONG,Swing Low,2026-03-02 08:00,1772456400000,12.09,Flip Short,2026-03-18 13:30,1773855000000,11.96,834,10083.06,216,-128.48,-1.2729,373.56,3.7011,385.38,3.8183,20.06,2026-07-29T15:03:32.977Z
flip-only|APLE|30m|1773927000000|1774278000000,flip-only,APLE,NYSE:APLE,30m,Swing 30m,LONG,Swing Low,2026-03-19 09:30,1773927000000,11.74,Flip Short,2026-03-23 11:00,1774278000000,11.96,846,9932.04,46,166.07,1.6704,193.11,1.9424,187.59,1.8869,20.05,2026-07-29T15:03:32.977Z
flip-only|APLE|30m|1774621800000|1775041200000,flip-only,APLE,NYSE:APLE,30m,Swing 30m,LONG,Swing Low,2026-03-27 10:30,1774621800000,11.74,Flip Short,2026-04-01 07:00,1775041200000,11.58,859,10084.66,51,-157.47,-1.5599,41.46,0.4107,336.5,3.3335,20.03,2026-07-29T15:03:32.977Z
flip-only|APLE|30m|1777903200000|1778007600000,flip-only,APLE,NYSE:APLE,30m,Swing 30m,LONG,Swing Low,2026-05-04 10:00,1777903200000,13.33,Flip Short,2026-05-05 15:00,1778007600000,13.64,745,9930.85,27,210.86,2.1211,235.92,2.3732,151.48,1.5238,20.09,2026-07-29T15:03:32.977Z
flip-only|APLE|30m|1778527800000|1778772600000,flip-only,APLE,NYSE:APLE,30m,Swing 30m,LONG,Swing Low,2026-05-11 15:30,1778527800000,13.79,Flip Short,2026-05-14 11:30,1778772600000,14.11,734,10121.86,39,214.4,2.1161,246.78,2.4356,156.92,1.5488,20.48,2026-07-29T15:03:32.977Z
flip-only|APLE|30m|1779109200000|1779132600000,flip-only,APLE,NYSE:APLE,30m,Swing 30m,LONG,Swing Low,2026-05-18 09:00,1779109200000,13.84,Flip Short,2026-05-18 15:30,1779132600000,14.15,756,10463.04,13,213.2,2.0356,239.02,2.2821,33.14,0.3164,21.16,2026-07-29T15:03:32.977Z
flip-only|APLE|30m|1780084800000|1780439400000,flip-only,APLE,NYSE:APLE,30m,Swing 30m,LONG,Swing Low,2026-05-29 16:00,1780084800000,14.68,Flip Short,2026-06-02 18:30,1780439400000,15,718,10540.24,39,208.45,1.9757,255.12,2.418,139.78,1.3248,21.31,2026-07-29T15:03:32.977Z
flip-only|APLE|30m|1782313200000|1782396000000,flip-only,APLE,NYSE:APLE,30m,Swing 30m,LONG,Swing Low,2026-06-24 11:00,1782313200000,16.5,Flip Short,2026-06-25 10:00,1782396000000,16.93,651,10741.5,12,258.17,2.4011,269.19,2.5036,134.43,1.2503,21.76,2026-07-29T15:03:32.977Z
flip-only|APLE|30m|1782918000000|1783693800000,flip-only,APLE,NYSE:APLE,30m,Swing 30m,LONG,Swing Low,2026-07-01 11:00,1782918000000,16.59,Flip Short,2026-07-10 10:30,1783693800000,16.62,662,10982.58,95,-2.13,-0.0193,108.18,0.984,414.8,3.7731,21.99,2026-07-29T15:03:32.977Z
flip-only|TEX|30m|1770753600000|1770816600000,flip-only,TEX,NYSE:TEX,30m,Swing 30m,LONG,Swing Low,2026-02-10 15:00,1770753600000,60.4,Flip Short,2026-02-11 08:30,1770816600000,64.03,157,9482.8,8,550.37,5.7981,560.43,5.904,315.63,3.3252,19.54,2026-07-29T15:03:36.117Z
flip-only|TEX|30m|1771858800000|1772483400000,flip-only,TEX,NYSE:TEX,30m,Swing 30m,LONG,Swing Low,2026-02-23 10:00,1771858800000,66.48,Flip Short,2026-03-02 15:30,1772483400000,69.37,150,9972,82,413.12,4.1387,435.53,4.3631,89.47,0.8963,20.38,2026-07-29T15:03:36.117Z
flip-only|TEX|30m|1772550000000|1774274400000,flip-only,TEX,NYSE:TEX,30m,Swing 30m,LONG,Swing Low,2026-03-03 10:00,1772550000000,65.12,Flip Short,2026-03-23 10:00,1774274400000,61.13,159,10354.08,221,-654.48,-6.3147,535.02,5.162,1407.96,13.5846,20.07,2026-07-29T15:03:36.117Z
flip-only|TEX|30m|1774620000000|1774987200000,flip-only,TEX,NYSE:TEX,30m,Swing 30m,LONG,Swing Low,2026-03-27 10:00,1774620000000,57.6,Flip Short,2026-03-31 16:00,1774987200000,59.14,169,9734.4,41,240.53,2.4685,311.37,3.1954,567.43,5.8233,19.73,2026-07-29T15:03:36.117Z
flip-only|TEX|30m|1776261600000|1776699000000,flip-only,TEX,NYSE:TEX,30m,Swing 30m,LONG,Swing Low,2026-04-15 10:00,1776261600000,61.28,Flip Short,2026-04-20 11:30,1776699000000,62.41,162,9927.36,50,163.02,1.6405,181.23,1.8238,619.05,6.2295,20.04,2026-07-29T15:03:36.117Z
flip-only|TEX|30m|1776943800000|1776956400000,flip-only,TEX,NYSE:TEX,30m,Swing 30m,LONG,Swing Low,2026-04-23 07:30,1776943800000,60.75,Flip Short,2026-04-23 11:00,1776956400000,63.27,169,10266.75,4,404.92,3.9401,522.08,5.0801,10.27,0.0999,20.96,2026-07-29T15:03:36.117Z
flip-only|TEX|30m|1777386600000|1777561200000,flip-only,TEX,NYSE:TEX,30m,Swing 30m,LONG,Swing Low,2026-04-28 10:30,1777386600000,61.49,Flip Short,2026-04-30 11:00,1777561200000,64.1,171,10514.79,30,424.83,4.0363,485.39,4.6116,229.39,2.1795,21.48,2026-07-29T15:03:36.117Z
flip-only|TEX|30m|1777644000000|1778081400000,flip-only,TEX,NYSE:TEX,30m,Swing 30m,LONG,Swing Low,2026-05-01 10:00,1777644000000,63.27,Flip Short,2026-05-06 11:30,1778081400000,64.52,173,10945.71,50,194.14,1.7719,229.52,2.0948,905.36,8.2631,22.11,2026-07-29T15:03:36.117Z
flip-only|TEX|30m|1778688000000|1779804000000,flip-only,TEX,NYSE:TEX,30m,Swing 30m,LONG,Swing Low,2026-05-13 12:00,1778688000000,62.1,Flip Short,2026-05-26 10:00,1779804000000,58.53,179,11115.9,112,-660.62,-5.9371,325.4,2.9245,1419.85,12.7603,21.59,2026-07-29T15:03:36.117Z
flip-only|TEX|30m|1780322400000|1780408800000,flip-only,TEX,NYSE:TEX,30m,Swing 30m,LONG,Swing Low,2026-06-01 10:00,1780322400000,56.95,Flip Short,2026-06-02 10:00,1780408800000,60.06,184,10478.8,16,550.71,5.2502,915.04,8.7236,268.08,2.5557,21.53,2026-07-29T15:03:36.117Z
flip-only|TEX|30m|1780687800000|1781013600000,flip-only,TEX,NYSE:TEX,30m,Swing 30m,LONG,Swing Low,2026-06-05 15:30,1780687800000,59.74,Flip Short,2026-06-09 10:00,1781013600000,65.84,184,10992.16,16,1099.29,9.9907,1115.09,10.1343,27.55,0.2504,23.11,2026-07-29T15:03:36.117Z
flip-only|TEX|30m|1781121600000|1781523000000,flip-only,TEX,NYSE:TEX,30m,Swing 30m,LONG,Swing Low,2026-06-10 16:00,1781121600000,59.47,Flip Short,2026-06-15 07:30,1781523000000,64.69,203,12072.41,31,1034.46,8.5602,1051.65,8.7025,89.21,0.7382,25.2,2026-07-29T15:03:36.117Z
flip-only|TEX|30m|1782914400000|1783693800000,flip-only,TEX,NYSE:TEX,30m,Swing 30m,LONG,Swing Low,2026-07-01 10:00,1782914400000,71.76,Flip Short,2026-07-10 10:30,1783693800000,66.95,182,13060.32,102,-900.67,-6.8893,59.74,0.457,1510.92,11.5572,25.25,2026-07-29T15:03:36.117Z
flip-only|TEX|30m|1784120400000|1784548800000,flip-only,TEX,NYSE:TEX,30m,Swing 30m,LONG,Swing Low,2026-07-15 09:00,1784120400000,65.33,Flip Short,2026-07-20 08:00,1784548800000,66.67,186,12151.38,52,224.69,1.8472,391.47,3.2184,369.27,3.0359,24.55,2026-07-29T15:03:36.117Z
flip-only|TEX|30m|1784559600000|1784743200000,flip-only,TEX,NYSE:TEX,30m,Swing 30m,LONG,Swing Low,2026-07-20 11:00,1784559600000,63.52,Flip Short,2026-07-22 14:00,1784743200000,67.59,195,12386.4,42,768.08,6.1948,781.26,6.3011,306.84,2.4747,25.57,2026-07-29T15:03:36.117Z
flip-only|CVE|30m|1768921200000|1769007600000,flip-only,CVE,TSX:CVE,30m,Swing 30m,LONG,Swing Low,2026-01-20 10:00,1768921200000,24.85,Flip Short,2026-01-21 10:00,1769007600000,25.46,382,9492.7,14,213.8,2.25,345.77,3.6388,200.49,2.11,19.22,2026-07-29T15:33:31.309Z
flip-only|CVE|30m|1770044400000|1770226200000,flip-only,CVE,TSX:CVE,30m,Swing 30m,LONG,Swing Low,2026-02-02 10:00,1770044400000,26.08,Flip Short,2026-02-04 12:30,1770226200000,27.75,371,9675.68,34,599.6,6.1908,639.57,6.6035,9.68,0.0999,19.97,2026-07-29T15:33:31.309Z
flip-only|CVE|30m|1771959600000|1772463600000,flip-only,CVE,TSX:CVE,30m,Swing 30m,LONG,Swing Low,2026-02-24 14:00,1771959600000,30.49,Flip Short,2026-03-02 10:00,1772463600000,31.8,336,10244.64,48,419.23,4.0881,577.76,5.634,433.6,4.2283,20.93,2026-07-29T15:33:31.309Z
flip-only|CVE|30m|1773086400000|1773257400000,flip-only,CVE,TSX:CVE,30m,Swing 30m,LONG,Swing Low,2026-03-09 16:00,1773086400000,31,Flip Short,2026-03-11 15:30,1773257400000,32.13,344,10664,28,367,3.4381,378.06,3.5416,275.54,2.5813,21.72,2026-07-29T15:33:31.309Z
flip-only|CVE|30m|1775052000000|1775570400000,flip-only,CVE,TSX:CVE,30m,Swing 30m,LONG,Swing Low,2026-04-01 10:00,1775052000000,35.8,Flip Short,2026-04-07 10:00,1775570400000,38.1,307,10990.6,42,683.41,6.2119,747.3,6.7926,164.49,1.4952,22.69,2026-07-29T15:33:31.309Z
flip-only|CVE|30m|1775656800000|1776879000000,flip-only,CVE,TSX:CVE,30m,Swing 30m,LONG,Swing Low,2026-04-08 10:00,1775656800000,35.52,Flip Short,2026-04-22 13:30,1776879000000,35.46,328,11650.56,148,-42.96,-0.3684,388.51,3.3314,1018.61,8.7343,23.28,2026-07-29T15:33:31.309Z
flip-only|CVE|30m|1778162400000|1778520600000,flip-only,CVE,TSX:CVE,30m,Swing 30m,LONG,Swing Low,2026-05-07 10:00,1778162400000,38.04,Flip Short,2026-05-11 13:30,1778520600000,39.79,305,11602.2,36,510.01,4.3914,549.6,4.7323,127.5,1.0979,23.74,2026-07-29T15:33:31.309Z
flip-only|CVE|30m|1779386400000|1780410600000,flip-only,CVE,TSX:CVE,30m,Swing 30m,LONG,Swing Low,2026-05-21 14:00,1779386400000,41.53,Flip Short,2026-06-02 10:30,1780410600000,39.9,291,12085.23,107,-498.03,-4.1168,182.88,1.5118,1117.89,9.2408,23.7,2026-07-29T15:33:31.309Z
flip-only|CVE|30m|1780686000000|1781191800000,flip-only,CVE,TSX:CVE,30m,Swing 30m,LONG,Swing Low,2026-06-05 15:00,1780686000000,39.57,Flip Short,2026-06-11 11:30,1781191800000,40.55,293,11594.01,49,263.66,2.2719,310.71,2.6772,486.25,4.1898,23.48,2026-07-29T15:33:31.309Z
flip-only|CVE|30m|1781532000000|1782228600000,flip-only,CVE,TSX:CVE,30m,Swing 30m,LONG,Swing Low,2026-06-15 10:00,1781532000000,36.89,Flip Short,2026-06-23 11:30,1782228600000,36.52,321,11841.69,87,-142.33,-1.2008,341.26,2.879,727.67,6.1389,23.56,2026-07-29T15:33:31.309Z
flip-only|CVE|30m|1782309600000|1782757800000,flip-only,CVE,TSX:CVE,30m,Swing 30m,LONG,Swing Low,2026-06-24 10:00,1782309600000,35.41,Flip Short,2026-06-29 14:30,1782757800000,35.8,331,11720.71,51,105.52,0.8994,120.68,1.0286,269.9,2.3005,23.57,2026-07-29T15:33:31.309Z
flip-only|CVE|30m|1783366200000|1783438200000,flip-only,CVE,TSX:CVE,30m,Swing 30m,LONG,Swing Low,2026-07-06 15:30,1783366200000,34.6,Flip Short,2026-07-07 11:30,1783438200000,35.21,342,11833.2,6,184.74,1.5597,261.77,2.2099,39.19,0.3309,23.88,2026-07-29T15:33:31.309Z
flip-only|VLO|30m|1776432600000|1776785400000,flip-only,VLO,NYSE:VLO,30m,Swing 30m,LONG,Swing Low,2026-04-17 09:30,1776432600000,228.06,Flip Short,2026-04-21 11:30,1776785400000,229.2,41,9350.46,59,27.99,0.2991,80.85,0.8638,556.7,5.9478,18.75,2026-07-29T15:33:34.249Z
flip-only|VLO|30m|1776961800000|1777287600000,flip-only,VLO,NYSE:VLO,30m,Swing 30m,LONG,Swing Low,2026-04-23 12:30,1776961800000,231.25,Flip Short,2026-04-27 07:00,1777287600000,236.81,41,9481.25,40,208.77,2.1997,259.89,2.7383,45.15,0.4757,19.19,2026-07-29T15:33:34.249Z
flip-only|VLO|30m|1777645800000|1777989600000,flip-only,VLO,NYSE:VLO,30m,Swing 30m,LONG,Swing Low,2026-05-01 10:30,1777645800000,244.23,Flip Short,2026-05-05 10:00,1777989600000,252.25,39,9524.97,50,293.42,3.0774,424.94,4.4568,27.85,0.2921,19.36,2026-07-29T15:33:34.249Z
flip-only|VLO|30m|1778063400000|1778250600000,flip-only,VLO,NYSE:VLO,30m,Swing 30m,LONG,Swing Low,2026-05-06 06:30,1778063400000,243,Flip Short,2026-05-08 10:30,1778250600000,240.33,41,9963,63,-129.29,-1.2964,22.43,0.2249,655.71,6.5749,19.82,2026-07-29T15:33:34.249Z
flip-only|VLO|30m|1778684400000|1778853600000,flip-only,VLO,NYSE:VLO,30m,Swing 30m,LONG,Swing Low,2026-05-13 11:00,1778684400000,242.85,Flip Short,2026-05-15 10:00,1778853600000,250.46,40,9714,48,284.67,2.9276,315.89,3.2486,110.51,1.1365,19.73,2026-07-29T15:33:34.249Z
flip-only|VLO|30m|1779291000000|1779811200000,flip-only,VLO,NYSE:VLO,30m,Swing 30m,LONG,Swing Low,2026-05-20 11:30,1779291000000,254.8,Flip Short,2026-05-26 12:00,1779811200000,247.5,39,9937.2,85,-304.29,-3.0591,91.07,0.9156,598.45,6.0163,19.59,2026-07-29T15:33:34.249Z
flip-only|VLO|30m|1779876000000|1780311600000,flip-only,VLO,NYSE:VLO,30m,Swing 30m,LONG,Swing Low,2026-05-27 06:00,1779876000000,239,Flip Short,2026-06-01 07:00,1780311600000,247.01,41,9799,69,308.48,3.145,318.61,3.2482,241.04,2.4574,19.93,2026-07-29T15:33:34.249Z
flip-only|VLO|30m|1780668000000|1780907400000,flip-only,VLO,NYSE:VLO,30m,Swing 30m,LONG,Swing Low,2026-06-05 10:00,1780668000000,256.55,Flip Short,2026-06-08 04:30,1780907400000,263.99,39,10005.45,15,269.86,2.6944,286.78,2.8634,45.5,0.4543,20.3,2026-07-29T15:33:34.249Z
flip-only|VLO|30m|1781015400000|1781186400000,flip-only,VLO,NYSE:VLO,30m,Swing 30m,LONG,Swing Low,2026-06-09 10:30,1781015400000,251.82,Flip Short,2026-06-11 10:00,1781186400000,259.82,41,10324.62,47,307.02,2.9707,512.84,4.9621,228.03,2.2064,20.98,2026-07-29T15:33:34.249Z
flip-only|VLO|30m|1781271000000|1782158400000,flip-only,VLO,NYSE:VLO,30m,Swing 30m,LONG,Swing Low,2026-06-12 09:30,1781271000000,253.64,Flip Short,2026-06-22 16:00,1782158400000,243.78,41,10399.24,136,-424.65,-4.0794,351.63,3.3779,868.94,8.3474,20.39,2026-07-29T15:33:34.249Z
flip-only|VLO|30m|1782385200000|1782396000000,flip-only,VLO,NYSE:VLO,30m,Swing 30m,LONG,Swing Low,2026-06-25 07:00,1782385200000,240.11,Flip Short,2026-06-25 10:00,1782396000000,248.51,43,10324.73,6,340.19,3.2916,360.34,3.4865,11.61,0.1124,21.01,2026-07-29T15:33:34.249Z
flip-only|VLO|30m|1783432800000|1783504800000,flip-only,VLO,NYSE:VLO,30m,Swing 30m,LONG,Swing Low,2026-07-07 10:00,1783432800000,266.58,Flip Short,2026-07-08 06:00,1783504800000,275.45,39,10396.62,18,324.79,3.1209,335.53,3.2241,224.12,2.1535,21.14,2026-07-29T15:33:34.249Z
flip-only|VLO|30m|1783701000000|1783933200000,flip-only,VLO,NYSE:VLO,30m,Swing 30m,LONG,Swing Low,2026-07-10 12:30,1783701000000,276.7,Flip Short,2026-07-13 05:00,1783933200000,285.47,39,10791.3,11,320.11,2.9634,468.13,4.3337,79.43,0.7353,21.92,2026-07-29T15:33:34.249Z
flip-only|VLO|30m|1784125800000|1784212200000,flip-only,VLO,NYSE:VLO,30m,Swing 30m,LONG,Swing Low,2026-07-15 10:30,1784125800000,293.68,Flip Short,2026-07-16 10:30,1784212200000,302.01,38,11159.84,28,293.9,2.631,366.18,3.278,250.56,2.2429,22.64,2026-07-29T15:33:34.249Z
flip-only|VLO|30m|1784736000000|1785281400000,flip-only,VLO,NYSE:VLO,30m,Swing 30m,LONG,Swing Low,2026-07-22 12:00,1784736000000,311.5,Flip Short,2026-07-28 19:30,1785281400000,302.19,36,11214,123,-357.25,-3.1826,311.71,2.7768,713.21,6.3537,22.09,2026-07-29T15:33:34.249Z
flip-only|SBLK|30m|1785240000000|1785420000000,flip-only,SBLK,NASDAQ:SBLK,30m,Swing 30m,LONG,Swing Low,2026-07-28 08:00,1785240000000,27.02,Flip Short,2026-07-30 10:00,1785420000000,28.23,425,11483.5,43,490.77,4.2694,502.77,4.3738,75.23,0.6545,23.48,2026-07-30T15:08:09.123Z
flip-only|CVE|30m|1785160800000|1785429000000,flip-only,CVE,TSX:CVE,30m,Swing 30m,LONG,Swing Low,2026-07-27 10:00,1785160800000,40.04,Flip Short,2026-07-30 12:30,1785429000000,41.75,300,12012,47,488.46,4.0624,527.99,4.3911,468.01,3.8923,24.54,2026-07-30T17:08:14.322Z
flip-only|VLO|30m|1785411000000|1785439800000,flip-only,VLO,NYSE:VLO,30m,Swing 30m,LONG,Swing Low,2026-07-30 07:30,1785411000000,292.55,Flip Short,2026-07-30 15:30,1785439800000,311.95,38,11116.9,16,714.23,6.4183,726.08,6.5248,16.82,0.1511,22.97,2026-07-30T19:38:05.183Z
flip-only|UDOW|30m|1785333600000|1785484800000,flip-only,UDOW,AMEX:UDOW,30m,Swing 30m,LONG,Swing Low,2026-07-29 10:00,1785333600000,68.85,Flip Short,2026-07-31 04:00,1785484800000,69.8,161,11084.85,50,130.63,1.1773,141.87,1.2785,437.73,3.945,22.32,2026-07-31T17:08:42.505Z
