trade_key,rule_type,ticker,symbol,timeframe,watchlist,side,entry_signal,entry_time_et,entry_time_ms,entry_price,exit_signal,exit_time_et,exit_time_ms,exit_price,qty,position_value,bars_held,pnl_usd,pnl_pct,mfe_usd,mfe_pct,mae_usd,mae_pct,commission,logged_at
flip-only|TNA|15m|1781019000000|1781095500000,flip-only,TNA,AMEX:TNA,15m,Swing 15m,LONG,Swing Low,2026-06-09 11:30,1781019000000,62.47,Flip Short,2026-06-10 08:45,1781095500000,64.4,159,9932.73,52,286.7,2.8835,392.34,3.946,482.16,4.8494,20.17,2026-07-25T00:17:01.809Z
flip-only|TNA|15m|1781129700000|1781186400000,flip-only,TNA,AMEX:TNA,15m,Swing 15m,LONG,Swing Low,2026-06-10 18:15,1781129700000,61.6,Flip Short,2026-06-11 10:00,1781186400000,65.2,166,10225.6,31,576.55,5.6327,668.71,6.5331,124.77,1.2189,21.05,2026-07-25T00:17:01.809Z
flip-only|TNA|15m|1781620200000|1781703900000,flip-only,TNA,AMEX:TNA,15m,Swing 15m,LONG,Swing Low,2026-06-16 10:30,1781620200000,70.79,Flip Short,2026-06-17 09:45,1781703900000,71.33,153,10830.87,56,60.88,0.5615,77.91,0.7186,267.87,2.4707,21.74,2026-07-25T00:17:01.809Z
flip-only|TNA|15m|1781720100000|1781812800000,flip-only,TNA,AMEX:TNA,15m,Swing 15m,LONG,Swing Low,2026-06-17 14:15,1781720100000,69.81,Flip Short,2026-06-18 16:00,1781812800000,71.74,156,10890.36,71,279,2.5593,332.31,3.0484,410.25,3.7633,22.08,2026-07-25T00:17:01.809Z
flip-only|TNA|15m|1782202500000|1782312300000,flip-only,TNA,AMEX:TNA,15m,Swing 15m,LONG,Swing Low,2026-06-23 04:15,1782202500000,69.9,Flip Short,2026-06-24 10:45,1782312300000,73.33,159,11114.1,88,522.6,4.6974,564.47,5.0738,103.33,0.9288,22.77,2026-07-25T00:17:01.809Z
flip-only|TNA|15m|1782415800000|1782488700000,flip-only,TNA,AMEX:TNA,15m,Swing 15m,LONG,Swing Low,2026-06-25 15:30,1782415800000,72.97,Flip Short,2026-06-26 11:45,1782488700000,74.58,160,11675.2,46,233.99,2.0022,281.12,2.4055,224.48,1.9207,23.61,2026-07-25T00:17:01.809Z
flip-only|TNA|15m|1782742500000|1782815400000,flip-only,TNA,AMEX:TNA,15m,Swing 15m,LONG,Swing Low,2026-06-29 10:15,1782742500000,71.01,Flip Short,2026-06-30 06:30,1782815400000,74.31,168,11929.68,47,529.99,4.4381,557.59,4.6693,27.05,0.2265,24.41,2026-07-25T00:17:01.809Z
flip-only|TNA|15m|1782908100000|1782914400000,flip-only,TNA,AMEX:TNA,15m,Swing 15m,LONG,Swing Low,2026-07-01 08:15,1782908100000,74.4,Flip Short,2026-07-01 10:00,1782914400000,75.55,167,12424.8,7,167.01,1.3428,179.63,1.4443,82.56,0.6639,25.04,2026-07-25T00:17:01.809Z
flip-only|TNA|15m|1782936900000|1783345500000,flip-only,TNA,AMEX:TNA,15m,Swing 15m,LONG,Swing Low,2026-07-01 16:15,1782936900000,73.9,Flip Short,2026-07-06 09:45,1783345500000,74.41,170,12563,93,61.49,0.4889,409.04,3.2526,505.56,4.0202,25.21,2026-07-25T00:17:01.809Z
flip-only|TNA|15m|1783431900000|1783600200000,flip-only,TNA,AMEX:TNA,15m,Swing 15m,LONG,Swing Low,2026-07-07 09:45,1783431900000,73.35,Flip Short,2026-07-09 08:30,1783600200000,70.75,173,12689.55,123,-474.73,-3.7374,0,0,964.19,7.5907,24.93,2026-07-25T00:17:01.809Z
flip-only|TNA|15m|1783691100000|1784033100000,flip-only,TNA,AMEX:TNA,15m,Swing 15m,LONG,Swing Low,2026-07-10 09:45,1783691100000,71.67,Flip Short,2026-07-14 08:45,1784033100000,71.9,170,12183.9,114,14.69,0.1205,349.92,2.8691,471.18,3.8634,24.41,2026-07-25T00:17:01.809Z
flip-only|TNA|15m|1784203200000|1784210400000,flip-only,TNA,AMEX:TNA,15m,Swing 15m,LONG,Swing Low,2026-07-16 08:00,1784203200000,70.51,Flip Short,2026-07-16 10:00,1784210400000,71.83,173,12198.23,8,203.74,1.6685,247.3,2.0253,83.13,0.6808,24.62,2026-07-25T00:17:01.809Z
flip-only|TNA|15m|1784276100000|1784547900000,flip-only,TNA,AMEX:TNA,15m,Swing 15m,LONG,Swing Low,2026-07-17 04:15,1784276100000,69.71,Flip Short,2026-07-20 07:45,1784547900000,71.38,178,12408.38,74,272.15,2.1911,350.71,2.8236,266.95,2.1492,25.11,2026-07-25T00:17:01.809Z
flip-only|TNA|15m|1784559600000|1784645100000,flip-only,TNA,AMEX:TNA,15m,Swing 15m,LONG,Swing Low,2026-07-20 11:00,1784559600000,69.11,Flip Short,2026-07-21 10:45,1784645100000,70.4,183,12647.13,59,210.54,1.6631,274.66,2.1696,129.77,1.025,25.53,2026-07-25T00:17:01.809Z
flip-only|TNA|15m|1784731500000|1784887200000,flip-only,TNA,AMEX:TNA,15m,Swing 15m,LONG,Swing Low,2026-07-22 10:45,1784731500000,70.14,Flip Short,2026-07-24 06:00,1784887200000,69.3,184,12905.76,98,-180.22,-1.395,88.29,0.6835,566.75,4.387,25.66,2026-07-25T00:17:01.809Z
flip-only|TNA|15m|1784904300000|1784910600000,flip-only,TNA,AMEX:TNA,15m,Swing 15m,LONG,Swing Low,2026-07-24 10:45,1784904300000,67.45,Flip Short,2026-07-24 12:30,1784910600000,69.49,188,12680.6,7,357.78,2.8186,410.32,3.2326,40.88,0.3221,25.74,2026-07-25T00:17:01.809Z
flip-only|MEXX|15m|1767117600000|1767628800000,flip-only,MEXX,AMEX:MEXX,15m,Swing 15m,LONG,Swing Low,2025-12-30 13:00,1767117600000,25.64,Flip Short,2026-01-05 11:00,1767628800000,26.71,387,9922.68,35,393.83,3.965,404.17,4.0691,412.4,4.152,20.26,2026-07-25T00:17:08.468Z
flip-only|MEXX|15m|1769785200000|1770132600000,flip-only,MEXX,AMEX:MEXX,15m,Swing 15m,LONG,Swing Low,2026-01-30 10:00,1769785200000,33.7,Flip Short,2026-02-03 10:30,1770132600000,34.95,307,10345.9,47,362.67,3.502,388.75,3.7538,879.16,8.4891,21.08,2026-07-25T00:17:08.468Z
flip-only|MEXX|15m|1773927900000|1774379700000,flip-only,MEXX,AMEX:MEXX,15m,Swing 15m,LONG,Swing Low,2026-03-19 09:45,1773927900000,24.45,Flip Short,2026-03-24 15:15,1774379700000,26.59,435,10635.75,60,908.7,8.5353,920.26,8.6439,497.84,4.6761,22.2,2026-07-25T00:17:08.468Z
flip-only|MEXX|15m|1776189600000|1776433500000,flip-only,MEXX,AMEX:MEXX,15m,Swing 15m,LONG,Swing Low,2026-04-14 14:00,1776189600000,32.71,Flip Short,2026-04-17 09:45,1776433500000,34.02,354,11579.34,31,440.12,3.7971,664.56,5.7335,121.32,1.0467,23.62,2026-07-25T00:17:08.468Z
flip-only|MEXX|15m|1776789000000|1778069700000,flip-only,MEXX,AMEX:MEXX,15m,Swing 15m,LONG,Swing Low,2026-04-21 12:30,1776789000000,32.17,Flip Short,2026-05-06 08:15,1778069700000,32.5,374,12031.58,100,99.23,0.824,354.49,2.9434,1279.89,10.6271,24.19,2026-07-25T00:17:08.468Z
flip-only|MEXX|15m|1778783400000|1779814800000,flip-only,MEXX,AMEX:MEXX,15m,Swing 15m,LONG,Swing Low,2026-05-14 14:30,1778783400000,32.9,Flip Short,2026-05-26 13:00,1779814800000,32.16,367,12074.3,79,-295.46,-2.4445,171.43,1.4183,1069.03,8.845,23.88,2026-07-25T00:17:08.468Z
flip-only|MEXX|15m|1780321500000|1780321500000,flip-only,MEXX,AMEX:MEXX,15m,Swing 15m,LONG,Swing Low,2026-06-01 09:45,1780321500000,30.51,Margin call,2026-06-01 09:45,1780321500000,30.51,1,30.51,0,-0.06,-0.1998,0,0,0.03,0.0999,0.06,2026-07-25T00:17:08.468Z
flip-only|MEXX|15m|1780321500000|1781202600000,flip-only,MEXX,AMEX:MEXX,15m,Swing 15m,LONG,Swing Low,2026-06-01 09:45,1780321500000,30.51,Flip Short,2026-06-11 14:30,1781202600000,29.15,389,11868.39,85,-552.25,-4.6484,956.74,8.0532,1622.33,13.6557,23.21,2026-07-25T00:17:08.468Z
flip-only|MEXX|15m|1782156600000|1782761400000,flip-only,MEXX,AMEX:MEXX,15m,Swing 15m,LONG,Swing Low,2026-06-22 15:30,1782156600000,29.5,Flip Short,2026-06-29 15:30,1782761400000,29.43,384,11328,48,-49.51,-0.4366,180.67,1.5933,1117.25,9.8529,22.63,2026-07-25T00:17:08.468Z
flip-only|MEXX|15m|1783518300000|1783518300000,flip-only,MEXX,AMEX:MEXX,15m,Swing 15m,LONG,Swing Low,2026-07-08 09:45,1783518300000,27.31,Margin call,2026-07-08 09:45,1783518300000,27.31,1,27.31,0,-0.05,-0.1998,0,0,0.03,0.0999,0.05,2026-07-25T00:17:08.468Z
flip-only|MEXX|15m|1783518300000|1784727900000,flip-only,MEXX,AMEX:MEXX,15m,Swing 15m,LONG,Swing Low,2026-07-08 09:45,1783518300000,27.31,Flip Short,2026-07-22 09:45,1784727900000,29.99,413,11279.03,44,1083.17,9.5938,1095.56,9.7036,345.81,3.0629,23.66,2026-07-25T00:17:08.468Z
flip-only|EWO|15m|1760709600000|1761762600000,flip-only,EWO,AMEX:EWO,15m,Swing 15m,LONG,Swing Low,2025-10-17 10:00,1760709600000,30.5,Flip Short,2025-10-29 14:30,1761762600000,31,327,9973.5,29,143.39,1.4363,189.5,1.8981,52.48,0.5257,20.11,2026-07-25T00:17:14.545Z
flip-only|EWO|15m|1763411400000|1763411400000,flip-only,EWO,AMEX:EWO,15m,Swing 15m,LONG,Swing Low,2025-11-17 15:30,1763411400000,31.18,Margin call,2025-11-17 15:30,1763411400000,31.18,1,31.18,0,-0.06,-0.1998,0,0,0.03,0.0999,0.06,2026-07-25T00:17:14.545Z
flip-only|EWO|15m|1763411400000|1764082800000,flip-only,EWO,AMEX:EWO,15m,Swing 15m,LONG,Swing Low,2025-11-17 15:30,1763411400000,31.18,Flip Short,2025-11-25 10:00,1764082800000,32.22,324,10102.32,40,316.42,3.129,326.86,3.2322,146.18,1.4456,20.54,2026-07-25T00:17:14.545Z
flip-only|EWO|15m|1768923000000|1769025600000,flip-only,EWO,AMEX:EWO,15m,Swing 15m,LONG,Swing Low,2026-01-20 10:30,1768923000000,35.79,Flip Short,2026-01-21 15:00,1769025600000,36.45,291,10414.89,21,171.04,1.6406,181.65,1.7423,45.33,0.4349,21.02,2026-07-25T00:17:14.545Z
flip-only|EWO|15m|1770327900000|1770649200000,flip-only,EWO,AMEX:EWO,15m,Swing 15m,LONG,Swing Low,2026-02-05 16:45,1770327900000,37.73,Flip Short,2026-02-09 10:00,1770649200000,38.97,281,10602.13,10,326.89,3.0801,337.84,3.1833,10.6,0.0999,21.55,2026-07-25T00:17:14.545Z
flip-only|EWO|15m|1770912900000|1771858800000,flip-only,EWO,AMEX:EWO,15m,Swing 15m,LONG,Swing Low,2026-02-12 11:15,1770912900000,38.3,Flip Short,2026-02-23 10:00,1771858800000,39.01,283,10838.9,54,179.05,1.6503,246.69,2.2737,146.68,1.3519,21.88,2026-07-25T00:17:14.545Z
flip-only|EWO|15m|1774881900000|1775061000000,flip-only,EWO,AMEX:EWO,15m,Swing 15m,LONG,Swing Low,2026-03-30 10:45,1774881900000,34.31,Flip Short,2026-04-01 12:30,1775061000000,36.09,324,11116.44,14,553.91,4.9778,565.6,5.0829,27.32,0.2455,22.81,2026-07-25T00:17:14.545Z
flip-only|EWO|15m|1776966300000|1778179500000,flip-only,EWO,AMEX:EWO,15m,Swing 15m,LONG,Swing Low,2026-04-23 13:45,1776966300000,38.21,Flip Short,2026-05-07 14:45,1778179500000,39.65,303,11577.63,50,412.73,3.5613,582.3,5.0245,11.58,0.0999,23.59,2026-07-25T00:17:14.545Z
flip-only|EWO|15m|1779214500000|1779371100000,flip-only,EWO,AMEX:EWO,15m,Swing 15m,LONG,Swing Low,2026-05-19 14:15,1779214500000,38.83,Flip Short,2026-05-21 09:45,1779371100000,39.34,311,12076.13,10,134.3,1.111,236.72,1.9583,18.3,0.1514,24.31,2026-07-25T00:17:14.545Z
flip-only|EWO|15m|1780678800000|1781251200000,flip-only,EWO,AMEX:EWO,15m,Swing 15m,LONG,Swing Low,2026-06-05 13:00,1780678800000,40.24,Flip Short,2026-06-12 04:00,1781251200000,41.5,303,12192.72,37,357.01,2.9252,369.59,3.0282,187.93,1.5398,24.77,2026-07-25T00:17:14.545Z
flip-only|EWO|15m|1782225900000|1782225900000,flip-only,EWO,AMEX:EWO,15m,Swing 15m,LONG,Swing Low,2026-06-23 10:45,1782225900000,42.38,Margin call,2026-06-23 10:45,1782225900000,42.38,1,42.38,0,-0.08,-0.1998,0,0,0.04,0.0999,0.08,2026-07-25T00:17:14.545Z
flip-only|EWO|15m|1782225900000|1783001700000,flip-only,EWO,AMEX:EWO,15m,Swing 15m,LONG,Swing Low,2026-06-23 10:45,1782225900000,42.38,Flip Short,2026-07-02 10:15,1783001700000,42.63,296,12544.48,72,48.84,0.3889,73.3,0.5837,299.66,2.3864,25.16,2026-07-25T00:17:14.545Z
flip-only|EWO|15m|1783523700000|1784545200000,flip-only,EWO,AMEX:EWO,15m,Swing 15m,LONG,Swing Low,2026-07-08 11:15,1783523700000,41.62,Flip Short,2026-07-20 07:00,1784545200000,41.72,303,12610.86,90,5.05,0.04,1266.05,10.0293,155.02,1.228,25.25,2026-07-25T00:17:14.545Z
flip-only|FAS|15m|1779805800000|1780065900000,flip-only,FAS,AMEX:FAS,15m,Swing 15m,LONG,Swing Low,2026-05-26 10:30,1779805800000,134.26,Flip Short,2026-05-29 10:45,1780065900000,131.47,74,9935.24,140,-226.12,-2.2737,107.72,1.0832,482.06,4.8471,19.66,2026-07-25T00:17:22.411Z
flip-only|FAS|15m|1780326000000|1780425900000,flip-only,FAS,AMEX:FAS,15m,Swing 15m,LONG,Swing Low,2026-06-01 11:00,1780326000000,129.23,Flip Short,2026-06-02 14:45,1780425900000,132.19,75,9692.25,57,202.39,2.0861,235.56,2.4279,149.19,1.5378,19.61,2026-07-25T00:17:22.411Z
flip-only|FAS|15m|1780494300000|1780572600000,flip-only,FAS,AMEX:FAS,15m,Swing 15m,LONG,Swing Low,2026-06-03 09:45,1780494300000,127.42,Flip Short,2026-06-04 07:30,1780572600000,129.78,78,9938.76,41,164.02,1.6486,174.14,1.7504,288.4,2.8989,20.06,2026-07-25T00:17:22.411Z
flip-only|FAS|15m|1780938900000|1781012700000,flip-only,FAS,AMEX:FAS,15m,Swing 15m,LONG,Swing Low,2026-06-08 13:15,1780938900000,135.02,Flip Short,2026-06-09 09:45,1781012700000,138.78,75,10126.5,27,261.46,2.5794,289.12,2.8523,86.63,0.8546,20.54,2026-07-25T00:17:22.411Z
flip-only|FAS|15m|1781122500000|1781199900000,flip-only,FAS,AMEX:FAS,15m,Swing 15m,LONG,Swing Low,2026-06-10 16:15,1781122500000,135.89,Flip Short,2026-06-11 13:45,1781199900000,139.91,76,10327.64,34,284.56,2.7526,317.23,3.0686,90.89,0.8792,20.96,2026-07-25T00:17:22.411Z
flip-only|FAS|15m|1781723700000|1782233100000,flip-only,FAS,AMEX:FAS,15m,Swing 15m,LONG,Swing Low,2026-06-17 15:15,1781723700000,151.71,Flip Short,2026-06-23 12:45,1782233100000,150.58,70,10619.7,128,-100.26,-0.9432,219.68,2.0665,452.32,4.255,21.16,2026-07-25T00:17:22.411Z
flip-only|FAS|15m|1782408600000|1782741600000,flip-only,FAS,AMEX:FAS,15m,Swing 15m,LONG,Swing Low,2026-06-25 13:30,1782408600000,147.55,Flip Short,2026-06-29 10:00,1782741600000,149.26,71,10476.05,67,100.34,0.9568,171.28,1.6334,254.72,2.429,21.07,2026-07-25T00:17:22.411Z
flip-only|FAS|15m|1782827100000|1782913500000,flip-only,FAS,AMEX:FAS,15m,Swing 15m,LONG,Swing Low,2026-06-30 09:45,1782827100000,146.69,Flip Short,2026-07-01 09:45,1782913500000,150.43,72,10561.68,40,247.89,2.3447,258.72,2.4471,23.52,0.2225,21.39,2026-07-25T00:17:22.411Z
flip-only|FAS|15m|1783455300000|1783614600000,flip-only,FAS,AMEX:FAS,15m,Swing 15m,LONG,Swing Low,2026-07-07 16:15,1783455300000,167.39,Flip Short,2026-07-09 12:30,1783614600000,163.59,65,10880.35,83,-268.51,-2.4654,11.87,0.109,640.73,5.883,21.51,2026-07-25T00:17:22.411Z
flip-only|FAS|15m|1784295900000|1784296800000,flip-only,FAS,AMEX:FAS,15m,Swing 15m,LONG,Swing Low,2026-07-17 09:45,1784295900000,172.56,Flip Short,2026-07-17 10:00,1784296800000,173.11,61,10526.16,1,12.46,0.1183,126.11,1.1969,11.14,0.1057,21.09,2026-07-25T00:17:22.411Z
flip-only|FAS|15m|1784313000000|1784905200000,flip-only,FAS,AMEX:FAS,15m,Swing 15m,LONG,Swing Low,2026-07-17 14:30,1784313000000,168.42,Flip Short,2026-07-24 11:00,1784905200000,167.1,63,10610.46,171,-104.3,-0.982,101.53,0.9559,452.24,4.258,21.14,2026-07-25T00:17:22.411Z
flip-only|WTAI|15m|1777379400000|1777469400000,flip-only,WTAI,CBOE:WTAI,15m,Swing 15m,LONG,Swing Low,2026-04-28 08:30,1777379400000,34.61,Flip Short,2026-04-29 09:30,1777469400000,34.73,285,9863.85,26,14.44,0.1462,354.94,3.5948,146.66,1.4854,19.76,2026-07-25T00:17:27.579Z
flip-only|WTAI|15m|1778593500000|1778689800000,flip-only,WTAI,CBOE:WTAI,15m,Swing 15m,LONG,Swing Low,2026-05-12 09:45,1778593500000,40.46,Flip Short,2026-05-13 12:30,1778689800000,41.13,246,9953.16,42,144.75,1.4528,172.09,1.7272,393.71,3.9517,20.07,2026-07-25T00:17:27.579Z
flip-only|WTAI|15m|1781020800000|1781199900000,flip-only,WTAI,CBOE:WTAI,15m,Swing 15m,LONG,Swing Low,2026-06-09 12:00,1781020800000,41.56,Flip Short,2026-06-11 13:45,1781199900000,43.23,244,10140.64,68,386.79,3.8105,397.34,3.9144,300.5,2.9604,20.69,2026-07-25T00:17:27.579Z
flip-only|WTAI|15m|1781638200000|1781790300000,flip-only,WTAI,CBOE:WTAI,15m,Swing 15m,LONG,Swing Low,2026-06-16 15:30,1781638200000,45.35,Flip Short,2026-06-18 09:45,1781790300000,46.59,232,10521.2,38,266.35,2.529,328.2,3.1163,124.2,1.1793,21.33,2026-07-25T00:17:27.579Z
flip-only|WTAI|15m|1782212400000|1782340200000,flip-only,WTAI,CBOE:WTAI,15m,Swing 15m,LONG,Swing Low,2026-06-23 07:00,1782212400000,45.98,Flip Short,2026-06-24 18:30,1782340200000,46.19,229,10529.42,70,26.98,0.256,564.26,5.3535,491.43,4.6625,21.11,2026-07-25T00:17:27.579Z
flip-only|WTAI|15m|1782741600000|1782827100000,flip-only,WTAI,CBOE:WTAI,15m,Swing 15m,LONG,Swing Low,2026-06-29 10:00,1782741600000,44.02,Flip Short,2026-06-30 09:45,1782827100000,46.41,245,10784.9,27,563.39,5.2187,574.77,5.324,189.63,1.7566,22.16,2026-07-25T00:17:27.579Z
flip-only|WTAI|15m|1782999900000|1783539000000,flip-only,WTAI,CBOE:WTAI,15m,Swing 15m,LONG,Swing Low,2026-07-02 09:45,1782999900000,44.65,Flip Short,2026-07-08 15:30,1783539000000,42.38,255,11385.75,105,-601.04,-5.2736,113.56,0.9964,924.29,8.1098,22.19,2026-07-25T00:17:27.579Z
flip-only|WTAI|15m|1783948500000|1784123100000,flip-only,WTAI,CBOE:WTAI,15m,Swing 15m,LONG,Swing Low,2026-07-13 09:15,1783948500000,42.43,Flip Short,2026-07-15 09:45,1784123100000,42.48,252,10692.36,60,-8.8,-0.0822,206.03,1.9249,257.65,2.4073,21.4,2026-07-25T00:17:27.579Z
flip-only|WTAI|15m|1784126700000|1784555100000,flip-only,WTAI,CBOE:WTAI,15m,Swing 15m,LONG,Swing Low,2026-07-15 10:45,1784126700000,41.62,Flip Short,2026-07-20 09:45,1784555100000,40.65,259,10779.58,88,-272.54,-2.5258,87.64,0.8122,976.85,9.053,21.31,2026-07-25T00:17:27.579Z
flip-only|DUSL|15m|1767024900000|1767024900000,flip-only,DUSL,AMEX:DUSL,15m,Swing 15m,LONG,Swing Low,2025-12-29 11:15,1767024900000,69.44,Margin call,2025-12-29 11:15,1767024900000,69.44,1,69.44,0,-0.14,-0.1998,0,0,0.07,0.0999,0.14,2026-07-25T00:17:32.864Z
flip-only|DUSL|15m|1767024900000|1767385800000,flip-only,DUSL,AMEX:DUSL,15m,Swing 15m,LONG,Swing Low,2025-12-29 11:15,1767024900000,69.44,Flip Short,2026-01-02 15:30,1767385800000,71,143,9929.92,34,203,2.0423,213.15,2.1444,293.07,2.9484,20.08,2026-07-25T00:17:32.864Z
flip-only|DUSL|15m|1767818700000|1768250700000,flip-only,DUSL,AMEX:DUSL,15m,Swing 15m,LONG,Swing Low,2026-01-07 15:45,1767818700000,72.35,Flip Short,2026-01-12 15:45,1768250700000,77.87,140,10129,36,751.77,7.4145,762.67,7.5221,35.33,0.3484,21.03,2026-07-25T00:17:32.864Z
flip-only|DUSL|15m|1768941000000|1768941000000,flip-only,DUSL,AMEX:DUSL,15m,Swing 15m,LONG,Swing Low,2026-01-20 15:30,1768941000000,78.17,Margin call,2026-01-20 15:30,1768941000000,78.17,1,78.17,0,-0.16,-0.1998,0,0,0.08,0.0999,0.16,2026-07-25T00:17:32.864Z
flip-only|DUSL|15m|1768941000000|1769697900000,flip-only,DUSL,AMEX:DUSL,15m,Swing 15m,LONG,Swing Low,2026-01-20 15:30,1768941000000,78.17,Flip Short,2026-01-29 09:45,1769697900000,81.82,139,10865.63,84,485.11,4.4602,668.84,6.1494,90.1,0.8284,22.24,2026-07-25T00:17:32.864Z
flip-only|DUSL|15m|1770915600000|1771509600000,flip-only,DUSL,AMEX:DUSL,15m,Swing 15m,LONG,Swing Low,2026-02-12 12:00,1770915600000,92,Flip Short,2026-02-19 09:00,1771509600000,94.7,123,11316,46,309.14,2.7291,545.87,4.8191,316.36,2.7929,22.96,2026-07-25T00:17:32.864Z
flip-only|DUSL|15m|1772549100000|1773165600000,flip-only,DUSL,AMEX:DUSL,15m,Swing 15m,LONG,Swing Low,2026-03-03 09:45,1772549100000,92.62,Flip Short,2026-03-10 14:00,1773165600000,88,125,11577.5,109,-600.08,-5.178,460.92,3.9772,1564.08,13.4961,22.58,2026-07-25T00:17:32.864Z
flip-only|DUSL|15m|1773327600000|1774446300000,flip-only,DUSL,AMEX:DUSL,15m,Swing 15m,LONG,Swing Low,2026-03-12 11:00,1773327600000,80.05,Flip Short,2026-03-25 09:45,1774446300000,78.92,139,11126.95,90,-179.17,-1.6086,158.45,1.4226,1181.51,10.6078,22.1,2026-07-25T00:17:32.864Z
flip-only|DUSL|15m|1776269700000|1776436200000,flip-only,DUSL,AMEX:DUSL,15m,Swing 15m,LONG,Swing Low,2026-04-15 12:15,1776269700000,84.53,Flip Short,2026-04-17 10:30,1776436200000,91.34,129,10904.37,24,855.8,7.8404,867.59,7.9484,10.9,0.0999,22.69,2026-07-25T00:17:32.864Z
flip-only|DUSL|15m|1777384800000|1777637700000,flip-only,DUSL,AMEX:DUSL,15m,Swing 15m,LONG,Swing Low,2026-04-28 10:00,1777384800000,84.1,Flip Short,2026-05-01 08:15,1777637700000,91.19,139,11689.9,22,961.14,8.2138,973.82,8.3221,345.29,2.9508,24.37,2026-07-25T00:17:32.864Z
flip-only|DUSL|15m|1780326000000|1780499700000,flip-only,DUSL,AMEX:DUSL,15m,Swing 15m,LONG,Swing Low,2026-06-01 11:00,1780326000000,83.24,Flip Short,2026-06-03 11:15,1780499700000,90.75,153,12735.72,18,1122.41,8.8043,1174.54,9.2132,12.74,0.0999,26.62,2026-07-25T00:17:32.864Z
flip-only|DUSL|15m|1781021700000|1781521200000,flip-only,DUSL,AMEX:DUSL,15m,Swing 15m,LONG,Swing Low,2026-06-09 12:15,1781021700000,85.1,Flip Short,2026-06-15 07:00,1781521200000,92.4,160,13616,44,1139.6,8.3612,1455.18,10.6766,615.22,4.5138,28.4,2026-07-25T00:17:32.864Z
flip-only|DUSL|15m|1783433700000|1784814300000,flip-only,DUSL,AMEX:DUSL,15m,Swing 15m,LONG,Swing Low,2026-07-07 10:15,1783433700000,97.75,Flip Short,2026-07-23 09:45,1784814300000,99.62,151,14760.25,103,252.57,1.7094,270.63,1.8317,913.21,6.1808,29.8,2026-07-25T00:17:32.864Z
flip-only|EDC|15m|1776783600000|1777031100000,flip-only,EDC,AMEX:EDC,15m,Swing 15m,LONG,Swing Low,2026-04-21 11:00,1776783600000,74.28,Flip Short,2026-04-24 07:45,1777031100000,76.1,134,9953.52,57,223.73,2.2455,287.53,2.8858,535.23,5.372,20.15,2026-07-25T00:17:37.836Z
flip-only|EDC|15m|1777388400000|1777575600000,flip-only,EDC,AMEX:EDC,15m,Swing 15m,LONG,Swing Low,2026-04-28 11:00,1777388400000,73.85,Flip Short,2026-04-30 15:00,1777575600000,77.5,138,10191.3,39,482.81,4.7328,493.51,4.8376,139.91,1.3715,20.89,2026-07-25T00:17:37.836Z
flip-only|EDC|15m|1778573700000|1778687100000,flip-only,EDC,AMEX:EDC,15m,Swing 15m,LONG,Swing Low,2026-05-12 04:15,1778573700000,86.32,Flip Short,2026-05-13 11:45,1778687100000,89.16,122,10531.04,49,325.07,3.0837,384.75,3.6498,692.51,6.5693,21.41,2026-07-25T00:17:37.836Z
flip-only|EDC|15m|1778836500000|1779288300000,flip-only,EDC,AMEX:EDC,15m,Swing 15m,LONG,Swing Low,2026-05-15 05:15,1778836500000,80.86,Flip Short,2026-05-20 10:45,1779288300000,80.88,131,10592.66,90,-18.57,-0.1751,370.62,3.4953,796.59,7.5127,21.19,2026-07-25T00:17:37.836Z
flip-only|EDC|15m|1780570800000|1781199900000,flip-only,EDC,AMEX:EDC,15m,Swing 15m,LONG,Swing Low,2026-06-04 07:00,1780570800000,92.21,Flip Short,2026-06-11 13:45,1781199900000,84.4,117,10788.57,129,-934.43,-8.6527,424.45,3.9303,2040.74,18.8969,20.66,2026-07-25T00:17:37.836Z
flip-only|EDC|15m|1781730900000|1781788500000,flip-only,EDC,AMEX:EDC,15m,Swing 15m,LONG,Swing Low,2026-06-17 17:15,1781730900000,91.68,Flip Short,2026-06-18 09:15,1781788500000,97.98,109,9993.12,6,666.03,6.6582,676.71,6.765,9.99,0.0999,20.67,2026-07-25T00:17:37.836Z
flip-only|EDC|15m|1782472500000|1782837900000,flip-only,EDC,AMEX:EDC,15m,Swing 15m,LONG,Swing Low,2026-06-26 07:15,1782472500000,82.08,Flip Short,2026-06-30 12:45,1782837900000,88.56,130,10670.4,40,820.22,7.6792,831.73,7.7869,288.87,2.7045,22.18,2026-07-25T00:17:37.836Z
flip-only|EDC|15m|1782936900000|1783346400000,flip-only,EDC,AMEX:EDC,15m,Swing 15m,LONG,Swing Low,2026-07-01 16:15,1782936900000,81.1,Flip Short,2026-07-06 10:00,1783346400000,84.99,141,11435.1,38,525.07,4.5872,537.05,4.6919,843.34,7.3676,23.42,2026-07-25T00:17:37.836Z
flip-only|EDC|15m|1783499400000|1783602000000,flip-only,EDC,AMEX:EDC,15m,Swing 15m,LONG,Swing Low,2026-07-08 04:30,1783499400000,75,Flip Short,2026-07-09 09:00,1783602000000,81,158,11850,29,923.35,7.7842,936.15,7.8921,214.09,1.8049,24.65,2026-07-25T00:17:37.836Z
flip-only|URTY|15m|1779966000000|1779982200000,flip-only,URTY,AMEX:URTY,15m,Swing 15m,LONG,Swing Low,2026-05-28 07:00,1779966000000,79.05,Flip Short,2026-05-28 11:30,1779982200000,81.34,126,9960.3,15,268.33,2.6913,298.74,2.9963,117.06,1.1741,20.21,2026-07-25T00:17:50.147Z
flip-only|URTY|15m|1780319700000|1780407900000,flip-only,URTY,AMEX:URTY,15m,Swing 15m,LONG,Swing Low,2026-06-01 09:15,1780319700000,78.85,Flip Short,2026-06-02 09:45,1780407900000,80.15,130,10250.5,51,148.33,1.4456,236.75,2.3073,289.75,2.8239,20.67,2026-07-25T00:17:50.147Z
flip-only|URTY|15m|1780494300000|1780582500000,flip-only,URTY,AMEX:URTY,15m,Swing 15m,LONG,Swing Low,2026-06-03 09:45,1780494300000,78.03,Flip Short,2026-06-04 10:15,1780582500000,79.49,133,10377.99,51,173.23,1.6675,193.11,1.8589,152.69,1.4698,20.95,2026-07-25T00:17:50.147Z
flip-only|URTY|15m|1780668000000|1780931700000,flip-only,URTY,AMEX:URTY,15m,Swing 15m,LONG,Swing Low,2026-06-05 10:00,1780668000000,76.14,Flip Short,2026-06-08 11:15,1780931700000,76.37,138,10507.32,57,10.69,0.1017,218.57,2.0781,729.49,6.9357,21.05,2026-07-25T00:17:50.147Z
flip-only|URTY|15m|1781019000000|1781099100000,flip-only,URTY,AMEX:URTY,15m,Swing 15m,LONG,Swing Low,2026-06-09 11:30,1781019000000,72.75,Flip Short,2026-06-10 09:45,1781099100000,77.4,145,10548.75,47,652.48,6.1792,663.7,6.2855,502.1,4.755,21.77,2026-07-25T00:17:50.147Z
flip-only|URTY|15m|1781131500000|1781199000000,flip-only,URTY,AMEX:URTY,15m,Swing 15m,LONG,Swing Low,2026-06-10 18:45,1781131500000,71.57,Flip Short,2026-06-11 13:30,1781199000000,77.64,156,11164.92,35,923.64,8.2645,935.76,8.3728,121.92,1.0909,23.28,2026-07-25T00:17:50.147Z
flip-only|URTY|15m|1781620200000|1781711100000,flip-only,URTY,AMEX:URTY,15m,Swing 15m,LONG,Swing Low,2026-06-16 10:30,1781620200000,82.4,Flip Short,2026-06-17 11:45,1781711100000,83.5,147,12112.8,50,137.31,1.1325,149.59,1.2337,287,2.3671,24.39,2026-07-25T00:17:50.147Z
flip-only|URTY|15m|1782203400000|1782312300000,flip-only,URTY,AMEX:URTY,15m,Swing 15m,LONG,Swing Low,2026-06-23 04:30,1782203400000,81.55,Flip Short,2026-06-24 10:45,1782312300000,85.35,150,12232.5,70,544.97,4.4506,595.27,4.8614,114.23,0.9329,25.04,2026-07-25T00:17:50.147Z
flip-only|URTY|15m|1782467100000|1782488700000,flip-only,URTY,AMEX:URTY,15m,Swing 15m,LONG,Swing Low,2026-06-26 05:45,1782467100000,84.45,Flip Short,2026-06-26 11:45,1782488700000,86.8,152,12836.4,23,331.17,2.5774,377.8,2.9403,167.88,1.3065,26.03,2026-07-25T00:17:50.147Z
flip-only|URTY|15m|1782742500000|1782828900000,flip-only,URTY,AMEX:URTY,15m,Swing 15m,LONG,Swing Low,2026-06-29 10:15,1782742500000,82.58,Flip Short,2026-06-30 10:15,1782828900000,86.76,158,13047.64,40,633.68,4.8518,656.87,5.0294,22.53,0.1725,26.76,2026-07-25T00:17:50.147Z
flip-only|URTY|15m|1782936900000|1783603800000,flip-only,URTY,AMEX:URTY,15m,Swing 15m,LONG,Swing Low,2026-07-01 16:15,1782936900000,86.08,Flip Short,2026-07-09 09:30,1783603800000,82.7,160,13772.8,204,-567.8,-4.1185,427.83,3.1032,1154.57,8.3746,27,2026-07-25T00:17:50.147Z
flip-only|URTY|15m|1783694700000|1784033100000,flip-only,URTY,AMEX:URTY,15m,Swing 15m,LONG,Swing Low,2026-07-10 10:45,1783694700000,82.99,Flip Short,2026-07-14 08:45,1784033100000,83.64,159,13195.41,77,76.86,0.5819,433.59,3.2827,456.81,3.4584,26.49,2026-07-25T00:17:50.147Z
flip-only|URTY|15m|1784276100000|1784547900000,flip-only,URTY,AMEX:URTY,15m,Swing 15m,LONG,Swing Low,2026-07-17 04:15,1784276100000,80.89,Flip Short,2026-07-20 07:45,1784547900000,82.99,164,13265.96,47,317.52,2.3911,401.65,3.0247,241.23,1.8166,26.88,2026-07-25T00:17:50.147Z
flip-only|URTY|15m|1784575800000|1784653200000,flip-only,URTY,AMEX:URTY,15m,Swing 15m,LONG,Swing Low,2026-07-20 15:30,1784575800000,80.54,Flip Short,2026-07-21 13:00,1784653200000,83.27,169,13611.26,29,433.69,3.183,447.76,3.2863,157.26,1.1542,27.68,2026-07-25T00:17:50.147Z
flip-only|URTY|15m|1784744100000|1784907000000,flip-only,URTY,AMEX:URTY,15m,Swing 15m,LONG,Swing Low,2026-07-22 14:15,1784744100000,81.28,Flip Short,2026-07-24 11:30,1784907000000,80.85,173,14061.44,81,-102.44,-0.7278,36.11,0.2565,562.47,3.9961,28.05,2026-07-25T00:17:50.147Z
flip-only|USLV|15m|1730720700000|1730720700000,flip-only,USLV,LSE:USLV,15m,Swing 15m,LONG,Swing Low,2024-11-04 06:45,1730720700000,60.93,Margin call,2024-11-04 06:45,1730720700000,60.93,1,60.93,0,-0.12,-0.1998,0,0,0.06,0.0999,0.12,2026-07-25T00:17:55.796Z
flip-only|USLV|15m|1730720700000|1730891700000,flip-only,USLV,LSE:USLV,15m,Swing 15m,LONG,Swing Low,2024-11-04 06:45,1730720700000,60.93,Flip Short,2024-11-06 06:15,1730891700000,63.2,163,9931.59,6,349.78,3.5183,360.08,3.622,60.46,0.6082,20.23,2026-07-25T00:17:55.796Z
flip-only|USLV|15m|1733492700000|1736413200000,flip-only,USLV,LSE:USLV,15m,Swing 15m,LONG,Swing Low,2024-12-06 08:45,1733492700000,63.98,Flip Short,2025-01-09 04:00,1736413200000,63.1,161,10300.78,60,-162.14,-1.5725,21.9,0.2124,407.97,3.9566,20.46,2026-07-25T00:17:55.796Z
flip-only|USLV|15m|1741266900000|1743064200000,flip-only,USLV,LSE:USLV,15m,Swing 15m,LONG,Swing Low,2025-03-06 08:15,1741266900000,63.74,Flip Short,2025-03-27 04:30,1743064200000,64.06,159,10134.66,65,30.56,0.3012,85.27,0.8405,280.43,2.7643,20.32,2026-07-25T00:17:55.796Z
flip-only|USLV|15m|1743669000000|1746692100000,flip-only,USLV,LSE:USLV,15m,Swing 15m,LONG,Swing Low,2025-04-03 04:30,1743669000000,62.62,Flip Short,2025-05-08 04:15,1746692100000,61.69,162,10144.44,115,-170.8,-1.682,153.48,1.5114,753.72,7.4225,20.14,2026-07-25T00:17:55.796Z
flip-only|USLV|15m|1748000700000|1751460300000,flip-only,USLV,LSE:USLV,15m,Swing 15m,LONG,Swing Low,2025-05-23 07:45,1748000700000,60,Flip Short,2025-07-02 08:45,1751460300000,60.63,166,9960,126,84.56,0.8481,174.3,1.7483,214.14,2.1479,20.02,2026-07-25T00:17:55.796Z
flip-only|USLV|15m|1757487600000|1759245300000,flip-only,USLV,LSE:USLV,15m,Swing 15m,LONG,Swing Low,2025-09-10 03:00,1757487600000,60.83,Flip Short,2025-09-30 11:15,1759245300000,61.39,166,10097.78,49,72.67,0.719,82.86,0.8198,204.32,2.0214,20.29,2026-07-25T00:17:55.796Z
flip-only|USLV|15m|1762186500000|1762939800000,flip-only,USLV,LSE:USLV,15m,Swing 15m,LONG,Swing Low,2025-11-03 11:15,1762186500000,60.15,Flip Short,2025-11-12 04:30,1762939800000,62.06,169,10165.35,18,302.14,2.9693,326.14,3.2052,10.17,0.0999,20.65,2026-07-25T00:17:55.796Z
flip-only|USLV|15m|1764753300000|1768205700000,flip-only,USLV,LSE:USLV,15m,Swing 15m,LONG,Swing Low,2025-12-03 04:15,1764753300000,61.44,Flip Short,2026-01-12 03:15,1768205700000,60.66,170,10444.8,77,-153.36,-1.4668,0,0,335.14,3.2055,20.76,2026-07-25T00:17:55.796Z
flip-only|USLV|15m|1780298100000|1780903800000,flip-only,USLV,LSE:USLV,15m,Swing 15m,LONG,Swing Low,2026-06-01 03:15,1780298100000,61.02,Flip Short,2026-06-08 03:30,1780903800000,62.6,169,10312.38,35,246.13,2.3843,322.62,3.1253,128.61,1.2459,20.89,2026-07-25T00:17:55.796Z
flip-only|YINN|15m|1780647300000|1780920900000,flip-only,YINN,AMEX:YINN,15m,Swing 15m,LONG,Swing Low,2026-06-05 04:15,1780647300000,30.04,Flip Short,2026-06-08 08:15,1780920900000,29.22,332,9973.28,74,-291.91,-2.924,92.95,0.931,620.85,6.2189,19.67,2026-07-25T00:18:02.220Z
flip-only|YINN|15m|1780947000000|1781005500000,flip-only,YINN,AMEX:YINN,15m,Swing 15m,LONG,Swing Low,2026-06-08 15:30,1780947000000,28.51,Flip Short,2026-06-09 07:45,1781005500000,29.18,340,9693.4,28,208.19,2.1456,238.51,2.458,70.89,0.7306,19.61,2026-07-25T00:18:02.220Z
flip-only|YINN|15m|1781019000000|1781095500000,flip-only,YINN,AMEX:YINN,15m,Swing 15m,LONG,Swing Low,2026-06-09 11:30,1781019000000,28.17,Flip Short,2026-06-10 08:45,1781095500000,28.74,351,9887.67,47,180.09,1.8196,211.24,2.1343,192.41,1.944,19.98,2026-07-25T00:18:02.220Z
flip-only|YINN|15m|1781122500000|1781199900000,flip-only,YINN,AMEX:YINN,15m,Swing 15m,LONG,Swing Low,2026-06-10 16:15,1781122500000,28.24,Flip Short,2026-06-11 13:45,1781199900000,28.63,357,10081.68,50,118.93,1.1785,136.29,1.3505,331.38,3.2837,20.3,2026-07-25T00:18:02.220Z
flip-only|YINN|15m|1781597700000|1782126000000,flip-only,YINN,AMEX:YINN,15m,Swing 15m,LONG,Swing Low,2026-06-16 04:15,1781597700000,28.56,Flip Short,2026-06-22 07:00,1782126000000,25.83,357,10195.92,189,-994.03,-9.7395,50.49,0.4947,1156.17,11.3282,19.42,2026-07-25T00:18:02.220Z
flip-only|YINN|15m|1782202500000|1782333900000,flip-only,YINN,AMEX:YINN,15m,Swing 15m,LONG,Swing Low,2026-06-23 04:15,1782202500000,23.71,Flip Short,2026-06-24 16:45,1782333900000,23.66,388,9199.48,108,-37.78,-0.4103,336.12,3.65,280.8,3.0493,18.38,2026-07-25T00:18:02.220Z
flip-only|YINN|15m|1782375300000|1782507600000,flip-only,YINN,AMEX:YINN,15m,Swing 15m,LONG,Swing Low,2026-06-25 04:15,1782375300000,21.86,Flip Short,2026-06-26 17:00,1782507600000,21.5,419,9159.34,109,-169.01,-1.8434,120.73,1.3168,641.85,7.0006,18.17,2026-07-25T00:18:02.220Z
flip-only|YINN|15m|1783012500000|1783325700000,flip-only,YINN,AMEX:YINN,15m,Swing 15m,LONG,Swing Low,2026-07-02 13:15,1783012500000,21.71,Flip Short,2026-07-06 04:15,1783325700000,23.36,414,8987.94,24,664.44,7.3852,711.37,7.9068,71.09,0.7901,18.66,2026-07-25T00:18:02.220Z
flip-only|YINN|15m|1783437300000|1783498500000,flip-only,YINN,AMEX:YINN,15m,Swing 15m,LONG,Swing Low,2026-07-07 11:15,1783437300000,22.97,Flip Short,2026-07-08 04:15,1783498500000,25.93,420,9647.4,28,1222.66,12.6608,1262.95,13.078,26.45,0.2739,20.54,2026-07-25T00:18:02.220Z
flip-only|YINN|15m|1783967400000|1784016900000,flip-only,YINN,AMEX:YINN,15m,Swing 15m,LONG,Swing Low,2026-07-13 14:30,1783967400000,25.19,Flip Short,2026-07-14 04:15,1784016900000,25.91,432,10882.08,16,288.96,2.6528,339.04,3.1124,71.36,0.6551,22.08,2026-07-25T00:18:02.220Z
flip-only|YINN|15m|1784243700000|1784535300000,flip-only,YINN,AMEX:YINN,15m,Swing 15m,LONG,Swing Low,2026-07-16 19:15,1784243700000,27.52,Flip Short,2026-07-20 04:15,1784535300000,28.96,405,11145.6,58,560.33,5.0223,612.55,5.4904,626.75,5.6176,22.87,2026-07-25T00:18:02.220Z
flip-only|RY|15m|1776783600000|1777383900000,flip-only,RY,TSX:RY,15m,Swing 15m,LONG,Swing Low,2026-04-21 11:00,1776783600000,243.7,Flip Short,2026-04-28 09:45,1777383900000,242,40,9748,133,-87.43,-0.896,14.25,0.1461,257.75,2.6415,19.43,2026-07-25T00:18:07.849Z
flip-only|RY|15m|1777487400000|1777566600000,flip-only,RY,TSX:RY,15m,Swing 15m,LONG,Swing Low,2026-04-29 14:30,1777487400000,240.35,Flip Short,2026-04-30 12:30,1777566600000,243.37,41,9854.35,19,103.99,1.0542,117.25,1.1886,35.27,0.3576,19.83,2026-07-25T00:18:07.849Z
flip-only|RY|15m|1777902300000|1778075100000,flip-only,RY,TSX:RY,15m,Swing 15m,LONG,Swing Low,2026-05-04 09:45,1777902300000,242.57,Flip Short,2026-05-06 09:45,1778075100000,245.97,41,9945.37,56,119.37,1.1991,145.03,1.4569,54.64,0.5488,20.03,2026-07-25T00:18:07.849Z
flip-only|RY|15m|1778517900000|1778607000000,flip-only,RY,TSX:RY,15m,Swing 15m,LONG,Swing Low,2026-05-11 12:45,1778517900000,246.41,Flip Short,2026-05-12 13:30,1778607000000,248.87,41,10102.81,30,80.55,0.7965,96.09,0.9501,11.74,0.1161,20.31,2026-07-25T00:18:07.849Z
flip-only|RY|15m|1778697900000|1778776200000,flip-only,RY,TSX:RY,15m,Swing 15m,LONG,Swing Low,2026-05-13 14:45,1778697900000,245.9,Flip Short,2026-05-14 12:30,1778776200000,250.32,41,10081.9,19,160.87,1.5941,197.79,1.9599,12.13,0.1202,20.35,2026-07-25T00:18:07.849Z
flip-only|RY|15m|1779804900000|1780062300000,flip-only,RY,TSX:RY,15m,Swing 15m,LONG,Swing Low,2026-05-26 10:15,1779804900000,261.65,Flip Short,2026-05-29 09:45,1780062300000,262.71,39,10204.35,82,20.89,0.2045,87.3,0.8546,168.15,1.6462,20.45,2026-07-25T00:18:07.849Z
flip-only|RY|15m|1781199000000|1781271900000,flip-only,RY,TSX:RY,15m,Swing 15m,LONG,Swing Low,2026-06-11 13:30,1781199000000,275.89,Flip Short,2026-06-12 09:45,1781271900000,279.39,37,10207.93,13,108.95,1.0663,154.44,1.5115,10.21,0.0999,20.55,2026-07-25T00:18:07.849Z
flip-only|RY|15m|1782481500000|1782753300000,flip-only,RY,TSX:RY,15m,Swing 15m,LONG,Swing Low,2026-06-26 09:45,1782481500000,286.85,Flip Short,2026-06-29 13:15,1782753300000,290.46,36,10326.6,42,109.18,1.0562,127.91,1.2374,35.53,0.3437,20.78,2026-07-25T00:18:07.849Z
flip-only|RY|15m|1782999900000|1783345500000,flip-only,RY,TSX:RY,15m,Swing 15m,LONG,Swing Low,2026-07-02 09:45,1782999900000,292.3,Flip Short,2026-07-06 09:45,1783345500000,293.01,36,10522.8,56,4.49,0.0426,37.36,0.3547,144.44,1.3713,21.07,2026-07-25T00:18:07.849Z
flip-only|RY|15m|1783521000000|1783623600000,flip-only,RY,TSX:RY,15m,Swing 15m,LONG,Swing Low,2026-07-08 10:30,1783521000000,292.86,Flip Short,2026-07-09 15:00,1783623600000,295.88,36,10542.96,46,87.53,0.8293,108.62,1.0292,114.22,1.0823,21.19,2026-07-25T00:18:07.849Z
flip-only|RY|15m|1784295900000|1784728800000,flip-only,RY,TSX:RY,15m,Swing 15m,LONG,Swing Low,2026-07-17 09:45,1784295900000,300.59,Flip Short,2026-07-22 10:00,1784728800000,299.12,35,10520.65,83,-72.44,-0.6879,137.18,1.3026,207.92,1.9743,20.99,2026-07-25T00:18:07.849Z
sl-auto|TNA|15m|1781019000000|1781095500000,sl-auto,TNA,AMEX:TNA,15m,Swing 15m,LONG,Swing Low,2026-06-09 11:30,1781019000000,62.47,Flip Short,2026-06-10 08:45,1781095500000,64.4,151,9432.97,52,272.27,2.8835,372.6,3.946,457.9,4.8494,19.16,2026-07-25T13:40:15.353Z
sl-auto|TNA|15m|1781129700000|1781186400000,sl-auto,TNA,AMEX:TNA,15m,Swing 15m,LONG,Swing Low,2026-06-10 18:15,1781129700000,61.6,Flip Short,2026-06-11 10:00,1781186400000,65.2,158,9732.8,31,548.77,5.6327,636.49,6.5331,118.75,1.2189,20.03,2026-07-25T13:40:15.353Z
sl-auto|TNA|15m|1781620200000|1781703900000,sl-auto,TNA,AMEX:TNA,15m,Swing 15m,LONG,Swing Low,2026-06-16 10:30,1781620200000,70.79,Flip Short,2026-06-17 09:45,1781703900000,71.33,145,10264.55,56,57.69,0.5615,73.84,0.7186,253.86,2.4707,20.61,2026-07-25T13:40:15.353Z
sl-auto|TNA|15m|1781720100000|1781812800000,sl-auto,TNA,AMEX:TNA,15m,Swing 15m,LONG,Swing Low,2026-06-17 14:15,1781720100000,69.81,Flip Short,2026-06-18 16:00,1781812800000,71.74,147,10262.07,71,262.9,2.5593,313.14,3.0484,386.58,3.7633,20.81,2026-07-25T13:40:15.353Z
sl-auto|TNA|15m|1782202500000|1782312300000,sl-auto,TNA,AMEX:TNA,15m,Swing 15m,LONG,Swing Low,2026-06-23 04:15,1782202500000,69.9,Flip Short,2026-06-24 10:45,1782312300000,73.33,150,10485,88,493.02,4.6974,532.51,5.0738,97.48,0.9288,21.48,2026-07-25T13:40:15.353Z
sl-auto|TNA|15m|1782415800000|1782488700000,sl-auto,TNA,AMEX:TNA,15m,Swing 15m,LONG,Swing Low,2026-06-25 15:30,1782415800000,72.97,Flip Short,2026-06-26 11:45,1782488700000,74.58,151,11018.47,46,220.83,2.0022,265.31,2.4055,211.85,1.9207,22.28,2026-07-25T13:40:15.353Z
sl-auto|TNA|15m|1782742500000|1782815400000,sl-auto,TNA,AMEX:TNA,15m,Swing 15m,LONG,Swing Low,2026-06-29 10:15,1782742500000,71.01,Flip Short,2026-06-30 06:30,1782815400000,74.31,158,11219.58,47,498.44,4.4381,524.4,4.6693,25.44,0.2265,22.96,2026-07-25T13:40:15.353Z
sl-auto|TNA|15m|1782908100000|1782914400000,sl-auto,TNA,AMEX:TNA,15m,Swing 15m,LONG,Swing Low,2026-07-01 08:15,1782908100000,74.4,Flip Short,2026-07-01 10:00,1782914400000,75.55,157,11680.8,7,157.01,1.3428,168.87,1.4443,77.62,0.6639,23.54,2026-07-25T13:40:15.353Z
sl-auto|TNA|15m|1782936900000|1783345500000,sl-auto,TNA,AMEX:TNA,15m,Swing 15m,LONG,Swing Low,2026-07-01 16:15,1782936900000,73.9,Flip Short,2026-07-06 09:45,1783345500000,74.41,160,11824,93,57.87,0.4889,384.98,3.2526,475.82,4.0202,23.73,2026-07-25T13:40:15.353Z
sl-auto|TNA|15m|1783431900000|1783499400000,sl-auto,TNA,AMEX:TNA,15m,Swing 15m,LONG,Swing Low,2026-07-07 09:45,1783431900000,73.35,Stop Loss,2026-07-08 04:30,1783499400000,68.94,162,11882.7,43,-737.47,-6.2001,0,0,726.3,6.1062,23.05,2026-07-25T13:40:15.353Z
sl-auto|TNA|15m|1783691100000|1784033100000,sl-auto,TNA,AMEX:TNA,15m,Swing 15m,LONG,Swing Low,2026-07-10 09:45,1783691100000,71.67,Flip Short,2026-07-14 08:45,1784033100000,71.9,156,11180.52,114,13.48,0.1205,321.1,2.8691,432.38,3.8634,22.4,2026-07-25T13:40:15.353Z
sl-auto|TNA|15m|1784203200000|1784210400000,sl-auto,TNA,AMEX:TNA,15m,Swing 15m,LONG,Swing Low,2026-07-16 08:00,1784203200000,70.51,Flip Short,2026-07-16 10:00,1784210400000,71.83,159,11211.09,8,187.25,1.6685,227.29,2.0253,76.4,0.6808,22.63,2026-07-25T13:40:15.353Z
sl-auto|TNA|15m|1784276100000|1784547900000,sl-auto,TNA,AMEX:TNA,15m,Swing 15m,LONG,Swing Low,2026-07-17 04:15,1784276100000,69.71,Flip Short,2026-07-20 07:45,1784547900000,71.38,163,11362.73,74,249.21,2.1911,321.16,2.8236,244.45,2.1492,23,2026-07-25T13:40:15.353Z
sl-auto|TNA|15m|1784559600000|1784645100000,sl-auto,TNA,AMEX:TNA,15m,Swing 15m,LONG,Swing Low,2026-07-20 11:00,1784559600000,69.11,Flip Short,2026-07-21 10:45,1784645100000,70.4,168,11610.48,59,193.28,1.6631,252.15,2.1696,119.13,1.025,23.44,2026-07-25T13:40:15.353Z
sl-auto|TNA|15m|1784731500000|1784887200000,sl-auto,TNA,AMEX:TNA,15m,Swing 15m,LONG,Swing Low,2026-07-22 10:45,1784731500000,70.14,Flip Short,2026-07-24 06:00,1784887200000,69.3,168,11783.52,98,-164.55,-1.395,80.62,0.6835,517.46,4.387,23.43,2026-07-25T13:40:15.353Z
sl-auto|TNA|15m|1784904300000|1784910600000,sl-auto,TNA,AMEX:TNA,15m,Swing 15m,LONG,Swing Low,2026-07-24 10:45,1784904300000,67.45,Flip Short,2026-07-24 12:30,1784910600000,69.49,172,11601.4,7,327.33,2.8186,375.4,3.2326,37.4,0.3221,23.55,2026-07-25T13:40:15.353Z
sl-auto|MEXX|15m|1765983600000|1766413800000,sl-auto,MEXX,AMEX:MEXX,15m,Swing 15m,LONG,Swing Low,2025-12-17 10:00,1765983600000,24.14,Flip Short,2025-12-22 09:30,1766413800000,24.71,394,9511.16,39,205.33,2.1567,727.27,7.6388,415.33,4.3624,19.25,2026-07-25T13:40:20.810Z
sl-auto|MEXX|15m|1767117600000|1767628800000,sl-auto,MEXX,AMEX:MEXX,15m,Swing 15m,LONG,Swing Low,2025-12-30 13:00,1767117600000,25.64,Flip Short,2026-01-05 11:00,1767628800000,26.71,375,9615,35,381.62,3.965,391.63,4.0691,399.62,4.152,19.63,2026-07-25T13:40:20.810Z
sl-auto|MEXX|15m|1767798000000|1767991500000,sl-auto,MEXX,AMEX:MEXX,15m,Swing 15m,LONG,Swing Low,2026-01-07 10:00,1767798000000,24.66,Flip Short,2026-01-09 15:45,1767991500000,26.85,408,10061.28,23,872.5,8.6632,883.46,8.772,10.06,0.0999,21.02,2026-07-25T13:40:20.810Z
sl-auto|MEXX|15m|1769785200000|1769797800000,sl-auto,MEXX,AMEX:MEXX,15m,Swing 15m,LONG,Swing Low,2026-01-30 10:00,1769785200000,33.7,Stop Loss,2026-01-30 13:30,1769797800000,31.67,321,10817.7,14,-672.61,-6.2115,0,0,662.45,6.1176,20.98,2026-07-25T13:40:20.810Z
sl-auto|MEXX|15m|1770307200000|1770410700000,sl-auto,MEXX,AMEX:MEXX,15m,Swing 15m,LONG,Swing Low,2026-02-05 11:00,1770307200000,32.03,Flip Short,2026-02-06 15:45,1770410700000,36.79,323,10345.69,26,1515.25,14.6316,1594.96,15.4013,10.35,0.0999,22.23,2026-07-25T13:40:20.810Z
sl-auto|MEXX|15m|1770920100000|1771418700000,sl-auto,MEXX,AMEX:MEXX,15m,Swing 15m,LONG,Swing Low,2026-02-12 13:15,1770920100000,36.6,Flip Short,2026-02-18 07:45,1771418700000,38.94,321,11748.6,51,726.89,6.1809,739.39,6.2872,88.79,0.755,24.25,2026-07-25T13:40:20.810Z
sl-auto|MEXX|15m|1771512300000|1772215200000,sl-auto,MEXX,AMEX:MEXX,15m,Swing 15m,LONG,Swing Low,2026-02-19 09:45,1771512300000,36.55,Flip Short,2026-02-27 13:00,1772215200000,38.5,339,12390.45,109,635.61,5.1247,682.56,5.5033,500.55,4.0358,25.44,2026-07-25T13:40:20.810Z
sl-auto|MEXX|15m|1772454600000|1772467200000,sl-auto,MEXX,AMEX:MEXX,15m,Swing 15m,LONG,Swing Low,2026-03-02 07:30,1772454600000,37.39,Stop Loss,2026-03-02 11:00,1772467200000,35.14,360,13460.4,7,-836.11,-6.2054,0,0,823.46,6.1115,26.11,2026-07-25T13:40:20.810Z
sl-auto|MEXX|15m|1773330300000|1773746100000,sl-auto,MEXX,AMEX:MEXX,15m,Swing 15m,LONG,Swing Low,2026-03-12 11:45,1773330300000,26.89,Flip Short,2026-03-17 07:15,1773746100000,27.21,465,12503.85,41,123.64,0.9879,1015.15,8.1106,691.4,5.524,25.16,2026-07-25T13:40:20.810Z
sl-auto|MEXX|15m|1773927900000|1774379700000,sl-auto,MEXX,AMEX:MEXX,15m,Swing 15m,LONG,Swing Low,2026-03-19 09:45,1773927900000,24.45,Flip Short,2026-03-24 15:15,1774379700000,26.59,498,12176.1,60,1040.3,8.5353,1053.54,8.6439,569.94,4.6761,25.42,2026-07-25T13:40:20.810Z
sl-auto|MEXX|15m|1776189600000|1776433500000,sl-auto,MEXX,AMEX:MEXX,15m,Swing 15m,LONG,Swing Low,2026-04-14 14:00,1776189600000,32.71,Flip Short,2026-04-17 09:45,1776433500000,34.02,403,13182.13,31,501.04,3.7971,756.55,5.7335,138.11,1.0467,26.89,2026-07-25T13:40:20.810Z
sl-auto|MEXX|15m|1776789000000|1777378500000,sl-auto,MEXX,AMEX:MEXX,15m,Swing 15m,LONG,Swing Low,2026-04-21 12:30,1776789000000,32.17,Stop Loss,2026-04-28 08:15,1777378500000,30,425,13672.25,51,-948.67,-6.9317,402.83,2.9434,935.92,6.8386,26.42,2026-07-25T13:40:20.810Z
sl-auto|MEXX|15m|1778783400000|1778851800000,sl-auto,MEXX,AMEX:MEXX,15m,Swing 15m,LONG,Swing Low,2026-05-14 14:30,1778783400000,32.9,Stop Loss,2026-05-15 09:30,1778851800000,30.78,387,12732.3,6,-845.08,-6.6307,180.77,1.4183,833.17,6.5372,24.64,2026-07-25T13:40:20.810Z
sl-auto|MEXX|15m|1780321500000|1780668000000,sl-auto,MEXX,AMEX:MEXX,15m,Swing 15m,LONG,Swing Low,2026-06-01 09:45,1780321500000,30.51,Stop Loss,2026-06-05 10:00,1780668000000,28.56,395,12051.45,36,-793.58,-6.5784,971.5,8.0532,782.3,6.4849,23.33,2026-07-25T13:40:20.810Z
sl-auto|MEXX|15m|1782156600000|1782221400000,sl-auto,MEXX,AMEX:MEXX,15m,Swing 15m,LONG,Swing Low,2026-06-22 15:30,1782156600000,29.5,Stop Loss,2026-06-23 09:30,1782221400000,27.52,382,11269,2,-778.14,-6.8983,76.59,0.679,767.63,6.8051,21.78,2026-07-25T13:40:20.810Z
sl-auto|MEXX|15m|1783518300000|1784727900000,sl-auto,MEXX,AMEX:MEXX,15m,Swing 15m,LONG,Swing Low,2026-07-08 09:45,1783518300000,27.31,Flip Short,2026-07-22 09:45,1784727900000,29.99,387,10568.97,44,1014.98,9.5938,1026.59,9.7036,324.04,3.0629,22.18,2026-07-25T13:40:20.810Z
sl-auto|EWO|15m|1759239900000|1759330800000,sl-auto,EWO,AMEX:EWO,15m,Swing 15m,LONG,Swing Low,2025-09-30 09:45,1759239900000,30.98,Flip Short,2025-10-01 11:00,1759330800000,31.32,316,9789.68,6,87.75,0.8955,116.61,1.19,31.91,0.3256,19.69,2026-07-25T13:40:25.798Z
sl-auto|EWO|15m|1760709600000|1761762600000,sl-auto,EWO,AMEX:EWO,15m,Swing 15m,LONG,Swing Low,2025-10-17 10:00,1760709600000,30.5,Flip Short,2025-10-29 14:30,1761762600000,31,313,9546.5,29,137.25,1.4363,181.38,1.8981,50.24,0.5257,19.25,2026-07-25T13:40:25.798Z
sl-auto|EWO|15m|1761918300000|1761922800000,sl-auto,EWO,AMEX:EWO,15m,Swing 15m,LONG,Swing Low,2025-10-31 09:45,1761918300000,31.4,Flip Short,2025-10-31 11:00,1761922800000,31.37,320,10048,1,-29.69,-0.2952,0,0,19.65,0.1953,20.09,2026-07-25T13:40:25.798Z
sl-auto|EWO|15m|1763411400000|1764082800000,sl-auto,EWO,AMEX:EWO,15m,Swing 15m,LONG,Swing Low,2025-11-17 15:30,1763411400000,31.18,Flip Short,2025-11-25 10:00,1764082800000,32.22,310,9665.8,40,302.75,3.129,312.73,3.2322,139.87,1.4456,19.65,2026-07-25T13:40:25.798Z
sl-auto|EWO|15m|1767975300000|1768244400000,sl-auto,EWO,AMEX:EWO,15m,Swing 15m,LONG,Swing Low,2026-01-09 11:15,1767975300000,35.85,Flip Short,2026-01-12 14:00,1768244400000,36.23,279,10002.15,14,85.91,0.8581,96.02,0.959,12.79,0.1278,20.11,2026-07-25T13:40:25.798Z
sl-auto|EWO|15m|1768923000000|1769025600000,sl-auto,EWO,AMEX:EWO,15m,Swing 15m,LONG,Swing Low,2026-01-20 10:30,1768923000000,35.79,Flip Short,2026-01-21 15:00,1769025600000,36.45,280,10021.2,21,164.57,1.6406,174.78,1.7423,43.62,0.4349,20.23,2026-07-25T13:40:25.798Z
sl-auto|EWO|15m|1770327900000|1770649200000,sl-auto,EWO,AMEX:EWO,15m,Swing 15m,LONG,Swing Low,2026-02-05 16:45,1770327900000,37.73,Flip Short,2026-02-09 10:00,1770649200000,38.97,270,10187.1,10,314.09,3.0801,324.61,3.1833,10.19,0.0999,20.71,2026-07-25T13:40:25.798Z
sl-auto|EWO|15m|1770912900000|1771858800000,sl-auto,EWO,AMEX:EWO,15m,Swing 15m,LONG,Swing Low,2026-02-12 11:15,1770912900000,38.3,Flip Short,2026-02-23 10:00,1771858800000,39.01,272,10417.6,54,172.09,1.6503,237.1,2.2737,140.98,1.3519,21.03,2026-07-25T13:40:25.798Z
sl-auto|EWO|15m|1772119800000|1772548200000,sl-auto,EWO,AMEX:EWO,15m,Swing 15m,LONG,Swing Low,2026-02-26 10:30,1772119800000,38.1,Stop Loss,2026-03-03 09:30,1772548200000,35.18,281,10706.1,39,-841.11,-7.8485,96.07,0.8965,831.23,7.7563,20.59,2026-07-25T13:40:25.798Z
sl-auto|EWO|15m|1774881900000|1775061000000,sl-auto,EWO,AMEX:EWO,15m,Swing 15m,LONG,Swing Low,2026-03-30 10:45,1774881900000,34.31,Flip Short,2026-04-01 12:30,1775061000000,36.09,287,9846.97,14,490.66,4.9778,501.01,5.0829,24.2,0.2455,20.2,2026-07-25T13:40:25.798Z
sl-auto|EWO|15m|1776966300000|1778179500000,sl-auto,EWO,AMEX:EWO,15m,Swing 15m,LONG,Swing Low,2026-04-23 13:45,1776966300000,38.21,Flip Short,2026-05-07 14:45,1778179500000,39.65,268,10240.28,50,365.05,3.5613,515.04,5.0245,10.24,0.0999,20.87,2026-07-25T13:40:25.798Z
sl-auto|EWO|15m|1779214500000|1779371100000,sl-auto,EWO,AMEX:EWO,15m,Swing 15m,LONG,Swing Low,2026-05-19 14:15,1779214500000,38.83,Flip Short,2026-05-21 09:45,1779371100000,39.34,275,10678.25,10,118.75,1.111,209.32,1.9583,16.18,0.1514,21.5,2026-07-25T13:40:25.798Z
sl-auto|EWO|15m|1780678800000|1781251200000,sl-auto,EWO,AMEX:EWO,15m,Swing 15m,LONG,Swing Low,2026-06-05 13:00,1780678800000,40.24,Flip Short,2026-06-12 04:00,1781251200000,41.5,267,10744.08,37,314.6,2.9252,325.68,3.0282,165.6,1.5398,21.82,2026-07-25T13:40:25.798Z
sl-auto|EWO|15m|1782225900000|1783001700000,sl-auto,EWO,AMEX:EWO,15m,Swing 15m,LONG,Swing Low,2026-06-23 10:45,1782225900000,42.38,Flip Short,2026-07-02 10:15,1783001700000,42.63,261,11061.18,72,43.06,0.3889,64.63,0.5837,264.23,2.3864,22.19,2026-07-25T13:40:25.798Z
sl-auto|EWO|15m|1783523700000|1784545200000,sl-auto,EWO,AMEX:EWO,15m,Swing 15m,LONG,Swing Low,2026-07-08 11:15,1783523700000,41.62,Flip Short,2026-07-20 07:00,1784545200000,41.72,267,11112.54,90,4.45,0.04,1115.63,10.0293,136.6,1.228,22.25,2026-07-25T13:40:25.798Z
sl-auto|FAS|15m|1779805800000|1780065900000,sl-auto,FAS,AMEX:FAS,15m,Swing 15m,LONG,Swing Low,2026-05-26 10:30,1779805800000,134.26,Flip Short,2026-05-29 10:45,1780065900000,131.47,70,9398.2,140,-213.9,-2.2737,101.9,1.0832,456,4.8471,18.6,2026-07-25T13:40:30.666Z
sl-auto|FAS|15m|1780326000000|1780425900000,sl-auto,FAS,AMEX:FAS,15m,Swing 15m,LONG,Swing Low,2026-06-01 11:00,1780326000000,129.23,Flip Short,2026-06-02 14:45,1780425900000,132.19,71,9175.33,57,191.6,2.0861,222.99,2.4279,141.24,1.5378,18.56,2026-07-25T13:40:30.666Z
sl-auto|FAS|15m|1780494300000|1780572600000,sl-auto,FAS,AMEX:FAS,15m,Swing 15m,LONG,Swing Low,2026-06-03 09:45,1780494300000,127.42,Flip Short,2026-06-04 07:30,1780572600000,129.78,74,9429.08,41,155.61,1.6486,165.21,1.7504,273.61,2.8989,19.03,2026-07-25T13:40:30.666Z
sl-auto|FAS|15m|1780938900000|1781012700000,sl-auto,FAS,AMEX:FAS,15m,Swing 15m,LONG,Swing Low,2026-06-08 13:15,1780938900000,135.02,Flip Short,2026-06-09 09:45,1781012700000,138.78,71,9586.42,27,247.52,2.5794,273.7,2.8523,82.01,0.8546,19.44,2026-07-25T13:40:30.666Z
sl-auto|FAS|15m|1781122500000|1781199900000,sl-auto,FAS,AMEX:FAS,15m,Swing 15m,LONG,Swing Low,2026-06-10 16:15,1781122500000,135.89,Flip Short,2026-06-11 13:45,1781199900000,139.91,72,9784.08,34,269.58,2.7526,300.54,3.0686,86.1,0.8792,19.86,2026-07-25T13:40:30.666Z
sl-auto|FAS|15m|1781723700000|1782233100000,sl-auto,FAS,AMEX:FAS,15m,Swing 15m,LONG,Swing Low,2026-06-17 15:15,1781723700000,151.71,Flip Short,2026-06-23 12:45,1782233100000,150.58,66,10012.86,128,-94.53,-0.9432,207.13,2.0665,426.47,4.255,19.95,2026-07-25T13:40:30.666Z
sl-auto|FAS|15m|1782408600000|1782741600000,sl-auto,FAS,AMEX:FAS,15m,Swing 15m,LONG,Swing Low,2026-06-25 13:30,1782408600000,147.55,Flip Short,2026-06-29 10:00,1782741600000,149.26,67,9885.85,67,94.68,0.9568,161.63,1.6334,240.37,2.429,19.89,2026-07-25T13:40:30.666Z
sl-auto|FAS|15m|1782827100000|1782913500000,sl-auto,FAS,AMEX:FAS,15m,Swing 15m,LONG,Swing Low,2026-06-30 09:45,1782827100000,146.69,Flip Short,2026-07-01 09:45,1782913500000,150.43,68,9974.92,40,234.12,2.3447,244.35,2.4471,22.21,0.2225,20.2,2026-07-25T13:40:30.666Z
sl-auto|FAS|15m|1783455300000|1783614600000,sl-auto,FAS,AMEX:FAS,15m,Swing 15m,LONG,Swing Low,2026-07-07 16:15,1783455300000,167.39,Flip Short,2026-07-09 12:30,1783614600000,163.59,61,10210.79,83,-251.99,-2.4654,11.14,0.109,601.3,5.883,20.19,2026-07-25T13:40:30.666Z
sl-auto|FAS|15m|1784295900000|1784296800000,sl-auto,FAS,AMEX:FAS,15m,Swing 15m,LONG,Swing Low,2026-07-17 09:45,1784295900000,172.56,Flip Short,2026-07-17 10:00,1784296800000,173.11,58,10008.48,1,11.85,0.1183,119.91,1.1969,10.59,0.1057,20.05,2026-07-25T13:40:30.666Z
sl-auto|FAS|15m|1784313000000|1784905200000,sl-auto,FAS,AMEX:FAS,15m,Swing 15m,LONG,Swing Low,2026-07-17 14:30,1784313000000,168.42,Flip Short,2026-07-24 11:00,1784905200000,167.1,60,10105.2,171,-99.33,-0.982,96.69,0.9559,430.71,4.258,20.13,2026-07-25T13:40:30.666Z
sl-auto|WTAI|15m|1777379400000|1777469400000,sl-auto,WTAI,CBOE:WTAI,15m,Swing 15m,LONG,Swing Low,2026-04-28 08:30,1777379400000,34.61,Flip Short,2026-04-29 09:30,1777469400000,34.73,271,9379.31,26,13.73,0.1462,337.5,3.5948,139.46,1.4854,18.79,2026-07-25T13:40:35.565Z
sl-auto|WTAI|15m|1778593500000|1778689800000,sl-auto,WTAI,CBOE:WTAI,15m,Swing 15m,LONG,Swing Low,2026-05-12 09:45,1778593500000,40.46,Flip Short,2026-05-13 12:30,1778689800000,41.13,234,9467.64,42,137.69,1.4528,163.69,1.7272,374.51,3.9517,19.09,2026-07-25T13:40:35.565Z
sl-auto|WTAI|15m|1778841000000|1779197400000,sl-auto,WTAI,CBOE:WTAI,15m,Swing 15m,LONG,Swing Low,2026-05-15 06:30,1778841000000,41.38,Stop Loss,2026-05-19 09:30,1779197400000,38.89,237,9807.06,63,-609.15,-6.2052,42.33,0.4312,599.94,6.1113,19.02,2026-07-25T13:40:35.565Z
sl-auto|WTAI|15m|1780495200000|1780667100000,sl-auto,WTAI,CBOE:WTAI,15m,Swing 15m,LONG,Swing Low,2026-06-03 10:00,1780495200000,46.18,Stop Loss,2026-06-05 09:45,1780667100000,43.4,196,9051.28,66,-562.44,-6.2077,122.27,1.3495,553.93,6.1138,17.56,2026-07-25T13:40:35.565Z
sl-auto|WTAI|15m|1781020800000|1781199900000,sl-auto,WTAI,CBOE:WTAI,15m,Swing 15m,LONG,Swing Low,2026-06-09 12:00,1781020800000,41.56,Flip Short,2026-06-11 13:45,1781199900000,43.23,205,8519.8,68,324.97,3.8105,333.83,3.9144,252.47,2.9604,17.38,2026-07-25T13:40:35.565Z
sl-auto|WTAI|15m|1781638200000|1781790300000,sl-auto,WTAI,CBOE:WTAI,15m,Swing 15m,LONG,Swing Low,2026-06-16 15:30,1781638200000,45.35,Flip Short,2026-06-18 09:45,1781790300000,46.59,194,8797.9,38,222.72,2.529,274.44,3.1163,103.86,1.1793,17.84,2026-07-25T13:40:35.565Z
sl-auto|WTAI|15m|1782212400000|1782340200000,sl-auto,WTAI,CBOE:WTAI,15m,Swing 15m,LONG,Swing Low,2026-06-23 07:00,1782212400000,45.98,Flip Short,2026-06-24 18:30,1782340200000,46.19,192,8828.16,70,22.62,0.256,473.09,5.3535,412.03,4.6625,17.7,2026-07-25T13:40:35.565Z
sl-auto|WTAI|15m|1782741600000|1782827100000,sl-auto,WTAI,CBOE:WTAI,15m,Swing 15m,LONG,Swing Low,2026-06-29 10:00,1782741600000,44.02,Flip Short,2026-06-30 09:45,1782827100000,46.41,205,9024.1,27,471.41,5.2187,480.93,5.324,158.67,1.7566,18.54,2026-07-25T13:40:35.565Z
sl-auto|WTAI|15m|1782999900000|1783431000000,sl-auto,WTAI,CBOE:WTAI,15m,Swing 15m,LONG,Swing Low,2026-07-02 09:45,1782999900000,44.65,Stop Loss,2026-07-07 09:30,1783431000000,41.97,213,9510.45,53,-589.29,-6.19,94.86,0.9964,580.35,6.0961,18.45,2026-07-25T13:40:35.565Z
sl-auto|WTAI|15m|1783948500000|1784123100000,sl-auto,WTAI,CBOE:WTAI,15m,Swing 15m,LONG,Swing Low,2026-07-13 09:15,1783948500000,42.43,Flip Short,2026-07-15 09:45,1784123100000,42.48,209,8867.87,60,-7.3,-0.0822,170.87,1.9249,213.69,2.4073,17.75,2026-07-25T13:40:35.565Z
sl-auto|WTAI|15m|1784126700000|1784280600000,sl-auto,WTAI,CBOE:WTAI,15m,Swing 15m,LONG,Swing Low,2026-07-15 10:45,1784126700000,41.62,Stop Loss,2026-07-17 05:30,1784280600000,38.36,215,8948.3,54,-718.1,-8.0169,72.75,0.8122,709.85,7.9248,17.2,2026-07-25T13:40:35.565Z
sl-auto|DUSL|15m|1765374300000|1766426400000,sl-auto,DUSL,AMEX:DUSL,15m,Swing 15m,LONG,Swing Low,2025-12-10 08:45,1765374300000,66,Flip Short,2025-12-22 13:00,1766426400000,70.11,145,9570,109,576.21,6.015,811.13,8.4673,150.22,1.5681,19.74,2026-07-25T13:40:40.703Z
sl-auto|DUSL|15m|1767024900000|1767385800000,sl-auto,DUSL,AMEX:DUSL,15m,Swing 15m,LONG,Swing Low,2025-12-29 11:15,1767024900000,69.44,Flip Short,2026-01-02 15:30,1767385800000,71,144,9999.36,34,204.42,2.0423,214.64,2.1444,295.12,2.9484,20.22,2026-07-25T13:40:40.703Z
sl-auto|DUSL|15m|1767818700000|1768250700000,sl-auto,DUSL,AMEX:DUSL,15m,Swing 15m,LONG,Swing Low,2026-01-07 15:45,1767818700000,72.35,Flip Short,2026-01-12 15:45,1768250700000,77.87,141,10201.35,36,757.14,7.4145,768.12,7.5221,35.58,0.3484,21.18,2026-07-25T13:40:40.703Z
sl-auto|DUSL|15m|1768941000000|1769697900000,sl-auto,DUSL,AMEX:DUSL,15m,Swing 15m,LONG,Swing Low,2026-01-20 15:30,1768941000000,78.17,Flip Short,2026-01-29 09:45,1769697900000,81.82,140,10943.8,84,488.6,4.4602,673.66,6.1494,90.74,0.8284,22.4,2026-07-25T13:40:40.703Z
sl-auto|DUSL|15m|1770381900000|1770389100000,sl-auto,DUSL,AMEX:DUSL,15m,Swing 15m,LONG,Swing Low,2026-02-06 07:45,1770381900000,84.92,Flip Short,2026-02-06 09:45,1770389100000,88.72,141,11973.72,2,511.32,4.2661,621.12,5.1821,11.97,0.0999,24.48,2026-07-25T13:40:40.703Z
sl-auto|DUSL|15m|1770915600000|1771509600000,sl-auto,DUSL,AMEX:DUSL,15m,Swing 15m,LONG,Swing Low,2026-02-12 12:00,1770915600000,92,Flip Short,2026-02-19 09:00,1771509600000,94.7,129,11868,46,324.22,2.7291,572.5,4.8191,331.79,2.7929,24.08,2026-07-25T13:40:40.703Z
sl-auto|DUSL|15m|1771871400000|1772023500000,sl-auto,DUSL,AMEX:DUSL,15m,Swing 15m,LONG,Swing Low,2026-02-23 13:30,1771871400000,94.43,Flip Short,2026-02-25 07:45,1772023500000,99.63,130,12275.9,21,650.77,5.2959,663.72,5.4013,113.68,0.9251,25.23,2026-07-25T13:40:40.703Z
sl-auto|DUSL|15m|1772549100000|1772732700000,sl-auto,DUSL,AMEX:DUSL,15m,Swing 15m,LONG,Swing Low,2026-03-03 09:45,1772549100000,92.62,Stop Loss,2026-03-05 12:45,1772732700000,86.37,137,12688.94,44,-880.77,-6.9343,505.17,3.9772,868.94,6.8412,24.52,2026-07-25T13:40:40.703Z
sl-auto|DUSL|15m|1773327600000|1773927000000,sl-auto,DUSL,AMEX:DUSL,15m,Swing 15m,LONG,Swing Low,2026-03-12 11:00,1773327600000,80.05,Stop Loss,2026-03-19 09:30,1773927000000,75.1,150,12007.5,42,-765.77,-6.3711,170.99,1.4226,754.51,6.2774,23.27,2026-07-25T13:40:40.703Z
sl-auto|DUSL|15m|1774620000000|1774892700000,sl-auto,DUSL,AMEX:DUSL,15m,Swing 15m,LONG,Swing Low,2026-03-27 10:00,1774620000000,71.79,Stop Loss,2026-03-30 13:45,1774892700000,67.43,158,11342.82,15,-710.88,-6.2609,62.92,0.5541,700.22,6.1671,22,2026-07-25T13:40:40.703Z
sl-auto|DUSL|15m|1776269700000|1776436200000,sl-auto,DUSL,AMEX:DUSL,15m,Swing 15m,LONG,Swing Low,2026-04-15 12:15,1776269700000,84.53,Flip Short,2026-04-17 10:30,1776436200000,91.34,124,10481.72,24,822.63,7.8404,833.96,7.9484,10.48,0.0999,21.81,2026-07-25T13:40:40.703Z
sl-auto|DUSL|15m|1777384800000|1777637700000,sl-auto,DUSL,AMEX:DUSL,15m,Swing 15m,LONG,Swing Low,2026-04-28 10:00,1777384800000,84.1,Flip Short,2026-05-01 08:15,1777637700000,91.19,134,11269.4,22,926.57,8.2138,938.79,8.3221,332.87,2.9508,23.49,2026-07-25T13:40:40.703Z
sl-auto|DUSL|15m|1778500800000|1779116400000,sl-auto,DUSL,AMEX:DUSL,15m,Swing 15m,LONG,Swing Low,2026-05-11 08:00,1778500800000,88.14,Stop Loss,2026-05-18 11:00,1779116400000,82.66,140,12339.6,43,-791.11,-6.4048,322.26,2.609,779.54,6.3111,23.91,2026-07-25T13:40:40.703Z
sl-auto|DUSL|15m|1780326000000|1780499700000,sl-auto,DUSL,AMEX:DUSL,15m,Swing 15m,LONG,Swing Low,2026-06-01 11:00,1780326000000,83.24,Flip Short,2026-06-03 11:15,1780499700000,90.75,138,11487.12,18,1012.37,8.8043,1059.39,9.2132,11.49,0.0999,24.01,2026-07-25T13:40:40.703Z
sl-auto|DUSL|15m|1781021700000|1781521200000,sl-auto,DUSL,AMEX:DUSL,15m,Swing 15m,LONG,Swing Low,2026-06-09 12:15,1781021700000,85.1,Flip Short,2026-06-15 07:00,1781521200000,92.4,144,12254.4,44,1025.64,8.3612,1309.67,10.6766,553.69,4.5138,25.56,2026-07-25T13:40:40.703Z
sl-auto|DUSL|15m|1782227700000|1782395100000,sl-auto,DUSL,AMEX:DUSL,15m,Swing 15m,LONG,Swing Low,2026-06-23 11:15,1782227700000,95.01,Flip Short,2026-06-25 09:45,1782395100000,102.17,144,13681.44,19,1002.65,7.3212,1151.28,8.4065,231.12,1.6876,28.39,2026-07-25T13:40:40.703Z
sl-auto|DUSL|15m|1783433700000|1784575800000,sl-auto,DUSL,AMEX:DUSL,15m,Swing 15m,LONG,Swing Low,2026-07-07 10:15,1783433700000,97.75,Stop Loss,2026-07-20 15:30,1784575800000,91.8,145,14173.75,87,-890.23,-6.2746,259.88,1.8317,876.92,6.1808,27.48,2026-07-25T13:40:40.703Z
sl-auto|EDC|15m|1775133900000|1775599200000,sl-auto,EDC,AMEX:EDC,15m,Swing 15m,LONG,Swing Low,2026-04-02 08:45,1775133900000,52.8,Flip Short,2026-04-07 18:00,1775599200000,57.76,182,9609.6,54,882.6,9.1754,893.11,9.2847,155.21,1.6135,20.12,2026-07-25T13:40:45.623Z
sl-auto|EDC|15m|1776783600000|1777031100000,sl-auto,EDC,AMEX:EDC,15m,Swing 15m,LONG,Swing Low,2026-04-21 11:00,1776783600000,74.28,Flip Short,2026-04-24 07:45,1777031100000,76.1,138,10250.64,57,230.41,2.2455,296.11,2.8858,551.21,5.372,20.75,2026-07-25T13:40:45.623Z
sl-auto|EDC|15m|1777388400000|1777575600000,sl-auto,EDC,AMEX:EDC,15m,Swing 15m,LONG,Swing Low,2026-04-28 11:00,1777388400000,73.85,Flip Short,2026-04-30 15:00,1777575600000,77.5,143,10560.55,39,500.31,4.7328,511.39,4.8376,144.98,1.3715,21.64,2026-07-25T13:40:45.623Z
sl-auto|EDC|15m|1778573700000|1778603400000,sl-auto,EDC,AMEX:EDC,15m,Swing 15m,LONG,Swing Low,2026-05-12 04:15,1778573700000,86.32,Stop Loss,2026-05-12 12:30,1778603400000,81.14,126,10876.32,20,-673.78,-6.1887,127.72,1.1732,663.56,6.0948,21.1,2026-07-25T13:40:45.623Z
sl-auto|EDC|15m|1778836500000|1779195600000,sl-auto,EDC,AMEX:EDC,15m,Swing 15m,LONG,Swing Low,2026-05-15 05:15,1778836500000,80.86,Stop Loss,2026-05-19 09:00,1779195600000,76,124,10026.64,57,-622.09,-6.1982,350.81,3.4953,612.67,6.1043,19.45,2026-07-25T13:40:45.623Z
sl-auto|EDC|15m|1779975000000|1780306200000,sl-auto,EDC,AMEX:EDC,15m,Swing 15m,LONG,Swing Low,2026-05-28 09:30,1779975000000,89.74,Flip Short,2026-06-01 05:30,1780306200000,98.28,110,9871.4,45,918.72,9.2976,929.53,9.407,83.57,0.8458,20.68,2026-07-25T13:40:45.623Z
sl-auto|EDC|15m|1780570800000|1780664400000,sl-auto,EDC,AMEX:EDC,15m,Swing 15m,LONG,Swing Low,2026-06-04 07:00,1780570800000,92.21,Stop Loss,2026-06-05 09:00,1780664400000,86.64,113,10419.73,26,-649.62,-6.2283,409.94,3.9303,639.83,6.1344,20.21,2026-07-25T13:40:45.623Z
sl-auto|EDC|15m|1781730900000|1781788500000,sl-auto,EDC,AMEX:EDC,15m,Swing 15m,LONG,Swing Low,2026-06-17 17:15,1781730900000,91.68,Flip Short,2026-06-18 09:15,1781788500000,97.98,109,9993.12,6,666.03,6.6582,676.71,6.765,9.99,0.0999,20.67,2026-07-25T13:40:45.623Z
sl-auto|EDC|15m|1782212400000|1782323100000,sl-auto,EDC,AMEX:EDC,15m,Swing 15m,LONG,Swing Low,2026-06-23 07:00,1782212400000,88.12,Stop Loss,2026-06-24 13:45,1782323100000,82.67,122,10750.64,42,-685.74,-6.3722,23.41,0.2175,675.65,6.2785,20.84,2026-07-25T13:40:45.623Z
sl-auto|EDC|15m|1782472500000|1782837900000,sl-auto,EDC,AMEX:EDC,15m,Swing 15m,LONG,Swing Low,2026-06-26 07:15,1782472500000,82.08,Flip Short,2026-06-30 12:45,1782837900000,88.56,122,10013.76,40,769.74,7.6792,780.55,7.7869,271.09,2.7045,20.82,2026-07-25T13:40:45.623Z
sl-auto|EDC|15m|1782936900000|1783013400000,sl-auto,EDC,AMEX:EDC,15m,Swing 15m,LONG,Swing Low,2026-07-01 16:15,1782936900000,81.1,Stop Loss,2026-07-02 13:30,1783013400000,75.9,131,10624.1,24,-701.77,-6.5988,281.51,2.647,691.82,6.5053,20.57,2026-07-25T13:40:45.623Z
sl-auto|EDC|15m|1783499400000|1783602000000,sl-auto,EDC,AMEX:EDC,15m,Swing 15m,LONG,Swing Low,2026-07-08 04:30,1783499400000,75,Flip Short,2026-07-09 09:00,1783602000000,81,132,9900,29,771.41,7.7842,782.1,7.8921,178.86,1.8049,20.59,2026-07-25T13:40:45.623Z
sl-auto|EDC|15m|1783933200000|1784043900000,sl-auto,EDC,AMEX:EDC,15m,Swing 15m,LONG,Swing Low,2026-07-13 05:00,1783933200000,76,Flip Short,2026-07-14 11:45,1784043900000,76.76,143,10868,48,86.84,0.7982,189.33,1.7404,419.85,3.8593,21.84,2026-07-25T13:40:45.623Z
sl-auto|EDC|15m|1784202300000|1784286000000,sl-auto,EDC,AMEX:EDC,15m,Swing 15m,LONG,Swing Low,2026-07-16 07:45,1784202300000,73.28,Stop Loss,2026-07-17 07:00,1784286000000,67.57,149,10918.72,25,-871.78,-7.9763,6.96,0.0637,861.71,7.8841,20.99,2026-07-25T13:40:45.623Z
sl-auto|URTY|15m|1779966000000|1779982200000,sl-auto,URTY,AMEX:URTY,15m,Swing 15m,LONG,Swing Low,2026-05-28 07:00,1779966000000,79.05,Flip Short,2026-05-28 11:30,1779982200000,81.34,120,9486,15,255.55,2.6913,284.51,2.9963,111.49,1.1741,19.25,2026-07-25T13:40:56.084Z
sl-auto|URTY|15m|1780319700000|1780407900000,sl-auto,URTY,AMEX:URTY,15m,Swing 15m,LONG,Swing Low,2026-06-01 09:15,1780319700000,78.85,Flip Short,2026-06-02 09:45,1780407900000,80.15,123,9698.55,51,140.34,1.4456,224,2.3073,274.15,2.8239,19.56,2026-07-25T13:40:56.084Z
sl-auto|URTY|15m|1780494300000|1780582500000,sl-auto,URTY,AMEX:URTY,15m,Swing 15m,LONG,Swing Low,2026-06-03 09:45,1780494300000,78.03,Flip Short,2026-06-04 10:15,1780582500000,79.49,126,9831.78,51,164.11,1.6675,182.95,1.8589,144.65,1.4698,19.85,2026-07-25T13:40:56.084Z
sl-auto|URTY|15m|1780668000000|1780686900000,sl-auto,URTY,AMEX:URTY,15m,Swing 15m,LONG,Swing Low,2026-06-05 10:00,1780668000000,76.14,Stop Loss,2026-06-05 15:15,1780686900000,71.57,131,9974.34,21,-618.02,-6.1899,207.49,2.0781,608.64,6.096,19.35,2026-07-25T13:40:56.084Z
sl-auto|URTY|15m|1781019000000|1781099100000,sl-auto,URTY,AMEX:URTY,15m,Swing 15m,LONG,Swing Low,2026-06-09 11:30,1781019000000,72.75,Flip Short,2026-06-10 09:45,1781099100000,77.4,129,9384.75,47,580.48,6.1792,590.47,6.2855,446.69,4.755,19.37,2026-07-25T13:40:56.084Z
sl-auto|URTY|15m|1781131500000|1781199000000,sl-auto,URTY,AMEX:URTY,15m,Swing 15m,LONG,Swing Low,2026-06-10 18:45,1781131500000,71.57,Flip Short,2026-06-11 13:30,1781199000000,77.64,139,9948.23,35,822.99,8.2645,833.78,8.3728,108.64,1.0909,20.74,2026-07-25T13:40:56.084Z
sl-auto|URTY|15m|1781620200000|1781711100000,sl-auto,URTY,AMEX:URTY,15m,Swing 15m,LONG,Swing Low,2026-06-16 10:30,1781620200000,82.4,Flip Short,2026-06-17 11:45,1781711100000,83.5,130,10712,50,121.43,1.1325,132.29,1.2337,253.81,2.3671,21.57,2026-07-25T13:40:56.084Z
sl-auto|URTY|15m|1781720100000|1781812800000,sl-auto,URTY,AMEX:URTY,15m,Swing 15m,LONG,Swing Low,2026-06-17 14:15,1781720100000,81.55,Flip Short,2026-06-18 16:00,1781812800000,83.66,133,10846.15,64,258.66,2.3824,304.36,2.8034,441.77,4.069,21.97,2026-07-25T13:40:56.084Z
sl-auto|URTY|15m|1782203400000|1782312300000,sl-auto,URTY,AMEX:URTY,15m,Swing 15m,LONG,Swing Low,2026-06-23 04:30,1782203400000,81.55,Flip Short,2026-06-24 10:45,1782312300000,85.35,135,11009.25,70,490.47,4.4506,535.74,4.8614,102.81,0.9329,22.53,2026-07-25T13:40:56.084Z
sl-auto|URTY|15m|1782467100000|1782488700000,sl-auto,URTY,AMEX:URTY,15m,Swing 15m,LONG,Swing Low,2026-06-26 05:45,1782467100000,84.45,Flip Short,2026-06-26 11:45,1782488700000,86.8,137,11569.65,23,298.49,2.5774,340.52,2.9403,151.31,1.3065,23.46,2026-07-25T13:40:56.084Z
sl-auto|URTY|15m|1782742500000|1782828900000,sl-auto,URTY,AMEX:URTY,15m,Swing 15m,LONG,Swing Low,2026-06-29 10:15,1782742500000,82.58,Flip Short,2026-06-30 10:15,1782828900000,86.76,143,11808.94,40,573.52,4.8518,594.51,5.0294,20.39,0.1725,24.22,2026-07-25T13:40:56.084Z
sl-auto|URTY|15m|1782936900000|1783499400000,sl-auto,URTY,AMEX:URTY,15m,Swing 15m,LONG,Swing Low,2026-07-01 16:15,1782936900000,86.08,Stop Loss,2026-07-08 04:30,1783499400000,80.32,144,12395.52,138,-853.4,-6.8779,385.04,3.1032,841.84,6.7847,23.96,2026-07-25T13:40:56.084Z
sl-auto|URTY|15m|1783694700000|1784033100000,sl-auto,URTY,AMEX:URTY,15m,Swing 15m,LONG,Swing Low,2026-07-10 10:45,1783694700000,82.99,Flip Short,2026-07-14 08:45,1784033100000,83.64,140,11618.6,77,67.67,0.5819,381.78,3.2827,402.22,3.4584,23.33,2026-07-25T13:40:56.084Z
sl-auto|URTY|15m|1784203200000|1784211300000,sl-auto,URTY,AMEX:URTY,15m,Swing 15m,LONG,Swing Low,2026-07-16 08:00,1784203200000,82.19,Flip Short,2026-07-16 10:15,1784211300000,84.52,143,11753.17,8,309.35,2.6294,337.17,2.8659,86.11,0.7319,23.84,2026-07-25T13:40:56.084Z
sl-auto|URTY|15m|1784276100000|1784547900000,sl-auto,URTY,AMEX:URTY,15m,Swing 15m,LONG,Swing Low,2026-07-17 04:15,1784276100000,80.89,Flip Short,2026-07-20 07:45,1784547900000,82.99,147,11890.83,47,284.61,2.3911,360.02,3.0247,216.22,1.8166,24.09,2026-07-25T13:40:56.084Z
sl-auto|URTY|15m|1784575800000|1784653200000,sl-auto,URTY,AMEX:URTY,15m,Swing 15m,LONG,Swing Low,2026-07-20 15:30,1784575800000,80.54,Flip Short,2026-07-21 13:00,1784653200000,83.27,152,12242.08,29,390.06,3.183,402.72,3.2863,141.44,1.1542,24.9,2026-07-25T13:40:56.084Z
sl-auto|URTY|15m|1784744100000|1784907000000,sl-auto,URTY,AMEX:URTY,15m,Swing 15m,LONG,Swing Low,2026-07-22 14:15,1784744100000,81.28,Flip Short,2026-07-24 11:30,1784907000000,80.85,155,12598.4,81,-91.78,-0.7278,32.35,0.2565,503.95,3.9961,25.13,2026-07-25T13:40:56.084Z
sl-auto|USLV|15m|1726830000000|1727870400000,sl-auto,USLV,LSE:USLV,15m,Swing 15m,LONG,Swing Low,2024-09-20 07:00,1726830000000,59.57,Flip Short,2024-10-02 08:00,1727870400000,59.82,160,9531.2,40,20.9,0.219,65.67,0.6883,84.73,0.8881,19.1,2026-07-25T13:41:01.022Z
sl-auto|USLV|15m|1730720700000|1730891700000,sl-auto,USLV,LSE:USLV,15m,Swing 15m,LONG,Swing Low,2024-11-04 06:45,1730720700000,60.93,Flip Short,2024-11-06 06:15,1730891700000,63.2,157,9566.01,6,336.9,3.5183,346.82,3.622,58.24,0.6082,19.49,2026-07-25T13:41:01.022Z
sl-auto|USLV|15m|1733492700000|1736413200000,sl-auto,USLV,LSE:USLV,15m,Swing 15m,LONG,Swing Low,2024-12-06 08:45,1733492700000,63.98,Flip Short,2025-01-09 04:00,1736413200000,63.1,153,9788.94,60,-154.08,-1.5725,20.81,0.2124,387.7,3.9566,19.44,2026-07-25T13:41:01.022Z
sl-auto|USLV|15m|1741266900000|1743064200000,sl-auto,USLV,LSE:USLV,15m,Swing 15m,LONG,Swing Low,2025-03-06 08:15,1741266900000,63.74,Flip Short,2025-03-27 04:30,1743064200000,64.06,151,9624.74,65,29.02,0.3012,80.98,0.8405,266.32,2.7643,19.3,2026-07-25T13:41:01.022Z
sl-auto|USLV|15m|1743669000000|1744009200000,sl-auto,USLV,LSE:USLV,15m,Swing 15m,LONG,Swing Low,2025-04-03 04:30,1743669000000,62.62,Stop Loss,2025-04-07 03:00,1744009200000,58.03,155,9706.1,13,-730.15,-7.5151,146.84,1.5114,721.16,7.4225,18.7,2026-07-25T13:41:01.022Z
sl-auto|USLV|15m|1748000700000|1751460300000,sl-auto,USLV,LSE:USLV,15m,Swing 15m,LONG,Swing Low,2025-05-23 07:45,1748000700000,60,Flip Short,2025-07-02 08:45,1751460300000,60.63,149,8940,126,75.9,0.8481,156.45,1.7483,192.21,2.1479,17.97,2026-07-25T13:41:01.022Z
sl-auto|USLV|15m|1755154800000|1755766800000,sl-auto,USLV,LSE:USLV,15m,Swing 15m,LONG,Swing Low,2025-08-14 03:00,1755154800000,61.38,Flip Short,2025-08-21 05:00,1755766800000,62.15,149,9145.62,18,96.32,1.0522,127.93,1.3975,88.12,0.9625,18.41,2026-07-25T13:41:01.022Z
sl-auto|USLV|15m|1757487600000|1759245300000,sl-auto,USLV,LSE:USLV,15m,Swing 15m,LONG,Swing Low,2025-09-10 03:00,1757487600000,60.83,Flip Short,2025-09-30 11:15,1759245300000,61.39,151,9185.33,49,66.1,0.719,75.37,0.8198,185.86,2.0214,18.46,2026-07-25T13:41:01.022Z
sl-auto|USLV|15m|1760692500000|1761143400000,sl-auto,USLV,LSE:USLV,15m,Swing 15m,LONG,Swing Low,2025-10-17 05:15,1760692500000,60.49,Flip Short,2025-10-22 10:30,1761143400000,61.98,153,9254.97,5,209.23,2.2585,218.72,2.3609,9.25,0.0999,18.74,2026-07-25T13:41:01.022Z
sl-auto|USLV|15m|1762186500000|1762939800000,sl-auto,USLV,LSE:USLV,15m,Swing 15m,LONG,Swing Low,2025-11-03 11:15,1762186500000,60.15,Flip Short,2025-11-12 04:30,1762939800000,62.06,156,9383.4,18,278.9,2.9693,301.06,3.2052,9.38,0.0999,19.06,2026-07-25T13:41:01.022Z
sl-auto|USLV|15m|1764753300000|1768205700000,sl-auto,USLV,LSE:USLV,15m,Swing 15m,LONG,Swing Low,2025-12-03 04:15,1764753300000,61.44,Flip Short,2026-01-12 03:15,1768205700000,60.66,157,9646.08,77,-141.63,-1.4668,0,0,309.52,3.2055,19.17,2026-07-25T13:41:01.022Z
sl-auto|USLV|15m|1773158400000|1775142900000,sl-auto,USLV,LSE:USLV,15m,Swing 15m,LONG,Swing Low,2026-03-10 12:00,1773158400000,64.03,Flip Short,2026-04-02 11:15,1775142900000,63.49,150,9604.5,86,-100.13,-1.0415,78.9,0.8206,399.6,4.1564,19.13,2026-07-25T13:41:01.022Z
sl-auto|USLV|15m|1776150900000|1779780600000,sl-auto,USLV,LSE:USLV,15m,Swing 15m,LONG,Swing Low,2026-04-14 03:15,1776150900000,62.44,Flip Short,2026-05-26 03:30,1779780600000,63.12,152,9490.88,94,84.27,0.8871,109.07,1.1481,231.41,2.4358,19.09,2026-07-25T13:41:01.022Z
sl-auto|USLV|15m|1780298100000|1780903800000,sl-auto,USLV,LSE:USLV,15m,Swing 15m,LONG,Swing Low,2026-06-01 03:15,1780298100000,61.02,Flip Short,2026-06-08 03:30,1780903800000,62.6,156,9519.12,35,227.2,2.3843,297.8,3.1253,118.72,1.2459,19.28,2026-07-25T13:41:01.022Z
sl-auto|YINN|15m|1780647300000|1780686900000,sl-auto,YINN,AMEX:YINN,15m,Swing 15m,LONG,Swing Low,2026-06-05 04:15,1780647300000,30.04,Stop Loss,2026-06-05 15:15,1780686900000,28.23,316,9492.64,40,-590.37,-6.2131,88.47,0.931,581.45,6.1192,18.41,2026-07-25T13:41:05.950Z
sl-auto|YINN|15m|1780947000000|1781005500000,sl-auto,YINN,AMEX:YINN,15m,Swing 15m,LONG,Swing Low,2026-06-08 15:30,1780947000000,28.51,Flip Short,2026-06-09 07:45,1781005500000,29.18,313,8923.63,28,191.65,2.1456,219.57,2.458,65.26,0.7306,18.06,2026-07-25T13:41:05.950Z
sl-auto|YINN|15m|1781019000000|1781095500000,sl-auto,YINN,AMEX:YINN,15m,Swing 15m,LONG,Swing Low,2026-06-09 11:30,1781019000000,28.17,Flip Short,2026-06-10 08:45,1781095500000,28.74,323,9098.91,47,165.73,1.8196,194.39,2.1343,177.06,1.944,18.38,2026-07-25T13:41:05.950Z
sl-auto|YINN|15m|1781122500000|1781199900000,sl-auto,YINN,AMEX:YINN,15m,Swing 15m,LONG,Swing Low,2026-06-10 16:15,1781122500000,28.24,Flip Short,2026-06-11 13:45,1781199900000,28.63,328,9262.72,50,109.27,1.1785,125.22,1.3505,304.46,3.2837,18.65,2026-07-25T13:41:05.950Z
sl-auto|YINN|15m|1781597700000|1781723700000,sl-auto,YINN,AMEX:YINN,15m,Swing 15m,LONG,Swing Low,2026-06-16 04:15,1781597700000,28.56,Stop Loss,2026-06-17 15:15,1781723700000,26.84,328,9367.68,97,-582.33,-6.2102,46.39,0.4947,573.53,6.1163,18.17,2026-07-25T13:41:05.950Z
sl-auto|YINN|15m|1782202500000|1782333900000,sl-auto,YINN,AMEX:YINN,15m,Swing 15m,LONG,Swing Low,2026-06-23 04:15,1782202500000,23.71,Flip Short,2026-06-24 16:45,1782333900000,23.66,371,8796.41,108,-36.12,-0.4103,321.39,3.65,268.5,3.0493,17.57,2026-07-25T13:41:05.950Z
sl-auto|YINN|15m|1782375300000|1782460800000,sl-auto,YINN,AMEX:YINN,15m,Swing 15m,LONG,Swing Low,2026-06-25 04:15,1782375300000,21.86,Stop Loss,2026-06-26 04:00,1782460800000,20.54,401,8765.86,59,-546.32,-6.2262,115.54,1.3168,538.09,6.1323,17,2026-07-25T13:41:05.950Z
sl-auto|YINN|15m|1782807300000|1782913500000,sl-auto,YINN,AMEX:YINN,15m,Swing 15m,LONG,Swing Low,2026-06-30 04:15,1782807300000,21.34,Flip Short,2026-07-01 09:45,1782913500000,21.98,389,8301.26,74,232.11,2.7933,267.89,3.2239,136.67,1.6447,16.85,2026-07-25T13:41:05.950Z
sl-auto|YINN|15m|1783012500000|1783325700000,sl-auto,YINN,AMEX:YINN,15m,Swing 15m,LONG,Swing Low,2026-07-02 13:15,1783012500000,21.71,Flip Short,2026-07-06 04:15,1783325700000,23.36,390,8466.9,24,625.92,7.3852,670.13,7.9068,66.97,0.7901,17.58,2026-07-25T13:41:05.950Z
sl-auto|YINN|15m|1783437300000|1783498500000,sl-auto,YINN,AMEX:YINN,15m,Swing 15m,LONG,Swing Low,2026-07-07 11:15,1783437300000,22.97,Flip Short,2026-07-08 04:15,1783498500000,25.93,394,9050.18,28,1146.97,12.6608,1184.77,13.078,24.81,0.2739,19.27,2026-07-25T13:41:05.950Z
sl-auto|YINN|15m|1783584900000|1783632600000,sl-auto,YINN,AMEX:YINN,15m,Swing 15m,LONG,Swing Low,2026-07-09 04:15,1783584900000,24.95,Flip Short,2026-07-09 17:30,1783632600000,25.18,408,10179.6,49,73.39,0.7202,153.02,1.5017,148.9,1.4613,20.45,2026-07-25T13:41:05.950Z
sl-auto|YINN|15m|1783967400000|1784016900000,sl-auto,YINN,AMEX:YINN,15m,Swing 15m,LONG,Swing Low,2026-07-13 14:30,1783967400000,25.19,Flip Short,2026-07-14 04:15,1784016900000,25.91,406,10227.14,16,271.57,2.6528,318.63,3.1124,67.07,0.6551,20.75,2026-07-25T13:41:05.950Z
sl-auto|YINN|15m|1784243700000|1784535300000,sl-auto,YINN,AMEX:YINN,15m,Swing 15m,LONG,Swing Low,2026-07-16 19:15,1784243700000,27.52,Flip Short,2026-07-20 04:15,1784535300000,28.96,380,10457.6,58,525.74,5.0223,574.74,5.4904,588.06,5.6176,21.46,2026-07-25T13:41:05.950Z
sl-auto|YINN|15m|1784632500000|1784794500000,sl-auto,YINN,AMEX:YINN,15m,Swing 15m,LONG,Swing Low,2026-07-21 07:15,1784632500000,28.6,Flip Short,2026-07-23 04:15,1784794500000,28.5,385,11011,99,-60.48,-0.5488,0,0,565.41,5.1298,21.98,2026-07-25T13:41:05.950Z
sl-auto|RY|15m|1776783600000|1777383900000,sl-auto,RY,TSX:RY,15m,Swing 15m,LONG,Swing Low,2026-04-21 11:00,1776783600000,243.7,Flip Short,2026-04-28 09:45,1777383900000,242,38,9260.6,133,-83.06,-0.896,13.54,0.1461,244.86,2.6415,18.46,2026-07-25T13:41:10.994Z
sl-auto|RY|15m|1777487400000|1777566600000,sl-auto,RY,TSX:RY,15m,Swing 15m,LONG,Swing Low,2026-04-29 14:30,1777487400000,240.35,Flip Short,2026-04-30 12:30,1777566600000,243.37,39,9373.65,19,98.91,1.0542,111.53,1.1886,33.55,0.3576,18.87,2026-07-25T13:41:10.994Z
sl-auto|RY|15m|1777902300000|1778075100000,sl-auto,RY,TSX:RY,15m,Swing 15m,LONG,Swing Low,2026-05-04 09:45,1777902300000,242.57,Flip Short,2026-05-06 09:45,1778075100000,245.97,39,9460.23,56,113.55,1.1991,137.96,1.4569,51.97,0.5488,19.05,2026-07-25T13:41:10.994Z
sl-auto|RY|15m|1778517900000|1778607000000,sl-auto,RY,TSX:RY,15m,Swing 15m,LONG,Swing Low,2026-05-11 12:45,1778517900000,246.41,Flip Short,2026-05-12 13:30,1778607000000,248.87,39,9609.99,30,76.62,0.7965,91.4,0.9501,11.17,0.1161,19.32,2026-07-25T13:41:10.994Z
sl-auto|RY|15m|1778697900000|1778776200000,sl-auto,RY,TSX:RY,15m,Swing 15m,LONG,Swing Low,2026-05-13 14:45,1778697900000,245.9,Flip Short,2026-05-14 12:30,1778776200000,250.32,39,9590.1,19,153.03,1.5941,188.14,1.9599,11.54,0.1202,19.35,2026-07-25T13:41:10.994Z
sl-auto|RY|15m|1779804900000|1780062300000,sl-auto,RY,TSX:RY,15m,Swing 15m,LONG,Swing Low,2026-05-26 10:15,1779804900000,261.65,Flip Short,2026-05-29 09:45,1780062300000,262.71,37,9681.05,82,19.82,0.2045,82.82,0.8546,159.53,1.6462,19.4,2026-07-25T13:41:10.994Z
sl-auto|RY|15m|1781199000000|1781271900000,sl-auto,RY,TSX:RY,15m,Swing 15m,LONG,Swing Low,2026-06-11 13:30,1781199000000,275.89,Flip Short,2026-06-12 09:45,1781271900000,279.39,35,9656.15,13,103.07,1.0663,146.09,1.5115,9.66,0.0999,19.43,2026-07-25T13:41:10.994Z
sl-auto|RY|15m|1782481500000|1782753300000,sl-auto,RY,TSX:RY,15m,Swing 15m,LONG,Swing Low,2026-06-26 09:45,1782481500000,286.85,Flip Short,2026-06-29 13:15,1782753300000,290.46,34,9752.9,42,103.11,1.0562,120.81,1.2374,33.55,0.3437,19.63,2026-07-25T13:41:10.994Z
sl-auto|RY|15m|1782999900000|1783345500000,sl-auto,RY,TSX:RY,15m,Swing 15m,LONG,Swing Low,2026-07-02 09:45,1782999900000,292.3,Flip Short,2026-07-06 09:45,1783345500000,293.01,34,9938.2,56,4.24,0.0426,35.28,0.3547,136.42,1.3713,19.9,2026-07-25T13:41:10.994Z
sl-auto|RY|15m|1783521000000|1783623600000,sl-auto,RY,TSX:RY,15m,Swing 15m,LONG,Swing Low,2026-07-08 10:30,1783521000000,292.86,Flip Short,2026-07-09 15:00,1783623600000,295.88,34,9957.24,46,82.66,0.8293,102.58,1.0292,107.88,1.0823,20.02,2026-07-25T13:41:10.994Z
sl-auto|RY|15m|1784295900000|1784728800000,sl-auto,RY,TSX:RY,15m,Swing 15m,LONG,Swing Low,2026-07-17 09:45,1784295900000,300.59,Flip Short,2026-07-22 10:00,1784728800000,299.12,33,9919.47,83,-68.3,-0.6879,129.34,1.3026,196.04,1.9743,19.79,2026-07-25T13:41:10.994Z
pyr25|TNA|15m|1781019000000|1781095500000,pyr25,TNA,AMEX:TNA,15m,Swing 15m,LONG,Swing Low,2026-06-09 11:30,1781019000000,62.47,Flip Short,2026-06-10 08:45,1781095500000,64.4,121,7558.87,52,218.18,2.8835,298.57,3.946,366.93,4.8494,15.35,2026-07-25T13:58:50.207Z
pyr25|TNA|15m|1781129700000|1781186400000,pyr25,TNA,AMEX:TNA,15m,Swing 15m,LONG,Swing Low,2026-06-10 18:15,1781129700000,61.6,Flip Short,2026-06-11 10:00,1781186400000,65.2,126,7761.6,31,437.62,5.6327,507.58,6.5331,94.7,1.2189,15.98,2026-07-25T13:58:50.207Z
pyr25|TNA|15m|1781620200000|1781703900000,pyr25,TNA,AMEX:TNA,15m,Swing 15m,LONG,Swing Low,2026-06-16 10:30,1781620200000,70.79,Flip Short,2026-06-17 09:45,1781703900000,71.33,114,8070.06,56,45.36,0.5615,58.05,0.7186,199.59,2.4707,16.2,2026-07-25T13:58:50.207Z
pyr25|TNA|15m|1781720100000|1781812800000,pyr25,TNA,AMEX:TNA,15m,Swing 15m,LONG,Swing Low,2026-06-17 14:15,1781720100000,69.81,Flip Short,2026-06-18 16:00,1781812800000,71.74,116,8097.96,71,207.46,2.5593,247.1,3.0484,305.06,3.7633,16.42,2026-07-25T13:58:50.207Z
pyr25|TNA|15m|1782202500000|1782312300000,pyr25,TNA,AMEX:TNA,15m,Swing 15m,LONG,Swing Low,2026-06-23 04:15,1782202500000,69.9,Flip Short,2026-06-24 10:45,1782312300000,73.33,118,8248.2,88,387.84,4.6974,418.91,5.0738,76.69,0.9288,16.9,2026-07-25T13:58:50.207Z
pyr25|TNA|15m|1782415800000|1782488700000,pyr25,TNA,AMEX:TNA,15m,Swing 15m,LONG,Swing Low,2026-06-25 15:30,1782415800000,72.97,Flip Short,2026-06-26 11:45,1782488700000,74.58,117,8537.49,46,171.11,2.0022,205.57,2.4055,164.15,1.9207,17.26,2026-07-25T13:58:50.207Z
pyr25|TNA|15m|1782742500000|1782815400000,pyr25,TNA,AMEX:TNA,15m,Swing 15m,LONG,Swing Low,2026-06-29 10:15,1782742500000,71.01,Flip Short,2026-06-30 06:30,1782815400000,74.31,122,8663.22,47,384.87,4.4381,404.92,4.6693,19.64,0.2265,17.73,2026-07-25T13:58:50.207Z
pyr25|TNA|15m|1782908100000|1782914400000,pyr25,TNA,AMEX:TNA,15m,Swing 15m,LONG,Swing Low,2026-07-01 08:15,1782908100000,74.4,Flip Short,2026-07-01 10:00,1782914400000,75.55,121,9002.4,7,121.01,1.3428,130.15,1.4443,59.82,0.6639,18.14,2026-07-25T13:58:50.207Z
pyr25|TNA|15m|1782936900000|1783345500000,pyr25,TNA,AMEX:TNA,15m,Swing 15m,LONG,Swing Low,2026-07-01 16:15,1782936900000,73.9,Flip Short,2026-07-06 09:45,1783345500000,74.41,122,9015.8,93,44.13,0.4889,293.54,3.2526,362.82,4.0202,18.09,2026-07-25T13:58:50.207Z
pyr25|TNA|15m|1783431900000|1783600200000,pyr25,TNA,AMEX:TNA,15m,Swing 15m,LONG,Swing Low,2026-07-07 09:45,1783431900000,73.35,Flip Short,2026-07-09 08:30,1783600200000,70.75,124,9095.4,123,-340.27,-3.7374,0,0,691.1,7.5907,17.87,2026-07-25T13:58:50.207Z
pyr25|TNA|15m|1783500300000|1783600200000,pyr25,TNA,AMEX:TNA,15m,Swing 15m,LONG,Pyramid Add,2026-07-08 04:45,1783500300000,68.9,Flip Short,2026-07-09 08:30,1783600200000,70.75,31,2135.9,79,53.02,2.4799,64.82,3.0319,34.69,1.6223,4.33,2026-07-25T13:58:50.207Z
pyr25|TNA|15m|1783691100000|1784033100000,pyr25,TNA,AMEX:TNA,15m,Swing 15m,LONG,Swing Low,2026-07-10 09:45,1783691100000,71.67,Flip Short,2026-07-14 08:45,1784033100000,71.9,124,8887.08,114,10.72,0.1205,255.23,2.8691,343.69,3.8634,17.8,2026-07-25T13:58:50.207Z
pyr25|TNA|15m|1784203200000|1784210400000,pyr25,TNA,AMEX:TNA,15m,Swing 15m,LONG,Swing Low,2026-07-16 08:00,1784203200000,70.51,Flip Short,2026-07-16 10:00,1784210400000,71.83,126,8884.26,8,148.39,1.6685,180.12,2.0253,60.54,0.6808,17.93,2026-07-25T13:58:50.207Z
pyr25|TNA|15m|1784276100000|1784547900000,pyr25,TNA,AMEX:TNA,15m,Swing 15m,LONG,Swing Low,2026-07-17 04:15,1784276100000,69.71,Flip Short,2026-07-20 07:45,1784547900000,71.38,129,8992.59,74,197.23,2.1911,254.17,2.8236,193.46,2.1492,18.2,2026-07-25T13:58:50.207Z
pyr25|TNA|15m|1784559600000|1784645100000,pyr25,TNA,AMEX:TNA,15m,Swing 15m,LONG,Swing Low,2026-07-20 11:00,1784559600000,69.11,Flip Short,2026-07-21 10:45,1784645100000,70.4,132,9122.52,59,151.86,1.6631,198.12,2.1696,93.6,1.025,18.42,2026-07-25T13:58:50.207Z
pyr25|TNA|15m|1784731500000|1784887200000,pyr25,TNA,AMEX:TNA,15m,Swing 15m,LONG,Swing Low,2026-07-22 10:45,1784731500000,70.14,Flip Short,2026-07-24 06:00,1784887200000,69.3,132,9258.48,98,-129.29,-1.395,63.34,0.6835,406.58,4.387,18.41,2026-07-25T13:58:50.207Z
pyr25|TNA|15m|1784904300000|1784910600000,pyr25,TNA,AMEX:TNA,15m,Swing 15m,LONG,Swing Low,2026-07-24 10:45,1784904300000,67.45,Flip Short,2026-07-24 12:30,1784910600000,69.49,136,9173.2,7,258.82,2.8186,296.83,3.2326,29.57,0.3221,18.62,2026-07-25T13:58:50.207Z
pyr25|MEXX|15m|1765983600000|1766413800000,pyr25,MEXX,AMEX:MEXX,15m,Swing 15m,LONG,Swing Low,2025-12-17 10:00,1765983600000,24.14,Flip Short,2025-12-22 09:30,1766413800000,24.71,316,7628.24,39,164.68,2.1567,583.29,7.6388,333.11,4.3624,15.44,2026-07-25T13:58:55.250Z
pyr25|MEXX|15m|1767117600000|1767628800000,pyr25,MEXX,AMEX:MEXX,15m,Swing 15m,LONG,Swing Low,2025-12-30 13:00,1767117600000,25.64,Flip Short,2026-01-05 11:00,1767628800000,26.71,299,7666.36,35,304.28,3.965,312.26,4.0691,318.63,4.152,15.65,2026-07-25T13:58:55.250Z
pyr25|MEXX|15m|1767798000000|1767991500000,pyr25,MEXX,AMEX:MEXX,15m,Swing 15m,LONG,Swing Low,2026-01-07 10:00,1767798000000,24.66,Flip Short,2026-01-09 15:45,1767991500000,26.85,323,7965.18,23,690.73,8.6632,699.4,8.772,7.97,0.0999,16.64,2026-07-25T13:58:55.250Z
pyr25|MEXX|15m|1769785200000|1770132600000,pyr25,MEXX,AMEX:MEXX,15m,Swing 15m,LONG,Swing Low,2026-01-30 10:00,1769785200000,33.7,Flip Short,2026-02-03 10:30,1770132600000,34.95,250,8425,47,295.34,3.502,316.57,3.7538,715.92,8.4891,17.16,2026-07-25T13:58:55.250Z
pyr25|MEXX|15m|1769799600000|1770132600000,pyr25,MEXX,AMEX:MEXX,15m,Swing 15m,LONG,Pyramid Add,2026-01-30 14:00,1769799600000,32.19,Flip Short,2026-02-03 10:30,1770132600000,34.95,62,1995.78,32,166.96,8.3572,172.22,8.6208,83.84,4.1965,4.16,2026-07-25T13:58:55.250Z
pyr25|MEXX|15m|1770307200000|1770410700000,pyr25,MEXX,AMEX:MEXX,15m,Swing 15m,LONG,Swing Low,2026-02-05 11:00,1770307200000,32.03,Flip Short,2026-02-06 15:45,1770410700000,36.79,279,8936.37,26,1308.84,14.6316,1377.69,15.4013,8.94,0.0999,19.2,2026-07-25T13:58:55.250Z
pyr25|MEXX|15m|1770920100000|1771418700000,pyr25,MEXX,AMEX:MEXX,15m,Swing 15m,LONG,Swing Low,2026-02-12 13:15,1770920100000,36.6,Flip Short,2026-02-18 07:45,1771418700000,38.94,270,9882,51,611.4,6.1809,621.92,6.2872,74.68,0.755,20.4,2026-07-25T13:58:55.250Z
pyr25|MEXX|15m|1771512300000|1772215200000,pyr25,MEXX,AMEX:MEXX,15m,Swing 15m,LONG,Swing Low,2026-02-19 09:45,1771512300000,36.55,Flip Short,2026-02-27 13:00,1772215200000,38.5,282,10307.1,109,528.74,5.1247,567.79,5.5033,416.39,4.0358,21.16,2026-07-25T13:58:55.250Z
pyr25|MEXX|15m|1772454600000|1773154800000,pyr25,MEXX,AMEX:MEXX,15m,Swing 15m,LONG,Swing Low,2026-03-02 07:30,1772454600000,37.39,Flip Short,2026-03-10 11:00,1773154800000,30.25,297,11104.83,131,-2140.67,-19.2577,0,0,3471.15,31.2268,20.09,2026-07-25T13:58:55.250Z
pyr25|MEXX|15m|1772468100000|1773154800000,pyr25,MEXX,AMEX:MEXX,15m,Swing 15m,LONG,Pyramid Add,2026-03-02 11:15,1772468100000,35.15,Flip Short,2026-03-10 11:00,1773154800000,30.25,74,2601.1,123,-367.44,-14.1122,93.6,3.5948,698.94,26.8441,4.84,2026-07-25T13:58:55.250Z
pyr25|MEXX|15m|1773330300000|1773746100000,pyr25,MEXX,AMEX:MEXX,15m,Swing 15m,LONG,Swing Low,2026-03-12 11:45,1773330300000,26.89,Flip Short,2026-03-17 07:15,1773746100000,27.21,335,9008.15,41,89.08,0.9879,731.34,8.1106,498.11,5.524,18.12,2026-07-25T13:58:55.250Z
pyr25|MEXX|15m|1773927900000|1774379700000,pyr25,MEXX,AMEX:MEXX,15m,Swing 15m,LONG,Swing Low,2026-03-19 09:45,1773927900000,24.45,Flip Short,2026-03-24 15:15,1774379700000,26.59,359,8777.55,60,749.94,8.5353,759.48,8.6439,410.86,4.6761,18.32,2026-07-25T13:58:55.250Z
pyr25|MEXX|15m|1776189600000|1776433500000,pyr25,MEXX,AMEX:MEXX,15m,Swing 15m,LONG,Swing Low,2026-04-14 14:00,1776189600000,32.71,Flip Short,2026-04-17 09:45,1776433500000,34.02,286,9355.06,31,355.58,3.7971,536.9,5.7335,98.02,1.0467,19.08,2026-07-25T13:58:55.250Z
pyr25|MEXX|15m|1776789000000|1778069700000,pyr25,MEXX,AMEX:MEXX,15m,Swing 15m,LONG,Swing Low,2026-04-21 12:30,1776789000000,32.17,Flip Short,2026-05-06 08:15,1778069700000,32.5,299,9618.83,100,79.33,0.824,283.4,2.9434,1023.23,10.6271,19.34,2026-07-25T13:58:55.250Z
pyr25|MEXX|15m|1777383000000|1778069700000,pyr25,MEXX,AMEX:MEXX,15m,Swing 15m,LONG,Pyramid Add,2026-04-28 09:30,1777383000000,30.03,Flip Short,2026-05-06 08:15,1778069700000,32.5,74,2222.22,48,178.15,8.0089,216.82,9.7471,94.72,4.2582,4.63,2026-07-25T13:58:55.250Z
pyr25|MEXX|15m|1778783400000|1779814800000,pyr25,MEXX,AMEX:MEXX,15m,Swing 15m,LONG,Swing Low,2026-05-14 14:30,1778783400000,32.9,Flip Short,2026-05-26 13:00,1779814800000,32.16,298,9804.2,79,-239.91,-2.4445,139.2,1.4183,868.04,8.845,19.39,2026-07-25T13:58:55.250Z
pyr25|MEXX|15m|1778852700000|1779814800000,pyr25,MEXX,AMEX:MEXX,15m,Swing 15m,LONG,Pyramid Add,2026-05-15 09:45,1778852700000,30.65,Flip Short,2026-05-26 13:00,1779814800000,32.16,74,2268.1,72,107.09,4.7169,109.47,4.8218,48.89,2.1533,4.65,2026-07-25T13:58:55.250Z
pyr25|MEXX|15m|1780321500000|1781202600000,pyr25,MEXX,AMEX:MEXX,15m,Swing 15m,LONG,Swing Low,2026-06-01 09:45,1780321500000,30.51,Flip Short,2026-06-11 14:30,1781202600000,29.15,320,9763.2,85,-454.29,-4.6484,787.04,8.0532,1334.56,13.6557,19.09,2026-07-25T13:58:55.250Z
pyr25|MEXX|15m|1780668900000|1781202600000,pyr25,MEXX,AMEX:MEXX,15m,Swing 15m,LONG,Pyramid Add,2026-06-05 10:15,1780668900000,28.4,Flip Short,2026-06-11 14:30,1781202600000,29.15,80,2272,48,55.4,2.4358,59.33,2.6087,164.67,7.2406,4.6,2026-07-25T13:58:55.250Z
pyr25|MEXX|15m|1782156600000|1782761400000,pyr25,MEXX,AMEX:MEXX,15m,Swing 15m,LONG,Swing Low,2026-06-22 15:30,1782156600000,29.5,Flip Short,2026-06-29 15:30,1782761400000,29.43,321,9469.5,48,-41.39,-0.4366,151.03,1.5933,933.95,9.8529,18.92,2026-07-25T13:58:55.250Z
pyr25|MEXX|15m|1782222300000|1782761400000,pyr25,MEXX,AMEX:MEXX,15m,Swing 15m,LONG,Pyramid Add,2026-06-23 09:45,1782222300000,27.78,Flip Short,2026-06-29 15:30,1782761400000,29.43,80,2222.4,45,127.42,5.7279,175.38,7.8835,95.02,4.2714,4.58,2026-07-25T13:58:55.250Z
pyr25|MEXX|15m|1783518300000|1784727900000,pyr25,MEXX,AMEX:MEXX,15m,Swing 15m,LONG,Swing Low,2026-07-08 09:45,1783518300000,27.31,Flip Short,2026-07-22 09:45,1784727900000,29.99,350,9558.5,44,917.95,9.5938,928.44,9.7036,293.06,3.0629,20.05,2026-07-25T13:58:55.250Z
pyr25|EWO|15m|1759239900000|1759330800000,pyr25,EWO,AMEX:EWO,15m,Swing 15m,LONG,Swing Low,2025-09-30 09:45,1759239900000,30.98,Flip Short,2025-10-01 11:00,1759330800000,31.32,253,7837.94,6,70.26,0.8955,93.36,1.19,25.55,0.3256,15.76,2026-07-25T13:59:00.132Z
pyr25|EWO|15m|1760709600000|1761762600000,pyr25,EWO,AMEX:EWO,15m,Swing 15m,LONG,Swing Low,2025-10-17 10:00,1760709600000,30.5,Flip Short,2025-10-29 14:30,1761762600000,31,250,7625,29,109.63,1.4363,144.88,1.8981,40.13,0.5257,15.38,2026-07-25T13:59:00.132Z
pyr25|EWO|15m|1761918300000|1761922800000,pyr25,EWO,AMEX:EWO,15m,Swing 15m,LONG,Swing Low,2025-10-31 09:45,1761918300000,31.4,Flip Short,2025-10-31 11:00,1761922800000,31.37,255,8007,1,-23.66,-0.2952,0,0,15.66,0.1953,16.01,2026-07-25T13:59:00.132Z
pyr25|EWO|15m|1762180200000|1762181100000,pyr25,EWO,AMEX:EWO,15m,Swing 15m,LONG,Swing Low,2025-11-03 09:30,1762180200000,31.57,Flip Short,2025-11-03 09:45,1762181100000,31.6,274,8650.18,1,-9.09,-0.105,0,0,8.65,0.0999,17.31,2026-07-25T13:59:00.132Z
pyr25|EWO|15m|1763411400000|1764082800000,pyr25,EWO,AMEX:EWO,15m,Swing 15m,LONG,Swing Low,2025-11-17 15:30,1763411400000,31.18,Flip Short,2025-11-25 10:00,1764082800000,32.22,247,7701.46,40,241.22,3.129,249.18,3.2322,111.44,1.4456,15.66,2026-07-25T13:59:00.132Z
pyr25|EWO|15m|1767975300000|1768244400000,pyr25,EWO,AMEX:EWO,15m,Swing 15m,LONG,Swing Low,2026-01-09 11:15,1767975300000,35.85,Flip Short,2026-01-12 14:00,1768244400000,36.23,221,7922.85,14,68.05,0.8581,76.06,0.959,10.13,0.1278,15.93,2026-07-25T13:59:00.132Z
pyr25|EWO|15m|1768923000000|1769025600000,pyr25,EWO,AMEX:EWO,15m,Swing 15m,LONG,Swing Low,2026-01-20 10:30,1768923000000,35.79,Flip Short,2026-01-21 15:00,1769025600000,36.45,221,7909.59,21,129.89,1.6406,137.95,1.7423,34.43,0.4349,15.97,2026-07-25T13:59:00.132Z
pyr25|EWO|15m|1770327900000|1770649200000,pyr25,EWO,AMEX:EWO,15m,Swing 15m,LONG,Swing Low,2026-02-05 16:45,1770327900000,37.73,Flip Short,2026-02-09 10:00,1770649200000,38.97,213,8036.49,10,247.78,3.0801,256.08,3.1833,8.04,0.0999,16.34,2026-07-25T13:59:00.132Z
pyr25|EWO|15m|1770912900000|1771858800000,pyr25,EWO,AMEX:EWO,15m,Swing 15m,LONG,Swing Low,2026-02-12 11:15,1770912900000,38.3,Flip Short,2026-02-23 10:00,1771858800000,39.01,213,8157.9,54,134.76,1.6503,185.67,2.2737,110.4,1.3519,16.47,2026-07-25T13:59:00.132Z
pyr25|EWO|15m|1772119800000|1774448100000,pyr25,EWO,AMEX:EWO,15m,Swing 15m,LONG,Swing Low,2026-02-26 10:30,1772119800000,38.1,Flip Short,2026-03-25 10:15,1774448100000,35.3,219,8343.9,220,-629.27,-7.5342,74.88,0.8965,1015.74,12.1613,16.07,2026-07-25T13:59:00.132Z
pyr25|EWO|15m|1772549100000|1774448100000,pyr25,EWO,AMEX:EWO,15m,Swing 15m,LONG,Pyramid Add,2026-03-03 09:45,1772549100000,35.37,Flip Short,2026-03-25 10:15,1774448100000,35.3,54,1909.98,180,-7.6,-0.3973,85.57,4.4757,102.89,5.3816,3.82,2026-07-25T13:59:00.132Z
pyr25|EWO|15m|1774881900000|1775061000000,pyr25,EWO,AMEX:EWO,15m,Swing 15m,LONG,Swing Low,2026-03-30 10:45,1774881900000,34.31,Flip Short,2026-04-01 12:30,1775061000000,36.09,228,7822.68,14,389.79,4.9778,398.02,5.0829,19.22,0.2455,16.05,2026-07-25T13:59:00.132Z
pyr25|EWO|15m|1776966300000|1778179500000,pyr25,EWO,AMEX:EWO,15m,Swing 15m,LONG,Swing Low,2026-04-23 13:45,1776966300000,38.21,Flip Short,2026-05-07 14:45,1778179500000,39.65,212,8100.52,50,288.77,3.5613,407.42,5.0245,8.1,0.0999,16.51,2026-07-25T13:59:00.132Z
pyr25|EWO|15m|1779214500000|1779371100000,pyr25,EWO,AMEX:EWO,15m,Swing 15m,LONG,Swing Low,2026-05-19 14:15,1779214500000,38.83,Flip Short,2026-05-21 09:45,1779371100000,39.34,215,8348.45,10,92.84,1.111,163.65,1.9583,12.65,0.1514,16.81,2026-07-25T13:59:00.132Z
pyr25|EWO|15m|1780678800000|1781251200000,pyr25,EWO,AMEX:EWO,15m,Swing 15m,LONG,Swing Low,2026-06-05 13:00,1780678800000,40.24,Flip Short,2026-06-12 04:00,1781251200000,41.5,209,8410.16,37,246.26,2.9252,254.93,3.0282,129.63,1.5398,17.08,2026-07-25T13:59:00.132Z
pyr25|EWO|15m|1782225900000|1783001700000,pyr25,EWO,AMEX:EWO,15m,Swing 15m,LONG,Swing Low,2026-06-23 10:45,1782225900000,42.38,Flip Short,2026-07-02 10:15,1783001700000,42.63,203,8603.14,72,33.49,0.3889,50.27,0.5837,205.51,2.3864,17.26,2026-07-25T13:59:00.132Z
pyr25|EWO|15m|1783523700000|1784545200000,pyr25,EWO,AMEX:EWO,15m,Swing 15m,LONG,Swing Low,2026-07-08 11:15,1783523700000,41.62,Flip Short,2026-07-20 07:00,1784545200000,41.72,207,8615.34,90,3.45,0.04,864.92,10.0293,105.91,1.228,17.25,2026-07-25T13:59:00.132Z
pyr25|FAS|15m|1779805800000|1780065900000,pyr25,FAS,AMEX:FAS,15m,Swing 15m,LONG,Swing Low,2026-05-26 10:30,1779805800000,134.26,Flip Short,2026-05-29 10:45,1780065900000,131.47,56,7518.56,140,-171.12,-2.2737,81.52,1.0832,364.8,4.8471,14.88,2026-07-25T13:59:05.182Z
pyr25|FAS|15m|1780326000000|1780425900000,pyr25,FAS,AMEX:FAS,15m,Swing 15m,LONG,Swing Low,2026-06-01 11:00,1780326000000,129.23,Flip Short,2026-06-02 14:45,1780425900000,132.19,57,7366.11,57,153.82,2.0861,179.02,2.4279,113.39,1.5378,14.9,2026-07-25T13:59:05.182Z
pyr25|FAS|15m|1780494300000|1780572600000,pyr25,FAS,AMEX:FAS,15m,Swing 15m,LONG,Swing Low,2026-06-03 09:45,1780494300000,127.42,Flip Short,2026-06-04 07:30,1780572600000,129.78,59,7517.78,41,124.07,1.6486,131.72,1.7504,218.15,2.8989,15.17,2026-07-25T13:59:05.182Z
pyr25|FAS|15m|1780938900000|1781012700000,pyr25,FAS,AMEX:FAS,15m,Swing 15m,LONG,Swing Low,2026-06-08 13:15,1780938900000,135.02,Flip Short,2026-06-09 09:45,1781012700000,138.78,56,7561.12,27,195.23,2.5794,215.88,2.8523,64.68,0.8546,15.33,2026-07-25T13:59:05.182Z
pyr25|FAS|15m|1781122500000|1781199900000,pyr25,FAS,AMEX:FAS,15m,Swing 15m,LONG,Swing Low,2026-06-10 16:15,1781122500000,135.89,Flip Short,2026-06-11 13:45,1781199900000,139.91,57,7745.73,34,213.42,2.7526,237.92,3.0686,68.17,0.8792,15.72,2026-07-25T13:59:05.182Z
pyr25|FAS|15m|1781723700000|1782233100000,pyr25,FAS,AMEX:FAS,15m,Swing 15m,LONG,Swing Low,2026-06-17 15:15,1781723700000,151.71,Flip Short,2026-06-23 12:45,1782233100000,150.58,52,7888.92,128,-74.48,-0.9432,163.19,2.0665,336.01,4.255,15.72,2026-07-25T13:59:05.182Z
pyr25|FAS|15m|1782408600000|1782741600000,pyr25,FAS,AMEX:FAS,15m,Swing 15m,LONG,Swing Low,2026-06-25 13:30,1782408600000,147.55,Flip Short,2026-06-29 10:00,1782741600000,149.26,53,7820.15,67,74.9,0.9568,127.86,1.6334,190.14,2.429,15.73,2026-07-25T13:59:05.182Z
pyr25|FAS|15m|1782827100000|1782913500000,pyr25,FAS,AMEX:FAS,15m,Swing 15m,LONG,Swing Low,2026-06-30 09:45,1782827100000,146.69,Flip Short,2026-07-01 09:45,1782913500000,150.43,54,7921.26,40,185.92,2.3447,194.04,2.4471,17.64,0.2225,16.04,2026-07-25T13:59:05.182Z
pyr25|FAS|15m|1783455300000|1783614600000,pyr25,FAS,AMEX:FAS,15m,Swing 15m,LONG,Swing Low,2026-07-07 16:15,1783455300000,167.39,Flip Short,2026-07-09 12:30,1783614600000,163.59,48,8034.72,83,-198.29,-2.4654,8.77,0.109,473.15,5.883,15.89,2026-07-25T13:59:05.182Z
pyr25|FAS|15m|1784295900000|1784296800000,pyr25,FAS,AMEX:FAS,15m,Swing 15m,LONG,Swing Low,2026-07-17 09:45,1784295900000,172.56,Flip Short,2026-07-17 10:00,1784296800000,173.11,46,7937.76,1,9.4,0.1183,95.1,1.1969,8.4,0.1057,15.9,2026-07-25T13:59:05.182Z
pyr25|FAS|15m|1784313000000|1784905200000,pyr25,FAS,AMEX:FAS,15m,Swing 15m,LONG,Swing Low,2026-07-17 14:30,1784313000000,168.42,Flip Short,2026-07-24 11:00,1784905200000,167.1,47,7915.74,171,-77.81,-0.982,75.74,0.9559,337.39,4.258,15.77,2026-07-25T13:59:05.182Z
pyr25|WTAI|15m|1777379400000|1777469400000,pyr25,WTAI,CBOE:WTAI,15m,Swing 15m,LONG,Swing Low,2026-04-28 08:30,1777379400000,34.61,Flip Short,2026-04-29 09:30,1777469400000,34.73,217,7510.37,26,10.99,0.1462,270.25,3.5948,111.67,1.4854,15.05,2026-07-25T13:59:10.142Z
pyr25|WTAI|15m|1778593500000|1778689800000,pyr25,WTAI,CBOE:WTAI,15m,Swing 15m,LONG,Swing Low,2026-05-12 09:45,1778593500000,40.46,Flip Short,2026-05-13 12:30,1778689800000,41.13,187,7566.02,42,110.03,1.4528,130.81,1.7272,299.29,3.9517,15.26,2026-07-25T13:59:10.142Z
pyr25|WTAI|15m|1778841000000|1779284700000,pyr25,WTAI,CBOE:WTAI,15m,Swing 15m,LONG,Swing Low,2026-05-15 06:30,1778841000000,41.38,Flip Short,2026-05-20 09:45,1779284700000,40,189,7820.82,93,-276.2,-3.5281,33.76,0.4312,574.82,7.3425,15.38,2026-07-25T13:59:10.142Z
pyr25|WTAI|15m|1779198300000|1779284700000,pyr25,WTAI,CBOE:WTAI,15m,Swing 15m,LONG,Pyramid Add,2026-05-19 09:45,1779198300000,39.09,Flip Short,2026-05-20 09:45,1779284700000,40,47,1837.23,29,39.05,2.1235,40.93,2.2257,35.21,1.9144,3.72,2026-07-25T13:59:10.142Z
pyr25|WTAI|15m|1780495200000|1781000100000,pyr25,WTAI,CBOE:WTAI,15m,Swing 15m,LONG,Swing Low,2026-06-03 10:00,1780495200000,46.18,Flip Short,2026-06-09 06:15,1781000100000,43.62,162,7481.16,124,-429.27,-5.7322,101.06,1.3495,752.68,10.051,14.55,2026-07-25T13:59:10.142Z
pyr25|WTAI|15m|1780668000000|1781000100000,pyr25,WTAI,CBOE:WTAI,15m,Swing 15m,LONG,Pyramid Add,2026-06-05 10:00,1780668000000,43.4,Flip Short,2026-06-09 06:15,1781000100000,43.62,40,1736,57,5.32,0.3061,25.06,1.4423,74.54,4.2893,3.48,2026-07-25T13:59:10.142Z
pyr25|WTAI|15m|1781020800000|1781199900000,pyr25,WTAI,CBOE:WTAI,15m,Swing 15m,LONG,Swing Low,2026-06-09 12:00,1781020800000,41.56,Flip Short,2026-06-11 13:45,1781199900000,43.23,173,7189.88,68,274.24,3.8105,281.72,3.9144,213.06,2.9604,14.67,2026-07-25T13:59:10.142Z
pyr25|WTAI|15m|1781638200000|1781790300000,pyr25,WTAI,CBOE:WTAI,15m,Swing 15m,LONG,Swing Low,2026-06-16 15:30,1781638200000,45.35,Flip Short,2026-06-18 09:45,1781790300000,46.59,163,7392.05,38,187.13,2.529,230.59,3.1163,87.26,1.1793,14.99,2026-07-25T13:59:10.142Z
pyr25|WTAI|15m|1782212400000|1782340200000,pyr25,WTAI,CBOE:WTAI,15m,Swing 15m,LONG,Swing Low,2026-06-23 07:00,1782212400000,45.98,Flip Short,2026-06-24 18:30,1782340200000,46.19,160,7356.8,70,18.85,0.256,394.24,5.3535,343.36,4.6625,14.75,2026-07-25T13:59:10.142Z
pyr25|WTAI|15m|1782741600000|1782827100000,pyr25,WTAI,CBOE:WTAI,15m,Swing 15m,LONG,Swing Low,2026-06-29 10:00,1782741600000,44.02,Flip Short,2026-06-30 09:45,1782827100000,46.41,171,7527.42,27,393.23,5.2187,401.16,5.324,132.36,1.7566,15.46,2026-07-25T13:59:10.142Z
pyr25|WTAI|15m|1782999900000|1783539000000,pyr25,WTAI,CBOE:WTAI,15m,Swing 15m,LONG,Swing Low,2026-07-02 09:45,1782999900000,44.65,Flip Short,2026-07-08 15:30,1783539000000,42.38,176,7858.4,105,-414.84,-5.2736,78.38,0.9964,637.94,8.1098,15.32,2026-07-25T13:59:10.142Z
pyr25|WTAI|15m|1783431900000|1783539000000,pyr25,WTAI,CBOE:WTAI,15m,Swing 15m,LONG,Pyramid Add,2026-07-07 09:45,1783431900000,42.4,Flip Short,2026-07-08 15:30,1783539000000,42.38,44,1865.6,51,-4.61,-0.2469,0,0,60.39,3.2336,3.73,2026-07-25T13:59:10.142Z
pyr25|WTAI|15m|1783948500000|1784123100000,pyr25,WTAI,CBOE:WTAI,15m,Swing 15m,LONG,Swing Low,2026-07-13 09:15,1783948500000,42.43,Flip Short,2026-07-15 09:45,1784123100000,42.48,176,7467.68,60,-6.14,-0.0822,143.89,1.9249,179.95,2.4073,14.94,2026-07-25T13:59:10.142Z
pyr25|WTAI|15m|1784126700000|1784555100000,pyr25,WTAI,CBOE:WTAI,15m,Swing 15m,LONG,Swing Low,2026-07-15 10:45,1784126700000,41.62,Flip Short,2026-07-20 09:45,1784555100000,40.65,181,7533.22,88,-190.46,-2.5258,61.25,0.8122,682.66,9.053,14.89,2026-07-25T13:59:10.142Z
pyr25|WTAI|15m|1784286000000|1784555100000,pyr25,WTAI,CBOE:WTAI,15m,Swing 15m,LONG,Pyramid Add,2026-07-17 07:00,1784286000000,39,Flip Short,2026-07-20 09:45,1784555100000,40.65,45,1755,33,70.67,4.0225,72.5,4.1266,51.7,2.9432,3.58,2026-07-25T13:59:10.142Z
pyr25|DUSL|15m|1765374300000|1766426400000,pyr25,DUSL,AMEX:DUSL,15m,Swing 15m,LONG,Swing Low,2025-12-10 08:45,1765374300000,66,Flip Short,2025-12-22 13:00,1766426400000,70.11,116,7656,109,460.97,6.015,648.9,8.4673,120.18,1.5681,15.79,2026-07-25T13:59:15.074Z
pyr25|DUSL|15m|1767024900000|1767385800000,pyr25,DUSL,AMEX:DUSL,15m,Swing 15m,LONG,Swing Low,2025-12-29 11:15,1767024900000,69.44,Flip Short,2026-01-02 15:30,1767385800000,71,114,7916.16,34,161.83,2.0423,169.92,2.1444,233.64,2.9484,16.01,2026-07-25T13:59:15.074Z
pyr25|DUSL|15m|1767818700000|1768250700000,pyr25,DUSL,AMEX:DUSL,15m,Swing 15m,LONG,Swing Low,2026-01-07 15:45,1767818700000,72.35,Flip Short,2026-01-12 15:45,1768250700000,77.87,111,8030.85,36,596.05,7.4145,604.69,7.5221,28.01,0.3484,16.67,2026-07-25T13:59:15.074Z
pyr25|DUSL|15m|1768941000000|1769697900000,pyr25,DUSL,AMEX:DUSL,15m,Swing 15m,LONG,Swing Low,2026-01-20 15:30,1768941000000,78.17,Flip Short,2026-01-29 09:45,1769697900000,81.82,109,8520.53,84,380.41,4.4602,524.49,6.1494,70.65,0.8284,17.44,2026-07-25T13:59:15.074Z
pyr25|DUSL|15m|1770381900000|1770389100000,pyr25,DUSL,AMEX:DUSL,15m,Swing 15m,LONG,Swing Low,2026-02-06 07:45,1770381900000,84.92,Flip Short,2026-02-06 09:45,1770389100000,88.72,109,9256.28,2,395.27,4.2661,480.15,5.1821,9.26,0.0999,18.93,2026-07-25T13:59:15.074Z
pyr25|DUSL|15m|1770915600000|1771509600000,pyr25,DUSL,AMEX:DUSL,15m,Swing 15m,LONG,Swing Low,2026-02-12 12:00,1770915600000,92,Flip Short,2026-02-19 09:00,1771509600000,94.7,98,9016,46,246.3,2.7291,434.92,4.8191,252.06,2.7929,18.3,2026-07-25T13:59:15.074Z
pyr25|DUSL|15m|1771871400000|1772023500000,pyr25,DUSL,AMEX:DUSL,15m,Swing 15m,LONG,Swing Low,2026-02-23 13:30,1771871400000,94.43,Flip Short,2026-02-25 07:45,1772023500000,99.63,99,9348.57,21,495.59,5.2959,505.45,5.4013,86.57,0.9251,19.21,2026-07-25T13:59:15.074Z
pyr25|DUSL|15m|1772549100000|1773165600000,pyr25,DUSL,AMEX:DUSL,15m,Swing 15m,LONG,Swing Low,2026-03-03 09:45,1772549100000,92.62,Flip Short,2026-03-10 14:00,1773165600000,88,103,9539.86,109,-494.46,-5.178,379.8,3.9772,1288.8,13.4961,18.6,2026-07-25T13:59:15.074Z
pyr25|DUSL|15m|1772734500000|1773165600000,pyr25,DUSL,AMEX:DUSL,15m,Swing 15m,LONG,Pyramid Add,2026-03-05 13:15,1772734500000,87.06,Flip Short,2026-03-10 14:00,1773165600000,88,25,2176.5,64,19.12,0.8778,64.07,2.9409,173.68,7.9717,4.38,2026-07-25T13:59:15.074Z
pyr25|DUSL|15m|1773327600000|1774446300000,pyr25,DUSL,AMEX:DUSL,15m,Swing 15m,LONG,Swing Low,2026-03-12 11:00,1773327600000,80.05,Flip Short,2026-03-25 09:45,1774446300000,78.92,116,9285.8,90,-149.52,-1.6086,132.23,1.4226,986.01,10.6078,18.44,2026-07-25T13:59:15.074Z
pyr25|DUSL|15m|1773927900000|1774446300000,pyr25,DUSL,AMEX:DUSL,15m,Swing 15m,LONG,Pyramid Add,2026-03-19 09:45,1773927900000,74.92,Flip Short,2026-03-25 09:45,1774446300000,78.92,29,2172.68,47,111.54,5.1286,146.02,6.7139,97.58,4.4869,4.46,2026-07-25T13:59:15.074Z
pyr25|DUSL|15m|1774620000000|1775050200000,pyr25,DUSL,AMEX:DUSL,15m,Swing 15m,LONG,Swing Low,2026-03-27 10:00,1774620000000,71.79,Flip Short,2026-04-01 09:30,1775050200000,75.46,130,9332.7,36,457.96,4.9021,706.97,7.5676,749.03,8.0179,19.14,2026-07-25T13:59:15.074Z
pyr25|DUSL|15m|1774893600000|1775050200000,pyr25,DUSL,AMEX:DUSL,15m,Swing 15m,LONG,Pyramid Add,2026-03-30 14:00,1774893600000,67.43,Flip Short,2026-04-01 09:30,1775050200000,75.46,32,2157.76,20,252.39,11.6851,313.68,14.5229,44.72,2.0703,4.57,2026-07-25T13:59:15.074Z
pyr25|DUSL|15m|1776269700000|1776436200000,pyr25,DUSL,AMEX:DUSL,15m,Swing 15m,LONG,Swing Low,2026-04-15 12:15,1776269700000,84.53,Flip Short,2026-04-17 10:30,1776436200000,91.34,115,9720.95,24,762.92,7.8404,773.43,7.9484,9.72,0.0999,20.23,2026-07-25T13:59:15.074Z
pyr25|DUSL|15m|1777384800000|1777637700000,pyr25,DUSL,AMEX:DUSL,15m,Swing 15m,LONG,Swing Low,2026-04-28 10:00,1777384800000,84.1,Flip Short,2026-05-01 08:15,1777637700000,91.19,122,10260.2,22,843.59,8.2138,854.72,8.3221,303.06,2.9508,21.39,2026-07-25T13:59:15.074Z
pyr25|DUSL|15m|1778500800000|1779471000000,pyr25,DUSL,AMEX:DUSL,15m,Swing 15m,LONG,Swing Low,2026-05-11 08:00,1778500800000,88.14,Flip Short,2026-05-22 13:30,1779471000000,86.01,126,11105.64,82,-290.32,-2.6116,290.03,2.609,1021.63,9.19,21.94,2026-07-25T13:59:15.074Z
pyr25|DUSL|15m|1779122700000|1779471000000,pyr25,DUSL,AMEX:DUSL,15m,Swing 15m,LONG,Pyramid Add,2026-05-18 12:45,1779122700000,82.6,Flip Short,2026-05-22 13:30,1779471000000,86.01,31,2560.6,38,100.48,3.9203,103.15,4.0243,79.44,3.0993,5.23,2026-07-25T13:59:15.074Z
pyr25|DUSL|15m|1780326000000|1780499700000,pyr25,DUSL,AMEX:DUSL,15m,Swing 15m,LONG,Swing Low,2026-06-01 11:00,1780326000000,83.24,Flip Short,2026-06-03 11:15,1780499700000,90.75,131,10904.44,18,961.02,8.8043,1005.66,9.2132,10.9,0.0999,22.79,2026-07-25T13:59:15.074Z
pyr25|DUSL|15m|1781021700000|1781521200000,pyr25,DUSL,AMEX:DUSL,15m,Swing 15m,LONG,Swing Low,2026-06-09 12:15,1781021700000,85.1,Flip Short,2026-06-15 07:00,1781521200000,92.4,134,11403.4,44,954.41,8.3612,1218.72,10.6766,515.24,4.5138,23.79,2026-07-25T13:59:15.074Z
pyr25|DUSL|15m|1782227700000|1782395100000,pyr25,DUSL,AMEX:DUSL,15m,Swing 15m,LONG,Swing Low,2026-06-23 11:15,1782227700000,95.01,Flip Short,2026-06-25 09:45,1782395100000,102.17,133,12636.33,19,926.06,7.3212,1063.33,8.4065,213.47,1.6876,26.22,2026-07-25T13:59:15.074Z
pyr25|DUSL|15m|1783433700000|1784814300000,pyr25,DUSL,AMEX:DUSL,15m,Swing 15m,LONG,Swing Low,2026-07-07 10:15,1783433700000,97.75,Flip Short,2026-07-23 09:45,1784814300000,99.62,131,12805.25,103,219.11,1.7094,234.78,1.8317,792.26,6.1808,25.86,2026-07-25T13:59:15.074Z
pyr25|DUSL|15m|1784576700000|1784814300000,pyr25,DUSL,AMEX:DUSL,15m,Swing 15m,LONG,Pyramid Add,2026-07-20 15:45,1784576700000,92.3,Flip Short,2026-07-23 09:45,1784814300000,99.62,32,2953.6,15,228.1,7.715,231.29,7.8228,18.31,0.6194,6.14,2026-07-25T13:59:15.074Z
pyr25|EDC|15m|1775133900000|1775599200000,pyr25,EDC,AMEX:EDC,15m,Swing 15m,LONG,Swing Low,2026-04-02 08:45,1775133900000,52.8,Flip Short,2026-04-07 18:00,1775599200000,57.76,146,7708.8,54,708.02,9.1754,716.45,9.2847,124.51,1.6135,16.14,2026-07-25T13:59:20.130Z
pyr25|EDC|15m|1776783600000|1777031100000,pyr25,EDC,AMEX:EDC,15m,Swing 15m,LONG,Swing Low,2026-04-21 11:00,1776783600000,74.28,Flip Short,2026-04-24 07:45,1777031100000,76.1,109,8096.52,57,181.99,2.2455,233.88,2.8858,435.38,5.372,16.39,2026-07-25T13:59:20.130Z
pyr25|EDC|15m|1777388400000|1777575600000,pyr25,EDC,AMEX:EDC,15m,Swing 15m,LONG,Swing Low,2026-04-28 11:00,1777388400000,73.85,Flip Short,2026-04-30 15:00,1777575600000,77.5,112,8271.2,39,391.85,4.7328,400.53,4.8376,113.55,1.3715,16.95,2026-07-25T13:59:20.130Z
pyr25|EDC|15m|1778573700000|1778687100000,pyr25,EDC,AMEX:EDC,15m,Swing 15m,LONG,Swing Low,2026-05-12 04:15,1778573700000,86.32,Flip Short,2026-05-13 11:45,1778687100000,89.16,98,8459.36,49,261.12,3.0837,309.06,3.6498,556.28,6.5693,17.2,2026-07-25T13:59:20.130Z
pyr25|EDC|15m|1778604300000|1778687100000,pyr25,EDC,AMEX:EDC,15m,Swing 15m,LONG,Pyramid Add,2026-05-12 12:45,1778604300000,81,Flip Short,2026-05-13 11:45,1778687100000,89.16,24,1944,28,191.76,9.8541,203.5,10.4574,8.42,0.4329,4.08,2026-07-25T13:59:20.130Z
pyr25|EDC|15m|1778836500000|1779288300000,pyr25,EDC,AMEX:EDC,15m,Swing 15m,LONG,Swing Low,2026-05-15 05:15,1778836500000,80.86,Flip Short,2026-05-20 10:45,1779288300000,80.88,106,8571.16,90,-15.02,-0.1751,299.89,3.4953,644.57,7.5127,17.14,2026-07-25T13:59:20.130Z
pyr25|EDC|15m|1779196500000|1779288300000,pyr25,EDC,AMEX:EDC,15m,Swing 15m,LONG,Pyramid Add,2026-05-19 09:15,1779196500000,75.68,Flip Short,2026-05-20 10:45,1779288300000,80.88,26,1967.68,32,131.13,6.6575,133.23,6.7643,23.29,1.1823,4.07,2026-07-25T13:59:20.130Z
pyr25|EDC|15m|1779975000000|1780306200000,pyr25,EDC,AMEX:EDC,15m,Swing 15m,LONG,Swing Low,2026-05-28 09:30,1779975000000,89.74,Flip Short,2026-06-01 05:30,1780306200000,98.28,101,9063.74,45,843.55,9.2976,853.48,9.407,76.73,0.8458,18.99,2026-07-25T13:59:20.130Z
pyr25|EDC|15m|1780570800000|1781199900000,pyr25,EDC,AMEX:EDC,15m,Swing 15m,LONG,Swing Low,2026-06-04 07:00,1780570800000,92.21,Flip Short,2026-06-11 13:45,1781199900000,84.4,102,9405.42,129,-814.63,-8.6527,370.03,3.9303,1779.11,18.8969,18.01,2026-07-25T13:59:20.130Z
pyr25|EDC|15m|1780665300000|1781199900000,pyr25,EDC,AMEX:EDC,15m,Swing 15m,LONG,Pyramid Add,2026-06-05 09:15,1780665300000,85.8,Flip Short,2026-06-11 13:45,1781199900000,84.4,25,2145,102,-39.26,-1.8282,21.61,1.0062,275.64,12.8377,4.25,2026-07-25T13:59:20.130Z
pyr25|EDC|15m|1781730900000|1781788500000,pyr25,EDC,AMEX:EDC,15m,Swing 15m,LONG,Swing Low,2026-06-17 17:15,1781730900000,91.68,Flip Short,2026-06-18 09:15,1781788500000,97.98,98,8984.64,6,598.81,6.6582,608.42,6.765,8.98,0.0999,18.59,2026-07-25T13:59:20.130Z
pyr25|EDC|15m|1782212400000|1782394200000,pyr25,EDC,AMEX:EDC,15m,Swing 15m,LONG,Swing Low,2026-06-23 07:00,1782212400000,88.12,Flip Short,2026-06-25 09:30,1782394200000,91,108,9516.96,52,291.7,3.0619,301.52,3.1651,616.48,6.4712,19.34,2026-07-25T13:59:20.130Z
pyr25|EDC|15m|1782324900000|1782394200000,pyr25,EDC,AMEX:EDC,15m,Swing 15m,LONG,Pyramid Add,2026-06-24 14:15,1782324900000,82.78,Flip Short,2026-06-25 09:30,1782394200000,91,27,2235.06,9,217.25,9.7103,219.7,9.8201,2.24,0.0999,4.69,2026-07-25T13:59:20.130Z
pyr25|EDC|15m|1782472500000|1782837900000,pyr25,EDC,AMEX:EDC,15m,Swing 15m,LONG,Swing Low,2026-06-26 07:15,1782472500000,82.08,Flip Short,2026-06-30 12:45,1782837900000,88.56,120,9849.6,40,757.12,7.6792,767.75,7.7869,266.65,2.7045,20.48,2026-07-25T13:59:20.130Z
pyr25|EDC|15m|1782936900000|1783346400000,pyr25,EDC,AMEX:EDC,15m,Swing 15m,LONG,Swing Low,2026-07-01 16:15,1782936900000,81.1,Flip Short,2026-07-06 10:00,1783346400000,84.99,127,10299.7,38,472.94,4.5872,483.73,4.6919,759.6,7.3676,21.09,2026-07-25T13:59:20.130Z
pyr25|EDC|15m|1783014300000|1783346400000,pyr25,EDC,AMEX:EDC,15m,Swing 15m,LONG,Pyramid Add,2026-07-02 13:45,1783014300000,75.75,Flip Short,2026-07-06 10:00,1783346400000,84.99,31,2348.25,13,281.46,11.9738,284.09,12.0859,19.4,0.8252,4.98,2026-07-25T13:59:20.130Z
pyr25|EDC|15m|1783499400000|1783602000000,pyr25,EDC,AMEX:EDC,15m,Swing 15m,LONG,Swing Low,2026-07-08 04:30,1783499400000,75,Flip Short,2026-07-09 09:00,1783602000000,81,143,10725,29,835.69,7.7842,847.27,7.8921,193.76,1.8049,22.31,2026-07-25T13:59:20.130Z
pyr25|EDC|15m|1783933200000|1784043900000,pyr25,EDC,AMEX:EDC,15m,Swing 15m,LONG,Swing Low,2026-07-13 05:00,1783933200000,76,Flip Short,2026-07-14 11:45,1784043900000,76.76,153,11628,48,92.91,0.7982,202.57,1.7404,449.21,3.8593,23.37,2026-07-25T13:59:20.130Z
pyr25|EDC|15m|1784202300000|1784631600000,pyr25,EDC,AMEX:EDC,15m,Swing 15m,LONG,Swing Low,2026-07-16 07:45,1784202300000,73.28,Flip Short,2026-07-21 07:00,1784631600000,75.4,160,11724.8,82,315.41,2.6874,327.48,2.7902,1379.72,11.7558,23.79,2026-07-25T13:59:20.130Z
pyr25|EDC|15m|1784286900000|1784631600000,pyr25,EDC,AMEX:EDC,15m,Swing 15m,LONG,Pyramid Add,2026-07-17 07:15,1784286900000,66.7,Flip Short,2026-07-21 07:00,1784631600000,75.4,40,2668,56,342.32,12.8176,345.33,12.9305,81.47,3.0505,5.68,2026-07-25T13:59:20.130Z
pyr25|URTY|15m|1779966000000|1779982200000,pyr25,URTY,AMEX:URTY,15m,Swing 15m,LONG,Swing Low,2026-05-28 07:00,1779966000000,79.05,Flip Short,2026-05-28 11:30,1779982200000,81.34,96,7588.8,15,204.44,2.6913,227.61,2.9963,89.19,1.1741,15.4,2026-07-25T13:59:30.024Z
pyr25|URTY|15m|1780319700000|1780407900000,pyr25,URTY,AMEX:URTY,15m,Swing 15m,LONG,Swing Low,2026-06-01 09:15,1780319700000,78.85,Flip Short,2026-06-02 09:45,1780407900000,80.15,98,7727.3,51,111.82,1.4456,178.47,2.3073,218.43,2.8239,15.58,2026-07-25T13:59:30.024Z
pyr25|URTY|15m|1780494300000|1780582500000,pyr25,URTY,AMEX:URTY,15m,Swing 15m,LONG,Swing Low,2026-06-03 09:45,1780494300000,78.03,Flip Short,2026-06-04 10:15,1780582500000,79.49,100,7803,51,130.25,1.6675,145.2,1.8589,114.8,1.4698,15.75,2026-07-25T13:59:30.024Z
pyr25|URTY|15m|1780668000000|1780931700000,pyr25,URTY,AMEX:URTY,15m,Swing 15m,LONG,Swing Low,2026-06-05 10:00,1780668000000,76.14,Flip Short,2026-06-08 11:15,1780931700000,76.37,104,7918.56,57,8.06,0.1017,164.72,2.0781,549.76,6.9357,15.86,2026-07-25T13:59:30.024Z
pyr25|URTY|15m|1780687800000|1780931700000,pyr25,URTY,AMEX:URTY,15m,Swing 15m,LONG,Pyramid Add,2026-06-05 15:30,1780687800000,72.27,Flip Short,2026-06-08 11:15,1780931700000,76.37,26,1879.02,35,102.74,5.462,107.32,5.7058,36.72,1.9522,3.86,2026-07-25T13:59:30.024Z
pyr25|URTY|15m|1781019000000|1781099100000,pyr25,URTY,AMEX:URTY,15m,Swing 15m,LONG,Swing Low,2026-06-09 11:30,1781019000000,72.75,Flip Short,2026-06-10 09:45,1781099100000,77.4,110,8002.5,47,494.98,6.1792,503.5,6.2855,380.9,4.755,16.52,2026-07-25T13:59:30.024Z
pyr25|URTY|15m|1781131500000|1781199000000,pyr25,URTY,AMEX:URTY,15m,Swing 15m,LONG,Swing Low,2026-06-10 18:45,1781131500000,71.57,Flip Short,2026-06-11 13:30,1781199000000,77.64,117,8373.69,35,692.73,8.2645,701.82,8.3728,91.44,1.0909,17.46,2026-07-25T13:59:30.024Z
pyr25|URTY|15m|1781620200000|1781711100000,pyr25,URTY,AMEX:URTY,15m,Swing 15m,LONG,Swing Low,2026-06-16 10:30,1781620200000,82.4,Flip Short,2026-06-17 11:45,1781711100000,83.5,108,8899.2,50,100.88,1.1325,109.9,1.2337,210.86,2.3671,17.92,2026-07-25T13:59:30.024Z
pyr25|URTY|15m|1781720100000|1781812800000,pyr25,URTY,AMEX:URTY,15m,Swing 15m,LONG,Swing Low,2026-06-17 14:15,1781720100000,81.55,Flip Short,2026-06-18 16:00,1781812800000,83.66,110,8970.5,64,213.93,2.3824,251.73,2.8034,365.37,4.069,18.17,2026-07-25T13:59:30.024Z
pyr25|URTY|15m|1782203400000|1782312300000,pyr25,URTY,AMEX:URTY,15m,Swing 15m,LONG,Swing Low,2026-06-23 04:30,1782203400000,81.55,Flip Short,2026-06-24 10:45,1782312300000,85.35,111,9052.05,70,403.27,4.4506,440.5,4.8614,84.53,0.9329,18.53,2026-07-25T13:59:30.024Z
pyr25|URTY|15m|1782467100000|1782488700000,pyr25,URTY,AMEX:URTY,15m,Swing 15m,LONG,Swing Low,2026-06-26 05:45,1782467100000,84.45,Flip Short,2026-06-26 11:45,1782488700000,86.8,112,9458.4,23,244.02,2.5774,278.38,2.9403,123.7,1.3065,19.18,2026-07-25T13:59:30.024Z
pyr25|URTY|15m|1782742500000|1782828900000,pyr25,URTY,AMEX:URTY,15m,Swing 15m,LONG,Swing Low,2026-06-29 10:15,1782742500000,82.58,Flip Short,2026-06-30 10:15,1782828900000,86.76,116,9579.28,40,465.24,4.8518,482.26,5.0294,16.54,0.1725,19.64,2026-07-25T13:59:30.024Z
pyr25|URTY|15m|1782936900000|1783603800000,pyr25,URTY,AMEX:URTY,15m,Swing 15m,LONG,Swing Low,2026-07-01 16:15,1782936900000,86.08,Flip Short,2026-07-09 09:30,1783603800000,82.7,116,9985.28,204,-411.66,-4.1185,310.17,3.1032,837.07,8.3746,19.58,2026-07-25T13:59:30.024Z
pyr25|URTY|15m|1783500300000|1783603800000,pyr25,URTY,AMEX:URTY,15m,Swing 15m,LONG,Pyramid Add,2026-07-08 04:45,1783500300000,80.15,Flip Short,2026-07-09 09:30,1783603800000,82.7,29,2324.35,65,69.23,2.9754,71.92,3.0909,37.12,1.5956,4.72,2026-07-25T13:59:30.024Z
pyr25|URTY|15m|1783694700000|1784033100000,pyr25,URTY,AMEX:URTY,15m,Swing 15m,LONG,Swing Low,2026-07-10 10:45,1783694700000,82.99,Flip Short,2026-07-14 08:45,1784033100000,83.64,117,9709.83,77,56.55,0.5819,319.06,3.2827,336.14,3.4584,19.5,2026-07-25T13:59:30.024Z
pyr25|URTY|15m|1784203200000|1784211300000,pyr25,URTY,AMEX:URTY,15m,Swing 15m,LONG,Swing Low,2026-07-16 08:00,1784203200000,82.19,Flip Short,2026-07-16 10:15,1784211300000,84.52,120,9862.8,8,259.59,2.6294,282.94,2.8659,72.26,0.7319,20.01,2026-07-25T13:59:30.024Z
pyr25|URTY|15m|1784276100000|1784547900000,pyr25,URTY,AMEX:URTY,15m,Swing 15m,LONG,Swing Low,2026-07-17 04:15,1784276100000,80.89,Flip Short,2026-07-20 07:45,1784547900000,82.99,123,9949.47,47,238.14,2.3911,301.24,3.0247,180.92,1.8166,20.16,2026-07-25T13:59:30.024Z
pyr25|URTY|15m|1784575800000|1784653200000,pyr25,URTY,AMEX:URTY,15m,Swing 15m,LONG,Swing Low,2026-07-20 15:30,1784575800000,80.54,Flip Short,2026-07-21 13:00,1784653200000,83.27,126,10148.04,29,323.34,3.183,333.83,3.2863,117.25,1.1542,20.64,2026-07-25T13:59:30.024Z
pyr25|URTY|15m|1784744100000|1784907000000,pyr25,URTY,AMEX:URTY,15m,Swing 15m,LONG,Swing Low,2026-07-22 14:15,1784744100000,81.28,Flip Short,2026-07-24 11:30,1784907000000,80.85,128,10403.84,81,-75.79,-0.7278,26.72,0.2565,416.16,3.9961,20.75,2026-07-25T13:59:30.024Z
pyr25|USLV|15m|1726830000000|1727870400000,pyr25,USLV,LSE:USLV,15m,Swing 15m,LONG,Swing Low,2024-09-20 07:00,1726830000000,59.57,Flip Short,2024-10-02 08:00,1727870400000,59.82,128,7624.96,40,16.72,0.219,52.54,0.6883,67.78,0.8881,15.28,2026-07-25T13:59:34.904Z
pyr25|USLV|15m|1730720700000|1730891700000,pyr25,USLV,LSE:USLV,15m,Swing 15m,LONG,Swing Low,2024-11-04 06:45,1730720700000,60.93,Flip Short,2024-11-06 06:15,1730891700000,63.2,125,7616.25,6,268.23,3.5183,276.13,3.622,46.37,0.6082,15.52,2026-07-25T13:59:34.904Z
pyr25|USLV|15m|1733492700000|1736413200000,pyr25,USLV,LSE:USLV,15m,Swing 15m,LONG,Swing Low,2024-12-06 08:45,1733492700000,63.98,Flip Short,2025-01-09 04:00,1736413200000,63.1,122,7805.56,60,-122.86,-1.5725,16.59,0.2124,309.15,3.9566,15.5,2026-07-25T13:59:34.904Z
pyr25|USLV|15m|1741266900000|1743064200000,pyr25,USLV,LSE:USLV,15m,Swing 15m,LONG,Swing Low,2025-03-06 08:15,1741266900000,63.74,Flip Short,2025-03-27 04:30,1743064200000,64.06,121,7712.54,65,23.26,0.3012,64.89,0.8405,213.41,2.7643,15.46,2026-07-25T13:59:34.904Z
pyr25|USLV|15m|1743669000000|1746692100000,pyr25,USLV,LSE:USLV,15m,Swing 15m,LONG,Swing Low,2025-04-03 04:30,1743669000000,62.62,Flip Short,2025-05-08 04:15,1746692100000,61.69,123,7702.26,115,-129.68,-1.682,116.53,1.5114,572.27,7.4225,15.29,2026-07-25T13:59:34.904Z
pyr25|USLV|15m|1744010100000|1746692100000,pyr25,USLV,LSE:USLV,15m,Swing 15m,LONG,Pyramid Add,2025-04-07 03:15,1744010100000,59.58,Flip Short,2025-05-08 04:15,1746692100000,61.69,30,1787.4,101,59.66,3.3346,63.91,3.5722,32.39,1.8102,3.64,2026-07-25T13:59:34.904Z
pyr25|USLV|15m|1748000700000|1751460300000,pyr25,USLV,LSE:USLV,15m,Swing 15m,LONG,Swing Low,2025-05-23 07:45,1748000700000,60,Flip Short,2025-07-02 08:45,1751460300000,60.63,127,7620,126,64.69,0.8481,133.35,1.7483,163.83,2.1479,15.32,2026-07-25T13:59:34.904Z
pyr25|USLV|15m|1755154800000|1755766800000,pyr25,USLV,LSE:USLV,15m,Swing 15m,LONG,Swing Low,2025-08-14 03:00,1755154800000,61.38,Flip Short,2025-08-21 05:00,1755766800000,62.15,127,7795.26,18,82.1,1.0522,109.04,1.3975,75.11,0.9625,15.69,2026-07-25T13:59:34.904Z
pyr25|USLV|15m|1757487600000|1759245300000,pyr25,USLV,LSE:USLV,15m,Swing 15m,LONG,Swing Low,2025-09-10 03:00,1757487600000,60.83,Flip Short,2025-09-30 11:15,1759245300000,61.39,128,7786.24,49,56.04,0.719,63.89,0.8198,157.55,2.0214,15.64,2026-07-25T13:59:34.904Z
pyr25|USLV|15m|1760692500000|1761143400000,pyr25,USLV,LSE:USLV,15m,Swing 15m,LONG,Swing Low,2025-10-17 05:15,1760692500000,60.49,Flip Short,2025-10-22 10:30,1761143400000,61.98,130,7863.7,5,177.78,2.2585,185.84,2.3609,7.86,0.0999,15.92,2026-07-25T13:59:34.904Z
pyr25|USLV|15m|1762186500000|1762939800000,pyr25,USLV,LSE:USLV,15m,Swing 15m,LONG,Swing Low,2025-11-03 11:15,1762186500000,60.15,Flip Short,2025-11-12 04:30,1762939800000,62.06,132,7939.8,18,235.99,2.9693,254.74,3.2052,7.94,0.0999,16.13,2026-07-25T13:59:34.904Z
pyr25|USLV|15m|1764753300000|1768205700000,pyr25,USLV,LSE:USLV,15m,Swing 15m,LONG,Swing Low,2025-12-03 04:15,1764753300000,61.44,Flip Short,2026-01-12 03:15,1768205700000,60.66,132,8110.08,77,-119.08,-1.4668,0,0,260.23,3.2055,16.12,2026-07-25T13:59:34.904Z
pyr25|USLV|15m|1773158400000|1775142900000,pyr25,USLV,LSE:USLV,15m,Swing 15m,LONG,Swing Low,2026-03-10 12:00,1773158400000,64.03,Flip Short,2026-04-02 11:15,1775142900000,63.49,126,8067.78,86,-84.11,-1.0415,66.27,0.8206,335.67,4.1564,16.07,2026-07-25T13:59:34.904Z
pyr25|USLV|15m|1776150900000|1779780600000,pyr25,USLV,LSE:USLV,15m,Swing 15m,LONG,Swing Low,2026-04-14 03:15,1776150900000,62.44,Flip Short,2026-05-26 03:30,1779780600000,63.12,128,7992.32,94,70.97,0.8871,91.85,1.1481,194.87,2.4358,16.07,2026-07-25T13:59:34.904Z
pyr25|USLV|15m|1780298100000|1780903800000,pyr25,USLV,LSE:USLV,15m,Swing 15m,LONG,Swing Low,2026-06-01 03:15,1780298100000,61.02,Flip Short,2026-06-08 03:30,1780903800000,62.6,131,7993.62,35,190.79,2.3843,250.08,3.1253,99.69,1.2459,16.19,2026-07-25T13:59:34.904Z
pyr25|YINN|15m|1780647300000|1780920900000,pyr25,YINN,AMEX:YINN,15m,Swing 15m,LONG,Swing Low,2026-06-05 04:15,1780647300000,30.04,Flip Short,2026-06-08 08:15,1780920900000,29.22,253,7600.12,74,-222.45,-2.924,70.83,0.931,473.12,6.2189,14.99,2026-07-25T13:59:39.932Z
pyr25|YINN|15m|1780687800000|1780920900000,pyr25,YINN,AMEX:YINN,15m,Swing 15m,LONG,Pyramid Add,2026-06-05 15:30,1780687800000,28.49,Flip Short,2026-06-08 08:15,1780920900000,29.22,63,1794.87,33,42.35,2.3574,44.2,2.4598,13.76,0.7661,3.64,2026-07-25T13:59:39.932Z
pyr25|YINN|15m|1780947000000|1781005500000,pyr25,YINN,AMEX:YINN,15m,Swing 15m,LONG,Swing Low,2026-06-08 15:30,1780947000000,28.51,Flip Short,2026-06-09 07:45,1781005500000,29.18,261,7441.11,28,159.81,2.1456,183.09,2.458,54.42,0.7306,15.06,2026-07-25T13:59:39.932Z
pyr25|YINN|15m|1781019000000|1781095500000,pyr25,YINN,AMEX:YINN,15m,Swing 15m,LONG,Swing Low,2026-06-09 11:30,1781019000000,28.17,Flip Short,2026-06-10 08:45,1781095500000,28.74,269,7577.73,47,138.02,1.8196,161.89,2.1343,147.46,1.944,15.31,2026-07-25T13:59:39.932Z
pyr25|YINN|15m|1781122500000|1781199900000,pyr25,YINN,AMEX:YINN,15m,Swing 15m,LONG,Swing Low,2026-06-10 16:15,1781122500000,28.24,Flip Short,2026-06-11 13:45,1781199900000,28.63,272,7681.28,50,90.61,1.1785,103.84,1.3505,252.48,3.2837,15.47,2026-07-25T13:59:39.932Z
pyr25|YINN|15m|1781597700000|1782126000000,pyr25,YINN,AMEX:YINN,15m,Swing 15m,LONG,Swing Low,2026-06-16 04:15,1781597700000,28.56,Flip Short,2026-06-22 07:00,1782126000000,25.83,271,7739.76,189,-754.57,-9.7395,38.33,0.4947,877.65,11.3282,14.74,2026-07-25T13:59:39.932Z
pyr25|YINN|15m|1781724600000|1782126000000,pyr25,YINN,AMEX:YINN,15m,Swing 15m,LONG,Pyramid Add,2026-06-17 15:30,1781724600000,26.46,Flip Short,2026-06-22 07:00,1782126000000,25.83,67,1772.82,91,-45.71,-2.576,43.12,2.4297,76.14,4.2907,3.5,2026-07-25T13:59:39.932Z
pyr25|YINN|15m|1782202500000|1782333900000,pyr25,YINN,AMEX:YINN,15m,Swing 15m,LONG,Swing Low,2026-06-23 04:15,1782202500000,23.71,Flip Short,2026-06-24 16:45,1782333900000,23.66,301,7136.71,108,-29.31,-0.4103,260.75,3.65,217.84,3.0493,14.26,2026-07-25T13:59:39.932Z
pyr25|YINN|15m|1782375300000|1782507600000,pyr25,YINN,AMEX:YINN,15m,Swing 15m,LONG,Swing Low,2026-06-25 04:15,1782375300000,21.86,Flip Short,2026-06-26 17:00,1782507600000,21.5,325,7104.5,109,-131.09,-1.8434,93.65,1.3168,497.85,7.0006,14.09,2026-07-25T13:59:39.932Z
pyr25|YINN|15m|1782461700000|1782507600000,pyr25,YINN,AMEX:YINN,15m,Swing 15m,LONG,Pyramid Add,2026-06-26 04:15,1782461700000,20.52,Flip Short,2026-06-26 17:00,1782507600000,21.5,81,1662.12,49,75.98,4.5665,87.44,5.2554,15.43,0.9275,3.4,2026-07-25T13:59:39.932Z
pyr25|YINN|15m|1782807300000|1782913500000,pyr25,YINN,AMEX:YINN,15m,Swing 15m,LONG,Swing Low,2026-06-30 04:15,1782807300000,21.34,Flip Short,2026-07-01 09:45,1782913500000,21.98,334,7127.56,74,199.29,2.7933,230.01,3.2239,117.35,1.6447,14.47,2026-07-25T13:59:39.932Z
pyr25|YINN|15m|1783012500000|1783325700000,pyr25,YINN,AMEX:YINN,15m,Swing 15m,LONG,Swing Low,2026-07-02 13:15,1783012500000,21.71,Flip Short,2026-07-06 04:15,1783325700000,23.36,333,7229.43,24,534.44,7.3852,572.19,7.9068,57.18,0.7901,15.01,2026-07-25T13:59:39.932Z
pyr25|YINN|15m|1783437300000|1783498500000,pyr25,YINN,AMEX:YINN,15m,Swing 15m,LONG,Swing Low,2026-07-07 11:15,1783437300000,22.97,Flip Short,2026-07-08 04:15,1783498500000,25.93,332,7626.04,28,966.49,12.6608,998.33,13.078,20.91,0.2739,16.23,2026-07-25T13:59:39.932Z
pyr25|YINN|15m|1783584900000|1783632600000,pyr25,YINN,AMEX:YINN,15m,Swing 15m,LONG,Swing Low,2026-07-09 04:15,1783584900000,24.95,Flip Short,2026-07-09 17:30,1783632600000,25.18,336,8383.2,49,60.44,0.7202,126.02,1.5017,122.62,1.4613,16.84,2026-07-25T13:59:39.932Z
pyr25|YINN|15m|1783967400000|1784016900000,pyr25,YINN,AMEX:YINN,15m,Swing 15m,LONG,Swing Low,2026-07-13 14:30,1783967400000,25.19,Flip Short,2026-07-14 04:15,1784016900000,25.91,334,8413.46,16,223.41,2.6528,262.13,3.1124,55.17,0.6551,17.07,2026-07-25T13:59:39.932Z
pyr25|YINN|15m|1784243700000|1784535300000,pyr25,YINN,AMEX:YINN,15m,Swing 15m,LONG,Swing Low,2026-07-16 19:15,1784243700000,27.52,Flip Short,2026-07-20 04:15,1784535300000,28.96,311,8558.72,58,430.27,5.0223,470.38,5.4904,481.28,5.6176,17.57,2026-07-25T13:59:39.932Z
pyr25|YINN|15m|1784632500000|1784794500000,pyr25,YINN,AMEX:YINN,15m,Swing 15m,LONG,Swing Low,2026-07-21 07:15,1784632500000,28.6,Flip Short,2026-07-23 04:15,1784794500000,28.5,312,8923.2,99,-49.02,-0.5488,0,0,458.2,5.1298,17.82,2026-07-25T13:59:39.932Z
pyr25|RY|15m|1776783600000|1777383900000,pyr25,RY,TSX:RY,15m,Swing 15m,LONG,Swing Low,2026-04-21 11:00,1776783600000,243.7,Flip Short,2026-04-28 09:45,1777383900000,242,31,7554.7,133,-67.76,-0.896,11.05,0.1461,199.75,2.6415,15.06,2026-07-25T13:59:44.852Z
pyr25|RY|15m|1777487400000|1777566600000,pyr25,RY,TSX:RY,15m,Swing 15m,LONG,Swing Low,2026-04-29 14:30,1777487400000,240.35,Flip Short,2026-04-30 12:30,1777566600000,243.37,31,7450.85,19,78.62,1.0542,88.65,1.1886,26.67,0.3576,15,2026-07-25T13:59:44.852Z
pyr25|RY|15m|1777902300000|1778075100000,pyr25,RY,TSX:RY,15m,Swing 15m,LONG,Swing Low,2026-05-04 09:45,1777902300000,242.57,Flip Short,2026-05-06 09:45,1778075100000,245.97,31,7519.67,56,90.26,1.1991,109.66,1.4569,41.31,0.5488,15.14,2026-07-25T13:59:44.852Z
pyr25|RY|15m|1778517900000|1778607000000,pyr25,RY,TSX:RY,15m,Swing 15m,LONG,Swing Low,2026-05-11 12:45,1778517900000,246.41,Flip Short,2026-05-12 13:30,1778607000000,248.87,31,7638.71,30,60.91,0.7965,72.65,0.9501,8.88,0.1161,15.35,2026-07-25T13:59:44.852Z
pyr25|RY|15m|1778697900000|1778776200000,pyr25,RY,TSX:RY,15m,Swing 15m,LONG,Swing Low,2026-05-13 14:45,1778697900000,245.9,Flip Short,2026-05-14 12:30,1778776200000,250.32,31,7622.9,19,121.64,1.5941,149.55,1.9599,9.17,0.1202,15.38,2026-07-25T13:59:44.852Z
pyr25|RY|15m|1779804900000|1780062300000,pyr25,RY,TSX:RY,15m,Swing 15m,LONG,Swing Low,2026-05-26 10:15,1779804900000,261.65,Flip Short,2026-05-29 09:45,1780062300000,262.71,29,7587.85,82,15.53,0.2045,64.91,0.8546,125.04,1.6462,15.21,2026-07-25T13:59:44.852Z
pyr25|RY|15m|1781199000000|1781271900000,pyr25,RY,TSX:RY,15m,Swing 15m,LONG,Swing Low,2026-06-11 13:30,1781199000000,275.89,Flip Short,2026-06-12 09:45,1781271900000,279.39,28,7724.92,13,82.45,1.0663,116.88,1.5115,7.72,0.0999,15.55,2026-07-25T13:59:44.852Z
pyr25|RY|15m|1782481500000|1782753300000,pyr25,RY,TSX:RY,15m,Swing 15m,LONG,Swing Low,2026-06-26 09:45,1782481500000,286.85,Flip Short,2026-06-29 13:15,1782753300000,290.46,27,7744.95,42,81.88,1.0562,95.94,1.2374,26.64,0.3437,15.59,2026-07-25T13:59:44.852Z
pyr25|RY|15m|1782999900000|1783345500000,pyr25,RY,TSX:RY,15m,Swing 15m,LONG,Swing Low,2026-07-02 09:45,1782999900000,292.3,Flip Short,2026-07-06 09:45,1783345500000,293.01,27,7892.1,56,3.37,0.0426,28.02,0.3547,108.33,1.3713,15.8,2026-07-25T13:59:44.852Z
pyr25|RY|15m|1783521000000|1783623600000,pyr25,RY,TSX:RY,15m,Swing 15m,LONG,Swing Low,2026-07-08 10:30,1783521000000,292.86,Flip Short,2026-07-09 15:00,1783623600000,295.88,27,7907.22,46,65.64,0.8293,81.46,1.0292,85.67,1.0823,15.9,2026-07-25T13:59:44.852Z
pyr25|RY|15m|1784295900000|1784728800000,pyr25,RY,TSX:RY,15m,Swing 15m,LONG,Swing Low,2026-07-17 09:45,1784295900000,300.59,Flip Short,2026-07-22 10:00,1784728800000,299.12,26,7815.34,83,-53.81,-0.6879,101.9,1.3026,154.46,1.9743,15.59,2026-07-25T13:59:44.852Z
pyr25mae75|TNA|15m|1781019000000|1781095500000,pyr25mae75,TNA,AMEX:TNA,15m,Swing 15m,LONG,Swing Low,2026-06-09 11:30,1781019000000,62.47,Flip Short,2026-06-10 08:45,1781095500000,64.4,121,7558.87,52,218.18,2.8835,298.57,3.946,366.93,4.8494,15.35,2026-07-25T17:31:50.923Z
pyr25mae75|TNA|15m|1781129700000|1781186400000,pyr25mae75,TNA,AMEX:TNA,15m,Swing 15m,LONG,Swing Low,2026-06-10 18:15,1781129700000,61.6,Flip Short,2026-06-11 10:00,1781186400000,65.2,126,7761.6,31,437.62,5.6327,507.58,6.5331,94.7,1.2189,15.98,2026-07-25T17:31:50.923Z
pyr25mae75|TNA|15m|1781620200000|1781703900000,pyr25mae75,TNA,AMEX:TNA,15m,Swing 15m,LONG,Swing Low,2026-06-16 10:30,1781620200000,70.79,Flip Short,2026-06-17 09:45,1781703900000,71.33,114,8070.06,56,45.36,0.5615,58.05,0.7186,199.59,2.4707,16.2,2026-07-25T17:31:50.923Z
pyr25mae75|TNA|15m|1781720100000|1781812800000,pyr25mae75,TNA,AMEX:TNA,15m,Swing 15m,LONG,Swing Low,2026-06-17 14:15,1781720100000,69.81,Flip Short,2026-06-18 16:00,1781812800000,71.74,116,8097.96,71,207.46,2.5593,247.1,3.0484,305.06,3.7633,16.42,2026-07-25T17:31:50.923Z
pyr25mae75|TNA|15m|1781724600000|1781812800000,pyr25mae75,TNA,AMEX:TNA,15m,Swing 15m,LONG,Pyramid Add,2026-06-17 15:30,1781724600000,68.27,Flip Short,2026-06-18 16:00,1781812800000,71.74,29,1979.83,66,96.57,4.8728,106.48,5.3729,31.56,1.5925,4.06,2026-07-25T17:31:50.923Z
pyr25mae75|TNA|15m|1782202500000|1782312300000,pyr25mae75,TNA,AMEX:TNA,15m,Swing 15m,LONG,Swing Low,2026-06-23 04:15,1782202500000,69.9,Flip Short,2026-06-24 10:45,1782312300000,73.33,119,8318.1,88,391.13,4.6974,422.46,5.0738,77.34,0.9288,17.04,2026-07-25T17:31:50.923Z
pyr25mae75|TNA|15m|1782415800000|1782488700000,pyr25mae75,TNA,AMEX:TNA,15m,Swing 15m,LONG,Swing Low,2026-06-25 15:30,1782415800000,72.97,Flip Short,2026-06-26 11:45,1782488700000,74.58,118,8610.46,46,172.57,2.0022,207.33,2.4055,165.55,1.9207,17.41,2026-07-25T17:31:50.923Z
pyr25mae75|TNA|15m|1782742500000|1782815400000,pyr25mae75,TNA,AMEX:TNA,15m,Swing 15m,LONG,Swing Low,2026-06-29 10:15,1782742500000,71.01,Flip Short,2026-06-30 06:30,1782815400000,74.31,123,8734.23,47,388.03,4.4381,408.24,4.6693,19.8,0.2265,17.87,2026-07-25T17:31:50.923Z
pyr25mae75|TNA|15m|1782908100000|1782914400000,pyr25mae75,TNA,AMEX:TNA,15m,Swing 15m,LONG,Swing Low,2026-07-01 08:15,1782908100000,74.4,Flip Short,2026-07-01 10:00,1782914400000,75.55,122,9076.8,7,122.01,1.3428,131.22,1.4443,60.32,0.6639,18.29,2026-07-25T17:31:50.923Z
pyr25mae75|TNA|15m|1782936900000|1783345500000,pyr25mae75,TNA,AMEX:TNA,15m,Swing 15m,LONG,Swing Low,2026-07-01 16:15,1782936900000,73.9,Flip Short,2026-07-06 09:45,1783345500000,74.41,124,9163.6,93,44.85,0.4889,298.36,3.2526,368.76,4.0202,18.39,2026-07-25T17:31:50.923Z
pyr25mae75|TNA|15m|1783005300000|1783345500000,pyr25mae75,TNA,AMEX:TNA,15m,Swing 15m,LONG,Pyramid Add,2026-07-02 11:15,1783005300000,72.93,Flip Short,2026-07-06 09:45,1783345500000,74.41,31,2260.83,53,41.31,1.8255,46.1,2.037,62.09,2.7436,4.57,2026-07-25T17:31:50.923Z
pyr25mae75|TNA|15m|1783431900000|1783600200000,pyr25mae75,TNA,AMEX:TNA,15m,Swing 15m,LONG,Swing Low,2026-07-07 09:45,1783431900000,73.35,Flip Short,2026-07-09 08:30,1783600200000,70.75,126,9242.1,123,-345.76,-3.7374,0,0,702.24,7.5907,18.16,2026-07-25T17:31:50.923Z
pyr25mae75|TNA|15m|1783432800000|1783600200000,pyr25mae75,TNA,AMEX:TNA,15m,Swing 15m,LONG,Pyramid Add,2026-07-07 10:00,1783432800000,72.45,Flip Short,2026-07-09 08:30,1783600200000,70.75,31,2245.95,122,-57.14,-2.5416,16.66,0.7412,144.85,6.4428,4.44,2026-07-25T17:31:50.923Z
pyr25mae75|TNA|15m|1783691100000|1784033100000,pyr25mae75,TNA,AMEX:TNA,15m,Swing 15m,LONG,Swing Low,2026-07-10 09:45,1783691100000,71.67,Flip Short,2026-07-14 08:45,1784033100000,71.9,124,8887.08,114,10.72,0.1205,255.23,2.8691,343.69,3.8634,17.8,2026-07-25T17:31:50.923Z
pyr25mae75|TNA|15m|1783694700000|1784033100000,pyr25mae75,TNA,AMEX:TNA,15m,Swing 15m,LONG,Pyramid Add,2026-07-10 10:45,1783694700000,71.33,Flip Short,2026-07-14 08:45,1784033100000,71.9,31,2211.23,110,13.23,0.5977,74.36,3.3594,75.37,3.4052,4.44,2026-07-25T17:31:50.923Z
pyr25mae75|TNA|15m|1784203200000|1784210400000,pyr25mae75,TNA,AMEX:TNA,15m,Swing 15m,LONG,Swing Low,2026-07-16 08:00,1784203200000,70.51,Flip Short,2026-07-16 10:00,1784210400000,71.83,126,8884.26,8,148.39,1.6685,180.12,2.0253,60.54,0.6808,17.93,2026-07-25T17:31:50.923Z
pyr25mae75|TNA|15m|1784276100000|1784547900000,pyr25mae75,TNA,AMEX:TNA,15m,Swing 15m,LONG,Swing Low,2026-07-17 04:15,1784276100000,69.71,Flip Short,2026-07-20 07:45,1784547900000,71.38,130,9062.3,74,198.76,2.1911,256.14,2.8236,194.96,2.1492,18.34,2026-07-25T17:31:50.923Z
pyr25mae75|TNA|15m|1784295900000|1784547900000,pyr25mae75,TNA,AMEX:TNA,15m,Swing 15m,LONG,Pyramid Add,2026-07-17 09:45,1784295900000,69.68,Flip Short,2026-07-20 07:45,1784547900000,71.38,32,2229.76,52,49.89,2.235,64.01,2.8679,15.99,0.7164,4.51,2026-07-25T17:31:50.923Z
pyr25mae75|TNA|15m|1784559600000|1784645100000,pyr25mae75,TNA,AMEX:TNA,15m,Swing 15m,LONG,Swing Low,2026-07-20 11:00,1784559600000,69.11,Flip Short,2026-07-21 10:45,1784645100000,70.4,133,9191.63,59,153.02,1.6631,199.62,2.1696,94.31,1.025,18.55,2026-07-25T17:31:50.923Z
pyr25mae75|TNA|15m|1784731500000|1784887200000,pyr25mae75,TNA,AMEX:TNA,15m,Swing 15m,LONG,Swing Low,2026-07-22 10:45,1784731500000,70.14,Flip Short,2026-07-24 06:00,1784887200000,69.3,133,9328.62,98,-130.27,-1.395,63.82,0.6835,409.66,4.387,18.55,2026-07-25T17:31:50.923Z
pyr25mae75|TNA|15m|1784807100000|1784887200000,pyr25mae75,TNA,AMEX:TNA,15m,Swing 15m,LONG,Pyramid Add,2026-07-23 07:45,1784807100000,68.67,Flip Short,2026-07-24 06:00,1784887200000,69.3,33,2266.11,50,16.24,0.7158,18.52,0.8166,53.09,2.3403,4.55,2026-07-25T17:31:50.923Z
pyr25mae75|TNA|15m|1784904300000|1784910600000,pyr25mae75,TNA,AMEX:TNA,15m,Swing 15m,LONG,Swing Low,2026-07-24 10:45,1784904300000,67.45,Flip Short,2026-07-24 12:30,1784910600000,69.49,137,9240.65,7,260.72,2.8186,299.01,3.2326,29.79,0.3221,18.76,2026-07-25T17:31:50.923Z
pyr25mae75|MEXX|15m|1765983600000|1766413800000,pyr25mae75,MEXX,AMEX:MEXX,15m,Swing 15m,LONG,Swing Low,2025-12-17 10:00,1765983600000,24.14,Flip Short,2025-12-22 09:30,1766413800000,24.71,316,7628.24,39,164.68,2.1567,583.29,7.6388,333.11,4.3624,15.44,2026-07-25T17:31:56.938Z
pyr25mae75|MEXX|15m|1767117600000|1767628800000,pyr25mae75,MEXX,AMEX:MEXX,15m,Swing 15m,LONG,Swing Low,2025-12-30 13:00,1767117600000,25.64,Flip Short,2026-01-05 11:00,1767628800000,26.71,299,7666.36,35,304.28,3.965,312.26,4.0691,318.63,4.152,15.65,2026-07-25T17:31:56.938Z
pyr25mae75|MEXX|15m|1767798000000|1767991500000,pyr25mae75,MEXX,AMEX:MEXX,15m,Swing 15m,LONG,Swing Low,2026-01-07 10:00,1767798000000,24.66,Flip Short,2026-01-09 15:45,1767991500000,26.85,323,7965.18,23,690.73,8.6632,699.4,8.772,7.97,0.0999,16.64,2026-07-25T17:31:56.938Z
pyr25mae75|MEXX|15m|1769785200000|1770132600000,pyr25mae75,MEXX,AMEX:MEXX,15m,Swing 15m,LONG,Swing Low,2026-01-30 10:00,1769785200000,33.7,Flip Short,2026-02-03 10:30,1770132600000,34.95,250,8425,47,295.34,3.502,316.57,3.7538,715.92,8.4891,17.16,2026-07-25T17:31:56.938Z
pyr25mae75|MEXX|15m|1769789700000|1770132600000,pyr25mae75,MEXX,AMEX:MEXX,15m,Swing 15m,LONG,Pyramid Add,2026-01-30 11:15,1769789700000,33,Flip Short,2026-02-03 10:30,1770132600000,34.95,62,2046,42,116.69,5.6975,121.95,5.9547,134.11,6.548,4.21,2026-07-25T17:31:56.938Z
pyr25mae75|MEXX|15m|1770307200000|1770410700000,pyr25mae75,MEXX,AMEX:MEXX,15m,Swing 15m,LONG,Swing Low,2026-02-05 11:00,1770307200000,32.03,Flip Short,2026-02-06 15:45,1770410700000,36.79,278,8904.34,26,1304.15,14.6316,1372.76,15.4013,8.9,0.0999,19.13,2026-07-25T17:31:56.938Z
pyr25mae75|MEXX|15m|1770920100000|1771418700000,pyr25mae75,MEXX,AMEX:MEXX,15m,Swing 15m,LONG,Swing Low,2026-02-12 13:15,1770920100000,36.6,Flip Short,2026-02-18 07:45,1771418700000,38.94,269,9845.4,51,609.14,6.1809,619.61,6.2872,74.41,0.755,20.32,2026-07-25T17:31:56.938Z
pyr25mae75|MEXX|15m|1771512300000|1772215200000,pyr25mae75,MEXX,AMEX:MEXX,15m,Swing 15m,LONG,Swing Low,2026-02-19 09:45,1771512300000,36.55,Flip Short,2026-02-27 13:00,1772215200000,38.5,281,10270.55,109,526.86,5.1247,565.78,5.5033,414.91,4.0358,21.09,2026-07-25T17:31:56.938Z
pyr25mae75|MEXX|15m|1771867800000|1772215200000,pyr25mae75,MEXX,AMEX:MEXX,15m,Swing 15m,LONG,Pyramid Add,2026-02-23 12:30,1771867800000,35.38,Flip Short,2026-02-27 13:00,1772215200000,38.5,70,2476.6,69,213.23,8.6011,215.92,8.7098,21.38,0.8623,5.17,2026-07-25T17:31:56.938Z
pyr25mae75|MEXX|15m|1772454600000|1773154800000,pyr25mae75,MEXX,AMEX:MEXX,15m,Swing 15m,LONG,Swing Low,2026-03-02 07:30,1772454600000,37.39,Flip Short,2026-03-10 11:00,1773154800000,30.25,300,11217,131,-2162.29,-19.2577,0,0,3506.22,31.2268,20.29,2026-07-25T17:31:56.938Z
pyr25mae75|MEXX|15m|1772460000000|1773154800000,pyr25mae75,MEXX,AMEX:MEXX,15m,Swing 15m,LONG,Pyramid Add,2026-03-02 09:00,1772460000000,36.2,Flip Short,2026-03-10 11:00,1773154800000,30.25,75,2715,129,-451.23,-16.6034,19.79,0.728,787.22,28.9661,4.98,2026-07-25T17:31:56.938Z
pyr25mae75|MEXX|15m|1773330300000|1773746100000,pyr25mae75,MEXX,AMEX:MEXX,15m,Swing 15m,LONG,Swing Low,2026-03-12 11:45,1773330300000,26.89,Flip Short,2026-03-17 07:15,1773746100000,27.21,337,9061.93,41,89.61,0.9879,735.71,8.1106,501.08,5.524,18.23,2026-07-25T17:31:56.938Z
pyr25mae75|MEXX|15m|1773437400000|1773746100000,pyr25mae75,MEXX,AMEX:MEXX,15m,Swing 15m,LONG,Pyramid Add,2026-03-13 17:30,1773437400000,25.55,Flip Short,2026-03-17 07:15,1773746100000,27.21,84,2146.2,16,135.01,6.2843,296.05,13.7805,2.15,0.0999,4.43,2026-07-25T17:31:56.938Z
pyr25mae75|MEXX|15m|1773927900000|1774379700000,pyr25mae75,MEXX,AMEX:MEXX,15m,Swing 15m,LONG,Swing Low,2026-03-19 09:45,1773927900000,24.45,Flip Short,2026-03-24 15:15,1774379700000,26.59,364,8899.8,60,760.38,8.5353,770.06,8.6439,416.58,4.6761,18.58,2026-07-25T17:31:56.938Z
pyr25mae75|MEXX|15m|1776189600000|1776433500000,pyr25mae75,MEXX,AMEX:MEXX,15m,Swing 15m,LONG,Swing Low,2026-04-14 14:00,1776189600000,32.71,Flip Short,2026-04-17 09:45,1776433500000,34.02,290,9485.9,31,360.55,3.7971,544.41,5.7335,99.39,1.0467,19.35,2026-07-25T17:31:56.938Z
pyr25mae75|MEXX|15m|1776789000000|1778069700000,pyr25mae75,MEXX,AMEX:MEXX,15m,Swing 15m,LONG,Swing Low,2026-04-21 12:30,1776789000000,32.17,Flip Short,2026-05-06 08:15,1778069700000,32.5,304,9779.68,100,80.66,0.824,288.14,2.9434,1040.34,10.6271,19.66,2026-07-25T17:31:56.938Z
pyr25mae75|MEXX|15m|1777378500000|1778069700000,pyr25mae75,MEXX,AMEX:MEXX,15m,Swing 15m,LONG,Pyramid Add,2026-04-28 08:15,1777378500000,30,Flip Short,2026-05-06 08:15,1778069700000,32.5,76,2280,49,185.25,8.1169,224.96,9.8568,95,4.1625,4.75,2026-07-25T17:31:56.938Z
pyr25mae75|MEXX|15m|1778783400000|1779814800000,pyr25mae75,MEXX,AMEX:MEXX,15m,Swing 15m,LONG,Swing Low,2026-05-14 14:30,1778783400000,32.9,Flip Short,2026-05-26 13:00,1779814800000,32.16,302,9935.8,79,-243.13,-2.4445,141.06,1.4183,879.7,8.845,19.65,2026-07-25T17:31:56.938Z
pyr25mae75|MEXX|15m|1778852700000|1779814800000,pyr25mae75,MEXX,AMEX:MEXX,15m,Swing 15m,LONG,Pyramid Add,2026-05-15 09:45,1778852700000,30.65,Flip Short,2026-05-26 13:00,1779814800000,32.16,75,2298.75,72,108.54,4.7169,110.95,4.8218,49.55,2.1533,4.71,2026-07-25T17:31:56.938Z
pyr25mae75|MEXX|15m|1780321500000|1781202600000,pyr25mae75,MEXX,AMEX:MEXX,15m,Swing 15m,LONG,Swing Low,2026-06-01 09:45,1780321500000,30.51,Flip Short,2026-06-11 14:30,1781202600000,29.15,326,9946.26,85,-462.81,-4.6484,801.79,8.0532,1359.59,13.6557,19.45,2026-07-25T17:31:56.938Z
pyr25mae75|MEXX|15m|1780667100000|1781202600000,pyr25mae75,MEXX,AMEX:MEXX,15m,Swing 15m,LONG,Pyramid Add,2026-06-05 09:45,1780667100000,28.89,Flip Short,2026-06-11 14:30,1781202600000,29.15,81,2340.09,50,16.36,0.6984,20.34,0.8683,206.46,8.8139,4.7,2026-07-25T17:31:56.938Z
pyr25mae75|MEXX|15m|1782156600000|1782761400000,pyr25mae75,MEXX,AMEX:MEXX,15m,Swing 15m,LONG,Swing Low,2026-06-22 15:30,1782156600000,29.5,Flip Short,2026-06-29 15:30,1782761400000,29.43,325,9587.5,48,-41.9,-0.4366,152.91,1.5933,945.59,9.8529,19.15,2026-07-25T17:31:56.938Z
pyr25mae75|MEXX|15m|1782222300000|1782761400000,pyr25mae75,MEXX,AMEX:MEXX,15m,Swing 15m,LONG,Pyramid Add,2026-06-23 09:45,1782222300000,27.78,Flip Short,2026-06-29 15:30,1782761400000,29.43,81,2250.18,45,129.02,5.7279,177.57,7.8835,96.21,4.2714,4.63,2026-07-25T17:31:56.938Z
pyr25mae75|MEXX|15m|1783518300000|1784727900000,pyr25mae75,MEXX,AMEX:MEXX,15m,Swing 15m,LONG,Swing Low,2026-07-08 09:45,1783518300000,27.31,Flip Short,2026-07-22 09:45,1784727900000,29.99,354,9667.74,44,928.44,9.5938,939.05,9.7036,296.41,3.0629,20.28,2026-07-25T17:31:56.938Z
pyr25mae75|EWO|15m|1759239900000|1759330800000,pyr25mae75,EWO,AMEX:EWO,15m,Swing 15m,LONG,Swing Low,2025-09-30 09:45,1759239900000,30.98,Flip Short,2025-10-01 11:00,1759330800000,31.32,253,7837.94,6,70.26,0.8955,93.36,1.19,25.55,0.3256,15.76,2026-07-25T17:32:02.839Z
pyr25mae75|EWO|15m|1760709600000|1761762600000,pyr25mae75,EWO,AMEX:EWO,15m,Swing 15m,LONG,Swing Low,2025-10-17 10:00,1760709600000,30.5,Flip Short,2025-10-29 14:30,1761762600000,31,250,7625,29,109.63,1.4363,144.88,1.8981,40.13,0.5257,15.38,2026-07-25T17:32:02.839Z
pyr25mae75|EWO|15m|1761918300000|1761922800000,pyr25mae75,EWO,AMEX:EWO,15m,Swing 15m,LONG,Swing Low,2025-10-31 09:45,1761918300000,31.4,Flip Short,2025-10-31 11:00,1761922800000,31.37,255,8007,1,-23.66,-0.2952,0,0,15.66,0.1953,16.01,2026-07-25T17:32:02.839Z
pyr25mae75|EWO|15m|1762180200000|1762181100000,pyr25mae75,EWO,AMEX:EWO,15m,Swing 15m,LONG,Swing Low,2025-11-03 09:30,1762180200000,31.57,Flip Short,2025-11-03 09:45,1762181100000,31.6,274,8650.18,1,-9.09,-0.105,0,0,8.65,0.0999,17.31,2026-07-25T17:32:02.839Z
pyr25mae75|EWO|15m|1763411400000|1764082800000,pyr25mae75,EWO,AMEX:EWO,15m,Swing 15m,LONG,Swing Low,2025-11-17 15:30,1763411400000,31.18,Flip Short,2025-11-25 10:00,1764082800000,32.22,247,7701.46,40,241.22,3.129,249.18,3.2322,111.44,1.4456,15.66,2026-07-25T17:32:02.839Z
pyr25mae75|EWO|15m|1763478000000|1764082800000,pyr25mae75,EWO,AMEX:EWO,15m,Swing 15m,LONG,Pyramid Add,2025-11-18 10:00,1763478000000,30.82,Flip Short,2025-11-25 10:00,1764082800000,32.22,61,1880.02,37,81.55,4.3336,83.52,4.4381,5.54,0.2944,3.85,2026-07-25T17:32:02.839Z
pyr25mae75|EWO|15m|1767975300000|1768244400000,pyr25mae75,EWO,AMEX:EWO,15m,Swing 15m,LONG,Swing Low,2026-01-09 11:15,1767975300000,35.85,Flip Short,2026-01-12 14:00,1768244400000,36.23,222,7958.7,14,68.36,0.8581,76.4,0.959,10.18,0.1278,16,2026-07-25T17:32:02.839Z
pyr25mae75|EWO|15m|1768923000000|1769025600000,pyr25mae75,EWO,AMEX:EWO,15m,Swing 15m,LONG,Swing Low,2026-01-20 10:30,1768923000000,35.79,Flip Short,2026-01-21 15:00,1769025600000,36.45,223,7981.17,21,131.07,1.6406,139.2,1.7423,34.74,0.4349,16.11,2026-07-25T17:32:02.839Z
pyr25mae75|EWO|15m|1768940100000|1769025600000,pyr25mae75,EWO,AMEX:EWO,15m,Swing 15m,LONG,Pyramid Add,2026-01-20 15:15,1768940100000,35.76,Flip Short,2026-01-21 15:00,1769025600000,36.45,55,1966.8,12,33.98,1.7259,35.98,1.8277,3.07,0.1558,3.97,2026-07-25T17:32:02.839Z
pyr25mae75|EWO|15m|1770327900000|1770649200000,pyr25mae75,EWO,AMEX:EWO,15m,Swing 15m,LONG,Swing Low,2026-02-05 16:45,1770327900000,37.73,Flip Short,2026-02-09 10:00,1770649200000,38.97,215,8111.95,10,250.11,3.0801,258.49,3.1833,8.11,0.0999,16.49,2026-07-25T17:32:02.839Z
pyr25mae75|EWO|15m|1770912900000|1771858800000,pyr25mae75,EWO,AMEX:EWO,15m,Swing 15m,LONG,Swing Low,2026-02-12 11:15,1770912900000,38.3,Flip Short,2026-02-23 10:00,1771858800000,39.01,215,8234.5,54,136.03,1.6503,187.42,2.2737,111.43,1.3519,16.62,2026-07-25T17:32:02.839Z
pyr25mae75|EWO|15m|1770994800000|1771858800000,pyr25mae75,EWO,AMEX:EWO,15m,Swing 15m,LONG,Pyramid Add,2026-02-13 10:00,1770994800000,37.94,Flip Short,2026-02-23 10:00,1771858800000,39.01,53,2010.82,49,52.63,2.6148,65.3,3.2441,5.72,0.2842,4.08,2026-07-25T17:32:02.839Z
pyr25mae75|EWO|15m|1772119800000|1774448100000,pyr25mae75,EWO,AMEX:EWO,15m,Swing 15m,LONG,Swing Low,2026-02-26 10:30,1772119800000,38.1,Flip Short,2026-03-25 10:15,1774448100000,35.3,223,8496.3,220,-640.77,-7.5342,76.24,0.8965,1034.3,12.1613,16.37,2026-07-25T17:32:02.839Z
pyr25mae75|EWO|15m|1772214300000|1774448100000,pyr25mae75,EWO,AMEX:EWO,15m,Swing 15m,LONG,Pyramid Add,2026-02-27 12:45,1772214300000,37.9,Flip Short,2026-03-25 10:15,1774448100000,35.3,55,2084.5,206,-147.03,-7.0463,0,0,244.08,11.6978,4.03,2026-07-25T17:32:02.839Z
pyr25mae75|EWO|15m|1774881900000|1775061000000,pyr25mae75,EWO,AMEX:EWO,15m,Swing 15m,LONG,Swing Low,2026-03-30 10:45,1774881900000,34.31,Flip Short,2026-04-01 12:30,1775061000000,36.09,229,7856.99,14,391.5,4.9778,399.76,5.0829,19.31,0.2455,16.12,2026-07-25T17:32:02.839Z
pyr25mae75|EWO|15m|1776966300000|1778179500000,pyr25mae75,EWO,AMEX:EWO,15m,Swing 15m,LONG,Swing Low,2026-04-23 13:45,1776966300000,38.21,Flip Short,2026-05-07 14:45,1778179500000,39.65,212,8100.52,50,288.77,3.5613,407.42,5.0245,8.1,0.0999,16.51,2026-07-25T17:32:02.839Z
pyr25mae75|EWO|15m|1779214500000|1779371100000,pyr25mae75,EWO,AMEX:EWO,15m,Swing 15m,LONG,Swing Low,2026-05-19 14:15,1779214500000,38.83,Flip Short,2026-05-21 09:45,1779371100000,39.34,216,8387.28,10,93.28,1.111,164.41,1.9583,12.71,0.1514,16.88,2026-07-25T17:32:02.839Z
pyr25mae75|EWO|15m|1780678800000|1781251200000,pyr25mae75,EWO,AMEX:EWO,15m,Swing 15m,LONG,Swing Low,2026-06-05 13:00,1780678800000,40.24,Flip Short,2026-06-12 04:00,1781251200000,41.5,209,8410.16,37,246.26,2.9252,254.93,3.0282,129.63,1.5398,17.08,2026-07-25T17:32:02.839Z
pyr25mae75|EWO|15m|1781022600000|1781251200000,pyr25mae75,EWO,AMEX:EWO,15m,Swing 15m,LONG,Pyramid Add,2026-06-09 12:30,1781022600000,39.75,Flip Short,2026-06-12 04:00,1781251200000,41.5,52,2067,17,86.78,4.1939,88.93,4.2982,6.75,0.3261,4.22,2026-07-25T17:32:02.839Z
pyr25mae75|EWO|15m|1782225900000|1783001700000,pyr25mae75,EWO,AMEX:EWO,15m,Swing 15m,LONG,Swing Low,2026-06-23 10:45,1782225900000,42.38,Flip Short,2026-07-02 10:15,1783001700000,42.63,205,8687.9,72,33.82,0.3889,50.76,0.5837,207.54,2.3864,17.43,2026-07-25T17:32:02.839Z
pyr25mae75|EWO|15m|1782311400000|1783001700000,pyr25mae75,EWO,AMEX:EWO,15m,Swing 15m,LONG,Pyramid Add,2026-06-24 10:30,1782311400000,41.95,Flip Short,2026-07-02 10:15,1783001700000,42.63,51,2139.45,63,30.37,1.4179,33.05,1.5433,29.68,1.3859,4.31,2026-07-25T17:32:02.839Z
pyr25mae75|EWO|15m|1783523700000|1784545200000,pyr25mae75,EWO,AMEX:EWO,15m,Swing 15m,LONG,Swing Low,2026-07-08 11:15,1783523700000,41.62,Flip Short,2026-07-20 07:00,1784545200000,41.72,210,8740.2,90,3.5,0.04,877.46,10.0293,107.44,1.228,17.5,2026-07-25T17:32:02.839Z
pyr25mae75|EWO|15m|1784295900000|1784545200000,pyr25mae75,EWO,AMEX:EWO,15m,Swing 15m,LONG,Pyramid Add,2026-07-17 09:45,1784295900000,41.49,Flip Short,2026-07-20 07:00,1784545200000,41.72,52,2157.48,8,7.63,0.3534,224.04,10.3741,3.2,0.1481,4.33,2026-07-25T17:32:02.839Z
pyr25mae75|FAS|15m|1779805800000|1780065900000,pyr25mae75,FAS,AMEX:FAS,15m,Swing 15m,LONG,Swing Low,2026-05-26 10:30,1779805800000,134.26,Flip Short,2026-05-29 10:45,1780065900000,131.47,56,7518.56,140,-171.12,-2.2737,81.52,1.0832,364.8,4.8471,14.88,2026-07-25T17:32:08.703Z
pyr25mae75|FAS|15m|1780326000000|1780425900000,pyr25mae75,FAS,AMEX:FAS,15m,Swing 15m,LONG,Swing Low,2026-06-01 11:00,1780326000000,129.23,Flip Short,2026-06-02 14:45,1780425900000,132.19,57,7366.11,57,153.82,2.0861,179.02,2.4279,113.39,1.5378,14.9,2026-07-25T17:32:08.703Z
pyr25mae75|FAS|15m|1780494300000|1780572600000,pyr25mae75,FAS,AMEX:FAS,15m,Swing 15m,LONG,Swing Low,2026-06-03 09:45,1780494300000,127.42,Flip Short,2026-06-04 07:30,1780572600000,129.78,59,7517.78,41,124.07,1.6486,131.72,1.7504,218.15,2.8989,15.17,2026-07-25T17:32:08.703Z
pyr25mae75|FAS|15m|1780938900000|1781012700000,pyr25mae75,FAS,AMEX:FAS,15m,Swing 15m,LONG,Swing Low,2026-06-08 13:15,1780938900000,135.02,Flip Short,2026-06-09 09:45,1781012700000,138.78,56,7561.12,27,195.23,2.5794,215.88,2.8523,64.68,0.8546,15.33,2026-07-25T17:32:08.703Z
pyr25mae75|FAS|15m|1781122500000|1781199900000,pyr25mae75,FAS,AMEX:FAS,15m,Swing 15m,LONG,Swing Low,2026-06-10 16:15,1781122500000,135.89,Flip Short,2026-06-11 13:45,1781199900000,139.91,57,7745.73,34,213.42,2.7526,237.92,3.0686,68.17,0.8792,15.72,2026-07-25T17:32:08.703Z
pyr25mae75|FAS|15m|1781723700000|1782233100000,pyr25mae75,FAS,AMEX:FAS,15m,Swing 15m,LONG,Swing Low,2026-06-17 15:15,1781723700000,151.71,Flip Short,2026-06-23 12:45,1782233100000,150.58,52,7888.92,128,-74.48,-0.9432,163.19,2.0665,336.01,4.255,15.72,2026-07-25T17:32:08.703Z
pyr25mae75|FAS|15m|1781796600000|1782233100000,pyr25mae75,FAS,AMEX:FAS,15m,Swing 15m,LONG,Pyramid Add,2026-06-18 11:30,1781796600000,149.21,Flip Short,2026-06-23 12:45,1782233100000,150.58,13,1939.73,92,13.91,0.7165,24.97,1.286,51.47,2.6508,3.9,2026-07-25T17:32:08.703Z
pyr25mae75|FAS|15m|1782408600000|1782741600000,pyr25mae75,FAS,AMEX:FAS,15m,Swing 15m,LONG,Swing Low,2026-06-25 13:30,1782408600000,147.55,Flip Short,2026-06-29 10:00,1782741600000,149.26,53,7820.15,67,74.9,0.9568,127.86,1.6334,190.14,2.429,15.73,2026-07-25T17:32:08.703Z
pyr25mae75|FAS|15m|1782481500000|1782741600000,pyr25mae75,FAS,AMEX:FAS,15m,Swing 15m,LONG,Pyramid Add,2026-06-26 09:45,1782481500000,144.34,Flip Short,2026-06-29 10:00,1782741600000,149.26,13,1876.42,37,60.14,3.202,73.13,3.8936,4.87,0.2591,3.82,2026-07-25T17:32:08.703Z
pyr25mae75|FAS|15m|1782827100000|1782913500000,pyr25mae75,FAS,AMEX:FAS,15m,Swing 15m,LONG,Swing Low,2026-06-30 09:45,1782827100000,146.69,Flip Short,2026-07-01 09:45,1782913500000,150.43,54,7921.26,40,185.92,2.3447,194.04,2.4471,17.64,0.2225,16.04,2026-07-25T17:32:08.703Z
pyr25mae75|FAS|15m|1783455300000|1783614600000,pyr25mae75,FAS,AMEX:FAS,15m,Swing 15m,LONG,Swing Low,2026-07-07 16:15,1783455300000,167.39,Flip Short,2026-07-09 12:30,1783614600000,163.59,48,8034.72,83,-198.29,-2.4654,8.77,0.109,473.15,5.883,15.89,2026-07-25T17:32:08.703Z
pyr25mae75|FAS|15m|1783501200000|1783614600000,pyr25mae75,FAS,AMEX:FAS,15m,Swing 15m,LONG,Pyramid Add,2026-07-08 05:00,1783501200000,163.45,Flip Short,2026-07-09 12:30,1783614600000,163.59,12,1961.4,72,-2.24,-0.1143,26.84,1.367,70.96,3.6143,3.92,2026-07-25T17:32:08.703Z
pyr25mae75|FAS|15m|1784295900000|1784296800000,pyr25mae75,FAS,AMEX:FAS,15m,Swing 15m,LONG,Swing Low,2026-07-17 09:45,1784295900000,172.56,Flip Short,2026-07-17 10:00,1784296800000,173.11,46,7937.76,1,9.4,0.1183,95.1,1.1969,8.4,0.1057,15.9,2026-07-25T17:32:08.703Z
pyr25mae75|FAS|15m|1784313000000|1784905200000,pyr25mae75,FAS,AMEX:FAS,15m,Swing 15m,LONG,Swing Low,2026-07-17 14:30,1784313000000,168.42,Flip Short,2026-07-24 11:00,1784905200000,167.1,47,7915.74,171,-77.81,-0.982,75.74,0.9559,337.39,4.258,15.77,2026-07-25T17:32:08.703Z
pyr25mae75|FAS|15m|1784558700000|1784905200000,pyr25mae75,FAS,AMEX:FAS,15m,Swing 15m,LONG,Pyramid Add,2026-07-20 10:45,1784558700000,167.19,Flip Short,2026-07-24 11:00,1784905200000,167.1,11,1839.09,144,-4.67,-0.2535,18.62,1.0115,65.42,3.5536,3.68,2026-07-25T17:32:08.703Z
pyr25mae75|WTAI|15m|1777379400000|1777469400000,pyr25mae75,WTAI,CBOE:WTAI,15m,Swing 15m,LONG,Swing Low,2026-04-28 08:30,1777379400000,34.61,Flip Short,2026-04-29 09:30,1777469400000,34.73,217,7510.37,26,10.99,0.1462,270.25,3.5948,111.67,1.4854,15.05,2026-07-25T17:32:14.528Z
pyr25mae75|WTAI|15m|1778593500000|1778689800000,pyr25mae75,WTAI,CBOE:WTAI,15m,Swing 15m,LONG,Swing Low,2026-05-12 09:45,1778593500000,40.46,Flip Short,2026-05-13 12:30,1778689800000,41.13,187,7566.02,42,110.03,1.4528,130.81,1.7272,299.29,3.9517,15.26,2026-07-25T17:32:14.528Z
pyr25mae75|WTAI|15m|1778841000000|1779284700000,pyr25mae75,WTAI,CBOE:WTAI,15m,Swing 15m,LONG,Swing Low,2026-05-15 06:30,1778841000000,41.38,Flip Short,2026-05-20 09:45,1779284700000,40,189,7820.82,93,-276.2,-3.5281,33.76,0.4312,574.82,7.3425,15.38,2026-07-25T17:32:14.528Z
pyr25mae75|WTAI|15m|1779198300000|1779284700000,pyr25mae75,WTAI,CBOE:WTAI,15m,Swing 15m,LONG,Pyramid Add,2026-05-19 09:45,1779198300000,39.09,Flip Short,2026-05-20 09:45,1779284700000,40,47,1837.23,29,39.05,2.1235,40.93,2.2257,35.21,1.9144,3.72,2026-07-25T17:32:14.528Z
pyr25mae75|WTAI|15m|1780495200000|1781000100000,pyr25mae75,WTAI,CBOE:WTAI,15m,Swing 15m,LONG,Swing Low,2026-06-03 10:00,1780495200000,46.18,Flip Short,2026-06-09 06:15,1781000100000,43.62,162,7481.16,124,-429.27,-5.7322,101.06,1.3495,752.68,10.051,14.55,2026-07-25T17:32:14.528Z
pyr25mae75|WTAI|15m|1780580700000|1781000100000,pyr25mae75,WTAI,CBOE:WTAI,15m,Swing 15m,LONG,Pyramid Add,2026-06-04 09:45,1780580700000,44.51,Flip Short,2026-06-09 06:15,1781000100000,43.62,40,1780.4,90,-39.13,-2.1954,69.82,3.9177,118.98,6.6761,3.53,2026-07-25T17:32:14.528Z
pyr25mae75|WTAI|15m|1781020800000|1781199900000,pyr25mae75,WTAI,CBOE:WTAI,15m,Swing 15m,LONG,Swing Low,2026-06-09 12:00,1781020800000,41.56,Flip Short,2026-06-11 13:45,1781199900000,43.23,172,7148.32,68,272.66,3.8105,280.09,3.9144,211.83,2.9604,14.58,2026-07-25T17:32:14.528Z
pyr25mae75|WTAI|15m|1781638200000|1781790300000,pyr25mae75,WTAI,CBOE:WTAI,15m,Swing 15m,LONG,Swing Low,2026-06-16 15:30,1781638200000,45.35,Flip Short,2026-06-18 09:45,1781790300000,46.59,162,7346.7,38,185.99,2.529,229.17,3.1163,86.73,1.1793,14.89,2026-07-25T17:32:14.528Z
pyr25mae75|WTAI|15m|1782212400000|1782340200000,pyr25mae75,WTAI,CBOE:WTAI,15m,Swing 15m,LONG,Swing Low,2026-06-23 07:00,1782212400000,45.98,Flip Short,2026-06-24 18:30,1782340200000,46.19,159,7310.82,70,18.73,0.256,391.78,5.3535,341.21,4.6625,14.66,2026-07-25T17:32:14.528Z
pyr25mae75|WTAI|15m|1782311400000|1782340200000,pyr25mae75,WTAI,CBOE:WTAI,15m,Swing 15m,LONG,Pyramid Add,2026-06-24 10:30,1782311400000,44.92,Flip Short,2026-06-24 18:30,1782340200000,46.19,39,1751.88,25,45.98,2.6218,137.48,7.8396,42.31,2.4128,3.55,2026-07-25T17:32:14.528Z
pyr25mae75|WTAI|15m|1782741600000|1782827100000,pyr25mae75,WTAI,CBOE:WTAI,15m,Swing 15m,LONG,Swing Low,2026-06-29 10:00,1782741600000,44.02,Flip Short,2026-06-30 09:45,1782827100000,46.41,171,7527.42,27,393.23,5.2187,401.16,5.324,132.36,1.7566,15.46,2026-07-25T17:32:14.528Z
pyr25mae75|WTAI|15m|1782999900000|1783539000000,pyr25mae75,WTAI,CBOE:WTAI,15m,Swing 15m,LONG,Swing Low,2026-07-02 09:45,1782999900000,44.65,Flip Short,2026-07-08 15:30,1783539000000,42.38,175,7813.75,105,-412.48,-5.2736,77.94,0.9964,634.31,8.1098,15.23,2026-07-25T17:32:14.528Z
pyr25mae75|WTAI|15m|1783005300000|1783539000000,pyr25mae75,WTAI,CBOE:WTAI,15m,Swing 15m,LONG,Pyramid Add,2026-07-02 11:15,1783005300000,43.13,Flip Short,2026-07-08 15:30,1783539000000,42.38,43,1854.59,99,-35.93,-1.9353,58.35,3.1429,90.43,4.8714,3.68,2026-07-25T17:32:14.528Z
pyr25mae75|WTAI|15m|1783948500000|1784123100000,pyr25mae75,WTAI,CBOE:WTAI,15m,Swing 15m,LONG,Swing Low,2026-07-13 09:15,1783948500000,42.43,Flip Short,2026-07-15 09:45,1784123100000,42.48,175,7425.25,60,-6.11,-0.0822,143.07,1.9249,178.93,2.4073,14.86,2026-07-25T17:32:14.528Z
pyr25mae75|WTAI|15m|1784126700000|1784555100000,pyr25mae75,WTAI,CBOE:WTAI,15m,Swing 15m,LONG,Swing Low,2026-07-15 10:45,1784126700000,41.62,Flip Short,2026-07-20 09:45,1784555100000,40.65,180,7491.6,88,-189.41,-2.5258,60.91,0.8122,678.89,9.053,14.81,2026-07-25T17:32:14.528Z
pyr25mae75|WTAI|15m|1784210400000|1784555100000,pyr25mae75,WTAI,CBOE:WTAI,15m,Swing 15m,LONG,Pyramid Add,2026-07-16 10:00,1784210400000,40.49,Flip Short,2026-07-20 09:45,1784555100000,40.65,45,1822.05,60,3.55,0.1946,13.48,0.739,118.82,6.5148,3.65,2026-07-25T17:32:14.528Z
pyr25mae75|WTAI|15m|1784813400000|1784923200000,pyr25mae75,WTAI,CBOE:WTAI,15m,Swing 15m,LONG,Swing Low,2026-07-23 09:30,1784813400000,40.63,,2026-07-24 16:00,1784923200000,38.91,181,7354.03,48,-325.72,-4.4247,122.97,1.6704,347.63,4.7224,7.35,2026-07-25T17:32:14.528Z
pyr25mae75|DUSL|15m|1765374300000|1766426400000,pyr25mae75,DUSL,AMEX:DUSL,15m,Swing 15m,LONG,Swing Low,2025-12-10 08:45,1765374300000,66,Flip Short,2025-12-22 13:00,1766426400000,70.11,116,7656,109,460.97,6.015,648.9,8.4673,120.18,1.5681,15.79,2026-07-25T17:32:20.520Z
pyr25mae75|DUSL|15m|1767024900000|1767385800000,pyr25mae75,DUSL,AMEX:DUSL,15m,Swing 15m,LONG,Swing Low,2025-12-29 11:15,1767024900000,69.44,Flip Short,2026-01-02 15:30,1767385800000,71,114,7916.16,34,161.83,2.0423,169.92,2.1444,233.64,2.9484,16.01,2026-07-25T17:32:20.520Z
pyr25mae75|DUSL|15m|1767818700000|1768250700000,pyr25mae75,DUSL,AMEX:DUSL,15m,Swing 15m,LONG,Swing Low,2026-01-07 15:45,1767818700000,72.35,Flip Short,2026-01-12 15:45,1768250700000,77.87,111,8030.85,36,596.05,7.4145,604.69,7.5221,28.01,0.3484,16.67,2026-07-25T17:32:20.520Z
pyr25mae75|DUSL|15m|1768941000000|1769697900000,pyr25mae75,DUSL,AMEX:DUSL,15m,Swing 15m,LONG,Swing Low,2026-01-20 15:30,1768941000000,78.17,Flip Short,2026-01-29 09:45,1769697900000,81.82,109,8520.53,84,380.41,4.4602,524.49,6.1494,70.65,0.8284,17.44,2026-07-25T17:32:20.520Z
pyr25mae75|DUSL|15m|1770381900000|1770389100000,pyr25mae75,DUSL,AMEX:DUSL,15m,Swing 15m,LONG,Swing Low,2026-02-06 07:45,1770381900000,84.92,Flip Short,2026-02-06 09:45,1770389100000,88.72,109,9256.28,2,395.27,4.2661,480.15,5.1821,9.26,0.0999,18.93,2026-07-25T17:32:20.520Z
pyr25mae75|DUSL|15m|1770915600000|1771509600000,pyr25mae75,DUSL,AMEX:DUSL,15m,Swing 15m,LONG,Swing Low,2026-02-12 12:00,1770915600000,92,Flip Short,2026-02-19 09:00,1771509600000,94.7,98,9016,46,246.3,2.7291,434.92,4.8191,252.06,2.7929,18.3,2026-07-25T17:32:20.520Z
pyr25mae75|DUSL|15m|1770921900000|1771509600000,pyr25mae75,DUSL,AMEX:DUSL,15m,Swing 15m,LONG,Pyramid Add,2026-02-12 13:45,1770921900000,92.07,Flip Short,2026-02-19 09:00,1771509600000,94.7,24,2209.68,41,58.64,2.651,104.83,4.7394,63.41,2.8668,4.48,2026-07-25T17:32:20.520Z
pyr25mae75|DUSL|15m|1771871400000|1772023500000,pyr25mae75,DUSL,AMEX:DUSL,15m,Swing 15m,LONG,Swing Low,2026-02-23 13:30,1771871400000,94.43,Flip Short,2026-02-25 07:45,1772023500000,99.63,99,9348.57,21,495.59,5.2959,505.45,5.4013,86.57,0.9251,19.21,2026-07-25T17:32:20.520Z
pyr25mae75|DUSL|15m|1772549100000|1773165600000,pyr25mae75,DUSL,AMEX:DUSL,15m,Swing 15m,LONG,Swing Low,2026-03-03 09:45,1772549100000,92.62,Flip Short,2026-03-10 14:00,1773165600000,88,103,9539.86,109,-494.46,-5.178,379.8,3.9772,1288.8,13.4961,18.6,2026-07-25T17:32:20.520Z
pyr25mae75|DUSL|15m|1772551800000|1773165600000,pyr25mae75,DUSL,AMEX:DUSL,15m,Swing 15m,LONG,Pyramid Add,2026-03-03 10:30,1772551800000,90.28,Flip Short,2026-03-10 14:00,1773165600000,88,25,2257,106,-61.46,-2.7202,150.74,6.6722,254.26,11.254,4.46,2026-07-25T17:32:20.520Z
pyr25mae75|DUSL|15m|1773327600000|1774446300000,pyr25mae75,DUSL,AMEX:DUSL,15m,Swing 15m,LONG,Swing Low,2026-03-12 11:00,1773327600000,80.05,Flip Short,2026-03-25 09:45,1774446300000,78.92,116,9285.8,90,-149.52,-1.6086,132.23,1.4226,986.01,10.6078,18.44,2026-07-25T17:32:20.520Z
pyr25mae75|DUSL|15m|1773412200000|1774446300000,pyr25mae75,DUSL,AMEX:DUSL,15m,Swing 15m,LONG,Pyramid Add,2026-03-13 10:30,1773412200000,77.75,Flip Short,2026-03-25 09:45,1774446300000,78.92,29,2254.75,76,29.39,1.302,97.8,4.333,179.73,7.9634,4.54,2026-07-25T17:32:20.520Z
pyr25mae75|DUSL|15m|1774620000000|1775050200000,pyr25mae75,DUSL,AMEX:DUSL,15m,Swing 15m,LONG,Swing Low,2026-03-27 10:00,1774620000000,71.79,Flip Short,2026-04-01 09:30,1775050200000,75.46,129,9260.91,36,454.43,4.9021,701.53,7.5676,743.27,8.0179,19,2026-07-25T17:32:20.520Z
pyr25mae75|DUSL|15m|1774878300000|1775050200000,pyr25mae75,DUSL,AMEX:DUSL,15m,Swing 15m,LONG,Pyramid Add,2026-03-30 09:45,1774878300000,69.1,Flip Short,2026-04-01 09:30,1775050200000,75.46,32,2211.2,26,198.89,8.9859,260.19,11.7551,98.21,4.4371,4.63,2026-07-25T17:32:20.520Z
pyr25mae75|DUSL|15m|1776269700000|1776436200000,pyr25mae75,DUSL,AMEX:DUSL,15m,Swing 15m,LONG,Swing Low,2026-04-15 12:15,1776269700000,84.53,Flip Short,2026-04-17 10:30,1776436200000,91.34,114,9636.42,24,756.29,7.8404,766.7,7.9484,9.64,0.0999,20.05,2026-07-25T17:32:20.520Z
pyr25mae75|DUSL|15m|1777384800000|1777637700000,pyr25mae75,DUSL,AMEX:DUSL,15m,Swing 15m,LONG,Swing Low,2026-04-28 10:00,1777384800000,84.1,Flip Short,2026-05-01 08:15,1777637700000,91.19,121,10176.1,22,836.68,8.2138,847.71,8.3221,300.58,2.9508,21.21,2026-07-25T17:32:20.520Z
pyr25mae75|DUSL|15m|1777502700000|1777637700000,pyr25mae75,DUSL,AMEX:DUSL,15m,Swing 15m,LONG,Pyramid Add,2026-04-29 18:45,1777502700000,82.87,Flip Short,2026-05-01 08:15,1777637700000,91.19,30,2486.1,11,244.38,9.82,247.11,9.9299,30.39,1.221,5.22,2026-07-25T17:32:20.520Z
pyr25mae75|DUSL|15m|1778500800000|1779471000000,pyr25mae75,DUSL,AMEX:DUSL,15m,Swing 15m,LONG,Swing Low,2026-05-11 08:00,1778500800000,88.14,Flip Short,2026-05-22 13:30,1779471000000,86.01,127,11193.78,82,-292.63,-2.6116,292.34,2.609,1029.73,9.19,22.12,2026-07-25T17:32:20.520Z
pyr25mae75|DUSL|15m|1778852700000|1779471000000,pyr25mae75,DUSL,AMEX:DUSL,15m,Swing 15m,LONG,Pyramid Add,2026-05-15 09:45,1778852700000,85.2,Flip Short,2026-05-22 13:30,1779471000000,86.01,31,2641.2,52,19.8,0.749,22.47,0.8499,160.12,6.0564,5.31,2026-07-25T17:32:20.520Z
pyr25mae75|DUSL|15m|1780326000000|1780499700000,pyr25mae75,DUSL,AMEX:DUSL,15m,Swing 15m,LONG,Swing Low,2026-06-01 11:00,1780326000000,83.24,Flip Short,2026-06-03 11:15,1780499700000,90.75,131,10904.44,18,961.02,8.8043,1005.66,9.2132,10.9,0.0999,22.79,2026-07-25T17:32:20.520Z
pyr25mae75|DUSL|15m|1781021700000|1781521200000,pyr25mae75,DUSL,AMEX:DUSL,15m,Swing 15m,LONG,Swing Low,2026-06-09 12:15,1781021700000,85.1,Flip Short,2026-06-15 07:00,1781521200000,92.4,134,11403.4,44,954.41,8.3612,1218.72,10.6766,515.24,4.5138,23.79,2026-07-25T17:32:20.520Z
pyr25mae75|DUSL|15m|1781109900000|1781521200000,pyr25mae75,DUSL,AMEX:DUSL,15m,Swing 15m,LONG,Pyramid Add,2026-06-10 12:45,1781109900000,83.2,Flip Short,2026-06-15 07:00,1781521200000,92.4,33,2745.6,33,297.81,10.8358,362.89,13.2041,64.13,2.3332,5.79,2026-07-25T17:32:20.520Z
pyr25mae75|DUSL|15m|1782227700000|1782395100000,pyr25mae75,DUSL,AMEX:DUSL,15m,Swing 15m,LONG,Swing Low,2026-06-23 11:15,1782227700000,95.01,Flip Short,2026-06-25 09:45,1782395100000,102.17,135,12826.35,19,939.98,7.3212,1079.32,8.4065,216.68,1.6876,26.62,2026-07-25T17:32:20.520Z
pyr25mae75|DUSL|15m|1783433700000|1784814300000,pyr25mae75,DUSL,AMEX:DUSL,15m,Swing 15m,LONG,Swing Low,2026-07-07 10:15,1783433700000,97.75,Flip Short,2026-07-23 09:45,1784814300000,99.62,134,13098.5,103,224.13,1.7094,240.16,1.8317,810.4,6.1808,26.45,2026-07-25T17:32:20.520Z
pyr25mae75|DUSL|15m|1783528200000|1784814300000,pyr25mae75,DUSL,AMEX:DUSL,15m,Swing 15m,LONG,Pyramid Add,2026-07-08 12:30,1783528200000,95.24,Flip Short,2026-07-23 09:45,1784814300000,99.62,33,3142.92,89,138.11,4.3899,142.06,4.5154,116.66,3.7082,6.43,2026-07-25T17:32:20.520Z
pyr25mae75|EDC|15m|1775133900000|1775599200000,pyr25mae75,EDC,AMEX:EDC,15m,Swing 15m,LONG,Swing Low,2026-04-02 08:45,1775133900000,52.8,Flip Short,2026-04-07 18:00,1775599200000,57.76,146,7708.8,54,708.02,9.1754,716.45,9.2847,124.51,1.6135,16.14,2026-07-25T17:32:26.325Z
pyr25mae75|EDC|15m|1776783600000|1777031100000,pyr25mae75,EDC,AMEX:EDC,15m,Swing 15m,LONG,Swing Low,2026-04-21 11:00,1776783600000,74.28,Flip Short,2026-04-24 07:45,1777031100000,76.1,109,8096.52,57,181.99,2.2455,233.88,2.8858,435.38,5.372,16.39,2026-07-25T17:32:26.325Z
pyr25mae75|EDC|15m|1777388400000|1777575600000,pyr25mae75,EDC,AMEX:EDC,15m,Swing 15m,LONG,Swing Low,2026-04-28 11:00,1777388400000,73.85,Flip Short,2026-04-30 15:00,1777575600000,77.5,112,8271.2,39,391.85,4.7328,400.53,4.8376,113.55,1.3715,16.95,2026-07-25T17:32:26.325Z
pyr25mae75|EDC|15m|1778573700000|1778687100000,pyr25mae75,EDC,AMEX:EDC,15m,Swing 15m,LONG,Swing Low,2026-05-12 04:15,1778573700000,86.32,Flip Short,2026-05-13 11:45,1778687100000,89.16,98,8459.36,49,261.12,3.0837,309.06,3.6498,556.28,6.5693,17.2,2026-07-25T17:32:26.325Z
pyr25mae75|EDC|15m|1778596200000|1778687100000,pyr25mae75,EDC,AMEX:EDC,15m,Swing 15m,LONG,Pyramid Add,2026-05-12 10:30,1778596200000,84,Flip Short,2026-05-13 11:45,1778687100000,89.16,24,2016,37,119.68,5.9308,131.42,6.5125,80.5,3.9889,4.16,2026-07-25T17:32:26.325Z
pyr25mae75|EDC|15m|1778836500000|1779288300000,pyr25mae75,EDC,AMEX:EDC,15m,Swing 15m,LONG,Swing Low,2026-05-15 05:15,1778836500000,80.86,Flip Short,2026-05-20 10:45,1779288300000,80.88,106,8571.16,90,-15.02,-0.1751,299.89,3.4953,644.57,7.5127,17.14,2026-07-25T17:32:26.325Z
pyr25mae75|EDC|15m|1779129000000|1779288300000,pyr25mae75,EDC,AMEX:EDC,15m,Swing 15m,LONG,Pyramid Add,2026-05-18 14:30,1779129000000,78.75,Flip Short,2026-05-20 10:45,1779288300000,80.88,26,2047.5,41,51.23,2.4996,53.33,2.6022,103.19,5.0346,4.15,2026-07-25T17:32:26.325Z
pyr25mae75|EDC|15m|1779975000000|1780306200000,pyr25mae75,EDC,AMEX:EDC,15m,Swing 15m,LONG,Swing Low,2026-05-28 09:30,1779975000000,89.74,Flip Short,2026-06-01 05:30,1780306200000,98.28,100,8974,45,835.2,9.2976,845.03,9.407,75.97,0.8458,18.8,2026-07-25T17:32:26.325Z
pyr25mae75|EDC|15m|1780570800000|1781199900000,pyr25mae75,EDC,AMEX:EDC,15m,Swing 15m,LONG,Swing Low,2026-06-04 07:00,1780570800000,92.21,Flip Short,2026-06-11 13:45,1781199900000,84.4,101,9313.21,129,-806.65,-8.6527,366.41,3.9303,1761.66,18.8969,17.84,2026-07-25T17:32:26.325Z
pyr25mae75|EDC|15m|1780660800000|1781199900000,pyr25mae75,EDC,AMEX:EDC,15m,Swing 15m,LONG,Pyramid Add,2026-06-05 08:00,1780660800000,88.5,Flip Short,2026-06-11 13:45,1781199900000,84.4,25,2212.5,106,-106.82,-4.8233,10.29,0.4645,343.21,15.4969,4.32,2026-07-25T17:32:26.325Z
pyr25mae75|EDC|15m|1781730900000|1781788500000,pyr25mae75,EDC,AMEX:EDC,15m,Swing 15m,LONG,Swing Low,2026-06-17 17:15,1781730900000,91.68,Flip Short,2026-06-18 09:15,1781788500000,97.98,96,8801.28,6,586.59,6.6582,596,6.765,8.8,0.0999,18.21,2026-07-25T17:32:26.325Z
pyr25mae75|EDC|15m|1782212400000|1782394200000,pyr25mae75,EDC,AMEX:EDC,15m,Swing 15m,LONG,Swing Low,2026-06-23 07:00,1782212400000,88.12,Flip Short,2026-06-25 09:30,1782394200000,91,106,9340.72,52,286.29,3.0619,295.94,3.1651,605.06,6.4712,18.99,2026-07-25T17:32:26.325Z
pyr25mae75|EDC|15m|1782222300000|1782394200000,pyr25mae75,EDC,AMEX:EDC,15m,Swing 15m,LONG,Pyramid Add,2026-06-23 09:45,1782222300000,86.57,Flip Short,2026-06-25 09:30,1782394200000,91,26,2250.82,45,110.56,4.9072,112.93,5.0122,108.07,4.7966,4.62,2026-07-25T17:32:26.325Z
pyr25mae75|EDC|15m|1782472500000|1782837900000,pyr25mae75,EDC,AMEX:EDC,15m,Swing 15m,LONG,Swing Low,2026-06-26 07:15,1782472500000,82.08,Flip Short,2026-06-30 12:45,1782837900000,88.56,116,9521.28,40,731.89,7.6792,742.16,7.7869,257.76,2.7045,19.79,2026-07-25T17:32:26.325Z
pyr25mae75|EDC|15m|1782936900000|1783346400000,pyr25mae75,EDC,AMEX:EDC,15m,Swing 15m,LONG,Swing Low,2026-07-01 16:15,1782936900000,81.1,Flip Short,2026-07-06 10:00,1783346400000,84.99,124,10056.4,38,461.76,4.5872,472.3,4.6919,741.66,7.3676,20.6,2026-07-25T17:32:26.325Z
pyr25mae75|EDC|15m|1783010700000|1783346400000,pyr25mae75,EDC,AMEX:EDC,15m,Swing 15m,LONG,Pyramid Add,2026-07-02 12:45,1783010700000,77.02,Flip Short,2026-07-06 10:00,1783346400000,84.99,31,2387.62,17,242.05,10.1275,244.68,10.2377,58.81,2.4606,5.02,2026-07-25T17:32:26.325Z
pyr25mae75|EDC|15m|1783499400000|1783602000000,pyr25mae75,EDC,AMEX:EDC,15m,Swing 15m,LONG,Swing Low,2026-07-08 04:30,1783499400000,75,Flip Short,2026-07-09 09:00,1783602000000,81,139,10425,29,812.32,7.7842,823.58,7.8921,188.34,1.8049,21.68,2026-07-25T17:32:26.325Z
pyr25mae75|EDC|15m|1783933200000|1784043900000,pyr25mae75,EDC,AMEX:EDC,15m,Swing 15m,LONG,Swing Low,2026-07-13 05:00,1783933200000,76,Flip Short,2026-07-14 11:45,1784043900000,76.76,149,11324,48,90.48,0.7982,197.28,1.7404,437.46,3.8593,22.76,2026-07-25T17:32:26.325Z
pyr25mae75|EDC|15m|1783971000000|1784043900000,pyr25mae75,EDC,AMEX:EDC,15m,Swing 15m,LONG,Pyramid Add,2026-07-13 15:30,1783971000000,73.22,Flip Short,2026-07-14 11:45,1784043900000,76.76,37,2709.14,15,125.43,4.6253,151.95,5.6032,2.71,0.0999,5.55,2026-07-25T17:32:26.325Z
pyr25mae75|EDC|15m|1784202300000|1784631600000,pyr25mae75,EDC,AMEX:EDC,15m,Swing 15m,LONG,Swing Low,2026-07-16 07:45,1784202300000,73.28,Flip Short,2026-07-21 07:00,1784631600000,75.4,156,11431.68,82,307.53,2.6874,319.29,2.7902,1345.23,11.7558,23.19,2026-07-25T17:32:26.325Z
pyr25mae75|EDC|15m|1784286900000|1784631600000,pyr25mae75,EDC,AMEX:EDC,15m,Swing 15m,LONG,Pyramid Add,2026-07-17 07:15,1784286900000,66.7,Flip Short,2026-07-21 07:00,1784631600000,75.4,39,2601.3,56,333.76,12.8176,336.7,12.9305,79.43,3.0505,5.54,2026-07-25T17:32:26.325Z
pyr25mae75|EDC|15m|1784819700000|1784924100000,pyr25mae75,EDC,AMEX:EDC,15m,Swing 15m,LONG,Swing Low,2026-07-23 11:15,1784819700000,71.45,,2026-07-24 16:15,1784924100000,68.55,166,11860.7,27,-504.64,-4.2505,268.68,2.263,511.52,4.3084,11.86,2026-07-25T17:32:26.325Z
pyr25mae75|URTY|15m|1779966000000|1779982200000,pyr25mae75,URTY,AMEX:URTY,15m,Swing 15m,LONG,Swing Low,2026-05-28 07:00,1779966000000,79.05,Flip Short,2026-05-28 11:30,1779982200000,81.34,96,7588.8,15,204.44,2.6913,227.61,2.9963,89.19,1.1741,15.4,2026-07-25T17:32:38.098Z
pyr25mae75|URTY|15m|1780319700000|1780407900000,pyr25mae75,URTY,AMEX:URTY,15m,Swing 15m,LONG,Swing Low,2026-06-01 09:15,1780319700000,78.85,Flip Short,2026-06-02 09:45,1780407900000,80.15,98,7727.3,51,111.82,1.4456,178.47,2.3073,218.43,2.8239,15.58,2026-07-25T17:32:38.098Z
pyr25mae75|URTY|15m|1780494300000|1780582500000,pyr25mae75,URTY,AMEX:URTY,15m,Swing 15m,LONG,Swing Low,2026-06-03 09:45,1780494300000,78.03,Flip Short,2026-06-04 10:15,1780582500000,79.49,100,7803,51,130.25,1.6675,145.2,1.8589,114.8,1.4698,15.75,2026-07-25T17:32:38.098Z
pyr25mae75|URTY|15m|1780668000000|1780931700000,pyr25mae75,URTY,AMEX:URTY,15m,Swing 15m,LONG,Swing Low,2026-06-05 10:00,1780668000000,76.14,Flip Short,2026-06-08 11:15,1780931700000,76.37,104,7918.56,57,8.06,0.1017,164.72,2.0781,549.76,6.9357,15.86,2026-07-25T17:32:38.098Z
pyr25mae75|URTY|15m|1780676100000|1780931700000,pyr25mae75,URTY,AMEX:URTY,15m,Swing 15m,LONG,Pyramid Add,2026-06-05 12:15,1780676100000,75.3,Flip Short,2026-06-08 11:15,1780931700000,76.37,26,1957.8,48,23.88,1.2183,28.46,1.4523,115.58,5.8976,3.94,2026-07-25T17:32:38.098Z
pyr25mae75|URTY|15m|1781019000000|1781099100000,pyr25mae75,URTY,AMEX:URTY,15m,Swing 15m,LONG,Swing Low,2026-06-09 11:30,1781019000000,72.75,Flip Short,2026-06-10 09:45,1781099100000,77.4,109,7929.75,47,490.48,6.1792,498.92,6.2855,377.44,4.755,16.37,2026-07-25T17:32:38.098Z
pyr25mae75|URTY|15m|1781022600000|1781099100000,pyr25mae75,URTY,AMEX:URTY,15m,Swing 15m,LONG,Pyramid Add,2026-06-09 12:30,1781022600000,70.93,Flip Short,2026-06-10 09:45,1781099100000,77.4,27,1915.11,43,170.69,8.9036,172.77,9.0127,44.31,2.3111,4,2026-07-25T17:32:38.098Z
pyr25mae75|URTY|15m|1781131500000|1781199000000,pyr25mae75,URTY,AMEX:URTY,15m,Swing 15m,LONG,Swing Low,2026-06-10 18:45,1781131500000,71.57,Flip Short,2026-06-11 13:30,1781199000000,77.64,118,8445.26,35,698.65,8.2645,707.81,8.3728,92.23,1.0909,17.61,2026-07-25T17:32:38.098Z
pyr25mae75|URTY|15m|1781620200000|1781711100000,pyr25mae75,URTY,AMEX:URTY,15m,Swing 15m,LONG,Swing Low,2026-06-16 10:30,1781620200000,82.4,Flip Short,2026-06-17 11:45,1781711100000,83.5,109,8981.6,50,101.82,1.1325,110.92,1.2337,212.81,2.3671,18.08,2026-07-25T17:32:38.098Z
pyr25mae75|URTY|15m|1781640000000|1781711100000,pyr25mae75,URTY,AMEX:URTY,15m,Swing 15m,LONG,Pyramid Add,2026-06-16 16:00,1781640000000,80.75,Flip Short,2026-06-17 11:45,1781711100000,83.5,27,2180.25,28,69.82,3.199,72.07,3.3023,8.12,0.3721,4.43,2026-07-25T17:32:38.098Z
pyr25mae75|URTY|15m|1781720100000|1781812800000,pyr25mae75,URTY,AMEX:URTY,15m,Swing 15m,LONG,Swing Low,2026-06-17 14:15,1781720100000,81.55,Flip Short,2026-06-18 16:00,1781812800000,83.66,112,9133.6,64,217.82,2.3824,256.31,2.8034,372.01,4.069,18.5,2026-07-25T17:32:38.098Z
pyr25mae75|URTY|15m|1781724600000|1781812800000,pyr25mae75,URTY,AMEX:URTY,15m,Swing 15m,LONG,Pyramid Add,2026-06-17 15:30,1781724600000,79.42,Flip Short,2026-06-18 16:00,1781812800000,83.66,28,2223.76,59,114.15,5.1282,123.78,5.5605,33.3,1.4961,4.57,2026-07-25T17:32:38.098Z
pyr25mae75|URTY|15m|1782203400000|1782312300000,pyr25mae75,URTY,AMEX:URTY,15m,Swing 15m,LONG,Swing Low,2026-06-23 04:30,1782203400000,81.55,Flip Short,2026-06-24 10:45,1782312300000,85.35,114,9296.7,70,414.17,4.4506,452.4,4.8614,86.82,0.9329,19.03,2026-07-25T17:32:38.098Z
pyr25mae75|URTY|15m|1782467100000|1782488700000,pyr25mae75,URTY,AMEX:URTY,15m,Swing 15m,LONG,Swing Low,2026-06-26 05:45,1782467100000,84.45,Flip Short,2026-06-26 11:45,1782488700000,86.8,114,9627.3,23,248.38,2.5774,283.35,2.9403,125.91,1.3065,19.52,2026-07-25T17:32:38.098Z
pyr25mae75|URTY|15m|1782742500000|1782828900000,pyr25mae75,URTY,AMEX:URTY,15m,Swing 15m,LONG,Swing Low,2026-06-29 10:15,1782742500000,82.58,Flip Short,2026-06-30 10:15,1782828900000,86.76,119,9827.02,40,477.27,4.8518,494.73,5.0294,16.97,0.1725,20.15,2026-07-25T17:32:38.098Z
pyr25mae75|URTY|15m|1782936900000|1783603800000,pyr25mae75,URTY,AMEX:URTY,15m,Swing 15m,LONG,Swing Low,2026-07-01 16:15,1782936900000,86.08,Flip Short,2026-07-09 09:30,1783603800000,82.7,119,10243.52,204,-422.3,-4.1185,318.2,3.1032,858.71,8.3746,20.08,2026-07-25T17:32:38.098Z
pyr25mae75|URTY|15m|1783005300000|1783603800000,pyr25mae75,URTY,AMEX:URTY,15m,Swing 15m,LONG,Pyramid Add,2026-07-02 11:15,1783005300000,84.34,Flip Short,2026-07-09 09:30,1783603800000,82.7,29,2445.86,174,-52.4,-2.1404,80.49,3.2877,158.76,6.4843,4.84,2026-07-25T17:32:38.098Z
pyr25mae75|URTY|15m|1783694700000|1784033100000,pyr25mae75,URTY,AMEX:URTY,15m,Swing 15m,LONG,Swing Low,2026-07-10 10:45,1783694700000,82.99,Flip Short,2026-07-14 08:45,1784033100000,83.64,119,9875.81,77,57.52,0.5819,324.51,3.2827,341.89,3.4584,19.83,2026-07-25T17:32:38.098Z
pyr25mae75|URTY|15m|1783953000000|1784033100000,pyr25mae75,URTY,AMEX:URTY,15m,Swing 15m,LONG,Pyramid Add,2026-07-13 10:30,1783953000000,82.14,Flip Short,2026-07-14 08:45,1784033100000,83.64,29,2382.06,38,38.69,1.6227,103.76,4.3515,58.64,2.4594,4.81,2026-07-25T17:32:38.098Z
pyr25mae75|URTY|15m|1784203200000|1784211300000,pyr25mae75,URTY,AMEX:URTY,15m,Swing 15m,LONG,Swing Low,2026-07-16 08:00,1784203200000,82.19,Flip Short,2026-07-16 10:15,1784211300000,84.52,122,10027.18,8,263.92,2.6294,287.65,2.8659,73.47,0.7319,20.34,2026-07-25T17:32:38.098Z
pyr25mae75|URTY|15m|1784276100000|1784547900000,pyr25mae75,URTY,AMEX:URTY,15m,Swing 15m,LONG,Swing Low,2026-07-17 04:15,1784276100000,80.89,Flip Short,2026-07-20 07:45,1784547900000,82.99,125,10111.25,47,242.01,2.3911,306.14,3.0247,183.86,1.8166,20.48,2026-07-25T17:32:38.098Z
pyr25mae75|URTY|15m|1784575800000|1784653200000,pyr25mae75,URTY,AMEX:URTY,15m,Swing 15m,LONG,Swing Low,2026-07-20 15:30,1784575800000,80.54,Flip Short,2026-07-21 13:00,1784653200000,83.27,128,10309.12,29,328.47,3.183,339.13,3.2863,119.11,1.1542,20.97,2026-07-25T17:32:38.098Z
pyr25mae75|URTY|15m|1784744100000|1784907000000,pyr25mae75,URTY,AMEX:URTY,15m,Swing 15m,LONG,Swing Low,2026-07-22 14:15,1784744100000,81.28,Flip Short,2026-07-24 11:30,1784907000000,80.85,130,10566.4,81,-76.98,-0.7278,27.13,0.2565,422.67,3.9961,21.08,2026-07-25T17:32:38.098Z
pyr25mae75|URTY|15m|1784809800000|1784907000000,pyr25mae75,URTY,AMEX:URTY,15m,Swing 15m,LONG,Pyramid Add,2026-07-23 08:30,1784809800000,79.12,Flip Short,2026-07-24 11:30,1784907000000,80.85,32,2531.84,57,50.24,1.9824,57.63,2.2739,34.85,1.3752,5.12,2026-07-25T17:32:38.098Z
pyr25mae75|USLV|15m|1726830000000|1727870400000,pyr25mae75,USLV,LSE:USLV,15m,Swing 15m,LONG,Swing Low,2024-09-20 07:00,1726830000000,59.57,Flip Short,2024-10-02 08:00,1727870400000,59.82,128,7624.96,40,16.72,0.219,52.54,0.6883,67.78,0.8881,15.28,2026-07-25T17:32:44.171Z
pyr25mae75|USLV|15m|1730720700000|1730891700000,pyr25mae75,USLV,LSE:USLV,15m,Swing 15m,LONG,Swing Low,2024-11-04 06:45,1730720700000,60.93,Flip Short,2024-11-06 06:15,1730891700000,63.2,125,7616.25,6,268.23,3.5183,276.13,3.622,46.37,0.6082,15.52,2026-07-25T17:32:44.171Z
pyr25mae75|USLV|15m|1733492700000|1736413200000,pyr25mae75,USLV,LSE:USLV,15m,Swing 15m,LONG,Swing Low,2024-12-06 08:45,1733492700000,63.98,Flip Short,2025-01-09 04:00,1736413200000,63.1,122,7805.56,60,-122.86,-1.5725,16.59,0.2124,309.15,3.9566,15.5,2026-07-25T17:32:44.171Z
pyr25mae75|USLV|15m|1741266900000|1743064200000,pyr25mae75,USLV,LSE:USLV,15m,Swing 15m,LONG,Swing Low,2025-03-06 08:15,1741266900000,63.74,Flip Short,2025-03-27 04:30,1743064200000,64.06,121,7712.54,65,23.26,0.3012,64.89,0.8405,213.41,2.7643,15.46,2026-07-25T17:32:44.171Z
pyr25mae75|USLV|15m|1741772700000|1743064200000,pyr25mae75,USLV,LSE:USLV,15m,Swing 15m,LONG,Pyramid Add,2025-03-12 05:45,1741772700000,63.18,Flip Short,2025-03-27 04:30,1743064200000,64.06,30,1895.4,43,22.58,1.1903,24.5,1.2916,36.1,1.9025,3.82,2026-07-25T17:32:44.171Z
pyr25mae75|USLV|15m|1743669000000|1746692100000,pyr25mae75,USLV,LSE:USLV,15m,Swing 15m,LONG,Swing Low,2025-04-03 04:30,1743669000000,62.62,Flip Short,2025-05-08 04:15,1746692100000,61.69,123,7702.26,115,-129.68,-1.682,116.53,1.5114,572.27,7.4225,15.29,2026-07-25T17:32:44.171Z
pyr25mae75|USLV|15m|1744010100000|1746692100000,pyr25mae75,USLV,LSE:USLV,15m,Swing 15m,LONG,Pyramid Add,2025-04-07 03:15,1744010100000,59.58,Flip Short,2025-05-08 04:15,1746692100000,61.69,30,1787.4,101,59.66,3.3346,63.91,3.5722,32.39,1.8102,3.64,2026-07-25T17:32:44.171Z
pyr25mae75|USLV|15m|1748000700000|1751460300000,pyr25mae75,USLV,LSE:USLV,15m,Swing 15m,LONG,Swing Low,2025-05-23 07:45,1748000700000,60,Flip Short,2025-07-02 08:45,1751460300000,60.63,127,7620,126,64.69,0.8481,133.35,1.7483,163.83,2.1479,15.32,2026-07-25T17:32:44.171Z
pyr25mae75|USLV|15m|1755154800000|1755766800000,pyr25mae75,USLV,LSE:USLV,15m,Swing 15m,LONG,Swing Low,2025-08-14 03:00,1755154800000,61.38,Flip Short,2025-08-21 05:00,1755766800000,62.15,127,7795.26,18,82.1,1.0522,109.04,1.3975,75.11,0.9625,15.69,2026-07-25T17:32:44.171Z
pyr25mae75|USLV|15m|1757487600000|1759245300000,pyr25mae75,USLV,LSE:USLV,15m,Swing 15m,LONG,Swing Low,2025-09-10 03:00,1757487600000,60.83,Flip Short,2025-09-30 11:15,1759245300000,61.39,128,7786.24,49,56.04,0.719,63.89,0.8198,157.55,2.0214,15.64,2026-07-25T17:32:44.171Z
pyr25mae75|USLV|15m|1760692500000|1761143400000,pyr25mae75,USLV,LSE:USLV,15m,Swing 15m,LONG,Swing Low,2025-10-17 05:15,1760692500000,60.49,Flip Short,2025-10-22 10:30,1761143400000,61.98,130,7863.7,5,177.78,2.2585,185.84,2.3609,7.86,0.0999,15.92,2026-07-25T17:32:44.171Z
pyr25mae75|USLV|15m|1762186500000|1762939800000,pyr25mae75,USLV,LSE:USLV,15m,Swing 15m,LONG,Swing Low,2025-11-03 11:15,1762186500000,60.15,Flip Short,2025-11-12 04:30,1762939800000,62.06,132,7939.8,18,235.99,2.9693,254.74,3.2052,7.94,0.0999,16.13,2026-07-25T17:32:44.171Z
pyr25mae75|USLV|15m|1764753300000|1768205700000,pyr25mae75,USLV,LSE:USLV,15m,Swing 15m,LONG,Swing Low,2025-12-03 04:15,1764753300000,61.44,Flip Short,2026-01-12 03:15,1768205700000,60.66,132,8110.08,77,-119.08,-1.4668,0,0,260.23,3.2055,16.12,2026-07-25T17:32:44.171Z
pyr25mae75|USLV|15m|1764933300000|1768205700000,pyr25mae75,USLV,LSE:USLV,15m,Swing 15m,LONG,Pyramid Add,2025-12-05 06:15,1764933300000,60.67,Flip Short,2026-01-12 03:15,1768205700000,60.66,33,2002.11,71,-4.33,-0.2162,12.19,0.6081,39.62,1.977,4,2026-07-25T17:32:44.171Z
pyr25mae75|USLV|15m|1773158400000|1775142900000,pyr25mae75,USLV,LSE:USLV,15m,Swing 15m,LONG,Swing Low,2026-03-10 12:00,1773158400000,64.03,Flip Short,2026-04-02 11:15,1775142900000,63.49,126,8067.78,86,-84.11,-1.0415,66.27,0.8206,335.67,4.1564,16.07,2026-07-25T17:32:44.171Z
pyr25mae75|USLV|15m|1774019700000|1775142900000,pyr25mae75,USLV,LSE:USLV,15m,Swing 15m,LONG,Pyramid Add,2026-03-20 11:15,1774019700000,62.2,Flip Short,2026-04-02 11:15,1775142900000,63.49,31,1928.2,52,36.09,1.87,38.06,1.972,25.8,1.3366,3.9,2026-07-25T17:32:44.171Z
pyr25mae75|USLV|15m|1776150900000|1779780600000,pyr25mae75,USLV,LSE:USLV,15m,Swing 15m,LONG,Swing Low,2026-04-14 03:15,1776150900000,62.44,Flip Short,2026-05-26 03:30,1779780600000,63.12,129,8054.76,94,71.52,0.8871,92.57,1.1481,196.39,2.4358,16.2,2026-07-25T17:32:44.171Z
pyr25mae75|USLV|15m|1778162400000|1779780600000,pyr25mae75,USLV,LSE:USLV,15m,Swing 15m,LONG,Pyramid Add,2026-05-07 10:00,1778162400000,61.12,Flip Short,2026-05-26 03:30,1779780600000,63.12,32,1955.84,24,60.02,3.0659,65.24,3.3325,6.44,0.3287,3.98,2026-07-25T17:32:44.171Z
pyr25mae75|USLV|15m|1780298100000|1780903800000,pyr25mae75,USLV,LSE:USLV,15m,Swing 15m,LONG,Swing Low,2026-06-01 03:15,1780298100000,61.02,Flip Short,2026-06-08 03:30,1780903800000,62.6,133,8115.66,35,193.7,2.3843,253.89,3.1253,101.22,1.2459,16.44,2026-07-25T17:32:44.171Z
pyr25mae75|YINN|15m|1780647300000|1780920900000,pyr25mae75,YINN,AMEX:YINN,15m,Swing 15m,LONG,Swing Low,2026-06-05 04:15,1780647300000,30.04,Flip Short,2026-06-08 08:15,1780920900000,29.22,253,7600.12,74,-222.45,-2.924,70.83,0.931,473.12,6.2189,14.99,2026-07-25T17:32:50.106Z
pyr25mae75|YINN|15m|1780687800000|1780920900000,pyr25mae75,YINN,AMEX:YINN,15m,Swing 15m,LONG,Pyramid Add,2026-06-05 15:30,1780687800000,28.49,Flip Short,2026-06-08 08:15,1780920900000,29.22,63,1794.87,33,42.35,2.3574,44.2,2.4598,13.76,0.7661,3.64,2026-07-25T17:32:50.106Z
pyr25mae75|YINN|15m|1780947000000|1781005500000,pyr25mae75,YINN,AMEX:YINN,15m,Swing 15m,LONG,Swing Low,2026-06-08 15:30,1780947000000,28.51,Flip Short,2026-06-09 07:45,1781005500000,29.18,261,7441.11,28,159.81,2.1456,183.09,2.458,54.42,0.7306,15.06,2026-07-25T17:32:50.106Z
pyr25mae75|YINN|15m|1781019000000|1781095500000,pyr25mae75,YINN,AMEX:YINN,15m,Swing 15m,LONG,Swing Low,2026-06-09 11:30,1781019000000,28.17,Flip Short,2026-06-10 08:45,1781095500000,28.74,269,7577.73,47,138.02,1.8196,161.89,2.1343,147.46,1.944,15.31,2026-07-25T17:32:50.106Z
pyr25mae75|YINN|15m|1781122500000|1781199900000,pyr25mae75,YINN,AMEX:YINN,15m,Swing 15m,LONG,Swing Low,2026-06-10 16:15,1781122500000,28.24,Flip Short,2026-06-11 13:45,1781199900000,28.63,272,7681.28,50,90.61,1.1785,103.84,1.3505,252.48,3.2837,15.47,2026-07-25T17:32:50.106Z
pyr25mae75|YINN|15m|1781181000000|1781199900000,pyr25mae75,YINN,AMEX:YINN,15m,Swing 15m,LONG,Pyramid Add,2026-06-11 08:30,1781181000000,27.59,Flip Short,2026-06-11 13:45,1781199900000,28.63,68,1876.12,21,66.9,3.5621,70.2,3.7382,13.44,0.7154,3.82,2026-07-25T17:32:50.106Z
pyr25mae75|YINN|15m|1781597700000|1782126000000,pyr25mae75,YINN,AMEX:YINN,15m,Swing 15m,LONG,Swing Low,2026-06-16 04:15,1781597700000,28.56,Flip Short,2026-06-22 07:00,1782126000000,25.83,273,7796.88,189,-760.14,-9.7395,38.61,0.4947,884.13,11.3282,14.85,2026-07-25T17:32:50.106Z
pyr25mae75|YINN|15m|1781684100000|1782126000000,pyr25mae75,YINN,AMEX:YINN,15m,Swing 15m,LONG,Pyramid Add,2026-06-17 04:15,1781684100000,27.64,Flip Short,2026-06-22 07:00,1782126000000,25.83,68,1879.52,136,-126.72,-6.7352,29.4,1.5627,157.6,8.3767,3.64,2026-07-25T17:32:50.106Z
pyr25mae75|YINN|15m|1782202500000|1782333900000,pyr25mae75,YINN,AMEX:YINN,15m,Swing 15m,LONG,Swing Low,2026-06-23 04:15,1782202500000,23.71,Flip Short,2026-06-24 16:45,1782333900000,23.66,300,7113,108,-29.21,-0.4103,259.89,3.65,217.11,3.0493,14.21,2026-07-25T17:32:50.106Z
pyr25mae75|YINN|15m|1782375300000|1782507600000,pyr25mae75,YINN,AMEX:YINN,15m,Swing 15m,LONG,Swing Low,2026-06-25 04:15,1782375300000,21.86,Flip Short,2026-06-26 17:00,1782507600000,21.5,325,7104.5,109,-131.09,-1.8434,93.65,1.3168,497.85,7.0006,14.09,2026-07-25T17:32:50.106Z
pyr25mae75|YINN|15m|1782461700000|1782507600000,pyr25mae75,YINN,AMEX:YINN,15m,Swing 15m,LONG,Pyramid Add,2026-06-26 04:15,1782461700000,20.52,Flip Short,2026-06-26 17:00,1782507600000,21.5,81,1662.12,49,75.98,4.5665,87.44,5.2554,15.43,0.9275,3.4,2026-07-25T17:32:50.106Z
pyr25mae75|YINN|15m|1782807300000|1782913500000,pyr25mae75,YINN,AMEX:YINN,15m,Swing 15m,LONG,Swing Low,2026-06-30 04:15,1782807300000,21.34,Flip Short,2026-07-01 09:45,1782913500000,21.98,333,7106.22,74,198.69,2.7933,229.32,3.2239,117,1.6447,14.43,2026-07-25T17:32:50.106Z
pyr25mae75|YINN|15m|1783012500000|1783325700000,pyr25mae75,YINN,AMEX:YINN,15m,Swing 15m,LONG,Swing Low,2026-07-02 13:15,1783012500000,21.71,Flip Short,2026-07-06 04:15,1783325700000,23.36,332,7207.72,24,532.84,7.3852,570.47,7.9068,57.01,0.7901,14.96,2026-07-25T17:32:50.106Z
pyr25mae75|YINN|15m|1783437300000|1783498500000,pyr25mae75,YINN,AMEX:YINN,15m,Swing 15m,LONG,Swing Low,2026-07-07 11:15,1783437300000,22.97,Flip Short,2026-07-08 04:15,1783498500000,25.93,331,7603.07,28,963.57,12.6608,995.33,13.078,20.84,0.2739,16.19,2026-07-25T17:32:50.106Z
pyr25mae75|YINN|15m|1783584900000|1783632600000,pyr25mae75,YINN,AMEX:YINN,15m,Swing 15m,LONG,Swing Low,2026-07-09 04:15,1783584900000,24.95,Flip Short,2026-07-09 17:30,1783632600000,25.18,335,8358.25,49,60.26,0.7202,125.64,1.5017,122.26,1.4613,16.79,2026-07-25T17:32:50.106Z
pyr25mae75|YINN|15m|1783967400000|1784016900000,pyr25mae75,YINN,AMEX:YINN,15m,Swing 15m,LONG,Swing Low,2026-07-13 14:30,1783967400000,25.19,Flip Short,2026-07-14 04:15,1784016900000,25.91,333,8388.27,16,222.74,2.6528,261.34,3.1124,55.01,0.6551,17.02,2026-07-25T17:32:50.106Z
pyr25mae75|YINN|15m|1784243700000|1784535300000,pyr25mae75,YINN,AMEX:YINN,15m,Swing 15m,LONG,Swing Low,2026-07-16 19:15,1784243700000,27.52,Flip Short,2026-07-20 04:15,1784535300000,28.96,310,8531.2,58,428.89,5.0223,468.87,5.4904,479.73,5.6176,17.51,2026-07-25T17:32:50.106Z
pyr25mae75|YINN|15m|1784276100000|1784535300000,pyr25mae75,YINN,AMEX:YINN,15m,Swing 15m,LONG,Pyramid Add,2026-07-17 04:15,1784276100000,26.25,Flip Short,2026-07-20 04:15,1784535300000,28.96,77,2021.25,54,204.42,10.1034,214.35,10.5942,12.03,0.5946,4.25,2026-07-25T17:32:50.106Z
pyr25mae75|YINN|15m|1784632500000|1784794500000,pyr25mae75,YINN,AMEX:YINN,15m,Swing 15m,LONG,Swing Low,2026-07-21 07:15,1784632500000,28.6,Flip Short,2026-07-23 04:15,1784794500000,28.5,317,9066.2,99,-49.8,-0.5488,0,0,465.55,5.1298,18.1,2026-07-25T17:32:50.106Z
pyr25mae75|YINN|15m|1784655000000|1784794500000,pyr25mae75,YINN,AMEX:YINN,15m,Swing 15m,LONG,Pyramid Add,2026-07-21 13:30,1784655000000,27.85,Flip Short,2026-07-23 04:15,1784794500000,28.5,79,2200.15,75,46.9,2.1295,49.15,2.2317,56.71,2.575,4.45,2026-07-25T17:32:50.106Z
pyr25mae75|RY|15m|1776783600000|1777383900000,pyr25mae75,RY,TSX:RY,15m,Swing 15m,LONG,Swing Low,2026-04-21 11:00,1776783600000,243.7,Flip Short,2026-04-28 09:45,1777383900000,242,31,7554.7,133,-67.76,-0.896,11.05,0.1461,199.75,2.6415,15.06,2026-07-25T17:32:55.982Z
pyr25mae75|RY|15m|1777487400000|1777566600000,pyr25mae75,RY,TSX:RY,15m,Swing 15m,LONG,Swing Low,2026-04-29 14:30,1777487400000,240.35,Flip Short,2026-04-30 12:30,1777566600000,243.37,31,7450.85,19,78.62,1.0542,88.65,1.1886,26.67,0.3576,15,2026-07-25T17:32:55.982Z
pyr25mae75|RY|15m|1777902300000|1778075100000,pyr25mae75,RY,TSX:RY,15m,Swing 15m,LONG,Swing Low,2026-05-04 09:45,1777902300000,242.57,Flip Short,2026-05-06 09:45,1778075100000,245.97,31,7519.67,56,90.26,1.1991,109.66,1.4569,41.31,0.5488,15.14,2026-07-25T17:32:55.982Z
pyr25mae75|RY|15m|1778517900000|1778607000000,pyr25mae75,RY,TSX:RY,15m,Swing 15m,LONG,Swing Low,2026-05-11 12:45,1778517900000,246.41,Flip Short,2026-05-12 13:30,1778607000000,248.87,31,7638.71,30,60.91,0.7965,72.65,0.9501,8.88,0.1161,15.35,2026-07-25T17:32:55.982Z
pyr25mae75|RY|15m|1778697900000|1778776200000,pyr25mae75,RY,TSX:RY,15m,Swing 15m,LONG,Swing Low,2026-05-13 14:45,1778697900000,245.9,Flip Short,2026-05-14 12:30,1778776200000,250.32,31,7622.9,19,121.64,1.5941,149.55,1.9599,9.17,0.1202,15.38,2026-07-25T17:32:55.982Z
pyr25mae75|RY|15m|1779804900000|1780062300000,pyr25mae75,RY,TSX:RY,15m,Swing 15m,LONG,Swing Low,2026-05-26 10:15,1779804900000,261.65,Flip Short,2026-05-29 09:45,1780062300000,262.71,29,7587.85,82,15.53,0.2045,64.91,0.8546,125.04,1.6462,15.21,2026-07-25T17:32:55.982Z
pyr25mae75|RY|15m|1779975900000|1780062300000,pyr25mae75,RY,TSX:RY,15m,Swing 15m,LONG,Pyramid Add,2026-05-28 09:45,1779975900000,262.11,Flip Short,2026-05-29 09:45,1780062300000,262.71,7,1834.77,28,0.53,0.0287,7.97,0.4337,33.4,1.8188,3.67,2026-07-25T17:32:55.982Z
pyr25mae75|RY|15m|1781199000000|1781271900000,pyr25mae75,RY,TSX:RY,15m,Swing 15m,LONG,Swing Low,2026-06-11 13:30,1781199000000,275.89,Flip Short,2026-06-12 09:45,1781271900000,279.39,28,7724.92,13,82.45,1.0663,116.88,1.5115,7.72,0.0999,15.55,2026-07-25T17:32:55.982Z
pyr25mae75|RY|15m|1782481500000|1782753300000,pyr25mae75,RY,TSX:RY,15m,Swing 15m,LONG,Swing Low,2026-06-26 09:45,1782481500000,286.85,Flip Short,2026-06-29 13:15,1782753300000,290.46,27,7744.95,42,81.88,1.0562,95.94,1.2374,26.64,0.3437,15.59,2026-07-25T17:32:55.982Z
pyr25mae75|RY|15m|1782999900000|1783345500000,pyr25mae75,RY,TSX:RY,15m,Swing 15m,LONG,Swing Low,2026-07-02 09:45,1782999900000,292.3,Flip Short,2026-07-06 09:45,1783345500000,293.01,27,7892.1,56,3.37,0.0426,28.02,0.3547,108.33,1.3713,15.8,2026-07-25T17:32:55.982Z
pyr25mae75|RY|15m|1783002600000|1783345500000,pyr25mae75,RY,TSX:RY,15m,Swing 15m,LONG,Pyramid Add,2026-07-02 10:30,1783002600000,290.69,Flip Short,2026-07-06 09:45,1783345500000,293.01,6,1744.14,53,10.42,0.5967,15.9,0.9105,14.4,0.825,3.5,2026-07-25T17:32:55.982Z
pyr25mae75|RY|15m|1783521000000|1783623600000,pyr25mae75,RY,TSX:RY,15m,Swing 15m,LONG,Swing Low,2026-07-08 10:30,1783521000000,292.86,Flip Short,2026-07-09 15:00,1783623600000,295.88,27,7907.22,46,65.64,0.8293,81.46,1.0292,85.67,1.0823,15.9,2026-07-25T17:32:55.982Z
pyr25mae75|RY|15m|1783521900000|1783623600000,pyr25mae75,RY,TSX:RY,15m,Swing 15m,LONG,Pyramid Add,2026-07-08 10:45,1783521900000,291.28,Flip Short,2026-07-09 15:00,1783623600000,295.88,6,1747.68,45,24.08,1.3763,27.59,1.5772,9.55,0.5458,3.52,2026-07-25T17:32:55.982Z
pyr25mae75|RY|15m|1784295900000|1784728800000,pyr25mae75,RY,TSX:RY,15m,Swing 15m,LONG,Swing Low,2026-07-17 09:45,1784295900000,300.59,Flip Short,2026-07-22 10:00,1784728800000,299.12,26,7815.34,83,-53.81,-0.6879,101.9,1.3026,154.46,1.9743,15.59,2026-07-25T17:32:55.982Z
pyr25mae75|RY|15m|1784556900000|1784728800000,pyr25mae75,RY,TSX:RY,15m,Swing 15m,LONG,Pyramid Add,2026-07-20 10:15,1784556900000,299,Flip Short,2026-07-22 10:00,1784728800000,299.12,6,1794,54,-2.87,-0.1597,0,0,26.09,1.4531,3.59,2026-07-25T17:32:55.982Z
flip-only|MEXX|15m|1765983600000|1766413800000,flip-only,MEXX,AMEX:MEXX,15m,Swing 15m,LONG,Swing Low,2025-12-17 10:00,1765983600000,24.14,Flip Short,2025-12-22 09:30,1766413800000,24.71,394,9511.16,39,205.33,2.1567,727.27,7.6388,415.33,4.3624,19.25,2026-07-27T19:17:29.629Z
flip-only|MEXX|15m|1767798000000|1767991500000,flip-only,MEXX,AMEX:MEXX,15m,Swing 15m,LONG,Swing Low,2026-01-07 10:00,1767798000000,24.66,Flip Short,2026-01-09 15:45,1767991500000,26.85,408,10061.28,23,872.5,8.6632,883.46,8.772,10.06,0.0999,21.02,2026-07-27T19:17:29.629Z
flip-only|MEXX|15m|1770307200000|1770410700000,flip-only,MEXX,AMEX:MEXX,15m,Swing 15m,LONG,Swing Low,2026-02-05 11:00,1770307200000,32.03,Flip Short,2026-02-06 15:45,1770410700000,36.79,355,11370.65,26,1665.37,14.6316,1752.98,15.4013,11.37,0.0999,24.43,2026-07-27T19:17:29.629Z
flip-only|MEXX|15m|1770920100000|1771418700000,flip-only,MEXX,AMEX:MEXX,15m,Swing 15m,LONG,Swing Low,2026-02-12 13:15,1770920100000,36.6,Flip Short,2026-02-18 07:45,1771418700000,38.94,352,12883.2,51,797.09,6.1809,810.8,6.2872,97.36,0.755,26.59,2026-07-27T19:17:29.629Z
flip-only|MEXX|15m|1771512300000|1772215200000,flip-only,MEXX,AMEX:MEXX,15m,Swing 15m,LONG,Swing Low,2026-02-19 09:45,1771512300000,36.55,Flip Short,2026-02-27 13:00,1772215200000,38.5,373,13633.15,109,699.36,5.1247,751.02,5.5033,550.75,4.0358,27.99,2026-07-27T19:17:29.629Z
flip-only|MEXX|15m|1772454600000|1773154800000,flip-only,MEXX,AMEX:MEXX,15m,Swing 15m,LONG,Swing Low,2026-03-02 07:30,1772454600000,37.39,Flip Short,2026-03-10 11:00,1773154800000,30.25,395,14769.05,131,-2847.02,-19.2577,0,0,4616.52,31.2268,26.72,2026-07-27T19:17:29.629Z
flip-only|MEXX|15m|1773330300000|1773746100000,flip-only,MEXX,AMEX:MEXX,15m,Swing 15m,LONG,Swing Low,2026-03-12 11:45,1773330300000,26.89,Flip Short,2026-03-17 07:15,1773746100000,27.21,440,11831.6,41,117,0.9879,960.57,8.1106,654.23,5.524,23.8,2026-07-27T19:17:29.629Z
flip-only|EWO|15m|1759239900000|1759330800000,flip-only,EWO,AMEX:EWO,15m,Swing 15m,LONG,Swing Low,2025-09-30 09:45,1759239900000,30.98,Flip Short,2025-10-01 11:00,1759330800000,31.32,316,9789.68,6,87.75,0.8955,116.61,1.19,31.91,0.3256,19.69,2026-07-27T19:17:32.772Z
flip-only|EWO|15m|1761918300000|1761922800000,flip-only,EWO,AMEX:EWO,15m,Swing 15m,LONG,Swing Low,2025-10-31 09:45,1761918300000,31.4,Flip Short,2025-10-31 11:00,1761922800000,31.37,320,10048,1,-29.69,-0.2952,0,0,19.65,0.1953,20.09,2026-07-27T19:17:32.772Z
flip-only|EWO|15m|1767975300000|1768244400000,flip-only,EWO,AMEX:EWO,15m,Swing 15m,LONG,Swing Low,2026-01-09 11:15,1767975300000,35.85,Flip Short,2026-01-12 14:00,1768244400000,36.23,279,10002.15,14,85.91,0.8581,96.02,0.959,12.79,0.1278,20.11,2026-07-27T19:17:32.772Z
flip-only|EWO|15m|1772119800000|1774448100000,flip-only,EWO,AMEX:EWO,15m,Swing 15m,LONG,Swing Low,2026-02-26 10:30,1772119800000,38.1,Flip Short,2026-03-25 10:15,1774448100000,35.3,281,10706.1,220,-807.43,-7.5342,96.07,0.8965,1303.31,12.1613,20.63,2026-07-27T19:17:32.772Z
flip-only|WTAI|15m|1778841000000|1779284700000,flip-only,WTAI,CBOE:WTAI,15m,Swing 15m,LONG,Swing Low,2026-05-15 06:30,1778841000000,41.38,Flip Short,2026-05-20 09:45,1779284700000,40,237,9807.06,93,-346.35,-3.5281,42.33,0.4312,720.81,7.3425,19.29,2026-07-27T19:17:38.875Z
flip-only|WTAI|15m|1780495200000|1781000100000,flip-only,WTAI,CBOE:WTAI,15m,Swing 15m,LONG,Swing Low,2026-06-03 10:00,1780495200000,46.18,Flip Short,2026-06-09 06:15,1781000100000,43.62,201,9282.18,124,-532.61,-5.7322,125.39,1.3495,933.88,10.051,18.05,2026-07-27T19:17:38.875Z
flip-only|DUSL|15m|1770381900000|1770389100000,flip-only,DUSL,AMEX:DUSL,15m,Swing 15m,LONG,Swing Low,2026-02-06 07:45,1770381900000,84.92,Flip Short,2026-02-06 09:45,1770389100000,88.72,133,11294.36,2,482.31,4.2661,585.88,5.1821,11.29,0.0999,23.09,2026-07-27T19:17:41.934Z
flip-only|DUSL|15m|1771871400000|1772023500000,flip-only,DUSL,AMEX:DUSL,15m,Swing 15m,LONG,Swing Low,2026-02-23 13:30,1771871400000,94.43,Flip Short,2026-02-25 07:45,1772023500000,99.63,123,11614.89,21,615.73,5.2959,627.99,5.4013,107.55,0.9251,23.87,2026-07-27T19:17:41.934Z
flip-only|DUSL|15m|1774620000000|1775050200000,flip-only,DUSL,AMEX:DUSL,15m,Swing 15m,LONG,Swing Low,2026-03-27 10:00,1774620000000,71.79,Flip Short,2026-04-01 09:30,1775050200000,75.46,159,11414.61,36,560.12,4.9021,864.68,7.5676,916.12,8.0179,23.41,2026-07-27T19:17:41.934Z
flip-only|DUSL|15m|1778500800000|1779471000000,flip-only,DUSL,AMEX:DUSL,15m,Swing 15m,LONG,Swing Low,2026-05-11 08:00,1778500800000,88.14,Flip Short,2026-05-22 13:30,1779471000000,86.01,157,13837.98,82,-361.75,-2.6116,361.39,2.609,1272.98,9.19,27.34,2026-07-27T19:17:41.934Z
flip-only|DUSL|15m|1782227700000|1782395100000,flip-only,DUSL,AMEX:DUSL,15m,Swing 15m,LONG,Swing Low,2026-06-23 11:15,1782227700000,95.01,Flip Short,2026-06-25 09:45,1782395100000,102.17,168,15961.68,19,1169.75,7.3212,1343.16,8.4065,269.64,1.6876,33.13,2026-07-27T19:17:41.934Z
flip-only|EDC|15m|1775133900000|1775599200000,flip-only,EDC,AMEX:EDC,15m,Swing 15m,LONG,Swing Low,2026-04-02 08:45,1775133900000,52.8,Flip Short,2026-04-07 18:00,1775599200000,57.76,182,9609.6,54,882.6,9.1754,893.11,9.2847,155.21,1.6135,20.12,2026-07-27T19:17:44.956Z
flip-only|EDC|15m|1779975000000|1780306200000,flip-only,EDC,AMEX:EDC,15m,Swing 15m,LONG,Swing Low,2026-05-28 09:30,1779975000000,89.74,Flip Short,2026-06-01 05:30,1780306200000,98.28,127,11396.98,45,1060.7,9.2976,1073.18,9.407,96.49,0.8458,23.88,2026-07-27T19:17:44.956Z
flip-only|EDC|15m|1782212400000|1782394200000,flip-only,EDC,AMEX:EDC,15m,Swing 15m,LONG,Swing Low,2026-06-23 07:00,1782212400000,88.12,Flip Short,2026-06-25 09:30,1782394200000,91,138,12160.56,52,372.72,3.0619,385.28,3.1651,787.72,6.4712,24.72,2026-07-27T19:17:44.956Z
flip-only|EDC|15m|1783933200000|1784043900000,flip-only,EDC,AMEX:EDC,15m,Swing 15m,LONG,Swing Low,2026-07-13 05:00,1783933200000,76,Flip Short,2026-07-14 11:45,1784043900000,76.76,197,14972,48,119.63,0.7982,260.83,1.7404,578.39,3.8593,30.09,2026-07-27T19:17:44.956Z
flip-only|EDC|15m|1784202300000|1784631600000,flip-only,EDC,AMEX:EDC,15m,Swing 15m,LONG,Swing Low,2026-07-16 07:45,1784202300000,73.28,Flip Short,2026-07-21 07:00,1784631600000,75.4,205,15022.4,82,404.12,2.6874,419.58,2.7902,1767.77,11.7558,30.48,2026-07-27T19:17:44.956Z
flip-only|URTY|15m|1781720100000|1781812800000,flip-only,URTY,AMEX:URTY,15m,Swing 15m,LONG,Swing Low,2026-06-17 14:15,1781720100000,81.55,Flip Short,2026-06-18 16:00,1781812800000,83.66,142,11580.1,64,276.16,2.3824,324.96,2.8034,471.66,4.069,23.46,2026-07-27T19:17:51.201Z
flip-only|URTY|15m|1784203200000|1784211300000,flip-only,URTY,AMEX:URTY,15m,Swing 15m,LONG,Swing Low,2026-07-16 08:00,1784203200000,82.19,Flip Short,2026-07-16 10:15,1784211300000,84.52,156,12821.64,8,337.47,2.6294,367.82,2.8659,93.94,0.7319,26.01,2026-07-27T19:17:51.201Z
flip-only|USLV|15m|1726830000000|1727870400000,flip-only,USLV,LSE:USLV,15m,Swing 15m,LONG,Swing Low,2024-09-20 07:00,1726830000000,59.57,Flip Short,2024-10-02 08:00,1727870400000,59.82,160,9531.2,40,20.9,0.219,65.67,0.6883,84.73,0.8881,19.1,2026-07-27T19:17:54.159Z
flip-only|USLV|15m|1755154800000|1755766800000,flip-only,USLV,LSE:USLV,15m,Swing 15m,LONG,Swing Low,2025-08-14 03:00,1755154800000,61.38,Flip Short,2025-08-21 05:00,1755766800000,62.15,158,9698.04,18,102.14,1.0522,135.66,1.3975,93.44,0.9625,19.52,2026-07-27T19:17:54.159Z
flip-only|USLV|15m|1760692500000|1761143400000,flip-only,USLV,LSE:USLV,15m,Swing 15m,LONG,Swing Low,2025-10-17 05:15,1760692500000,60.49,Flip Short,2025-10-22 10:30,1761143400000,61.98,162,9799.38,5,221.54,2.2585,231.58,2.3609,9.8,0.0999,19.84,2026-07-27T19:17:54.159Z
flip-only|USLV|15m|1773158400000|1775142900000,flip-only,USLV,LSE:USLV,15m,Swing 15m,LONG,Swing Low,2026-03-10 12:00,1773158400000,64.03,Flip Short,2026-04-02 11:15,1775142900000,63.49,159,10180.77,86,-106.14,-1.0415,83.63,0.8206,423.58,4.1564,20.28,2026-07-27T19:17:54.159Z
flip-only|USLV|15m|1776150900000|1779780600000,flip-only,USLV,LSE:USLV,15m,Swing 15m,LONG,Swing Low,2026-04-14 03:15,1776150900000,62.44,Flip Short,2026-05-26 03:30,1779780600000,63.12,161,10052.84,94,89.26,0.8871,115.53,1.1481,245.11,2.4358,20.22,2026-07-27T19:17:54.159Z
flip-only|YINN|15m|1782807300000|1782913500000,flip-only,YINN,AMEX:YINN,15m,Swing 15m,LONG,Swing Low,2026-06-30 04:15,1782807300000,21.34,Flip Short,2026-07-01 09:45,1782913500000,21.98,417,8898.78,74,248.82,2.7933,287.17,3.2239,146.51,1.6447,18.06,2026-07-27T19:17:57.235Z
flip-only|YINN|15m|1783584900000|1783632600000,flip-only,YINN,AMEX:YINN,15m,Swing 15m,LONG,Swing Low,2026-07-09 04:15,1783584900000,24.95,Flip Short,2026-07-09 17:30,1783632600000,25.18,437,10903.15,49,78.6,0.7202,163.9,1.5017,159.48,1.4613,21.91,2026-07-27T19:17:57.235Z
flip-only|YINN|15m|1784632500000|1784794500000,flip-only,YINN,AMEX:YINN,15m,Swing 15m,LONG,Swing Low,2026-07-21 07:15,1784632500000,28.6,Flip Short,2026-07-23 04:15,1784794500000,28.5,412,11783.2,99,-64.73,-0.5488,0,0,605.06,5.1298,23.53,2026-07-27T19:17:57.235Z
flip-only|RY|15m|1784814300000|1785182400000,flip-only,RY,TSX:RY,15m,Swing 15m,LONG,Swing Low,2026-07-23 09:45,1784814300000,293.28,Flip Short,2026-07-27 16:00,1785182400000,296.11,34,9971.52,81,76.18,0.7632,86.25,0.8641,65.39,0.6551,20.04,2026-07-28T14:38:56.780Z
flip-only|RY|15m|1785247200000|1785249000000,flip-only,RY,TSX:RY,15m,Swing 15m,LONG,Swing Low,2026-07-28 10:00,1785247200000,293.6,Flip Short,2026-07-28 10:30,1785249000000,296.11,34,9982.4,2,65.29,0.6534,80.46,0.8052,15.08,0.1509,20.05,2026-07-28T15:07:34.052Z
flip-only|TNA|15m|1785247200000|1785253500000,flip-only,TNA,AMEX:TNA,15m,Swing 15m,LONG,Swing Low,2026-07-28 10:00,1785247200000,67.67,Flip Short,2026-07-28 11:45,1785253500000,69.28,176,11909.92,7,259.26,2.1746,292.57,2.4541,101.67,0.8528,24.1,2026-07-28T15:51:32.129Z
flip-only|URTY|15m|1785247200000|1785258000000,flip-only,URTY,AMEX:URTY,15m,Swing 15m,LONG,Swing Low,2026-07-28 10:00,1785247200000,78.87,Flip Short,2026-07-28 13:00,1785258000000,80.78,173,13644.51,12,302.81,2.2171,327.17,2.3954,138.2,1.0119,27.62,2026-07-28T17:06:59.458Z
flip-only|SQQQ|15m|1781787600000|1782139500000,flip-only,SQQQ,NASDAQ:SQQQ,15m,Swing 15m,LONG,Swing Low,2026-06-18 09:00,1781787600000,37.52,Flip Short,2026-06-22 10:45,1782139500000,37.01,252,9455.04,71,-147.3,-1.5564,98.9,1.045,442.9,4.6795,18.78,2026-07-29T13:47:52.502Z
flip-only|SQQQ|15m|1782288900000|1782322200000,flip-only,SQQQ,NASDAQ:SQQQ,15m,Swing 15m,LONG,Swing Low,2026-06-24 04:15,1782288900000,39.1,Flip Short,2026-06-24 13:30,1782322200000,40.88,239,9344.9,37,406.3,4.3435,425.64,4.5502,57.14,0.6109,19.12,2026-07-29T13:47:52.502Z
flip-only|SQQQ|15m|1782333000000|1782475200000,flip-only,SQQQ,NASDAQ:SQQQ,15m,Swing 15m,LONG,Swing Low,2026-06-24 16:30,1782333000000,38.43,Flip Short,2026-06-26 08:00,1782475200000,41.11,253,9722.79,94,657.92,6.76,736.63,7.5687,260.19,2.6734,20.12,2026-07-29T13:47:52.502Z
flip-only|SQQQ|15m|1782720900000|1782909900000,flip-only,SQQQ,NASDAQ:SQQQ,15m,Swing 15m,LONG,Swing Low,2026-06-29 04:15,1782720900000,39.7,Flip Short,2026-07-01 08:45,1782909900000,37.19,260,10322,146,-672.59,-6.5096,436.88,4.2283,961.92,9.3098,19.99,2026-07-29T13:47:52.502Z
flip-only|SQQQ|15m|1782996300000|1783003500000,flip-only,SQQQ,NASDAQ:SQQQ,15m,Swing 15m,LONG,Swing Low,2026-07-02 08:45,1782996300000,37.27,Flip Short,2026-07-02 10:45,1783003500000,38.91,260,9690.2,8,406.59,4.1917,450.51,4.6445,56.49,0.5824,19.81,2026-07-29T13:47:52.502Z
flip-only|SQQQ|15m|1783336500000|1783412100000,flip-only,SQQQ,NASDAQ:SQQQ,15m,Swing 15m,LONG,Swing Low,2026-07-06 07:15,1783336500000,38.64,Flip Short,2026-07-07 04:15,1783412100000,39.27,261,10085.04,52,144.1,1.4274,201.32,1.9943,255.43,2.5302,20.33,2026-07-29T13:47:52.502Z
flip-only|SQQQ|15m|1783531800000|1783694700000,flip-only,SQQQ,NASDAQ:SQQQ,15m,Swing 15m,LONG,Swing Low,2026-07-08 13:30,1783531800000,40.18,Flip Short,2026-07-10 10:45,1783694700000,38.34,254,10205.72,117,-487.3,-4.77,111.71,1.0935,581.71,5.6941,19.94,2026-07-29T13:47:52.502Z
flip-only|SQQQ|15m|1783697400000|1783930500000,flip-only,SQQQ,NASDAQ:SQQQ,15m,Swing 15m,LONG,Swing Low,2026-07-10 11:30,1783697400000,38.01,Flip Short,2026-07-13 04:15,1783930500000,39.03,257,9768.57,35,242.34,2.4783,337.18,3.4482,112.57,1.1512,19.8,2026-07-29T13:47:52.502Z
flip-only|SQQQ|15m|1784032200000|1784125800000,flip-only,SQQQ,NASDAQ:SQQQ,15m,Swing 15m,LONG,Swing Low,2026-07-14 08:30,1784032200000,39.02,Flip Short,2026-07-15 10:30,1784125800000,38.88,256,9989.12,72,-55.78,-0.5579,118.01,1.1802,322.31,3.2234,19.94,2026-07-29T13:47:52.502Z
flip-only|SQQQ|15m|1784547900000|1784579400000,flip-only,SQQQ,NASDAQ:SQQQ,15m,Swing 15m,LONG,Swing Low,2026-07-20 07:45,1784547900000,41.34,Flip Short,2026-07-20 16:30,1784579400000,42.8,240,9921.6,35,330.21,3.3248,347.68,3.5008,122.72,1.2357,20.19,2026-07-29T13:47:52.502Z
flip-only|SQQQ|15m|1784628900000|1784708100000,flip-only,SQQQ,NASDAQ:SQQQ,15m,Swing 15m,LONG,Swing Low,2026-07-21 06:15,1784628900000,40.98,Flip Short,2026-07-22 04:15,1784708100000,41.33,250,10245,56,66.92,0.6526,104.75,1.0215,225.25,2.1964,20.58,2026-07-29T13:47:52.502Z
flip-only|SQQQ|15m|1785140100000|1785162600000,flip-only,SQQQ,NASDAQ:SQQQ,15m,Swing 15m,LONG,Swing Low,2026-07-27 04:15,1785140100000,42.84,Flip Short,2026-07-27 10:30,1785162600000,45.72,241,10324.44,25,672.74,6.5095,695.81,6.7327,87.44,0.8461,21.34,2026-07-29T13:47:52.502Z
flip-only|LABU|15m|1781023500000|1781099100000,flip-only,LABU,AMEX:LABU,15m,Swing 15m,LONG,Swing Low,2026-06-09 12:45,1781023500000,156.85,Flip Short,2026-06-10 09:45,1781099100000,177.45,60,9411,43,1215.94,12.9075,1252.99,13.3008,75.41,0.8005,20.06,2026-07-29T13:47:55.415Z
flip-only|LABU|15m|1781117100000|1781186400000,flip-only,LABU,AMEX:LABU,15m,Swing 15m,LONG,Swing Low,2026-06-10 14:45,1781117100000,162.53,Flip Short,2026-06-11 10:00,1781186400000,165.94,65,10564.45,38,200.3,1.8941,270.89,2.5616,278.36,2.6323,21.35,2026-07-29T13:47:55.415Z
flip-only|LABU|15m|1781617500000|1781703900000,flip-only,LABU,AMEX:LABU,15m,Swing 15m,LONG,Swing Low,2026-06-16 09:45,1781617500000,185.88,Flip Short,2026-06-17 09:45,1781703900000,196.49,58,10781.04,52,593.2,5.4968,625.48,5.7959,363.42,3.3676,22.18,2026-07-29T13:47:55.415Z
flip-only|LABU|15m|1782895500000|1783000800000,flip-only,LABU,AMEX:LABU,15m,Swing 15m,LONG,Swing Low,2026-07-01 04:45,1782895500000,287.98,Flip Short,2026-07-02 10:00,1783000800000,299.89,39,11231.22,76,441.56,3.9276,514.49,4.5763,361.45,3.2151,22.93,2026-07-29T13:47:55.415Z
flip-only|LABU|15m|1783432800000|1783437300000,flip-only,LABU,AMEX:LABU,15m,Swing 15m,LONG,Swing Low,2026-07-07 10:00,1783432800000,301.71,Flip Short,2026-07-07 11:15,1783437300000,313.58,39,11766.69,5,438.93,3.7266,497.18,4.2211,200.53,1.7025,24,2026-07-29T13:47:55.415Z
flip-only|LABU|15m|1783522800000|1783604700000,flip-only,LABU,AMEX:LABU,15m,Swing 15m,LONG,Swing Low,2026-07-08 11:00,1783522800000,304.29,Flip Short,2026-07-09 09:45,1783604700000,326,40,12171.6,53,843.19,6.9206,856.23,7.0276,328.97,2.7001,25.21,2026-07-29T13:47:55.415Z
flip-only|LABU|15m|1783691100000|1784033100000,flip-only,LABU,AMEX:LABU,15m,Swing 15m,LONG,Swing Low,2026-07-10 09:45,1783691100000,292.5,Flip Short,2026-07-14 08:45,1784033100000,281.78,44,12870,111,-496.95,-3.8574,334.73,2.5983,1222.87,9.4922,25.27,2026-07-29T13:47:55.415Z
flip-only|LABU|15m|1784038500000|1784138400000,flip-only,LABU,AMEX:LABU,15m,Swing 15m,LONG,Swing Low,2026-07-14 10:15,1784038500000,269.9,Flip Short,2026-07-15 14:00,1784138400000,276.04,46,12415.4,64,257.33,2.0706,337.64,2.7168,493.12,3.9678,25.11,2026-07-29T13:47:55.415Z
flip-only|LABU|15m|1784216700000|1784297700000,flip-only,LABU,AMEX:LABU,15m,Swing 15m,LONG,Swing Low,2026-07-16 11:45,1784216700000,261.42,Flip Short,2026-07-17 10:15,1784297700000,264.81,48,12548.16,49,137.46,1.0944,279.29,2.2235,1018.15,8.1058,25.26,2026-07-29T13:47:55.415Z
flip-only|LABU|15m|1784556900000|1784644200000,flip-only,LABU,AMEX:LABU,15m,Swing 15m,LONG,Swing Low,2026-07-20 10:15,1784556900000,262.12,Flip Short,2026-07-21 10:30,1784644200000,260.6,49,12843.88,56,-100.09,-0.7785,41.55,0.3231,753.23,5.8587,25.61,2026-07-29T13:47:55.415Z
flip-only|LABU|15m|1784738700000|1784900700000,flip-only,LABU,AMEX:LABU,15m,Swing 15m,LONG,Swing Low,2026-07-22 12:45,1784738700000,255.02,Flip Short,2026-07-24 09:45,1784900700000,249.3,50,12751,73,-311.22,-2.4383,186.25,1.4592,763.75,5.9838,25.22,2026-07-29T13:47:55.415Z
flip-only|ABNB|15m|1779198300000|1779297300000,flip-only,ABNB,NASDAQ:ABNB,15m,Swing 15m,LONG,Swing Low,2026-05-19 09:45,1779198300000,132.44,Flip Short,2026-05-20 13:15,1779297300000,135.13,71,9403.24,53,171.99,1.8273,205.02,2.1781,310.44,3.2982,19,2026-07-29T13:47:58.253Z
flip-only|ABNB|15m|1779381900000|1779457500000,flip-only,ABNB,NASDAQ:ABNB,15m,Swing 15m,LONG,Swing Low,2026-05-21 12:45,1779381900000,130.37,Flip Short,2026-05-22 09:45,1779457500000,134.94,74,9647.38,33,318.55,3.2986,406.97,4.2143,14.83,0.1535,19.63,2026-07-29T13:47:58.253Z
flip-only|ABNB|15m|1779917400000|1779995700000,flip-only,ABNB,NASDAQ:ABNB,15m,Swing 15m,LONG,Swing Low,2026-05-27 17:30,1779917400000,132.29,Flip Short,2026-05-28 15:15,1779995700000,133.7,75,9921.75,34,85.8,0.8639,95.83,0.9649,181.67,1.8292,19.95,2026-07-29T13:47:58.253Z
flip-only|ABNB|15m|1780313400000|1780333200000,flip-only,ABNB,NASDAQ:ABNB,15m,Swing 15m,LONG,Swing Low,2026-06-01 07:30,1780313400000,133.48,Flip Short,2026-06-01 13:00,1780333200000,135.7,75,10011,20,146.31,1.46,168.49,1.6814,115.01,1.1477,20.19,2026-07-29T13:47:58.253Z
flip-only|ABNB|15m|1780408800000|1780579800000,flip-only,ABNB,NASDAQ:ABNB,15m,Swing 15m,LONG,Swing Low,2026-06-02 10:00,1780408800000,132.24,Flip Short,2026-06-04 09:30,1780579800000,136.53,76,10050.24,80,305.61,3.0378,315.99,3.141,33.61,0.3341,20.43,2026-07-29T13:47:58.253Z
flip-only|ABNB|15m|1780602300000|1780929900000,flip-only,ABNB,NASDAQ:ABNB,15m,Swing 15m,LONG,Swing Low,2026-06-04 15:45,1780602300000,133.33,Flip Short,2026-06-08 10:45,1780929900000,135.36,78,10399.74,58,137.38,1.3197,187.72,1.8032,75.14,0.7218,20.96,2026-07-29T13:47:58.253Z
flip-only|ABNB|15m|1781019000000|1781207100000,flip-only,ABNB,NASDAQ:ABNB,15m,Swing 15m,LONG,Swing Low,2026-06-09 11:30,1781019000000,132.6,Flip Short,2026-06-11 15:45,1781207100000,130.46,79,10475.4,95,-189.84,-1.8105,2.16,0.0206,429.18,4.0929,20.78,2026-07-29T13:47:58.253Z
flip-only|ABNB|15m|1782135900000|1782308700000,flip-only,ABNB,NASDAQ:ABNB,15m,Swing 15m,LONG,Swing Low,2026-06-22 09:45,1782135900000,140.48,Flip Short,2026-06-24 09:45,1782308700000,143.79,74,10395.52,74,223.9,2.1517,244.16,2.3464,199.84,1.9204,21.04,2026-07-29T13:47:58.253Z
flip-only|ABNB|15m|1782410400000|1782487800000,flip-only,ABNB,NASDAQ:ABNB,15m,Swing 15m,LONG,Swing Low,2026-06-25 14:00,1782410400000,142.54,Flip Short,2026-06-26 11:30,1782487800000,145.31,74,10547.96,28,183.68,1.7396,200.35,1.8975,112.67,1.0671,21.3,2026-07-29T13:47:58.253Z
flip-only|ABNB|15m|1782834300000|1782918000000,flip-only,ABNB,NASDAQ:ABNB,15m,Swing 15m,LONG,Swing Low,2026-06-30 11:45,1782834300000,145.08,Flip Short,2026-07-01 11:00,1782918000000,147.93,74,10735.92,35,189.22,1.7607,206.08,1.9177,212.02,1.9729,21.68,2026-07-29T13:47:58.253Z
flip-only|ABNB|15m|1783501200000|1783615500000,flip-only,ABNB,NASDAQ:ABNB,15m,Swing 15m,LONG,Swing Low,2026-07-08 05:00,1783501200000,147.47,Flip Short,2026-07-09 12:45,1783615500000,147.12,74,10912.78,60,-47.7,-0.4367,40.89,0.3743,496.35,4.5438,21.8,2026-07-29T13:47:58.253Z
flip-only|ABNB|15m|1783951200000|1784123100000,flip-only,ABNB,NASDAQ:ABNB,15m,Swing 15m,LONG,Swing Low,2026-07-13 10:00,1783951200000,145.41,Flip Short,2026-07-15 09:45,1784123100000,148.08,75,10905.75,69,178.24,1.6327,335.59,3.0741,134.66,1.2335,22.01,2026-07-29T13:47:58.253Z
flip-only|ABNB|15m|1784220300000|1784906100000,flip-only,ABNB,NASDAQ:ABNB,15m,Swing 15m,LONG,Swing Low,2026-07-16 12:45,1784220300000,147.28,Flip Short,2026-07-24 11:15,1784906100000,141.45,75,11046,211,-458.9,-4.1503,57.95,0.5241,876.55,7.9275,21.65,2026-07-29T13:47:58.253Z
flip-only|CMC|15m|1776966300000|1777292100000,flip-only,CMC,NYSE:CMC,15m,Swing 15m,LONG,Swing Low,2026-04-23 13:45,1776966300000,66.95,Flip Short,2026-04-27 08:15,1777292100000,69.8,141,9439.95,42,382.57,4.0486,392.41,4.1528,26.36,0.279,19.28,2026-07-29T13:48:01.631Z
flip-only|CMC|15m|1777388400000|1777572000000,flip-only,CMC,NYSE:CMC,15m,Swing 15m,LONG,Swing Low,2026-04-28 11:00,1777388400000,68.83,Flip Short,2026-04-30 14:00,1777572000000,69.09,143,9842.69,69,17.46,0.1772,93.12,0.9451,341.6,3.4672,19.72,2026-07-29T13:48:01.631Z
flip-only|CMC|15m|1777902300000|1777995900000,flip-only,CMC,NYSE:CMC,15m,Swing 15m,LONG,Swing Low,2026-05-04 09:45,1777902300000,67.96,Flip Short,2026-05-05 11:45,1777995900000,69.78,145,9854.2,36,243.93,2.4729,261.3,2.649,262.15,2.6577,19.97,2026-07-29T13:48:01.631Z
flip-only|CMC|15m|1778177700000|1778514300000,flip-only,CMC,NYSE:CMC,15m,Swing 15m,LONG,Swing Low,2026-05-07 14:15,1778177700000,70.72,Flip Short,2026-05-11 11:45,1778514300000,71.79,142,10042.24,48,131.7,1.3102,141.9,1.4116,83.88,0.8345,20.24,2026-07-29T13:48:01.631Z
flip-only|CMC|15m|1778593500000|1778764500000,flip-only,CMC,NYSE:CMC,15m,Swing 15m,LONG,Swing Low,2026-05-12 09:45,1778593500000,70.07,Flip Short,2026-05-14 09:15,1778764500000,72.66,145,10160.15,55,354.85,3.4891,365.39,3.5927,274.06,2.6947,20.7,2026-07-29T13:48:01.631Z
flip-only|CMC|15m|1779120000000|1779288300000,flip-only,CMC,NYSE:CMC,15m,Swing 15m,LONG,Swing Low,2026-05-18 12:00,1779120000000,69.82,Flip Short,2026-05-20 10:45,1779288300000,70.15,151,10542.82,50,28.69,0.2719,146.5,1.3882,336.7,3.1905,21.14,2026-07-29T13:48:01.631Z
flip-only|CMC|15m|1780321500000|1780407900000,flip-only,CMC,NYSE:CMC,15m,Swing 15m,LONG,Swing Low,2026-06-01 09:45,1780321500000,74.56,Flip Short,2026-06-02 09:45,1780407900000,76.87,142,10587.52,26,306.52,2.8922,367.13,3.4641,74.49,0.7028,21.5,2026-07-29T13:48:01.631Z
flip-only|CMC|15m|1780578900000|1780587000000,flip-only,CMC,NYSE:CMC,15m,Swing 15m,LONG,Swing Low,2026-06-04 09:15,1780578900000,75.37,Flip Short,2026-06-04 11:30,1780587000000,77.18,143,10777.91,9,237.02,2.1969,248.05,2.2992,63.69,0.5903,21.81,2026-07-29T13:48:01.631Z
flip-only|CMC|15m|1780667100000|1781015400000,flip-only,CMC,NYSE:CMC,15m,Swing 15m,LONG,Swing Low,2026-06-05 09:45,1780667100000,75.06,Flip Short,2026-06-09 10:30,1781015400000,75.56,148,11108.88,60,51.71,0.465,67.33,0.6055,284.91,2.5621,22.29,2026-07-29T13:48:01.631Z
flip-only|CMC|15m|1781023500000|1781031600000,flip-only,CMC,NYSE:CMC,15m,Swing 15m,LONG,Swing Low,2026-06-09 12:45,1781023500000,73.32,Flip Short,2026-06-09 15:00,1781031600000,75.51,152,11144.64,9,310.26,2.7811,336.94,3.0203,18.74,0.168,22.62,2026-07-29T13:48:01.631Z
flip-only|CMC|15m|1781552700000|1782206100000,flip-only,CMC,NYSE:CMC,15m,Swing 15m,LONG,Swing Low,2026-06-15 15:45,1781552700000,77.28,Flip Short,2026-06-23 05:15,1782206100000,72.92,148,11437.44,113,-667.51,-5.8303,265.32,2.3175,791.4,6.9124,22.23,2026-07-29T13:48:01.631Z
flip-only|CMC|15m|1782222300000|1782386100000,flip-only,CMC,NYSE:CMC,15m,Swing 15m,LONG,Swing Low,2026-06-23 09:45,1782222300000,71.12,Flip Short,2026-06-25 07:15,1782386100000,73,152,10810.24,54,263.85,2.4383,420.87,3.8894,130.89,1.2096,21.91,2026-07-29T13:48:01.631Z
flip-only|CMC|15m|1782486900000|1783350000000,flip-only,CMC,NYSE:CMC,15m,Swing 15m,LONG,Swing Low,2026-06-26 11:15,1782486900000,70.13,Flip Short,2026-07-06 11:00,1783350000000,62.6,157,11010.41,144,-1203.05,-10.9155,51.79,0.4699,1559.03,14.1455,20.84,2026-07-29T13:48:01.631Z
flip-only|CMC|15m|1783451700000|1783604700000,flip-only,CMC,NYSE:CMC,15m,Swing 15m,LONG,Swing Low,2026-07-07 15:15,1783451700000,61.23,Flip Short,2026-07-09 09:45,1783604700000,62.12,162,9919.26,34,124.2,1.2508,223.36,2.2495,26.12,0.2631,19.98,2026-07-29T13:48:01.631Z
flip-only|CMC|15m|1783606500000|1783698300000,flip-only,CMC,NYSE:CMC,15m,Swing 15m,LONG,Swing Low,2026-07-09 10:15,1783606500000,61.17,Flip Short,2026-07-10 11:45,1783698300000,62.61,164,10031.88,34,215.86,2.1496,235.97,2.3498,208.47,2.076,20.3,2026-07-29T13:48:01.631Z
flip-only|CMC|15m|1784295900000|1784547000000,flip-only,CMC,NYSE:CMC,15m,Swing 15m,LONG,Swing Low,2026-07-17 09:45,1784295900000,65.9,Flip Short,2026-07-20 07:30,1784547000000,66.8,155,10214.5,26,118.93,1.1632,212.99,2.083,10.21,0.0999,20.57,2026-07-29T13:48:01.631Z
flip-only|CMC|15m|1784569500000|1784643300000,flip-only,CMC,NYSE:CMC,15m,Swing 15m,LONG,Swing Low,2026-07-20 13:45,1784569500000,64.82,Flip Short,2026-07-21 10:15,1784643300000,67.45,159,10306.38,15,397.14,3.8495,415.81,4.0305,21.44,0.2078,21.03,2026-07-29T13:48:01.631Z
flip-only|CMC|15m|1785168900000|1785247200000,flip-only,CMC,NYSE:CMC,15m,Swing 15m,LONG,Swing Low,2026-07-27 12:15,1785168900000,67.43,Flip Short,2026-07-28 10:00,1785247200000,69.91,159,10721.37,20,372.48,3.4707,397.91,3.7077,25.03,0.2332,21.84,2026-07-29T13:48:01.631Z
flip-only|KRYS|15m|1777470300000|1777645800000,flip-only,KRYS,NASDAQ:KRYS,15m,Swing 15m,LONG,Swing Low,2026-04-29 09:45,1777470300000,265.49,Flip Short,2026-05-01 10:30,1777645800000,264.26,35,9292.15,60,-61.59,-0.6622,11.01,0.1183,290.69,3.1252,18.54,2026-07-29T13:48:04.665Z
flip-only|KRYS|15m|1777901400000|1777924800000,flip-only,KRYS,NASDAQ:KRYS,15m,Swing 15m,LONG,Swing Low,2026-05-04 09:30,1777901400000,265.74,Flip Short,2026-05-04 16:00,1777924800000,287,36,9566.64,26,745.46,7.7845,763.71,7.9751,500.97,5.2314,19.9,2026-07-29T13:48:04.665Z
flip-only|KRYS|15m|1778174100000|1778175900000,flip-only,KRYS,NASDAQ:KRYS,15m,Swing 15m,LONG,Swing Low,2026-05-07 13:15,1778174100000,280.01,Flip Short,2026-05-07 13:45,1778175900000,293.91,36,10080.36,2,479.74,4.7544,501.12,4.9663,10.08,0.0999,20.66,2026-07-29T13:48:04.665Z
flip-only|KRYS|15m|1778679900000|1778772600000,flip-only,KRYS,NASDAQ:KRYS,15m,Swing 15m,LONG,Swing Low,2026-05-13 09:45,1778679900000,307.83,Flip Short,2026-05-14 11:30,1778772600000,312.78,34,10466.22,37,147.2,1.405,373.05,3.5608,86.29,0.8236,21.1,2026-07-29T13:48:04.665Z
flip-only|KRYS|15m|1778852700000|1779284700000,flip-only,KRYS,NASDAQ:KRYS,15m,Swing 15m,LONG,Swing Low,2026-05-15 09:45,1778852700000,309.62,Flip Short,2026-05-20 09:45,1779284700000,298.95,34,10527.08,94,-383.47,-3.6391,140.77,1.3359,762.61,7.237,20.69,2026-07-29T13:48:04.665Z
flip-only|KRYS|15m|1779477300000|1779889500000,flip-only,KRYS,NASDAQ:KRYS,15m,Swing 15m,LONG,Swing Low,2026-05-22 15:15,1779477300000,298.86,Flip Short,2026-05-27 09:45,1779889500000,306,34,10161.24,36,222.19,2.1845,232.6,2.2868,43.48,0.4275,20.57,2026-07-29T13:48:04.665Z
flip-only|KRYS|15m|1780321500000|1780502400000,flip-only,KRYS,NASDAQ:KRYS,15m,Swing 15m,LONG,Swing Low,2026-06-01 09:45,1780321500000,305.05,Flip Short,2026-06-03 12:00,1780502400000,303,34,10371.7,75,-90.37,-0.8705,80.07,0.7712,665.21,6.4073,20.67,2026-07-29T13:48:04.665Z
flip-only|KRYS|15m|1780688700000|1781079300000,flip-only,KRYS,NASDAQ:KRYS,15m,Swing 15m,LONG,Swing Low,2026-06-05 15:45,1780688700000,301.59,Flip Short,2026-06-10 04:15,1781079300000,309.75,34,10254.06,57,256.65,2.5005,546.67,5.3259,64.31,0.6266,20.79,2026-07-29T13:48:04.665Z
flip-only|KRYS|15m|1781290800000|1781611200000,flip-only,KRYS,NASDAQ:KRYS,15m,Swing 15m,LONG,Swing Low,2026-06-12 15:00,1781290800000,317.8,Flip Short,2026-06-16 08:00,1781611200000,326.93,33,10487.4,34,280.01,2.6673,293.11,2.7921,134.24,1.2787,21.28,2026-07-29T13:48:04.665Z
flip-only|KRYS|15m|1782150300000|1782308700000,flip-only,KRYS,NASDAQ:KRYS,15m,Swing 15m,LONG,Swing Low,2026-06-22 13:45,1782150300000,344.7,Flip Short,2026-06-24 09:45,1782308700000,349.06,31,10685.7,40,113.65,1.0625,206.62,1.9317,229.24,2.1431,21.51,2026-07-29T13:48:04.665Z
flip-only|KRYS|15m|1782848700000|1783603800000,flip-only,KRYS,NASDAQ:KRYS,15m,Swing 15m,LONG,Swing Low,2026-06-30 15:45,1782848700000,370.2,Flip Short,2026-07-09 09:30,1783603800000,376.99,29,10735.8,161,175.24,1.6307,273.46,2.5447,248.83,2.3154,21.67,2026-07-29T13:48:04.665Z
flip-only|KRYS|15m|1783691100000|1783972800000,flip-only,KRYS,NASDAQ:KRYS,15m,Swing 15m,LONG,Swing Low,2026-07-10 09:45,1783691100000,360.17,Flip Short,2026-07-13 16:00,1783972800000,363.24,31,11165.27,52,72.74,0.6509,220.09,1.9693,200.58,1.7946,22.43,2026-07-29T13:48:04.665Z
flip-only|KRYS|15m|1784036700000|1784144700000,flip-only,KRYS,NASDAQ:KRYS,15m,Swing 15m,LONG,Swing Low,2026-07-14 09:45,1784036700000,353.34,Flip Short,2026-07-15 15:45,1784144700000,350.72,32,11306.88,58,-106.37,-0.9398,6.93,0.0613,822.19,7.2643,22.53,2026-07-29T13:48:04.665Z
flip-only|KRYS|15m|1784284200000|1784315700000,flip-only,KRYS,NASDAQ:KRYS,15m,Swing 15m,LONG,Swing Low,2026-07-17 06:30,1784284200000,337,Flip Short,2026-07-17 15:15,1784315700000,352.62,33,11121,28,492.7,4.426,535.69,4.8121,76.79,0.6898,22.76,2026-07-29T13:48:04.665Z
flip-only|KRYS|15m|1784574900000|1785151800000,flip-only,KRYS,NASDAQ:KRYS,15m,Swing 15m,LONG,Swing Low,2026-07-20 15:15,1784574900000,341.31,Flip Short,2026-07-27 07:30,1785151800000,340,34,11604.54,120,-67.7,-0.5828,138,1.188,753.82,6.4895,23.16,2026-07-29T13:48:04.665Z
flip-only|CORT|15m|1777540500000|1777642200000,flip-only,CORT,NASDAQ:CORT,15m,Swing 15m,LONG,Swing Low,2026-04-30 05:15,1777540500000,46.52,Flip Short,2026-05-01 09:30,1777642200000,47.87,203,9443.56,39,254.89,2.6964,433.1,4.5816,724,7.659,19.16,2026-07-29T13:48:07.832Z
flip-only|CORT|15m|1778164200000|1778506200000,flip-only,CORT,NASDAQ:CORT,15m,Swing 15m,LONG,Swing Low,2026-05-07 10:30,1778164200000,50.95,Flip Short,2026-05-11 09:30,1778506200000,52.93,190,9680.5,58,356.46,3.6786,366.52,3.7824,209.18,2.1587,19.74,2026-07-29T13:48:07.832Z
flip-only|CORT|15m|1778531400000|1778679000000,flip-only,CORT,NASDAQ:CORT,15m,Swing 15m,LONG,Swing Low,2026-05-11 16:30,1778531400000,51.16,Flip Short,2026-05-13 09:30,1778679000000,53.84,196,10027.36,34,504.7,5.0282,515.25,5.1333,119.79,1.1934,20.58,2026-07-29T13:48:07.832Z
flip-only|CORT|15m|1778859900000|1779206400000,flip-only,CORT,NASDAQ:CORT,15m,Swing 15m,LONG,Swing Low,2026-05-15 11:45,1778859900000,56.36,Flip Short,2026-05-19 12:00,1779206400000,56.94,187,10539.32,62,87.27,0.8272,144.67,1.3713,393.89,3.7336,21.19,2026-07-29T13:48:07.832Z
flip-only|CORT|15m|1780685100000|1781012700000,flip-only,CORT,NASDAQ:CORT,15m,Swing 15m,LONG,Swing Low,2026-06-05 14:45,1780685100000,73.16,Flip Short,2026-06-09 09:45,1781012700000,75.76,145,10608.2,39,355.41,3.347,411.34,3.8737,103.41,0.9738,21.59,2026-07-29T13:48:07.832Z
flip-only|CORT|15m|1781531100000|1781620200000,flip-only,CORT,NASDAQ:CORT,15m,Swing 15m,LONG,Swing Low,2026-06-15 09:45,1781531100000,80.42,Flip Short,2026-06-16 10:30,1781620200000,83.12,136,10937.12,36,344.96,3.1509,471.86,4.31,179.58,1.6403,22.24,2026-07-29T13:48:07.832Z
flip-only|CORT|15m|1781724600000|1782223200000,flip-only,CORT,NASDAQ:CORT,15m,Swing 15m,LONG,Swing Low,2026-06-17 15:30,1781724600000,82.52,Flip Short,2026-06-23 10:00,1782223200000,81.22,136,11222.72,68,-199.07,-1.772,190.06,1.6918,687.14,6.1167,22.27,2026-07-29T13:48:07.832Z
flip-only|CORT|15m|1782846900000|1782916200000,flip-only,CORT,NASDAQ:CORT,15m,Swing 15m,LONG,Swing Low,2026-06-30 15:15,1782846900000,86.89,Flip Short,2026-07-01 10:30,1782916200000,89.06,127,11035.03,11,253.24,2.2926,298.84,2.7054,124.07,1.1232,22.35,2026-07-29T13:48:07.832Z
flip-only|CORT|15m|1783692900000|1784050200000,flip-only,CORT,NASDAQ:CORT,15m,Swing 15m,LONG,Swing Low,2026-07-10 10:15,1783692900000,90.85,Flip Short,2026-07-14 13:30,1784050200000,90.56,125,11356.25,76,-58.93,-0.5184,197.39,1.7365,755.11,6.6426,22.68,2026-07-29T13:48:07.832Z
flip-only|CORT|15m|1784295900000|1784561400000,flip-only,CORT,NASDAQ:CORT,15m,Swing 15m,LONG,Swing Low,2026-07-17 09:45,1784295900000,88.38,Flip Short,2026-07-20 11:30,1784561400000,92.06,128,11312.64,42,447.94,3.9557,486.61,4.2972,12.59,0.1112,23.1,2026-07-29T13:48:07.832Z
flip-only|CORT|15m|1784745900000|1784826900000,flip-only,CORT,NASDAQ:CORT,15m,Swing 15m,LONG,Swing Low,2026-07-22 14:45,1784745900000,92.92,Flip Short,2026-07-23 13:15,1784826900000,96.7,126,11707.92,26,452.39,3.8601,475.91,4.0608,325.45,2.7769,23.89,2026-07-29T13:48:07.832Z
flip-only|CORT|15m|1785141900000|1785314700000,flip-only,CORT,NASDAQ:CORT,15m,Swing 15m,LONG,Swing Low,2026-07-27 04:45,1785141900000,93.68,Flip Short,2026-07-29 04:45,1785314700000,94.19,129,12084.72,64,41.55,0.3435,65.32,0.5399,486.8,4.0242,24.24,2026-07-29T13:48:07.832Z
flip-only|NWSA|15m|1776779100000|1776780000000,flip-only,NWSA,NASDAQ:NWSA,15m,Swing 15m,LONG,Swing Low,2026-04-21 09:45,1776779100000,26.1,Flip Short,2026-04-21 10:00,1776780000000,26.32,363,9474.3,1,60.83,0.6414,77.65,0.8187,9.47,0.0999,19.03,2026-07-29T13:48:11.023Z
flip-only|NWSA|15m|1776961800000|1777302000000,flip-only,NWSA,NASDAQ:NWSA,15m,Swing 15m,LONG,Swing Low,2026-04-23 12:30,1776961800000,26.17,Flip Short,2026-04-27 11:00,1777302000000,26.59,364,9525.88,50,133.68,1.4019,143.35,1.5034,93.25,0.9779,19.2,2026-07-29T13:48:11.023Z
flip-only|NWSA|15m|1777404600000|1777557600000,flip-only,NWSA,NASDAQ:NWSA,15m,Swing 15m,LONG,Swing Low,2026-04-28 15:30,1777404600000,26.2,Flip Short,2026-04-30 10:00,1777557600000,26.28,369,9667.8,34,10.15,0.1049,56.75,0.5864,112.99,1.1675,19.37,2026-07-29T13:48:11.023Z
flip-only|NWSA|15m|1777641300000|1777642200000,flip-only,NWSA,NASDAQ:NWSA,15m,Swing 15m,LONG,Swing Low,2026-05-01 09:15,1777641300000,26.44,Flip Short,2026-05-01 09:30,1777642200000,26.5,373,9862.12,1,2.63,0.0267,135.61,1.3737,9.86,0.0999,19.75,2026-07-29T13:48:11.023Z
flip-only|NWSA|15m|1777921200000|1778085000000,flip-only,NWSA,NASDAQ:NWSA,15m,Swing 15m,LONG,Swing Low,2026-05-04 15:00,1777921200000,25.99,Flip Short,2026-05-06 12:30,1778085000000,26.34,372,9668.28,44,110.73,1.1442,139.13,1.4376,273.79,2.829,19.47,2026-07-29T13:48:11.023Z
flip-only|NWSA|15m|1778247900000|1778488200000,flip-only,NWSA,NASDAQ:NWSA,15m,Swing 15m,LONG,Swing Low,2026-05-08 09:45,1778247900000,26.68,Flip Short,2026-05-11 04:30,1778488200000,27,367,9791.56,26,97.74,0.9972,250.78,2.5586,196.96,2.0095,19.7,2026-07-29T13:48:11.023Z
flip-only|NWSA|15m|1778767200000|1779199200000,flip-only,NWSA,NASDAQ:NWSA,15m,Swing 15m,LONG,Swing Low,2026-05-14 10:00,1778767200000,26.38,Flip Short,2026-05-19 10:00,1779199200000,26.47,374,9866.12,79,13.89,0.1407,61.19,0.6196,230.53,2.3342,19.77,2026-07-29T13:48:11.023Z
flip-only|NWSA|15m|1779284700000|1779390000000,flip-only,NWSA,NASDAQ:NWSA,15m,Swing 15m,LONG,Swing Low,2026-05-20 09:45,1779284700000,25.9,Flip Short,2026-05-21 15:00,1779390000000,26.28,382,9893.8,49,125.23,1.2644,158.19,1.5972,105.39,1.0642,19.93,2026-07-29T13:48:11.023Z
flip-only|NWSA|15m|1779478200000|1779824700000,flip-only,NWSA,NASDAQ:NWSA,15m,Swing 15m,LONG,Swing Low,2026-05-22 15:30,1779478200000,25.7,Flip Short,2026-05-26 15:45,1779824700000,26.28,389,9997.3,29,205.4,2.0525,215.62,2.1547,37.23,0.372,20.22,2026-07-29T13:48:11.023Z
flip-only|NWSA|15m|1780062300000|1780335900000,flip-only,NWSA,NASDAQ:NWSA,15m,Swing 15m,LONG,Swing Low,2026-05-29 09:45,1780062300000,26.16,Flip Short,2026-06-01 13:45,1780335900000,26.7,390,10202.4,44,189.98,1.8603,219.9,2.1532,76.5,0.7491,20.62,2026-07-29T13:48:11.023Z
flip-only|NWSA|15m|1780494300000|1780582500000,flip-only,NWSA,NASDAQ:NWSA,15m,Swing 15m,LONG,Swing Low,2026-06-03 09:45,1780494300000,26.15,Flip Short,2026-06-04 10:15,1780582500000,26.91,397,10381.55,29,280.66,2.7007,311.19,2.9945,129.48,1.246,21.06,2026-07-29T13:48:11.023Z
flip-only|NWSA|15m|1780926300000|1781098200000,flip-only,NWSA,NASDAQ:NWSA,15m,Swing 15m,LONG,Swing Low,2026-06-08 09:45,1780926300000,26.61,Flip Short,2026-06-10 09:30,1781098200000,27.29,400,10644,54,250.44,2.3505,393.36,3.6919,58.64,0.5504,21.56,2026-07-29T13:48:11.023Z
flip-only|NWSA|15m|1781121600000|1781631900000,flip-only,NWSA,NASDAQ:NWSA,15m,Swing 15m,LONG,Swing Low,2026-06-10 16:00,1781121600000,26.96,Flip Short,2026-06-16 13:45,1781631900000,25.88,404,10891.84,103,-457.67,-4.1977,0,0,742.13,6.8068,21.35,2026-07-29T13:48:11.023Z
flip-only|NWSA|15m|1781795700000|1782307800000,flip-only,NWSA,NASDAQ:NWSA,15m,Swing 15m,LONG,Swing Low,2026-06-18 11:15,1781795700000,25.6,Flip Short,2026-06-24 09:30,1782307800000,25.19,408,10444.8,79,-188,-1.7982,95.64,0.9147,520.44,4.9778,20.72,2026-07-29T13:48:11.023Z
flip-only|NWSA|15m|1782760500000|1782915300000,flip-only,NWSA,NASDAQ:NWSA,15m,Swing 15m,LONG,Swing Low,2026-06-29 15:15,1782760500000,25.19,Flip Short,2026-07-01 10:15,1782915300000,25.71,408,10277.52,35,191.39,1.8604,210.04,2.0417,251,2.4398,20.77,2026-07-29T13:48:11.023Z
flip-only|NWSA|15m|1783941300000|1783951200000,flip-only,NWSA,NASDAQ:NWSA,15m,Swing 15m,LONG,Swing Low,2026-07-13 07:15,1783941300000,27.7,Flip Short,2026-07-13 10:00,1783951200000,27.9,392,10858.4,3,56.6,0.5208,75.38,0.6935,89.26,0.8212,21.8,2026-07-29T13:48:11.023Z
flip-only|NWSA|15m|1784105100000|1784124900000,flip-only,NWSA,NASDAQ:NWSA,15m,Swing 15m,LONG,Swing Low,2026-07-15 04:45,1784105100000,26.73,Flip Short,2026-07-15 10:15,1784124900000,28.15,400,10692,4,546.05,5.102,577.31,5.394,206.69,1.9312,21.95,2026-07-29T13:48:11.023Z
flip-only|NWSA|15m|1784577600000|1785159900000,flip-only,NWSA,NASDAQ:NWSA,15m,Swing 15m,LONG,Swing Low,2026-07-20 16:00,1784577600000,28.29,Flip Short,2026-07-27 09:45,1785159900000,27.26,390,11033.1,113,-423.36,-3.8334,0,0,841.73,7.6215,21.66,2026-07-29T13:48:11.023Z
flip-only|HIG|15m|1776975300000|1777376700000,flip-only,HIG,NYSE:HIG,15m,Swing 15m,LONG,Swing Low,2026-04-23 16:15,1776975300000,129.1,Flip Short,2026-04-28 07:45,1777376700000,138,72,9295.2,76,621.57,6.6803,694.86,7.4681,89.94,0.9666,19.23,2026-07-29T13:48:14.218Z
flip-only|HIG|15m|1777474800000|1777644000000,flip-only,HIG,NYSE:HIG,15m,Swing 15m,LONG,Swing Low,2026-04-29 11:00,1777474800000,136.63,Flip Short,2026-05-01 10:00,1777644000000,138.02,73,9973.99,58,81.42,0.8155,97.34,0.9749,140.64,1.4087,20.05,2026-07-29T13:48:14.218Z
flip-only|HIG|15m|1777662900000|1778593500000,flip-only,HIG,NYSE:HIG,15m,Swing 15m,LONG,Swing Low,2026-05-01 15:15,1777662900000,136.45,Flip Short,2026-05-12 09:45,1778593500000,131.91,74,10097.3,175,-355.82,-3.5204,0,0,406,4.0168,19.86,2026-07-29T13:48:14.218Z
flip-only|HIG|15m|1779284700000|1779307200000,flip-only,HIG,NYSE:HIG,15m,Swing 15m,LONG,Swing Low,2026-05-20 09:45,1779284700000,135.11,Flip Short,2026-05-20 16:00,1779307200000,136.67,72,9727.92,25,92.75,0.9525,104.75,1.0757,20.53,0.2108,19.57,2026-07-29T13:48:14.218Z
flip-only|HIG|15m|1779486300000|1779803100000,flip-only,HIG,NYSE:HIG,15m,Swing 15m,LONG,Swing Low,2026-05-22 17:45,1779486300000,135.2,Flip Short,2026-05-26 09:45,1779803100000,136.49,73,9869.6,3,74.34,0.7524,157.3,1.5922,9.87,0.0999,19.83,2026-07-29T13:48:14.218Z
flip-only|HIG|15m|1779805800000|1780419600000,flip-only,HIG,NYSE:HIG,15m,Swing 15m,LONG,Swing Low,2026-05-26 10:30,1779805800000,135.11,Flip Short,2026-06-02 13:00,1780419600000,128.32,73,9863.03,153,-514.9,-5.2153,68.98,0.6986,723.8,7.3312,19.23,2026-07-29T13:48:14.218Z
flip-only|HIG|15m|1780512300000|1780580700000,flip-only,HIG,NYSE:HIG,15m,Swing 15m,LONG,Swing Low,2026-06-03 14:45,1780512300000,126.12,Flip Short,2026-06-04 09:45,1780580700000,129.1,75,9459,10,204.36,2.1583,226.79,2.3952,46.96,0.496,19.14,2026-07-29T13:48:14.218Z
flip-only|HIG|15m|1780947000000|1781100900000,flip-only,HIG,NYSE:HIG,15m,Swing 15m,LONG,Swing Low,2026-06-08 15:30,1780947000000,128.68,Flip Short,2026-06-10 10:15,1781100900000,129.85,75,9651,33,68.36,0.7076,122.35,1.2665,110.9,1.148,19.39,2026-07-29T13:48:14.218Z
flip-only|HIG|15m|1781208000000|1781293500000,flip-only,HIG,NYSE:HIG,15m,Swing 15m,LONG,Swing Low,2026-06-11 16:00,1781208000000,128.41,Flip Short,2026-06-12 15:45,1781293500000,129.54,75,9630.75,31,65.4,0.6784,86.37,0.8959,84.63,0.8779,19.35,2026-07-29T13:48:14.218Z
flip-only|HIG|15m|1781722800000|1782222300000,flip-only,HIG,NYSE:HIG,15m,Swing 15m,LONG,Swing Low,2026-06-17 15:00,1781722800000,129.67,Flip Short,2026-06-23 09:45,1782222300000,129.89,75,9725.25,62,-2.97,-0.0305,92.27,0.9479,149.98,1.5406,19.47,2026-07-29T13:48:14.218Z
flip-only|HIG|15m|1782407700000|1782504000000,flip-only,HIG,NYSE:HIG,15m,Swing 15m,LONG,Swing Low,2026-06-25 13:15,1782407700000,130.63,Flip Short,2026-06-26 16:00,1782504000000,133.92,75,9797.25,38,226.91,2.3137,247.45,2.5232,42.05,0.4287,19.84,2026-07-29T13:48:14.218Z
flip-only|HIG|15m|1783603800000|1783949400000,flip-only,HIG,NYSE:HIG,15m,Swing 15m,LONG,Swing Low,2026-07-09 09:30,1783603800000,140.55,Flip Short,2026-07-13 09:30,1783949400000,139.85,72,10119.6,56,-70.59,-0.6968,22.28,0.22,248.44,2.4526,20.19,2026-07-29T13:48:14.218Z
flip-only|HIG|15m|1784053800000|1784295900000,flip-only,HIG,NYSE:HIG,15m,Swing 15m,LONG,Swing Low,2026-07-14 14:30,1784053800000,138.52,Flip Short,2026-07-17 09:45,1784295900000,141.59,71,9834.92,65,198.08,2.0121,223.05,2.2656,486.95,4.9463,19.89,2026-07-29T13:48:14.218Z
flip-only|HIG|15m|1784641500000|1784661300000,flip-only,HIG,NYSE:HIG,15m,Swing 15m,LONG,Swing Low,2026-07-21 09:45,1784641500000,140.35,Flip Short,2026-07-21 15:15,1784661300000,141.19,72,10105.2,22,40.21,0.3975,50.37,0.498,82.11,0.8117,20.27,2026-07-29T13:48:14.218Z
flip-only|HIG|15m|1784727000000|1784818800000,flip-only,HIG,NYSE:HIG,15m,Swing 15m,LONG,Swing Low,2026-07-22 09:30,1784727000000,139.93,Flip Short,2026-07-23 11:00,1784818800000,142.68,73,10214.89,32,180.12,1.7615,190.54,1.8634,30.65,0.2998,20.63,2026-07-29T13:48:14.218Z
flip-only|HIG|15m|1784844900000|1785269700000,flip-only,HIG,NYSE:HIG,15m,Swing 15m,LONG,Swing Low,2026-07-23 18:15,1784844900000,141,Flip Short,2026-07-28 16:15,1785269700000,143.42,74,10434,93,158.03,1.5131,235.25,2.2524,484.03,4.6344,21.05,2026-07-29T13:48:14.218Z
flip-only|SGHC|15m|1777909500000|1777991400000,flip-only,SGHC,NYSE:SGHC,15m,Swing 15m,LONG,Swing Low,2026-05-04 11:45,1777909500000,12.84,Flip Short,2026-05-05 10:30,1777991400000,13.2,739,9488.76,27,246.8,2.5983,263.94,2.7788,98.17,1.0335,19.24,2026-07-29T13:48:17.253Z
flip-only|SGHC|15m|1778094000000|1778244300000,flip-only,SGHC,NYSE:SGHC,15m,Swing 15m,LONG,Swing Low,2026-05-06 15:00,1778094000000,12.93,Flip Short,2026-05-08 08:45,1778244300000,13.18,751,9710.43,40,168.14,1.7298,208.08,2.1407,69.79,0.718,19.61,2026-07-29T13:48:17.253Z
flip-only|SGHC|15m|1778507100000|1778522400000,flip-only,SGHC,NYSE:SGHC,15m,Swing 15m,LONG,Swing Low,2026-05-11 09:45,1778507100000,12.97,Flip Short,2026-05-11 14:00,1778522400000,13.41,762,9883.14,17,315.18,3.1859,333.02,3.3662,47.98,0.485,20.1,2026-07-29T13:48:17.253Z
flip-only|SGHC|15m|1778593500000|1778765400000,flip-only,SGHC,NYSE:SGHC,15m,Swing 15m,LONG,Swing Low,2026-05-12 09:45,1778593500000,12.83,Flip Short,2026-05-14 09:30,1778765400000,13.13,795,10199.85,68,217.86,2.1338,975.6,9.5553,320.25,3.1366,20.64,2026-07-29T13:48:17.253Z
flip-only|SGHC|15m|1778846400000|1779116400000,flip-only,SGHC,NYSE:SGHC,15m,Swing 15m,LONG,Swing Low,2026-05-15 08:00,1778846400000,13,Flip Short,2026-05-18 11:00,1779116400000,13.34,791,10283,40,248.11,2.4104,306.12,2.9739,81.47,0.7915,20.83,2026-07-29T13:48:17.253Z
flip-only|SGHC|15m|1779303600000|1780322400000,flip-only,SGHC,NYSE:SGHC,15m,Swing 15m,LONG,Swing Low,2026-05-20 15:00,1779303600000,13.66,Flip Short,2026-06-01 10:00,1780322400000,13.01,778,10627.48,196,-526.45,-4.9487,113.85,1.0702,998.69,9.3878,20.75,2026-07-29T13:48:17.253Z
flip-only|SGHC|15m|1780430400000|1780580700000,flip-only,SGHC,NYSE:SGHC,15m,Swing 15m,LONG,Swing Low,2026-06-02 16:00,1780430400000,12.66,Flip Short,2026-06-04 09:45,1780580700000,12.91,799,10115.34,43,179.32,1.771,189.63,1.8729,369.67,3.6509,20.43,2026-07-29T13:48:17.253Z
flip-only|SGHC|15m|1780688700000|1781013600000,flip-only,SGHC,NYSE:SGHC,15m,Swing 15m,LONG,Swing Low,2026-06-05 15:45,1780688700000,12.88,Flip Short,2026-06-09 10:00,1781013600000,13.43,799,10291.12,40,418.43,4.0619,453.13,4.3987,98.18,0.9531,21.02,2026-07-29T13:48:17.253Z
flip-only|SGHC|15m|1781206200000|1782136800000,flip-only,SGHC,NYSE:SGHC,15m,Swing 15m,LONG,Swing Low,2026-06-11 15:30,1781206200000,13.62,Flip Short,2026-06-22 10:00,1782136800000,13.62,785,10691.7,162,-21.38,-0.1998,444.61,4.1543,450.29,4.2074,21.38,2026-07-29T13:48:17.253Z
flip-only|SGHC|15m|1782239400000|1782394200000,flip-only,SGHC,NYSE:SGHC,15m,Swing 15m,LONG,Swing Low,2026-06-23 14:30,1782239400000,13.43,Flip Short,2026-06-25 09:30,1782394200000,13.56,794,10663.42,53,81.79,0.7662,283.12,2.6524,232.98,2.1827,21.43,2026-07-29T13:48:17.253Z
flip-only|SGHC|15m|1782846000000|1782933300000,flip-only,SGHC,NYSE:SGHC,15m,Swing 15m,LONG,Swing Low,2026-06-30 15:00,1782846000000,13.49,Flip Short,2026-07-01 15:15,1782933300000,13.84,796,10738.04,31,256.85,2.3895,267.86,2.492,711.22,6.6167,21.75,2026-07-29T13:48:17.253Z
flip-only|SGHC|15m|1783611000000|1783950300000,flip-only,SGHC,NYSE:SGHC,15m,Swing 15m,LONG,Swing Low,2026-07-09 11:30,1783611000000,14.69,Flip Short,2026-07-13 09:45,1783950300000,15.11,747,10973.43,55,291.48,2.6536,519.4,4.7285,115.55,1.052,22.26,2026-07-29T13:48:17.253Z
flip-only|SGHC|15m|1784058300000|1784298600000,flip-only,SGHC,NYSE:SGHC,15m,Swing 15m,LONG,Swing Low,2026-07-14 15:45,1784058300000,14.9,Flip Short,2026-07-17 10:30,1784298600000,14.93,756,11264.4,74,0.13,0.0011,215.54,1.9115,321.22,2.8488,22.55,2026-07-29T13:48:17.253Z
flip-only|SGHC|15m|1784727900000|1785159900000,flip-only,SGHC,NYSE:SGHC,15m,Swing 15m,LONG,Swing Low,2026-07-22 09:45,1784727900000,15.11,Flip Short,2026-07-27 09:45,1785159900000,14.55,745,11256.95,97,-439.3,-3.8986,107.94,0.9579,719.01,6.3808,22.1,2026-07-29T13:48:17.253Z
flip-only|SGHC|15m|1785245400000|1785249900000,flip-only,SGHC,NYSE:SGHC,15m,Swing 15m,LONG,Swing Low,2026-07-28 09:30,1785245400000,14.58,Flip Short,2026-07-28 10:45,1785249900000,14.81,735,10716.3,5,147.45,1.3746,173.03,1.6131,40.12,0.374,21.6,2026-07-29T13:48:17.253Z
flip-only|FFIN|15m|1776800700000|1777309200000,flip-only,FFIN,NASDAQ:FFIN,15m,Swing 15m,LONG,Swing Low,2026-04-21 15:45,1776800700000,32.26,Flip Short,2026-04-27 13:00,1777309200000,32.5,294,9484.44,95,51.52,0.5427,61.08,0.6433,165.3,1.7412,19.04,2026-07-29T13:48:20.259Z
flip-only|FFIN|15m|1777487400000|1777642200000,flip-only,FFIN,NASDAQ:FFIN,15m,Swing 15m,LONG,Swing Low,2026-04-29 14:30,1777487400000,31.89,Flip Short,2026-05-01 09:30,1777642200000,32.18,299,9535.11,35,67.55,0.7078,202.75,2.1243,90.27,0.9457,19.16,2026-07-29T13:48:20.259Z
flip-only|FFIN|15m|1777912200000|1778075100000,flip-only,FFIN,NASDAQ:FFIN,15m,Swing 15m,LONG,Swing Low,2026-05-04 12:30,1777912200000,31.9,Flip Short,2026-05-06 09:45,1778075100000,32.76,301,9601.9,42,239.4,2.4907,273.34,2.8439,78.83,0.8202,19.46,2026-07-29T13:48:20.259Z
flip-only|FFIN|15m|1778180400000|1778766300000,flip-only,FFIN,NASDAQ:FFIN,15m,Swing 15m,LONG,Swing Low,2026-05-07 15:00,1778180400000,32.41,Flip Short,2026-05-14 09:45,1778766300000,31.6,303,9820.23,115,-264.83,-2.694,71.99,0.7323,473.41,4.8159,19.4,2026-07-29T13:48:20.259Z
flip-only|FFIN|15m|1778852700000|1779114600000,flip-only,FFIN,NASDAQ:FFIN,15m,Swing 15m,LONG,Swing Low,2026-05-15 09:45,1778852700000,31.26,Flip Short,2026-05-18 10:30,1779114600000,31.75,306,9565.56,31,130.66,1.3646,152.61,1.5939,125.85,1.3143,19.28,2026-07-29T13:48:20.259Z
flip-only|FFIN|15m|1779283800000|1779284700000,flip-only,FFIN,NASDAQ:FFIN,15m,Swing 15m,LONG,Swing Low,2026-05-20 09:30,1779283800000,31.61,Flip Short,2026-05-20 09:45,1779284700000,31.79,306,9672.66,1,35.68,0.3685,69.89,0.7218,61.69,0.6372,19.4,2026-07-29T13:48:20.259Z
flip-only|FFIN|15m|1779975000000|1780065900000,flip-only,FFIN,NASDAQ:FFIN,15m,Swing 15m,LONG,Swing Low,2026-05-28 09:30,1779975000000,32.3,Flip Short,2026-05-29 10:45,1780065900000,32.79,301,9722.3,32,127.9,1.3142,143.79,1.4775,69.92,0.7185,19.59,2026-07-29T13:48:20.259Z
flip-only|FFIN|15m|1780321500000|1780424100000,flip-only,FFIN,NASDAQ:FFIN,15m,Swing 15m,LONG,Swing Low,2026-06-01 09:45,1780321500000,32.21,Flip Short,2026-06-02 14:15,1780424100000,32.76,306,9856.26,45,148.42,1.5043,161.5,1.637,597.38,6.0548,19.88,2026-07-29T13:48:20.259Z
flip-only|FFIN|15m|1780578900000|1780684200000,flip-only,FFIN,NASDAQ:FFIN,15m,Swing 15m,LONG,Swing Low,2026-06-04 09:15,1780578900000,31.64,Flip Short,2026-06-05 14:30,1780684200000,32.73,315,9966.6,48,323.07,3.2383,339.68,3.4048,32.02,0.3209,20.28,2026-07-29T13:48:20.259Z
flip-only|FFIN|15m|1781190900000|1781271900000,flip-only,FFIN,NASDAQ:FFIN,15m,Swing 15m,LONG,Swing Low,2026-06-11 11:15,1781190900000,33.12,Flip Short,2026-06-12 09:45,1781271900000,33.31,311,10300.32,20,38.43,0.3727,154.53,1.4987,60.06,0.5825,20.66,2026-07-29T13:48:20.259Z
flip-only|FFIN|15m|1781546400000|1782123300000,flip-only,FFIN,NASDAQ:FFIN,15m,Swing 15m,LONG,Swing Low,2026-06-15 14:00,1781546400000,33.25,Flip Short,2026-06-22 06:15,1782123300000,32.78,311,10340.75,90,-166.71,-1.6105,247.79,2.3938,312.01,3.0143,20.54,2026-07-29T13:48:20.259Z
flip-only|FFIN|15m|1782748800000|1782914400000,flip-only,FFIN,NASDAQ:FFIN,15m,Swing 15m,LONG,Swing Low,2026-06-29 12:00,1782748800000,34.63,Flip Short,2026-07-01 10:00,1782914400000,34.86,294,10181.22,48,47.19,0.463,57.44,0.5636,133.66,1.3115,20.43,2026-07-29T13:48:20.259Z
flip-only|FFIN|15m|1783431900000|1783690200000,flip-only,FFIN,NASDAQ:FFIN,15m,Swing 15m,LONG,Swing Low,2026-07-07 09:45,1783431900000,34.73,Flip Short,2026-07-10 09:30,1783690200000,34.8,294,10210.62,79,0.14,0.0014,125.03,1.2233,274.81,2.6887,20.44,2026-07-29T13:48:20.259Z
flip-only|FFIN|15m|1784057400000|1784125800000,flip-only,FFIN,NASDAQ:FFIN,15m,Swing 15m,LONG,Swing Low,2026-07-14 15:30,1784057400000,34.51,Flip Short,2026-07-15 10:30,1784125800000,35.02,296,10214.96,8,130.38,1.2751,140.75,1.3765,69.41,0.6789,20.58,2026-07-29T13:48:20.259Z
flip-only|FFIN|15m|1784555100000|1784900700000,flip-only,FFIN,NASDAQ:FFIN,15m,Swing 15m,LONG,Swing Low,2026-07-20 09:45,1784555100000,35.29,Flip Short,2026-07-24 09:45,1784900700000,34.73,293,10339.97,113,-184.6,-1.7835,0,0,405.89,3.9215,20.52,2026-07-29T13:48:20.259Z
flip-only|FFIN|15m|1785179700000|1785245400000,flip-only,FFIN,NASDAQ:FFIN,15m,Swing 15m,LONG,Swing Low,2026-07-27 15:15,1785179700000,34.49,Flip Short,2026-07-28 09:30,1785245400000,34.84,294,10140.06,6,82.52,0.813,283.86,2.7966,30.72,0.3027,20.38,2026-07-29T13:48:20.259Z
flip-only|SFNC|15m|1776783600000|1777318200000,flip-only,SFNC,NASDAQ:SFNC,15m,Swing 15m,LONG,Swing Low,2026-04-21 11:00,1776783600000,21.42,Flip Short,2026-04-27 15:30,1777318200000,21.45,443,9489.06,125,-5.7,-0.06,43.67,0.4598,226.56,2.3852,18.99,2026-07-29T13:48:23.448Z
flip-only|SFNC|15m|1777489200000|1777642200000,flip-only,SFNC,NASDAQ:SFNC,15m,Swing 15m,LONG,Swing Low,2026-04-29 15:00,1777489200000,21.25,Flip Short,2026-05-01 09:30,1777642200000,21.56,446,9477.5,32,119.17,1.2561,137.7,1.4515,120.98,1.2752,19.09,2026-07-29T13:48:23.448Z
flip-only|SFNC|15m|1777902300000|1778005800000,flip-only,SFNC,NASDAQ:SFNC,15m,Swing 15m,LONG,Swing Low,2026-05-04 09:45,1777902300000,21.08,Flip Short,2026-05-05 14:30,1778005800000,21.4,454,9570.32,47,125.99,1.3152,140.25,1.464,32.27,0.3369,19.29,2026-07-29T13:48:23.448Z
flip-only|SFNC|15m|1778176800000|1778765400000,flip-only,SFNC,NASDAQ:SFNC,15m,Swing 15m,LONG,Swing Low,2026-05-07 14:00,1778176800000,21.39,Flip Short,2026-05-14 09:30,1778765400000,21.17,454,9711.06,119,-119.2,-1.2263,31.15,0.3204,445.55,4.5835,19.32,2026-07-29T13:48:23.448Z
flip-only|SFNC|15m|1778857200000|1779197400000,flip-only,SFNC,NASDAQ:SFNC,15m,Swing 15m,LONG,Swing Low,2026-05-15 11:00,1778857200000,20.54,Flip Short,2026-05-19 09:30,1779197400000,20.88,467,9592.18,47,139.44,1.4522,191.22,1.9915,88.98,0.9267,19.34,2026-07-29T13:48:23.448Z
flip-only|SFNC|15m|1779907500000|1780060500000,flip-only,SFNC,NASDAQ:SFNC,15m,Swing 15m,LONG,Swing Low,2026-05-27 14:45,1779907500000,21.34,Flip Short,2026-05-29 09:15,1780060500000,21.57,456,9731.04,33,85.31,0.8758,149.87,1.5386,128.29,1.3171,19.57,2026-07-29T13:48:23.448Z
flip-only|SFNC|15m|1780325100000|1780427700000,flip-only,SFNC,NASDAQ:SFNC,15m,Swing 15m,LONG,Swing Low,2026-06-01 10:45,1780325100000,20.96,Flip Short,2026-06-02 15:15,1780427700000,21.42,468,9809.28,45,195.45,1.9905,224.19,2.2832,51.93,0.5289,19.83,2026-07-29T13:48:23.448Z
flip-only|SFNC|15m|1780506900000|1780582500000,flip-only,SFNC,NASDAQ:SFNC,15m,Swing 15m,LONG,Swing Low,2026-06-03 13:15,1780506900000,20.93,Flip Short,2026-06-04 10:15,1780582500000,21.49,478,10004.54,16,247.4,2.4704,291.14,2.9071,62.58,0.6249,20.28,2026-07-29T13:48:23.448Z
flip-only|SFNC|15m|1781098200000|1781184600000,flip-only,SFNC,NASDAQ:SFNC,15m,Swing 15m,LONG,Swing Low,2026-06-10 09:30,1781098200000,21.83,Flip Short,2026-06-11 09:30,1781184600000,22,475,10369.25,27,59.93,0.5774,307.88,2.9662,72.12,0.6948,20.82,2026-07-29T13:48:23.448Z
flip-only|SFNC|15m|1781541900000|1782142200000,flip-only,SFNC,NASDAQ:SFNC,15m,Swing 15m,LONG,Swing Low,2026-06-15 12:45,1781541900000,22.08,Flip Short,2026-06-22 11:30,1782142200000,22.24,466,10289.28,106,53.91,0.5234,134.17,1.3027,285.23,2.7693,20.65,2026-07-29T13:48:23.448Z
flip-only|SFNC|15m|1782503100000|1782914400000,flip-only,SFNC,NASDAQ:SFNC,15m,Swing 15m,LONG,Swing Low,2026-06-26 15:45,1782503100000,22.7,Flip Short,2026-07-01 10:00,1782914400000,23,455,10328.5,59,115.71,1.1191,144.37,1.3964,87.68,0.8481,20.79,2026-07-29T13:48:23.448Z
flip-only|SFNC|15m|1783020600000|1783624500000,flip-only,SFNC,NASDAQ:SFNC,15m,Swing 15m,LONG,Swing Low,2026-07-02 15:30,1783020600000,22.78,Flip Short,2026-07-09 15:15,1783624500000,22.77,459,10456.02,111,-25.5,-0.2436,67.57,0.6456,322.58,3.082,20.91,2026-07-29T13:48:23.448Z
flip-only|SFNC|15m|1784235600000|1784727000000,flip-only,SFNC,NASDAQ:SFNC,15m,Swing 15m,LONG,Swing Low,2026-07-16 17:00,1784235600000,22.86,Flip Short,2026-07-22 09:30,1784727000000,22.84,448,10241.28,87,-29.43,-0.2871,285.44,2.7844,592.64,5.781,20.47,2026-07-29T13:48:23.448Z
flip-only|SFNC|15m|1785227400000|1785331800000,flip-only,SFNC,NASDAQ:SFNC,15m,Swing 15m,LONG,Swing Low,2026-07-28 04:30,1785227400000,22.8,Flip Short,2026-07-29 09:30,1785331800000,23.42,452,10305.6,27,259.35,2.5141,301.57,2.9234,10.31,0.0999,20.89,2026-07-29T13:48:23.448Z
flip-only|AUB|15m|1776769200000|1777306500000,flip-only,AUB,NYSE:AUB,15m,Swing 15m,LONG,Swing Low,2026-04-21 07:00,1776769200000,37.31,Flip Short,2026-04-27 12:15,1777306500000,38.05,247,9215.57,122,164.17,1.7796,467.49,5.0678,80.85,0.8764,18.61,2026-07-29T13:48:26.309Z
flip-only|AUB|15m|1777470300000|1777644900000,flip-only,AUB,NYSE:AUB,15m,Swing 15m,LONG,Swing Low,2026-04-29 09:45,1777470300000,37.82,Flip Short,2026-05-01 10:15,1777644900000,38.05,254,9606.28,56,39.15,0.4071,51.35,0.5341,342.35,3.5602,19.27,2026-07-29T13:48:26.309Z
flip-only|AUB|15m|1777987800000|1778008500000,flip-only,AUB,NYSE:AUB,15m,Swing 15m,LONG,Swing Low,2026-05-05 09:30,1777987800000,37.44,Flip Short,2026-05-05 15:15,1778008500000,38.14,260,9734.4,23,162.35,1.6661,177.47,1.8213,77.33,0.7937,19.65,2026-07-29T13:48:26.309Z
flip-only|AUB|15m|1778175000000|1778670900000,flip-only,AUB,NYSE:AUB,15m,Swing 15m,LONG,Swing Low,2026-05-07 13:30,1778175000000,37.83,Flip Short,2026-05-13 07:15,1778670900000,37.35,259,9797.97,99,-143.79,-1.4661,93.8,0.9564,481.18,4.9061,19.47,2026-07-29T13:48:26.309Z
flip-only|AUB|15m|1778746500000|1779116400000,flip-only,AUB,NYSE:AUB,15m,Swing 15m,LONG,Swing Low,2026-05-14 04:15,1778746500000,36.66,Flip Short,2026-05-18 11:00,1779116400000,37.04,265,9714.9,67,81.17,0.8347,122.79,1.2626,203.16,2.0892,19.53,2026-07-29T13:48:26.309Z
flip-only|AUB|15m|1779911100000|1780066800000,flip-only,AUB,NYSE:AUB,15m,Swing 15m,LONG,Swing Low,2026-05-27 15:45,1779911100000,37.63,Flip Short,2026-05-29 11:00,1780066800000,37.9,259,9746.17,34,50.37,0.5163,75.72,0.7762,165.15,1.6928,19.56,2026-07-29T13:48:26.309Z
flip-only|AUB|15m|1780321500000|1780494300000,flip-only,AUB,NYSE:AUB,15m,Swing 15m,LONG,Swing Low,2026-06-01 09:45,1780321500000,37.13,Flip Short,2026-06-03 09:45,1780494300000,37.14,265,9839.45,54,-17.03,-0.1729,157.11,1.5951,144.99,1.4721,19.68,2026-07-29T13:48:26.309Z
flip-only|AUB|15m|1780502400000|1780601400000,flip-only,AUB,NYSE:AUB,15m,Swing 15m,LONG,Swing Low,2026-06-03 12:00,1780502400000,36.68,Flip Short,2026-06-04 15:30,1780601400000,37.76,267,9793.56,40,268.48,2.7387,281.24,2.8688,121.93,1.2438,19.88,2026-07-29T13:48:26.309Z
flip-only|AUB|15m|1781551800000|1782136800000,flip-only,AUB,NYSE:AUB,15m,Swing 15m,LONG,Swing Low,2026-06-15 15:30,1781551800000,39.69,Flip Short,2026-06-22 10:00,1782136800000,39.68,253,10041.57,83,-22.61,-0.2249,149.35,1.4858,364.24,3.6237,20.08,2026-07-29T13:48:26.309Z
flip-only|AUB|15m|1783020600000|1783691100000,flip-only,AUB,NYSE:AUB,15m,Swing 15m,LONG,Swing Low,2026-07-02 15:30,1783020600000,42.14,Flip Short,2026-07-10 09:45,1783691100000,41.97,238,10029.32,111,-60.48,-0.6024,104.21,1.038,424.15,4.2249,20.02,2026-07-29T13:48:26.309Z
flip-only|AUB|15m|1784057400000|1784126700000,flip-only,AUB,NYSE:AUB,15m,Swing 15m,LONG,Swing Low,2026-07-14 15:30,1784057400000,41.66,Flip Short,2026-07-15 10:45,1784126700000,42.4,239,9956.74,8,156.77,1.5729,166.9,1.6746,9.96,0.0999,20.09,2026-07-29T13:48:26.309Z
flip-only|AUB|15m|1784316600000|1784715300000,flip-only,AUB,NYSE:AUB,15m,Swing 15m,LONG,Swing Low,2026-07-17 15:30,1784316600000,42.41,Flip Short,2026-07-22 06:15,1784715300000,42.99,238,10093.58,63,117.71,1.1651,237.43,2.3499,305.21,3.0208,20.33,2026-07-29T13:48:26.309Z
flip-only|AUB|15m|1784814300000|1784906100000,flip-only,AUB,NYSE:AUB,15m,Swing 15m,LONG,Swing Low,2026-07-23 09:45,1784814300000,41.81,Flip Short,2026-07-24 11:15,1784906100000,42.56,244,10201.64,33,162.41,1.5904,172.8,1.6921,105.36,1.0318,20.59,2026-07-29T13:48:26.309Z
flip-only|OII|15m|1778066100000|1778251500000,flip-only,OII,NYSE:OII,15m,Swing 15m,LONG,Swing Low,2026-05-06 07:15,1778066100000,35.99,Flip Short,2026-05-08 10:45,1778251500000,37.08,265,9537.35,78,269.49,2.8228,366.76,3.8417,155.29,1.6266,19.36,2026-07-29T13:48:29.318Z
flip-only|OII|15m|1778679900000|1778701500000,flip-only,OII,NYSE:OII,15m,Swing 15m,LONG,Swing Low,2026-05-13 09:45,1778679900000,37.66,Flip Short,2026-05-13 15:45,1778701500000,38.79,259,9753.94,24,272.87,2.7947,321.77,3.2955,9.75,0.0999,19.8,2026-07-29T13:48:29.318Z
flip-only|OII|15m|1778841900000|1779455700000,flip-only,OII,NYSE:OII,15m,Swing 15m,LONG,Swing Low,2026-05-15 06:45,1778841900000,38.36,Flip Short,2026-05-22 09:15,1779455700000,38.31,266,10203.76,151,-33.69,-0.3299,173.34,1.6971,409.2,4.0063,20.39,2026-07-29T13:48:29.318Z
flip-only|OII|15m|1779457500000|1779473700000,flip-only,OII,NYSE:OII,15m,Swing 15m,LONG,Swing Low,2026-05-22 09:45,1779457500000,37.79,Flip Short,2026-05-22 14:15,1779473700000,38.89,264,9976.56,18,270.16,2.7052,312.1,3.1252,36.38,0.3643,20.24,2026-07-29T13:48:29.318Z
flip-only|OII|15m|1779888600000|1780412400000,flip-only,OII,NYSE:OII,15m,Swing 15m,LONG,Swing Low,2026-05-27 09:30,1779888600000,38.16,Flip Short,2026-06-02 11:00,1780412400000,38.2,266,10150.56,153,-9.67,-0.0952,306.39,3.0154,494.27,4.8645,20.31,2026-07-29T13:48:29.318Z
flip-only|OII|15m|1780511400000|1780585200000,flip-only,OII,NYSE:OII,15m,Swing 15m,LONG,Swing Low,2026-06-03 14:30,1780511400000,38.03,Flip Short,2026-06-04 11:00,1780585200000,39.08,268,10192.04,23,260.73,2.5557,303.37,2.9735,283.55,2.7793,20.67,2026-07-29T13:48:29.318Z
flip-only|OII|15m|1780681500000|1781006400000,flip-only,OII,NYSE:OII,15m,Swing 15m,LONG,Swing Low,2026-06-05 13:45,1780681500000,37.9,Flip Short,2026-06-09 08:00,1781006400000,39.78,276,10460.4,54,497.44,4.7507,522.22,4.9874,380.3,3.632,21.44,2026-07-29T13:48:29.318Z
flip-only|OII|15m|1781271900000|1782122400000,flip-only,OII,NYSE:OII,15m,Swing 15m,LONG,Swing Low,2026-06-12 09:45,1781271900000,39.13,Flip Short,2026-06-22 06:00,1782122400000,36.5,280,10956.4,177,-757.58,-6.9076,271.84,2.4787,1167.36,10.6439,21.18,2026-07-29T13:48:29.318Z
flip-only|OII|15m|1782137700000|1782204300000,flip-only,OII,NYSE:OII,15m,Swing 15m,LONG,Swing Low,2026-06-22 10:15,1782137700000,35.18,Flip Short,2026-06-23 04:45,1782204300000,35.58,290,10202.2,27,95.48,0.9349,430.6,4.2164,33.4,0.3271,20.52,2026-07-29T13:48:29.318Z
flip-only|OII|15m|1782308700000|1782395100000,flip-only,OII,NYSE:OII,15m,Swing 15m,LONG,Swing Low,2026-06-24 09:45,1782308700000,35.18,Flip Short,2026-06-25 09:45,1782395100000,36.89,293,10307.74,33,479.91,4.6512,572.76,5.5511,48.4,0.4691,21.12,2026-07-29T13:48:29.318Z
flip-only|OII|15m|1782824400000|1782836100000,flip-only,OII,NYSE:OII,15m,Swing 15m,LONG,Swing Low,2026-06-30 09:00,1782824400000,39.78,Flip Short,2026-06-30 12:15,1782836100000,40.96,276,10979.28,12,303.4,2.7606,328.5,2.989,49.62,0.4515,22.28,2026-07-29T13:48:29.318Z
flip-only|OII|15m|1782929700000|1783499400000,flip-only,OII,NYSE:OII,15m,Swing 15m,LONG,Swing Low,2026-07-01 14:15,1782929700000,39.58,Flip Short,2026-07-08 04:30,1783499400000,39.94,279,11042.82,97,78.25,0.7079,150.78,1.364,482.55,4.3655,22.19,2026-07-29T13:48:29.318Z
flip-only|OII|15m|1783625400000|1783699200000,flip-only,OII,NYSE:OII,15m,Swing 15m,LONG,Swing Low,2026-07-09 15:30,1783625400000,40.6,Flip Short,2026-07-10 12:00,1783699200000,41.45,274,11124.4,16,210.42,1.8896,273.84,2.4591,79.62,0.715,22.48,2026-07-29T13:48:29.318Z
flip-only|OII|15m|1784126700000|1784535300000,flip-only,OII,NYSE:OII,15m,Swing 15m,LONG,Swing Low,2026-07-15 10:45,1784126700000,42.59,Flip Short,2026-07-20 04:15,1784535300000,42.95,265,11286.35,80,72.73,0.6438,195.41,1.7297,265.69,2.3517,22.67,2026-07-29T13:48:29.318Z
flip-only|SQQQ|15m|1785312000000|1785333600000,flip-only,SQQQ,NASDAQ:SQQQ,15m,Swing 15m,LONG,Swing Low,2026-07-29 04:00,1785312000000,46.32,Flip Short,2026-07-29 10:00,1785333600000,47.45,240,11116.8,24,248.7,2.2349,344.08,3.0921,121.52,1.092,22.5,2026-07-29T14:09:49.674Z
flip-only|LABU|15m|1785226500000|1785352500000,flip-only,LABU,AMEX:LABU,15m,Swing 15m,LONG,Swing Low,2026-07-28 04:15,1785226500000,243.3,Flip Short,2026-07-29 15:15,1785352500000,245.2,51,12408.3,84,71.99,0.5796,217.09,1.7478,846.26,6.8133,24.91,2026-07-29T19:16:38.875Z
flip-only|EWO|15m|1785163500000|1785420000000,flip-only,EWO,AMEX:EWO,15m,Swing 15m,LONG,Swing Low,2026-07-27 10:45,1785163500000,41.43,Flip Short,2026-07-30 10:00,1785420000000,42.33,269,11144.67,33,219.57,1.9682,230.96,2.0703,175.23,1.5708,22.53,2026-07-30T15:06:43.614Z
flip-only|EDC|15m|1784819700000|1785420000000,flip-only,EDC,AMEX:EDC,15m,Swing 15m,LONG,Swing Low,2026-07-23 11:15,1784819700000,71.45,Flip Short,2026-07-30 10:00,1785420000000,66.8,213,15218.85,100,-1019.9,-6.6948,344.75,2.263,2411.47,15.8294,29.45,2026-07-30T15:06:49.714Z
flip-only|SQQQ|15m|1785351600000|1785355200000,flip-only,SQQQ,NASDAQ:SQQQ,15m,Swing 15m,LONG,Swing Low,2026-07-29 15:00,1785351600000,45.85,Flip Short,2026-07-29 16:00,1785355200000,49.41,244,11187.4,4,845.4,7.5491,884.29,7.8965,62.43,0.5575,23.24,2026-07-30T15:07:01.891Z
flip-only|CORT|15m|1785355200000|1785356100000,flip-only,CORT,NASDAQ:CORT,15m,Swing 15m,LONG,Swing Low,2026-07-29 16:00,1785355200000,96,Flip Short,2026-07-29 16:15,1785356100000,111.23,127,12192,1,1907.89,15.6331,1922.02,15.7488,12.19,0.0999,26.32,2026-07-30T15:07:17.936Z
flip-only|TNA|15m|1785331800000|1785437100000,flip-only,TNA,AMEX:TNA,15m,Swing 15m,LONG,Swing Low,2026-07-29 09:30,1785331800000,68.61,Flip Short,2026-07-30 14:45,1785437100000,67.96,168,11526.48,85,-132.14,-1.1453,132.95,1.1523,612.97,5.3126,22.94,2026-07-30T18:50:38.953Z
flip-only|URTY|15m|1785334500000|1785486600000,flip-only,URTY,AMEX:URTY,15m,Swing 15m,LONG,Swing Low,2026-07-29 10:15,1785334500000,78.18,Flip Short,2026-07-31 04:30,1785486600000,81,172,13446.96,72,457.66,3.4001,471.59,3.5036,431.41,3.205,27.38,2026-07-31T17:06:36.433Z
flip-only|SQQQ|15m|1785420000000|1785507300000,flip-only,SQQQ,NASDAQ:SQQQ,15m,Swing 15m,LONG,Swing Low,2026-07-30 10:00,1785420000000,45.01,Flip Short,2026-07-31 10:15,1785507300000,45.01,266,11972.66,65,-23.95,-0.1998,203.49,1.6979,754.11,6.2923,23.95,2026-07-31T17:06:57.214Z
flip-only|ABNB|15m|1785419100000|1785488400000,flip-only,ABNB,NASDAQ:ABNB,15m,Swing 15m,LONG,Swing Low,2026-07-30 09:45,1785419100000,150.8,Flip Short,2026-07-31 05:00,1785488400000,151.69,69,10405.2,35,40.54,0.3892,168.99,1.6225,97.35,0.9346,20.87,2026-07-31T17:07:11.301Z
flip-only|OII|15m|1785246300000|1785505500000,flip-only,OII,NYSE:OII,15m,Swing 15m,LONG,Swing Low,2026-07-28 09:45,1785246300000,50.36,Flip Short,2026-07-31 09:45,1785505500000,48,220,11079.2,98,-540.84,-4.8767,79.12,0.7134,946.08,8.5307,21.64,2026-07-31T17:08:24.432Z
