trade_key,rule_type,ticker,symbol,timeframe,watchlist,side,entry_signal,entry_time_et,entry_time_ms,entry_price,exit_signal,exit_time_et,exit_time_ms,exit_price,qty,position_value,bars_held,pnl_usd,pnl_pct,mfe_usd,mfe_pct,mae_usd,mae_pct,commission,logged_at
flip-only|KORU|3h|1751907600000|1752145200000,flip-only,KORU,AMEX:KORU,3h,Swing 3H,LONG,Swing Low,2025-07-07 13:00,1751907600000,3.72,Flip Short,2025-07-10 07:00,1752145200000,4.21,2685,9988.2,16,1294.36,12.9459,1413.06,14.1332,197.94,1.9797,21.29,2026-07-25T00:32:54.131Z
flip-only|KORU|3h|1754046000000|1755028800000,flip-only,KORU,AMEX:KORU,3h,Swing 3H,LONG,Swing Low,2025-08-01 07:00,1754046000000,3.64,Flip Short,2025-08-12 16:00,1755028800000,4.29,3099,11280.36,43,1989.77,17.6217,2065.05,18.2883,11.28,0.0999,24.58,2026-07-25T00:32:54.131Z
flip-only|KORU|3h|1758884400000|1759392000000,flip-only,KORU,AMEX:KORU,3h,Swing 3H,LONG,Swing Low,2025-09-26 07:00,1758884400000,4.89,Flip Short,2025-10-02 04:00,1759392000000,5.97,2713,13266.57,22,2900.58,21.842,2916.77,21.9639,13.27,0.0999,29.46,2026-07-25T00:32:54.131Z
flip-only|KORU|3h|1760137200000|1760612400000,flip-only,KORU,AMEX:KORU,3h,Swing 3H,LONG,Swing Low,2025-10-10 19:00,1760137200000,5.22,Flip Short,2025-10-16 07:00,1760612400000,6.85,3091,16135.02,20,5001.02,30.9639,5084.02,31.4777,201.6,1.2482,37.31,2026-07-25T00:32:54.131Z
flip-only|KORU|3h|1779134400000|1779134400000,flip-only,KORU,AMEX:KORU,3h,Swing 3H,LONG,Swing Low,2026-05-18 16:00,1779134400000,35.72,Margin call,2026-05-18 16:00,1779134400000,35.72,1,35.72,0,-0.07,-0.1998,0,0,0.04,0.0999,0.07,2026-07-25T00:32:54.131Z
flip-only|KORU|3h|1779134400000|1779793200000,flip-only,KORU,AMEX:KORU,3h,Swing 3H,LONG,Swing Low,2026-05-18 16:00,1779134400000,35.72,Flip Short,2026-05-26 07:00,1779793200000,46.74,592,21146.24,27,6475.02,30.5896,6692.13,31.6153,3200.19,15.1185,48.82,2026-07-25T00:32:54.131Z
flip-only|KORU|3h|1780668000000|1781780400000,flip-only,KORU,AMEX:KORU,3h,Swing 3H,LONG,Swing Low,2026-06-05 10:00,1780668000000,39.5,Flip Short,2026-06-18 07:00,1781780400000,50.22,699,27610.5,53,7430.57,26.8852,8479.22,30.6794,7367.11,26.6556,62.71,2026-07-25T00:32:54.131Z
flip-only|MEXX|3h|1724691600000|1726592400000,flip-only,MEXX,AMEX:MEXX,3h,Swing 3H,LONG,Swing Low,2024-08-26 13:00,1724691600000,14.48,Flip Short,2024-09-17 13:00,1726592400000,14.85,686,9933.28,58,233.7,2.3503,243.89,2.4528,1903.29,19.1416,20.12,2026-07-25T00:32:59.325Z
flip-only|MEXX|3h|1727467200000|1733410800000,flip-only,MEXX,AMEX:MEXX,3h,Swing 3H,LONG,Swing Low,2024-09-27 16:00,1727467200000,13.63,Flip Short,2024-12-05 10:00,1733410800000,11.6,744,10140.72,186,-1529.09,-15.0637,1224.9,12.067,2926.62,28.8313,18.77,2026-07-25T00:32:59.325Z
flip-only|MEXX|3h|1734631200000|1737568800000,flip-only,MEXX,AMEX:MEXX,3h,Swing 3H,LONG,Swing Low,2024-12-19 13:00,1734631200000,10.06,Flip Short,2025-01-22 13:00,1737568800000,10.42,863,8681.78,77,293.01,3.3716,578.16,6.6528,1061.54,12.215,17.67,2026-07-25T00:32:59.325Z
flip-only|MEXX|3h|1738584000000|1739210400000,flip-only,MEXX,AMEX:MEXX,3h,Swing 3H,LONG,Swing Low,2025-02-03 07:00,1738584000000,9.3,Flip Short,2025-02-10 13:00,1739210400000,11.19,966,8983.8,21,1805.95,20.0822,2000.3,22.2433,269.8,3.0002,19.79,2026-07-25T00:32:59.325Z
flip-only|MEXX|3h|1750233600000|1751454000000,flip-only,MEXX,AMEX:MEXX,3h,Swing 3H,LONG,Swing Low,2025-06-18 04:00,1750233600000,16.23,Flip Short,2025-07-02 07:00,1751454000000,17.87,661,10728.03,37,1061.5,9.8848,1099.75,10.241,863.42,8.0402,22.54,2026-07-25T00:32:59.325Z
flip-only|MEXX|3h|1752598800000|1754586000000,flip-only,MEXX,AMEX:MEXX,3h,Swing 3H,LONG,Swing Low,2025-07-15 13:00,1752598800000,16.15,Flip Short,2025-08-07 13:00,1754586000000,17.71,731,11805.65,56,1115.61,9.4403,1128.55,9.5499,304.21,2.5742,24.75,2026-07-25T00:32:59.325Z
flip-only|MEXX|3h|1756303200000|1756918800000,flip-only,MEXX,AMEX:MEXX,3h,Swing 3H,LONG,Swing Low,2025-08-27 10:00,1756303200000,16.87,Flip Short,2025-09-03 13:00,1756918800000,18.69,767,12939.29,13,1368.67,10.567,1850.87,14.29,81.97,0.6329,27.27,2026-07-25T00:32:59.325Z
flip-only|PILL|3h|1731682800000|1736953200000,flip-only,PILL,AMEX:PILL,3h,Swing 3H,LONG,Swing Low,2024-11-15 10:00,1731682800000,8.54,Flip Short,2025-01-15 10:00,1736953200000,7.33,1157,9880.78,176,-1418.33,-14.3401,892.58,9.0245,2890.81,29.2277,18.36,2026-07-25T00:33:04.262Z
flip-only|PILL|3h|1748008800000|1749574800000,flip-only,PILL,AMEX:PILL,3h,Swing 3H,LONG,Swing Low,2025-05-23 10:00,1748008800000,4.8,Flip Short,2025-06-10 13:00,1749574800000,6.09,1778,8534.4,52,2274.26,26.6215,2285.09,26.7483,8.53,0.0999,19.36,2026-07-25T00:33:04.262Z
flip-only|PILL|3h|1753916400000|1754996400000,flip-only,PILL,AMEX:PILL,3h,Swing 3H,LONG,Swing Low,2025-07-30 19:00,1753916400000,5.65,Flip Short,2025-08-12 07:00,1754996400000,6.33,1919,10842.35,43,1281.93,11.8116,1294.08,11.9235,1047.1,9.6479,22.99,2026-07-25T00:33:04.262Z
flip-only|PILL|3h|1757696400000|1759240800000,flip-only,PILL,AMEX:PILL,3h,Swing 3H,LONG,Swing Low,2025-09-12 13:00,1757696400000,7.5,Flip Short,2025-09-30 10:00,1759240800000,7.95,1608,12060,52,698.76,5.7882,727.62,6.0273,719.58,5.9607,24.84,2026-07-25T00:33:04.262Z
flip-only|PILL|3h|1762516800000|1762884000000,flip-only,PILL,AMEX:PILL,3h,Swing 3H,LONG,Swing Low,2025-11-07 07:00,1762516800000,8.1,Flip Short,2025-11-11 13:00,1762884000000,9.27,1583,12822.3,11,1824.61,14.2158,1839.29,14.3301,535.21,4.1699,27.5,2026-07-25T00:33:04.262Z
flip-only|PILL|3h|1767376800000|1769094000000,flip-only,PILL,AMEX:PILL,3h,Swing 3H,LONG,Swing Low,2026-01-02 13:00,1767376800000,11.53,Flip Short,2026-01-22 10:00,1769094000000,13.1,1263,14562.39,57,1951.8,13.3896,1968.35,13.5031,545.02,3.7389,31.11,2026-07-25T00:33:04.262Z
flip-only|PILL|3h|1769796000000|1770822000000,flip-only,PILL,AMEX:PILL,3h,Swing 3H,LONG,Swing Low,2026-01-30 13:00,1769796000000,11.58,Flip Short,2026-02-11 10:00,1770822000000,12.4,1433,16594.14,36,1140.7,6.8672,2376.52,14.3071,145.56,0.8763,34.36,2026-07-25T00:33:04.262Z
flip-only|PILL|3h|1778864400000|1781110800000,flip-only,PILL,AMEX:PILL,3h,Swing 3H,LONG,Swing Low,2026-05-15 13:00,1778864400000,11.67,Flip Short,2026-06-10 13:00,1781110800000,12.35,1510,17621.7,70,990.53,5.6155,1990.68,11.2855,1482.32,8.4035,36.27,2026-07-25T00:33:04.262Z
flip-only|RETL|3h|1734555600000|1737709200000,flip-only,RETL,AMEX:RETL,3h,Swing 3H,LONG,Swing Low,2024-12-18 16:00,1734555600000,10.08,Flip Short,2025-01-24 04:00,1737709200000,10.11,990,9979.2,105,9.71,0.0972,663.22,6.6394,1168.28,11.6954,19.99,2026-07-25T00:33:09.224Z
flip-only|RETL|3h|1743418800000|1743624000000,flip-only,RETL,AMEX:RETL,3h,Swing 3H,LONG,Swing Low,2025-03-31 07:00,1743418800000,5.8,Flip Short,2025-04-02 16:00,1743624000000,6.71,1712,9929.6,12,1536.5,15.4585,1770.55,17.8132,249.61,2.5113,21.42,2026-07-25T00:33:09.224Z
flip-only|RETL|3h|1749844800000|1751389200000,flip-only,RETL,AMEX:RETL,3h,Swing 3H,LONG,Swing Low,2025-06-13 16:00,1749844800000,7.11,Flip Short,2025-07-01 13:00,1751389200000,8.28,1622,11532.42,51,1872.78,16.223,2275.49,19.7115,11.53,0.0999,24.96,2026-07-25T00:33:09.224Z
flip-only|RETL|3h|1754002800000|1755018000000,flip-only,RETL,AMEX:RETL,3h,Swing 3H,LONG,Swing Low,2025-07-31 19:00,1754002800000,7.8,Flip Short,2025-08-12 13:00,1755018000000,9.14,1712,13353.6,37,2265.08,16.9454,2434.81,18.2151,800.87,5.9914,29,2026-07-25T00:33:09.224Z
flip-only|QTUM|3h|1743105600000|1745416800000,flip-only,QTUM,NASDAQ:QTUM,3h,Swing 3H,LONG,Swing Low,2025-03-27 16:00,1743105600000,77.29,Flip Short,2025-04-23 10:00,1745416800000,72.5,129,9970.41,93,-637.23,-6.3849,113.87,1.1409,1914.01,19.1777,19.32,2026-07-25T00:33:14.185Z
flip-only|QTUM|3h|1750698000000|1751022000000,flip-only,QTUM,NASDAQ:QTUM,3h,Swing 3H,LONG,Swing Low,2025-06-23 13:00,1750698000000,86.93,Flip Short,2025-06-27 07:00,1751022000000,91.59,107,9301.51,19,479.52,5.1501,533.19,5.7266,9.3,0.0999,19.1,2026-07-25T00:33:14.185Z
flip-only|QTUM|3h|1755698400000|1756324800000,flip-only,QTUM,NASDAQ:QTUM,3h,Swing 3H,LONG,Swing Low,2025-08-20 10:00,1755698400000,91,Flip Short,2025-08-27 16:00,1756324800000,95.14,108,9828,31,427.02,4.3406,450.25,4.5767,81.11,0.8245,20.1,2026-07-25T00:33:14.185Z
flip-only|QTUM|3h|1765886400000|1767614400000,flip-only,QTUM,NASDAQ:QTUM,3h,Swing 3H,LONG,Swing Low,2025-12-16 07:00,1765886400000,109.94,Flip Short,2026-01-05 07:00,1767614400000,113.68,93,10224.42,69,327.02,3.1953,362.71,3.5439,279.92,2.7351,20.8,2026-07-25T00:33:14.185Z
flip-only|QTUM|3h|1770033600000|1770822000000,flip-only,QTUM,NASDAQ:QTUM,3h,Swing 3H,LONG,Swing Low,2026-02-02 07:00,1770033600000,114.04,Flip Short,2026-02-11 10:00,1770822000000,119.49,92,10491.68,40,479.92,4.5697,576.47,5.489,536.73,5.1107,21.48,2026-07-25T00:33:14.185Z
flip-only|QTUM|3h|1772452800000|1775635200000,flip-only,QTUM,NASDAQ:QTUM,3h,Swing 3H,LONG,Swing Low,2026-03-02 07:00,1772452800000,113.53,Flip Short,2026-04-08 04:00,1775635200000,114.83,97,11012.41,143,103.95,0.943,297.45,2.6983,1176.95,10.6768,22.15,2026-07-25T00:33:14.185Z
flip-only|QTUM|3h|1779134400000|1779393600000,flip-only,QTUM,NASDAQ:QTUM,3h,Swing 3H,LONG,Swing Low,2026-05-18 16:00,1779134400000,141.98,Flip Short,2026-05-21 16:00,1779393600000,149.4,78,11074.44,17,556.03,5.0158,590.31,5.325,349.59,3.1536,22.73,2026-07-25T00:33:14.185Z
flip-only|QTUM|3h|1780678800000|1781564400000,flip-only,QTUM,NASDAQ:QTUM,3h,Swing 3H,LONG,Swing Low,2026-06-05 13:00,1780678800000,155.86,Flip Short,2026-06-15 19:00,1781564400000,167.9,75,11689.5,38,878.72,7.5096,967.06,8.2646,637.94,5.4519,24.28,2026-07-25T00:33:14.185Z
flip-only|WQTM|3h|1766005200000|1766750400000,flip-only,WQTM,CBOE:WQTM,3h,Swing 3H,LONG,Swing Low,2025-12-17 16:00,1766005200000,25.22,Flip Short,2025-12-26 07:00,1766750400000,26.77,396,9987.12,20,593.21,5.9338,1273.05,12.7342,73.35,0.7337,20.59,2026-07-25T00:33:18.995Z
flip-only|WQTM|3h|1769709600000|1772107200000,flip-only,WQTM,CBOE:WQTM,3h,Swing 3H,LONG,Swing Low,2026-01-29 13:00,1769709600000,27.7,Flip Short,2026-02-26 07:00,1772107200000,27.7,382,10581.4,85,-21.16,-0.1998,447.82,4.2279,1041.98,9.8375,21.16,2026-07-25T00:33:18.995Z
flip-only|WQTM|3h|1773064800000|1774274400000,flip-only,WQTM,CBOE:WQTM,3h,Swing 3H,LONG,Swing Low,2026-03-09 10:00,1773064800000,25.51,Flip Short,2026-03-23 10:00,1774274400000,25.7,414,10561.14,44,57.46,0.5435,1061.7,10.0428,759.9,7.1881,21.2,2026-07-25T00:33:18.995Z
flip-only|WQTM|3h|1774890000000|1775829600000,flip-only,WQTM,CBOE:WQTM,3h,Swing 3H,LONG,Swing Low,2026-03-30 13:00,1774890000000,23.5,Flip Short,2026-04-10 10:00,1775829600000,26.88,450,10575,34,1498.33,14.1544,1519.42,14.3537,132.07,1.2477,22.67,2026-07-25T00:33:18.995Z
flip-only|WQTM|3h|1779123600000|1779447600000,flip-only,WQTM,CBOE:WQTM,3h,Swing 3H,LONG,Swing Low,2026-05-18 13:00,1779123600000,32.97,Flip Short,2026-05-22 07:00,1779447600000,37.2,366,12067.02,22,1522.5,12.6044,1828.91,15.1412,392.71,3.2511,25.68,2026-07-25T00:33:18.995Z
flip-only|WTAI|3h|1738594800000|1742835600000,flip-only,WTAI,CBOE:WTAI,3h,Swing 3H,LONG,Swing Low,2025-02-03 10:00,1738594800000,22.65,Flip Short,2025-03-24 13:00,1742835600000,20.76,441,9988.65,142,-852.63,-8.5275,744.12,7.4422,1624.05,16.2427,19.14,2026-07-25T00:33:24.169Z
flip-only|WTAI|3h|1743181200000|1745416800000,flip-only,WTAI,CBOE:WTAI,3h,Swing 3H,LONG,Swing Low,2025-03-28 13:00,1743181200000,19.25,Flip Short,2025-04-23 10:00,1745416800000,18.8,474,9124.5,69,-231.34,-2.5328,185.22,2.0278,1634.94,17.9003,18.04,2026-07-25T00:33:24.169Z
flip-only|WTAI|3h|1750428000000|1750762800000,flip-only,WTAI,CBOE:WTAI,3h,Swing 3H,LONG,Swing Low,2025-06-20 10:00,1750428000000,23.3,Flip Short,2025-06-24 07:00,1750762800000,23.71,381,8877.3,8,138.3,1.5563,147.33,1.658,149.85,1.6863,17.91,2026-07-25T00:33:24.169Z
flip-only|WTAI|3h|1762527600000|1764687600000,flip-only,WTAI,CBOE:WTAI,3h,Swing 3H,LONG,Swing Low,2025-11-07 10:00,1762527600000,30.01,Flip Short,2025-12-02 10:00,1764687600000,29.95,301,9033.01,68,-36.11,-0.3993,574.91,6.3582,945.14,10.4528,18.05,2026-07-25T00:33:24.169Z
flip-only|WTAI|3h|1765832400000|1767366000000,flip-only,WTAI,CBOE:WTAI,3h,Swing 3H,LONG,Swing Low,2025-12-15 16:00,1765832400000,28.86,Flip Short,2026-01-02 10:00,1767366000000,29.8,311,8975.46,47,274.1,3.0508,320.68,3.5693,248.45,2.7653,18.24,2026-07-25T00:33:24.169Z
flip-only|WTAI|3h|1770152400000|1772118000000,flip-only,WTAI,CBOE:WTAI,3h,Swing 3H,LONG,Swing Low,2026-02-03 16:00,1770152400000,29.91,Flip Short,2026-02-26 10:00,1772118000000,30.34,310,9272.1,66,114.62,1.235,279.03,3.0063,601.37,6.4793,18.68,2026-07-25T00:33:24.169Z
flip-only|WTAI|3h|1772550000000|1773842400000,flip-only,WTAI,CBOE:WTAI,3h,Swing 3H,LONG,Swing Low,2026-03-03 10:00,1772550000000,28.29,Flip Short,2026-03-18 10:00,1773842400000,30.2,331,9363.99,48,612.85,6.5382,632.78,6.7508,155,1.6537,19.36,2026-07-25T00:33:24.169Z
flip-only|WTAI|3h|1774544400000|1774609200000,flip-only,WTAI,CBOE:WTAI,3h,Swing 3H,LONG,Swing Low,2026-03-26 13:00,1774544400000,28.43,Flip Short,2026-03-27 07:00,1774609200000,28.03,352,10007.36,2,-160.67,-1.604,813.67,8.1226,150.81,1.5055,19.87,2026-07-25T00:33:24.169Z
flip-only|WTAI|3h|1774620000000|1775656800000,flip-only,WTAI,CBOE:WTAI,3h,Swing 3H,LONG,Swing Low,2026-03-27 10:00,1774620000000,27.59,Flip Short,2026-04-08 10:00,1775656800000,31.02,356,9822.04,28,1200.21,12.2074,1321.62,13.4422,372.94,3.7932,20.87,2026-07-25T00:33:24.169Z
flip-only|WTAI|3h|1781024400000|1781024400000,flip-only,WTAI,CBOE:WTAI,3h,Swing 3H,LONG,Swing Low,2026-06-09 13:00,1781024400000,40.95,Margin call,2026-06-09 13:00,1781024400000,40.95,1,40.95,0,-0.08,-0.1998,0,0,0.04,0.0999,0.08,2026-07-25T00:33:24.169Z
flip-only|WTAI|3h|1781024400000|1781791200000,flip-only,WTAI,CBOE:WTAI,3h,Swing 3H,LONG,Swing Low,2026-06-09 13:00,1781024400000,40.95,Flip Short,2026-06-18 10:00,1781791200000,46.61,269,11015.55,30,1498.99,13.5943,1565.32,14.1959,11.02,0.0999,23.55,2026-07-25T00:33:24.169Z
flip-only|NUGT|3h|1746010800000|1746561600000,flip-only,NUGT,AMEX:NUGT,3h,Swing 3H,LONG,Swing Low,2025-04-30 07:00,1746010800000,65.01,Flip Short,2025-05-06 16:00,1746561600000,73.18,153,9946.53,26,1228.87,12.3424,1241.59,12.4702,449.06,4.5102,21.14,2026-07-25T00:33:29.298Z
flip-only|NUGT|3h|1747069200000|1747069200000,flip-only,NUGT,AMEX:NUGT,3h,Swing 3H,LONG,Swing Low,2025-05-12 13:00,1747069200000,60.64,Margin call,2025-05-12 13:00,1747069200000,60.64,1,60.64,0,-0.12,-0.1998,0,0,0.06,0.0999,0.12,2026-07-25T00:33:29.298Z
flip-only|NUGT|3h|1747069200000|1747998000000,flip-only,NUGT,AMEX:NUGT,3h,Swing 3H,LONG,Swing Low,2025-05-12 13:00,1747069200000,60.64,Flip Short,2025-05-23 07:00,1747998000000,70.02,184,11157.76,51,1701.88,15.2376,1727.64,15.4683,782.12,7.0026,24.04,2026-07-25T00:33:29.298Z
flip-only|NUGT|3h|1750773600000|1750773600000,flip-only,NUGT,AMEX:NUGT,3h,Swing 3H,LONG,Swing Low,2025-06-24 10:00,1750773600000,72.2,Margin call,2025-06-24 10:00,1750773600000,72.2,1,72.2,0,-0.14,-0.1998,0,0,0.07,0.0999,0.14,2026-07-25T00:33:29.298Z
flip-only|NUGT|3h|1750773600000|1751918400000,flip-only,NUGT,AMEX:NUGT,3h,Swing 3H,LONG,Swing Low,2025-06-24 10:00,1750773600000,72.2,Flip Short,2025-07-07 16:00,1751918400000,77.69,178,12851.6,47,950.54,7.3889,964.37,7.4964,466.75,3.6282,26.68,2026-07-25T00:33:29.298Z
flip-only|NUGT|3h|1751994000000|1753192800000,flip-only,NUGT,AMEX:NUGT,3h,Swing 3H,LONG,Swing Low,2025-07-08 13:00,1751994000000,70.61,Flip Short,2025-07-22 10:00,1753192800000,77.5,196,13839.56,56,1321.41,9.5385,1565.92,11.3035,231.4,1.6703,29.03,2026-07-25T00:33:29.298Z
flip-only|NUGT|3h|1753981200000|1754337600000,flip-only,NUGT,AMEX:NUGT,3h,Swing 3H,LONG,Swing Low,2025-07-31 13:00,1753981200000,72.5,Flip Short,2025-08-04 16:00,1754337600000,81.6,209,15152.5,13,1869.69,12.3268,1951.54,12.8664,309.84,2.0428,32.21,2026-07-25T00:33:29.298Z
flip-only|NUGT|3h|1761055200000|1762776000000,flip-only,NUGT,AMEX:NUGT,3h,Swing 3H,LONG,Swing Low,2025-10-21 10:00,1761055200000,139.25,Flip Short,2025-11-10 07:00,1762776000000,143.8,122,16988.5,83,520.57,3.0612,555.19,3.2648,2810.79,16.5287,34.53,2026-07-25T00:33:29.298Z
flip-only|NUGT|3h|1763683200000|1764158400000,flip-only,NUGT,AMEX:NUGT,3h,Swing 3H,LONG,Swing Low,2025-11-20 19:00,1763683200000,136,Flip Short,2025-11-26 07:00,1764158400000,157.72,129,17544,20,2763.99,15.7389,2839.81,16.1706,852.17,4.8525,37.89,2026-07-25T00:33:29.298Z
flip-only|NUGT|3h|1767376800000|1767733200000,flip-only,NUGT,AMEX:NUGT,3h,Swing 3H,LONG,Swing Low,2026-01-02 13:00,1767376800000,177.28,Flip Short,2026-01-06 16:00,1767733200000,211.55,114,20209.92,13,3862.45,19.0926,3894.55,19.2512,302.93,1.4974,44.33,2026-07-25T00:33:29.298Z
flip-only|NUGT|3h|1769774400000|1770822000000,flip-only,NUGT,AMEX:NUGT,3h,Swing 3H,LONG,Swing Low,2026-01-30 07:00,1769774400000,258.1,Flip Short,2026-02-11 10:00,1770822000000,257.54,93,24003.3,49,-100.03,-0.4163,919.02,3.8249,6915.3,28.781,47.95,2026-07-25T00:33:29.298Z
flip-only|NUGT|3h|1772722800000|1774965600000,flip-only,NUGT,AMEX:NUGT,3h,Swing 3H,LONG,Swing Low,2026-03-05 10:00,1772722800000,245.52,Flip Short,2026-03-31 10:00,1774965600000,179.99,98,24060.96,108,-6463.64,-26.8368,1149.98,4.7747,11947.72,49.6064,41.7,2026-07-25T00:33:29.298Z
flip-only|NUGT|3h|1776780000000|1778162400000,flip-only,NUGT,AMEX:NUGT,3h,Swing 3H,LONG,Swing Low,2026-04-21 10:00,1776780000000,211.28,Flip Short,2026-05-07 10:00,1778162400000,195.83,83,17536.24,72,-1316.14,-7.4978,26.45,0.1507,4403.26,25.0844,33.79,2026-07-25T00:33:29.298Z
flip-only|NUGT|3h|1779134400000|1780074000000,flip-only,NUGT,AMEX:NUGT,3h,Swing 3H,LONG,Swing Low,2026-05-18 16:00,1779134400000,163.64,Flip Short,2026-05-29 13:00,1780074000000,170,99,16200.36,45,596.61,3.679,1009.44,6.2247,1524.96,9.4037,33.03,2026-07-25T00:33:29.298Z
flip-only|NUGT|3h|1780668000000|1781704800000,flip-only,NUGT,AMEX:NUGT,3h,Swing 3H,LONG,Swing Low,2026-06-05 10:00,1780668000000,140.93,Flip Short,2026-06-17 10:00,1781704800000,160.35,120,16911.6,48,2294.25,13.5526,2585.89,15.2753,3392.51,20.0402,36.15,2026-07-25T00:33:29.298Z
flip-only|NUGT|3h|1782331200000|1784728800000,flip-only,NUGT,AMEX:NUGT,3h,Swing 3H,LONG,Swing Low,2026-06-24 16:00,1782331200000,114.71,Flip Short,2026-07-22 10:00,1784728800000,121.49,167,19156.57,110,1092.81,5.6989,2993.52,15.611,2642.73,13.7816,39.45,2026-07-25T00:33:29.298Z
flip-only|MNST|3h|1744023600000|1745341200000,flip-only,MNST,NASDAQ:MNST,3h,Swing 3H,LONG,Swing Low,2025-04-07 07:00,1744023600000,56.72,Flip Short,2025-04-22 13:00,1745341200000,59.31,176,9982.72,52,435.42,4.3574,496.9,4.9726,513.34,5.1372,20.42,2026-07-25T00:33:34.158Z
flip-only|MNST|3h|1745838000000|1746032400000,flip-only,MNST,NASDAQ:MNST,3h,Swing 3H,LONG,Swing Low,2025-04-28 07:00,1745838000000,58.49,Flip Short,2025-04-30 13:00,1746032400000,60.09,178,10411.22,11,263.69,2.5302,279.73,2.6841,95.85,0.9197,21.11,2026-07-25T00:33:34.158Z
flip-only|MNST|3h|1746745200000|1746799200000,flip-only,MNST,NASDAQ:MNST,3h,Swing 3H,LONG,Swing Low,2025-05-08 19:00,1746745200000,58.95,Flip Short,2025-05-09 10:00,1746799200000,61.65,181,10669.95,3,466.87,4.3712,503.37,4.7129,291.22,2.7266,21.83,2026-07-25T00:33:34.158Z
flip-only|MNST|3h|1749639600000|1749639600000,flip-only,MNST,NASDAQ:MNST,3h,Swing 3H,LONG,Swing Low,2025-06-11 07:00,1749639600000,63.05,Margin call,2025-06-11 07:00,1749639600000,63.05,1,63.05,0,-0.13,-0.1998,0,0,0.06,0.0999,0.13,2026-07-25T00:33:34.158Z
flip-only|MNST|3h|1749639600000|1750093200000,flip-only,MNST,NASDAQ:MNST,3h,Swing 3H,LONG,Swing Low,2025-06-11 07:00,1749639600000,63.05,Flip Short,2025-06-16 13:00,1750093200000,63.77,176,11096.8,16,104.4,0.9399,203.62,1.8331,150.14,1.3516,22.32,2026-07-25T00:33:34.158Z
flip-only|MNST|3h|1750881600000|1751389200000,flip-only,MNST,NASDAQ:MNST,3h,Swing 3H,LONG,Swing Low,2025-06-25 16:00,1750881600000,62.26,Flip Short,2025-07-01 13:00,1751389200000,63.72,180,11206.8,20,240.12,2.1405,364.99,3.2536,187.61,1.6724,22.68,2026-07-25T00:33:34.158Z
flip-only|MNST|3h|1753992000000|1754607600000,flip-only,MNST,NASDAQ:MNST,3h,Swing 3H,LONG,Swing Low,2025-07-31 16:00,1753992000000,58.41,Flip Short,2025-08-07 19:00,1754607600000,63.83,195,11389.95,24,1033.06,9.0609,1558.36,13.6682,65.99,0.5788,23.84,2026-07-25T00:33:34.158Z
flip-only|MNST|3h|1755892800000|1757426400000,flip-only,MNST,NASDAQ:MNST,3h,Swing 3H,LONG,Swing Low,2025-08-22 16:00,1755892800000,62.69,Flip Short,2025-09-09 10:00,1757426400000,63.55,199,12475.31,57,146.02,1.1693,248.21,1.9877,352.77,2.8249,25.12,2026-07-25T00:33:34.158Z
flip-only|MNST|3h|1761746400000|1762527600000,flip-only,MNST,NASDAQ:MNST,3h,Swing 3H,LONG,Swing Low,2025-10-29 10:00,1761746400000,68.09,Flip Short,2025-11-07 10:00,1762527600000,72.04,186,12664.74,38,708.64,5.5898,829.92,6.5464,574.38,4.5308,26.06,2026-07-25T00:33:34.158Z
flip-only|MNST|3h|1765476000000|1766102400000,flip-only,MNST,NASDAQ:MNST,3h,Swing 3H,LONG,Swing Low,2025-12-11 13:00,1765476000000,73.15,Flip Short,2025-12-18 19:00,1766102400000,75.28,182,13313.3,25,360.65,2.7062,428.95,3.2187,173.47,1.3017,27.01,2026-07-25T00:33:34.158Z
flip-only|MNST|3h|1767798000000|1768327200000,flip-only,MNST,NASDAQ:MNST,3h,Swing 3H,LONG,Swing Low,2026-01-07 10:00,1767798000000,75.61,Flip Short,2026-01-13 13:00,1768327200000,78.42,181,13685.41,22,480.73,3.5092,565.51,4.1281,44.46,0.3245,27.88,2026-07-25T00:33:34.158Z
flip-only|MNST|3h|1772485200000|1775602800000,flip-only,MNST,NASDAQ:MNST,3h,Swing 3H,LONG,Swing Low,2026-03-02 16:00,1772485200000,81.1,Flip Short,2026-04-07 19:00,1775602800000,73.99,175,14192.5,133,-1271.39,-8.9492,101.31,0.7131,1806.19,12.7137,27.14,2026-07-25T00:33:34.158Z
flip-only|MNST|3h|1777903200000|1778194800000,flip-only,MNST,NASDAQ:MNST,3h,Swing 3H,LONG,Swing Low,2026-05-04 10:00,1777903200000,75.23,Flip Short,2026-05-07 19:00,1778194800000,82.24,172,12939.56,19,1178.64,9.0997,1356.18,10.4704,117.86,0.9099,27.08,2026-07-25T00:33:34.158Z
flip-only|EWY|3h|1743159600000|1745233200000,flip-only,EWY,AMEX:EWY,3h,Swing 3H,LONG,Swing Low,2025-03-28 07:00,1743159600000,55.48,Flip Short,2025-04-21 07:00,1745233200000,54.96,180,9986.4,75,-113.48,-1.1352,8.01,0.0802,1269.99,12.7045,19.88,2026-07-25T00:33:39.459Z
flip-only|EWY|3h|1754046000000|1755104400000,flip-only,EWY,AMEX:EWY,3h,Swing 3H,LONG,Swing Low,2025-08-01 07:00,1754046000000,69.94,Flip Short,2025-08-13 13:00,1755104400000,74.64,141,9861.54,43,642.31,6.5068,697.96,7.0705,15.5,0.157,20.39,2026-07-25T00:33:39.459Z
flip-only|EWY|3h|1755601200000|1757080800000,flip-only,EWY,AMEX:EWY,3h,Swing 3H,LONG,Swing Low,2025-08-19 07:00,1755601200000,72.19,Flip Short,2025-09-05 10:00,1757080800000,73.89,145,10467.55,63,225.32,2.1504,237.48,2.2665,193.17,1.8436,21.18,2026-07-25T00:33:39.459Z
flip-only|EWY|3h|1758884400000|1759348800000,flip-only,EWY,AMEX:EWY,3h,Swing 3H,LONG,Swing Low,2025-09-26 07:00,1758884400000,78.12,Flip Short,2025-10-01 16:00,1759348800000,81.87,137,10702.44,18,491.83,4.5909,514.01,4.7979,13.44,0.1255,21.92,2026-07-25T00:33:39.459Z
flip-only|EWY|3h|1760137200000|1760526000000,flip-only,EWY,AMEX:EWY,3h,Swing 3H,LONG,Swing Low,2025-10-10 19:00,1760137200000,80.15,Flip Short,2025-10-15 07:00,1760526000000,84.88,140,11221,13,639.1,5.6898,681.78,6.0699,11.22,0.0999,23.1,2026-07-25T00:33:39.459Z
flip-only|EWY|3h|1762516800000|1762516800000,flip-only,EWY,AMEX:EWY,3h,Swing 3H,LONG,Swing Low,2025-11-07 07:00,1762516800000,91.41,Margin call,2025-11-07 07:00,1762516800000,91.41,1,91.41,0,-0.18,-0.1998,0,0,0.09,0.0999,0.18,2026-07-25T00:33:39.459Z
flip-only|EWY|3h|1762516800000|1764936000000,flip-only,EWY,AMEX:EWY,3h,Swing 3H,LONG,Swing Low,2025-11-07 07:00,1762516800000,91.41,Flip Short,2025-12-05 07:00,1764936000000,93.77,129,11791.89,106,280.55,2.3768,708.03,5.9984,643.89,5.455,23.89,2026-07-25T00:33:39.459Z
flip-only|EWY|3h|1765886400000|1766782800000,flip-only,EWY,AMEX:EWY,3h,Swing 3H,LONG,Swing Low,2025-12-16 07:00,1765886400000,89.55,Flip Short,2025-12-26 16:00,1766782800000,95.84,135,12089.25,37,824.12,6.8102,860.01,7.1067,167.34,1.3828,25.03,2026-07-25T00:33:39.459Z
flip-only|EWY|3h|1772539200000|1773831600000,flip-only,EWY,AMEX:EWY,3h,Swing 3H,LONG,Swing Low,2026-03-03 07:00,1772539200000,131.31,Flip Short,2026-03-18 07:00,1773831600000,138.54,98,12868.38,66,682.09,5.2953,904.41,7.0211,1043.83,8.1035,26.45,2026-07-25T00:33:39.459Z
flip-only|EWY|3h|1774263600000|1775602800000,flip-only,EWY,AMEX:EWY,3h,Swing 3H,LONG,Swing Low,2026-03-23 07:00,1774263600000,122.49,Flip Short,2026-04-07 19:00,1775602800000,136,111,13596.39,64,1470.92,10.8076,1497.11,11.0001,1052.56,7.7337,28.69,2026-07-25T00:33:39.459Z
flip-only|EWY|3h|1779134400000|1779793200000,flip-only,EWY,AMEX:EWY,3h,Swing 3H,LONG,Swing Low,2026-05-18 16:00,1779134400000,176,Flip Short,2026-05-26 07:00,1779793200000,194.31,85,14960,27,1524.87,10.1828,1578.79,10.5429,765.51,5.1119,31.48,2026-07-25T00:33:39.459Z
flip-only|EWY|3h|1780668000000|1781607600000,flip-only,EWY,AMEX:EWY,3h,Swing 3H,LONG,Swing Low,2026-06-05 10:00,1780668000000,187.17,Flip Short,2026-06-16 07:00,1781607600000,212.07,88,16470.96,41,2156.07,13.077,2242.49,13.6012,1208.87,7.3321,35.13,2026-07-25T00:33:39.459Z
flip-only|UDOW|3h|1747922400000|1749132000000,flip-only,UDOW,AMEX:UDOW,3h,Swing 3H,LONG,Swing Low,2025-05-22 10:00,1747922400000,41.11,Flip Short,2025-06-05 10:00,1749132000000,42.17,243,9989.73,54,237.34,2.3735,546.48,5.465,515.43,5.1544,20.24,2026-07-25T00:33:44.328Z
flip-only|UDOW|3h|1749844800000|1750957200000,flip-only,UDOW,AMEX:UDOW,3h,Swing 3H,LONG,Swing Low,2025-06-13 16:00,1749844800000,41.84,Flip Short,2025-06-26 13:00,1750957200000,44.91,244,10208.96,46,727.91,7.123,760.83,7.4451,188.33,1.8429,21.17,2026-07-25T00:33:44.328Z
flip-only|UDOW|3h|1752598800000|1753268400000,flip-only,UDOW,AMEX:UDOW,3h,Swing 3H,LONG,Swing Low,2025-07-15 13:00,1752598800000,47,Flip Short,2025-07-23 07:00,1753268400000,48.97,233,10951,33,436.65,3.9833,476.02,4.3425,253.27,2.3105,22.36,2026-07-25T00:33:44.328Z
flip-only|UDOW|3h|1753905600000|1753905600000,flip-only,UDOW,AMEX:UDOW,3h,Swing 3H,LONG,Swing Low,2025-07-30 16:00,1753905600000,48.07,Margin call,2025-07-30 16:00,1753905600000,48.07,1,48.07,0,-0.1,-0.1998,0,0,0.05,0.0999,0.1,2026-07-25T00:33:44.328Z
flip-only|UDOW|3h|1753905600000|1755082800000,flip-only,UDOW,AMEX:UDOW,3h,Swing 3H,LONG,Swing Low,2025-07-30 16:00,1753905600000,48.07,Flip Short,2025-08-13 07:00,1755082800000,48.23,236,11344.52,57,15.03,0.1324,139.7,1.2302,886.9,7.8101,22.73,2026-07-25T00:33:44.328Z
flip-only|UDOW|3h|1760115600000|1761055200000,flip-only,UDOW,AMEX:UDOW,3h,Swing 3H,LONG,Swing Low,2025-10-10 13:00,1760115600000,51.26,Flip Short,2025-10-21 10:00,1761055200000,54.5,222,11379.72,41,695.8,6.1083,719,6.3119,530.86,4.6603,23.48,2026-07-25T00:33:44.328Z
flip-only|UDOW|3h|1762452000000|1762938000000,flip-only,UDOW,AMEX:UDOW,3h,Swing 3H,LONG,Swing Low,2025-11-06 13:00,1762452000000,54.59,Flip Short,2025-11-12 04:00,1762938000000,58.41,221,12064.39,20,819.25,6.7838,832.16,6.8907,332.51,2.7534,24.97,2026-07-25T00:33:44.328Z
flip-only|UDOW|3h|1763413200000|1764180000000,flip-only,UDOW,AMEX:UDOW,3h,Swing 3H,LONG,Swing Low,2025-11-17 16:00,1763413200000,53.4,Flip Short,2025-11-26 13:00,1764180000000,56.6,241,12869.4,40,744.69,5.7807,765.56,5.9427,735.87,5.7123,26.51,2026-07-25T00:33:44.328Z
flip-only|UDOW|3h|1767366000000|1767625200000,flip-only,UDOW,AMEX:UDOW,3h,Swing 3H,LONG,Swing Low,2026-01-02 10:00,1767366000000,57.94,Flip Short,2026-01-05 10:00,1767625200000,60.86,235,13615.9,5,658.28,4.8298,717.23,5.2624,182.82,1.3413,27.92,2026-07-25T00:33:44.328Z
flip-only|UDOW|3h|1768910400000|1770400800000,flip-only,UDOW,AMEX:UDOW,3h,Swing 3H,LONG,Swing Low,2026-01-20 07:00,1768910400000,59.96,Flip Short,2026-02-06 13:00,1770400800000,64.08,238,14270.48,80,951.04,6.6577,973.43,6.8145,385.55,2.699,29.52,2026-07-25T00:33:44.328Z
flip-only|UDOW|3h|1771869600000|1775602800000,flip-only,UDOW,AMEX:UDOW,3h,Swing 3H,LONG,Swing Low,2026-02-23 13:00,1771869600000,59.78,Flip Short,2026-04-07 19:00,1775602800000,54.05,255,15243.9,182,-1490.18,-9.7658,879.81,5.7658,3485.79,22.844,29.03,2026-07-25T00:33:44.328Z
flip-only|UDOW|3h|1777482000000|1777644000000,flip-only,UDOW,AMEX:UDOW,3h,Swing 3H,LONG,Swing Low,2026-04-29 13:00,1777482000000,58.16,Flip Short,2026-05-01 10:00,1777644000000,62.06,236,13725.76,11,892.03,6.4924,916.11,6.6677,174.21,1.2679,28.37,2026-07-25T00:33:44.328Z
flip-only|UDOW|3h|1779102000000|1779393600000,flip-only,UDOW,AMEX:UDOW,3h,Swing 3H,LONG,Swing Low,2026-05-18 07:00,1779102000000,59.11,Flip Short,2026-05-21 16:00,1779393600000,63.12,247,14600.17,21,960.28,6.5706,1059.85,7.2519,71.41,0.4886,30.19,2026-07-25T00:33:44.328Z
flip-only|UDOW|3h|1781024400000|1781532000000,flip-only,UDOW,AMEX:UDOW,3h,Swing 3H,LONG,Swing Low,2026-06-09 13:00,1781024400000,63.24,Flip Short,2026-06-15 10:00,1781532000000,68.65,247,15620.28,23,1303.69,8.3378,1382.4,8.8412,630.65,4.0333,32.58,2026-07-25T00:33:44.328Z
flip-only|UDOW|3h|1784037600000|1784037600000,flip-only,UDOW,AMEX:UDOW,3h,Swing 3H,LONG,Swing Low,2026-07-14 10:00,1784037600000,70.92,Margin call,2026-07-14 10:00,1784037600000,70.92,1,70.92,0,-0.14,-0.1998,0,0,0.07,0.0999,0.14,2026-07-25T00:33:44.328Z
flip-only|MU|3h|1748008800000|1748505600000,flip-only,MU,NASDAQ:MU,3h,Swing 3H,LONG,Swing Low,2025-05-23 10:00,1748008800000,90.96,Flip Short,2025-05-29 04:00,1748505600000,99.45,109,9914.64,16,904.66,9.1153,937.3,9.4442,13.18,0.1328,20.75,2026-07-25T00:33:49.293Z
flip-only|MU|3h|1751389200000|1753959600000,flip-only,MU,NASDAQ:MU,3h,Swing 3H,LONG,Swing Low,2025-07-01 13:00,1751389200000,120.18,Flip Short,2025-07-31 07:00,1753959600000,114.58,90,10816.2,123,-525.13,-4.8502,525.58,4.8544,1095.32,10.1165,21.13,2026-07-25T00:33:49.293Z
flip-only|MU|3h|1753992000000|1754672400000,flip-only,MU,NASDAQ:MU,3h,Swing 3H,LONG,Swing Low,2025-07-31 16:00,1753992000000,109.1,Flip Short,2025-08-08 13:00,1754672400000,118.92,94,10255.4,35,901.65,8.7831,950.42,9.2583,547.94,5.3376,21.43,2026-07-25T00:33:49.293Z
flip-only|MU|3h|1758830400000|1759338000000,flip-only,MU,NASDAQ:MU,3h,Swing 3H,LONG,Swing Low,2025-09-25 16:00,1758830400000,156.74,Flip Short,2025-10-01 13:00,1759338000000,179.85,71,11128.54,23,1616.91,14.5149,1695.71,15.2223,121.89,1.0942,23.9,2026-07-25T00:33:49.293Z
flip-only|MU|3h|1763488800000|1764622800000,flip-only,MU,NASDAQ:MU,3h,Swing 3H,LONG,Swing Low,2025-11-18 13:00,1763488800000,233.3,Flip Short,2025-12-01 16:00,1764622800000,240.46,55,12831.5,48,367.74,2.8631,485.47,3.7796,2251.33,17.5278,26.06,2026-07-25T00:33:49.293Z
flip-only|MU|3h|1765994400000|1766156400000,flip-only,MU,NASDAQ:MU,3h,Swing 3H,LONG,Swing Low,2025-12-17 13:00,1765994400000,224.96,Flip Short,2025-12-19 10:00,1766156400000,266.62,58,13047.68,11,2387.77,18.282,2506.47,19.1909,202.71,1.552,28.51,2026-07-25T00:33:49.293Z
flip-only|MU|3h|1770228000000|1773248400000,flip-only,MU,NASDAQ:MU,3h,Swing 3H,LONG,Swing Low,2026-02-04 13:00,1770228000000,371.7,Flip Short,2026-03-11 13:00,1773248400000,420.33,42,15611.4,144,2009.19,12.8572,2801.33,17.9262,727.51,4.6555,33.27,2026-07-25T00:33:49.293Z
flip-only|MU|3h|1774360800000|1775602800000,flip-only,MU,NASDAQ:MU,3h,Swing 3H,LONG,Swing Low,2026-03-24 10:00,1774360800000,398.06,Flip Short,2026-04-07 19:00,1775602800000,397.45,44,17514.64,57,-61.84,-0.3527,235.05,1.3407,3827.03,21.8287,35,2026-07-25T00:33:49.293Z
flip-only|MU|3h|1780700400000|1781553600000,flip-only,MU,NASDAQ:MU,3h,Swing 3H,LONG,Swing Low,2026-06-05 19:00,1780700400000,869.99,Flip Short,2026-06-15 16:00,1781553600000,1088.75,20,17399.8,35,4336.03,24.8951,4529.8,26.0076,385.2,2.2116,39.17,2026-07-25T00:33:49.293Z
flip-only|MU|3h|1782990000000|1784804400000,flip-only,MU,NASDAQ:MU,3h,Swing 3H,LONG,Swing Low,2026-07-02 07:00,1782990000000,1012.1,Flip Short,2026-07-23 07:00,1784804400000,990.2,21,21254.1,84,-501.95,-2.3593,1265.63,5.9488,4391.14,20.6396,42.05,2026-07-25T00:33:49.293Z
flip-only|RY|3h|1727974800000|1728666000000,flip-only,RY,TSX:RY,3h,Swing 3H,LONG,Swing Low,2024-10-03 13:00,1727974800000,164.53,Flip Short,2024-10-11 13:00,1728666000000,169.92,60,9871.8,24,303.33,3.0697,314.13,3.1789,53.07,0.5371,20.07,2026-07-25T00:33:54.243Z
flip-only|RY|3h|1730394000000|1731337200000,flip-only,RY,TSX:RY,3h,Swing 3H,LONG,Swing Low,2024-10-31 13:00,1730394000000,168.44,Flip Short,2024-11-11 10:00,1731337200000,173.26,61,10274.84,27,273.18,2.656,300.83,2.9249,25.52,0.2482,20.84,2026-07-25T00:33:54.243Z
flip-only|RY|3h|1734555600000|1737741600000,flip-only,RY,TSX:RY,3h,Swing 3H,LONG,Swing Low,2024-12-18 16:00,1734555600000,173.01,Flip Short,2025-01-24 13:00,1737741600000,175.72,61,10553.61,93,144.04,1.3635,196.85,1.8633,250.89,2.375,21.27,2026-07-25T00:33:54.243Z
flip-only|RY|3h|1738594800000|1740495600000,flip-only,RY,TSX:RY,3h,Swing 3H,LONG,Swing Low,2025-02-03 10:00,1738594800000,174.15,Flip Short,2025-02-25 10:00,1740495600000,171.67,61,10623.15,60,-172.38,-1.621,41.23,0.3877,419.32,3.9433,21.1,2026-07-25T00:33:54.243Z
flip-only|RY|3h|1740668400000|1742835600000,flip-only,RY,TSX:RY,3h,Swing 3H,LONG,Swing Low,2025-02-27 10:00,1740668400000,165.75,Flip Short,2025-03-24 13:00,1742835600000,165.4,63,10442.25,69,-42.91,-0.4105,391.5,3.7454,566.1,5.4159,20.86,2026-07-25T00:33:54.243Z
flip-only|RY|3h|1743775200000|1745416800000,flip-only,RY,TSX:RY,3h,Swing 3H,LONG,Swing Low,2025-04-04 10:00,1743775200000,160.06,Flip Short,2025-04-23 10:00,1745416800000,165.08,65,10403.9,48,305.17,2.9303,369.85,3.5513,583.05,5.5986,21.13,2026-07-25T00:33:54.243Z
flip-only|RY|3h|1753732800000|1754672400000,flip-only,RY,TSX:RY,3h,Swing 3H,LONG,Swing Low,2025-07-28 16:00,1753732800000,179.19,Flip Short,2025-08-08 13:00,1754672400000,182.54,60,10751.4,31,179.3,1.666,207.65,1.9294,232.15,2.1571,21.7,2026-07-25T00:33:54.243Z
flip-only|RY|3h|1759932000000|1760558400000,flip-only,RY,TSX:RY,3h,Swing 3H,LONG,Swing Low,2025-10-08 10:00,1759932000000,202.69,Flip Short,2025-10-15 16:00,1760558400000,206.3,54,10945.26,18,172.85,1.5777,186.15,1.6991,111.93,1.0216,22.09,2026-07-25T00:33:54.243Z
flip-only|RY|3h|1762527600000|1762970400000,flip-only,RY,TSX:RY,3h,Swing 3H,LONG,Swing Low,2025-11-07 10:00,1762527600000,203.9,Flip Short,2025-11-12 13:00,1762970400000,208.4,54,11010.6,13,220.74,2.0028,235.23,2.1343,126.57,1.1484,22.26,2026-07-25T00:33:54.243Z
flip-only|RY|3h|1768402800000|1770649200000,flip-only,RY,TSX:RY,3h,Swing 3H,LONG,Swing Low,2026-01-14 10:00,1768402800000,232.69,Flip Short,2026-02-09 10:00,1770649200000,233.2,48,11169.12,72,2.12,0.0189,141.47,1.2654,420.13,3.7578,22.36,2026-07-25T00:33:54.243Z
flip-only|RY|3h|1772215200000|1775052000000,flip-only,RY,TSX:RY,3h,Swing 3H,LONG,Swing Low,2026-02-27 13:00,1772215200000,227.06,Flip Short,2026-04-01 10:00,1775052000000,226.94,50,11353,91,-28.7,-0.2525,179.15,1.5764,513.85,4.5216,22.7,2026-07-25T00:33:54.243Z
flip-only|BE|3h|1746529200000|1746529200000,flip-only,BE,NYSE:BE,3h,Swing 3H,LONG,Swing Low,2025-05-06 07:00,1746529200000,16.17,Margin call,2025-05-06 07:00,1746529200000,16.17,1,16.17,0,-0.03,-0.1998,0,0,0.02,0.0999,0.03,2026-07-25T00:33:59.130Z
flip-only|BE|3h|1746529200000|1747144800000,flip-only,BE,NYSE:BE,3h,Swing 3H,LONG,Swing Low,2025-05-06 07:00,1746529200000,16.17,Flip Short,2025-05-13 10:00,1747144800000,19.01,617,9976.89,26,1730.57,17.3285,1989.1,19.9172,170.4,1.7062,21.71,2026-07-25T00:33:59.130Z
flip-only|BE|3h|1747922400000|1747922400000,flip-only,BE,NYSE:BE,3h,Swing 3H,LONG,Swing Low,2025-05-22 10:00,1747922400000,17.65,Margin call,2025-05-22 10:00,1747922400000,17.65,1,17.65,0,-0.04,-0.1998,0,0,0.02,0.0999,0.04,2026-07-25T00:33:59.130Z
flip-only|BE|3h|1747922400000|1748516400000,flip-only,BE,NYSE:BE,3h,Swing 3H,LONG,Swing Low,2025-05-22 10:00,1747922400000,17.65,Flip Short,2025-05-29 07:00,1748516400000,20.05,663,11701.95,22,1566.2,13.3708,1745.25,14.8993,104.52,0.8923,25,2026-07-25T00:33:59.130Z
flip-only|BE|3h|1758808800000|1759327200000,flip-only,BE,NYSE:BE,3h,Swing 3H,LONG,Swing Low,2025-09-25 10:00,1758808800000,65.18,Flip Short,2025-10-01 10:00,1759327200000,84.19,203,13231.54,24,3828.71,28.9073,4619.23,34.8759,157.36,1.1881,30.32,2026-07-25T00:33:59.130Z
flip-only|BE|3h|1762959600000|1764871200000,flip-only,BE,NYSE:BE,3h,Swing 3H,LONG,Swing Low,2025-11-12 10:00,1762959600000,122.45,Flip Short,2025-12-04 13:00,1764871200000,116.66,139,17020.55,90,-838.05,-4.9188,869.8,5.1052,6473.57,37.9959,33.24,2026-07-25T00:33:59.130Z
flip-only|BE|3h|1765411200000|1767376800000,flip-only,BE,NYSE:BE,3h,Swing 3H,LONG,Swing Low,2025-12-10 19:00,1765411200000,98.95,Flip Short,2026-01-02 13:00,1767376800000,96.99,164,16227.8,87,-353.57,-2.1766,1828.77,11.2581,3827.59,23.563,32.13,2026-07-25T00:33:59.130Z
flip-only|BE|3h|1770228000000|1771588800000,flip-only,BE,NYSE:BE,3h,Swing 3H,LONG,Swing Low,2026-02-04 13:00,1770228000000,137.96,Flip Short,2026-02-20 07:00,1771588800000,157.61,115,15865.4,64,2225.76,14.015,2952.28,18.5897,815.12,5.1326,33.99,2026-07-25T00:33:59.130Z
flip-only|BE|3h|1772809200000|1773950400000,flip-only,BE,NYSE:BE,3h,Swing 3H,LONG,Swing Low,2026-03-06 10:00,1772809200000,150.47,Flip Short,2026-03-19 16:00,1773950400000,166.76,120,18056.4,56,1916.73,10.6046,2080.74,11.5121,2460.06,13.6107,38.07,2026-07-25T00:33:59.130Z
flip-only|BE|3h|1779134400000|1779382800000,flip-only,BE,NYSE:BE,3h,Swing 3H,LONG,Swing Low,2026-05-18 16:00,1779134400000,258.74,Flip Short,2026-05-21 13:00,1779382800000,315.49,77,19922.98,17,4325.53,21.6896,4580.06,22.9658,1319.68,6.6173,44.22,2026-07-25T00:33:59.130Z
flip-only|BE|3h|1780678800000|1781629200000,flip-only,BE,NYSE:BE,3h,Swing 3H,LONG,Swing Low,2026-06-05 13:00,1780678800000,264.8,Flip Short,2026-06-16 13:00,1781629200000,290.28,92,24361.6,42,2293.09,9.4033,3019.92,12.3838,3796.36,15.5678,51.07,2026-07-25T00:33:59.130Z
flip-only|TD|3h|1728568800000|1730991600000,flip-only,TD,TSX:TD,3h,Swing 3H,LONG,Swing Low,2024-10-10 10:00,1728568800000,81.02,Flip Short,2024-11-07 10:00,1730991600000,79.12,123,9965.46,76,-253.4,-2.5402,260.63,2.6128,639.73,6.413,19.7,2026-07-25T00:34:04.079Z
flip-only|TD|3h|1733410800000|1735311600000,flip-only,TD,TSX:TD,3h,Swing 3H,LONG,Swing Low,2024-12-05 10:00,1733410800000,75.16,Flip Short,2024-12-27 10:00,1735311600000,76.61,129,9695.64,54,167.47,1.7256,181.22,1.8673,259.96,2.6785,19.58,2026-07-25T00:34:04.079Z
flip-only|TD|3h|1738594800000|1739199600000,flip-only,TD,TSX:TD,3h,Swing 3H,LONG,Swing Low,2025-02-03 10:00,1738594800000,82.47,Flip Short,2025-02-10 10:00,1739199600000,85.71,120,9896.4,20,368.62,3.7211,407.7,4.1156,86.7,0.8752,20.18,2026-07-25T00:34:04.079Z
flip-only|TD|3h|1741100400000|1742490000000,flip-only,TD,TSX:TD,3h,Swing 3H,LONG,Swing Low,2025-03-04 10:00,1741100400000,84.86,Flip Short,2025-03-20 13:00,1742490000000,85.95,121,10268.06,49,111.22,1.0821,157.92,1.5365,271.63,2.6427,20.67,2026-07-25T00:34:04.079Z
flip-only|TD|3h|1743602400000|1745341200000,flip-only,TD,TSX:TD,3h,Swing 3H,LONG,Swing Low,2025-04-02 10:00,1743602400000,84.55,Flip Short,2025-04-22 13:00,1745341200000,85.58,122,10315.1,53,104.9,1.016,178.78,1.7315,802.1,7.7682,20.76,2026-07-25T00:34:04.079Z
flip-only|TD|3h|1754056800000|1755180000000,flip-only,TD,TSX:TD,3h,Swing 3H,LONG,Swing Low,2025-08-01 10:00,1754056800000,99.75,Flip Short,2025-08-14 10:00,1755180000000,102.72,105,10473.75,32,290.59,2.7717,306.63,2.9246,35.67,0.3403,21.26,2026-07-25T00:34:04.079Z
flip-only|TD|3h|1756400400000|1758052800000,flip-only,TD,TSX:TD,3h,Swing 3H,LONG,Swing Low,2025-08-28 13:00,1756400400000,100.21,Flip Short,2025-09-16 16:00,1758052800000,107.08,107,10722.47,49,712.91,6.6421,736.14,6.8585,32.12,0.2993,22.18,2026-07-25T00:34:04.079Z
flip-only|TD|3h|1762538400000|1764007200000,flip-only,TD,TSX:TD,3h,Swing 3H,LONG,Swing Low,2025-11-07 13:00,1762538400000,112.46,Flip Short,2025-11-24 13:00,1764007200000,116.59,102,11470.92,44,397.9,3.4653,412.85,3.5955,11.47,0.0999,23.36,2026-07-25T00:34:04.079Z
flip-only|TD|3h|1769007600000|1770400800000,flip-only,TD,TSX:TD,3h,Swing 3H,LONG,Swing Low,2026-01-21 10:00,1769007600000,128.79,Flip Short,2026-02-06 13:00,1770400800000,131.5,92,11848.68,49,225.37,1.9002,252.19,2.1263,228.05,1.9228,23.95,2026-07-25T00:34:04.079Z
flip-only|TD|3h|1772809200000|1775160000000,flip-only,TD,TSX:TD,3h,Swing 3H,LONG,Swing Low,2026-03-06 10:00,1772809200000,129.71,Flip Short,2026-04-02 16:00,1775160000000,132.51,93,12063.03,78,236.01,1.9545,266.01,2.2029,382.2,3.1652,24.39,2026-07-25T00:34:04.079Z
flip-only|TD|3h|1783530000000|1784048400000,flip-only,TD,TSX:TD,3h,Swing 3H,LONG,Swing Low,2026-07-08 13:00,1783530000000,168.11,Flip Short,2026-07-14 13:00,1784048400000,172.42,73,12272.03,16,289.77,2.3589,369.52,3.0081,80.16,0.6526,24.86,2026-07-25T00:34:04.079Z
flip-only|JNJ|3h|1743505200000|1744898400000,flip-only,JNJ,NYSE:JNJ,3h,Swing 3H,LONG,Swing Low,2025-04-01 07:00,1743505200000,160.05,Flip Short,2025-04-17 10:00,1744898400000,156.7,62,9923.1,73,-227.34,-2.2887,98.58,0.9924,1164.98,11.7284,19.64,2026-07-25T00:34:09.006Z
flip-only|JNJ|3h|1747047600000|1748613600000,flip-only,JNJ,NYSE:JNJ,3h,Swing 3H,LONG,Swing Low,2025-05-12 07:00,1747047600000,149.95,Flip Short,2025-05-30 10:00,1748613600000,154.94,65,9746.75,77,304.53,3.1213,341.25,3.4977,259.35,2.6582,19.82,2026-07-25T00:34:09.006Z
flip-only|JNJ|3h|1750190400000|1751378400000,flip-only,JNJ,NYSE:JNJ,3h,Swing 3H,LONG,Swing Low,2025-06-17 16:00,1750190400000,152.35,Flip Short,2025-07-01 10:00,1751378400000,153.58,66,10055.1,51,60.99,0.6059,83,0.8247,228.52,2.2704,20.19,2026-07-25T00:34:09.006Z
flip-only|JNJ|3h|1756389600000|1758884400000,flip-only,JNJ,NYSE:JNJ,3h,Swing 3H,LONG,Swing Low,2025-08-28 10:00,1756389600000,175.69,Flip Short,2025-09-26 07:00,1758884400000,178.82,57,10014.33,117,158.2,1.5782,207.16,2.0665,142.82,1.4248,20.21,2026-07-25T00:34:09.006Z
flip-only|JNJ|3h|1761660000000|1762873200000,flip-only,JNJ,NYSE:JNJ,3h,Swing 3H,LONG,Swing Low,2025-10-28 10:00,1761660000000,187.83,Flip Short,2025-11-11 10:00,1762873200000,189.12,54,10142.82,59,49.3,0.4856,109.2,1.0755,180.78,1.7806,20.36,2026-07-25T00:34:09.006Z
flip-only|JNJ|3h|1764871200000|1765465200000,flip-only,JNJ,NYSE:JNJ,3h,Swing 3H,LONG,Swing Low,2025-12-04 13:00,1764871200000,202.54,Flip Short,2025-12-11 10:00,1765465200000,209.44,51,10329.54,29,330.89,3.2001,343.1,3.3182,144.97,1.402,21.01,2026-07-25T00:34:09.006Z
flip-only|JNJ|3h|1766491200000|1768251600000,flip-only,JNJ,NYSE:JNJ,3h,Swing 3H,LONG,Swing Low,2025-12-23 07:00,1766491200000,204.87,Flip Short,2026-01-12 16:00,1768251600000,209.89,52,10653.24,67,239.47,2.2456,250.39,2.348,215.01,2.0163,21.57,2026-07-25T00:34:09.006Z
flip-only|JNJ|3h|1772722800000|1774879200000,flip-only,JNJ,NYSE:JNJ,3h,Swing 3H,LONG,Swing Low,2026-03-05 10:00,1772722800000,239.57,Flip Short,2026-03-30 10:00,1774879200000,242.07,45,10780.65,97,90.83,0.8417,258.77,2.3979,350.98,3.2524,21.67,2026-07-25T00:34:09.006Z
flip-only|JNJ|3h|1775656800000|1778702400000,flip-only,JNJ,NYSE:JNJ,3h,Swing 3H,LONG,Swing Low,2026-04-08 10:00,1775656800000,237.42,Flip Short,2026-05-13 16:00,1778702400000,230.4,46,10921.32,149,-344.44,-3.1507,301.88,2.7614,795.22,7.2741,21.52,2026-07-25T00:34:09.006Z
flip-only|JNJ|3h|1780084800000|1780678800000,flip-only,JNJ,NYSE:JNJ,3h,Swing 3H,LONG,Swing Low,2026-05-29 16:00,1780084800000,225.26,Flip Short,2026-06-05 13:00,1780678800000,234.16,47,10587.22,28,396.71,3.7433,452.36,4.2685,218.33,2.0601,21.59,2026-07-25T00:34:09.006Z
flip-only|JNJ|3h|1781791200000|1782309600000,flip-only,JNJ,NYSE:JNJ,3h,Swing 3H,LONG,Swing Low,2026-06-18 10:00,1781791200000,230.45,Flip Short,2026-06-24 10:00,1782309600000,242.45,47,10831.15,18,541.77,4.997,557.87,5.1455,149.48,1.3787,22.23,2026-07-25T00:34:09.006Z
flip-only|JNJ|3h|1784113200000|1784826000000,flip-only,JNJ,NYSE:JNJ,3h,Swing 3H,LONG,Swing Low,2026-07-15 07:00,1784113200000,249.19,Flip Short,2026-07-23 13:00,1784826000000,258.11,46,11462.74,38,386.98,3.3726,493.62,4.302,183.04,1.5953,23.34,2026-07-25T00:34:09.006Z
flip-only|GOOGL|3h|1746637200000|1747242000000,flip-only,GOOGL,NASDAQ:GOOGL,3h,Swing 3H,LONG,Swing Low,2025-05-07 13:00,1746637200000,150.09,Flip Short,2025-05-14 13:00,1747242000000,166.11,66,9905.94,30,1036.45,10.4525,1106.15,11.1554,91.09,0.9186,20.87,2026-07-25T00:34:14.069Z
flip-only|GOOGL|3h|1750438800000|1751054400000,flip-only,GOOGL,NASDAQ:GOOGL,3h,Swing 3H,LONG,Swing Low,2025-06-20 13:00,1750438800000,169.06,Flip Short,2025-06-27 16:00,1751054400000,178.51,65,10988.9,31,591.66,5.3788,614.31,5.5847,469.89,4.2718,22.59,2026-07-25T00:34:14.069Z
flip-only|GOOGL|3h|1755709200000|1755892800000,flip-only,GOOGL,NASDAQ:GOOGL,3h,Swing 3H,LONG,Swing Low,2025-08-20 13:00,1755709200000,199.3,Flip Short,2025-08-22 16:00,1755892800000,206.09,58,11559.4,13,370.31,3.2003,524.36,4.5317,80,0.6914,23.51,2026-07-25T00:34:14.069Z
flip-only|GOOGL|3h|1758808800000|1759780800000,flip-only,GOOGL,NASDAQ:GOOGL,3h,Swing 3H,LONG,Swing Low,2025-09-25 10:00,1758808800000,242.61,Flip Short,2025-10-06 16:00,1759780800000,250.45,49,11887.89,44,360,3.0253,414.9,3.4866,207.4,1.7429,24.16,2026-07-25T00:34:14.069Z
flip-only|GOOGL|3h|1760115600000|1760547600000,flip-only,GOOGL,NASDAQ:GOOGL,3h,Swing 3H,LONG,Swing Low,2025-10-10 13:00,1760115600000,237.29,Flip Short,2025-10-15 13:00,1760547600000,248.41,52,12339.08,18,552.98,4.4771,757.78,6.1352,221.38,1.7923,25.26,2026-07-25T00:34:14.069Z
flip-only|GOOGL|3h|1763121600000|1763564400000,flip-only,GOOGL,NASDAQ:GOOGL,3h,Swing 3H,LONG,Swing Low,2025-11-14 07:00,1763121600000,274.14,Flip Short,2025-11-19 10:00,1763564400000,300.5,47,12884.58,19,1211.91,9.3965,1291.84,10.0162,194.3,1.5065,27.01,2026-07-25T00:34:14.069Z
flip-only|GOOGL|3h|1765216800000|1766577600000,flip-only,GOOGL,NASDAQ:GOOGL,3h,Swing 3H,LONG,Swing Low,2025-12-08 13:00,1765216800000,312.41,Flip Short,2025-12-24 07:00,1766577600000,315.49,45,14058.45,70,110.34,0.7841,385.99,2.7429,765.11,5.4369,28.26,2026-07-25T00:34:14.069Z
flip-only|GOOGL|3h|1770249600000|1773777600000,flip-only,GOOGL,NASDAQ:GOOGL,3h,Swing 3H,LONG,Swing Low,2026-02-04 19:00,1770249600000,328.65,Flip Short,2026-03-17 16:00,1773777600000,310.79,43,14131.95,167,-795.48,-5.6233,222.37,1.5719,1652.43,11.6812,27.5,2026-07-25T00:34:14.069Z
flip-only|GOOGL|3h|1774036800000|1775505600000,flip-only,GOOGL,NASDAQ:GOOGL,3h,Swing 3H,LONG,Swing Low,2026-03-20 16:00,1774036800000,300.98,Flip Short,2026-04-06 16:00,1775505600000,299.83,44,13243.12,60,-77.04,-0.5811,285.52,2.1538,1288.36,9.7188,26.44,2026-07-25T00:34:14.069Z
flip-only|GOOGL|3h|1779480000000|1781629200000,flip-only,GOOGL,NASDAQ:GOOGL,3h,Swing 3H,LONG,Swing Low,2026-05-22 16:00,1779480000000,382.97,Flip Short,2026-06-16 13:00,1781629200000,369.99,34,13020.98,95,-466.92,-3.5823,357.58,2.7434,1257.42,9.6472,25.6,2026-07-25T00:34:14.069Z
flip-only|GOOGL|3h|1782147600000|1783011600000,flip-only,GOOGL,NASDAQ:GOOGL,3h,Swing 3H,LONG,Swing Low,2026-06-22 13:00,1782147600000,346.44,Flip Short,2026-07-02 13:00,1783011600000,353.67,37,12818.28,48,241.61,1.883,644.3,5.0214,491.97,3.8342,25.9,2026-07-25T00:34:14.069Z
flip-only|GOOGL|3h|1784026800000|1784134800000,flip-only,GOOGL,NASDAQ:GOOGL,3h,Swing 3H,LONG,Swing Low,2026-07-14 07:00,1784026800000,350.91,Flip Short,2026-07-15 13:00,1784134800000,372.4,37,12983.67,8,768.37,5.912,828.03,6.3711,65.15,0.5013,26.76,2026-07-25T00:34:14.069Z
flip-only|TQQQ|3h|1748008800000|1748473200000,flip-only,TQQQ,NASDAQ:TQQQ,3h,Swing 3H,LONG,Swing Low,2025-05-23 10:00,1748008800000,32.74,Flip Short,2025-05-28 19:00,1748473200000,36.05,305,9985.7,15,988.57,9.89,1008.71,10.0915,19.14,0.1914,20.98,2026-07-25T00:34:18.968Z
flip-only|TQQQ|3h|1750438800000|1750762800000,flip-only,TQQQ,NASDAQ:TQQQ,3h,Swing 3H,LONG,Swing Low,2025-06-20 13:00,1750438800000,36.45,Flip Short,2025-06-24 07:00,1750762800000,38.47,301,10971.45,10,585.47,5.331,693.37,6.3134,230.7,2.1006,22.55,2026-07-25T00:34:18.968Z
flip-only|TQQQ|3h|1754046000000|1755018000000,flip-only,TQQQ,NASDAQ:TQQQ,3h,Swing 3H,LONG,Swing Low,2025-08-01 07:00,1754046000000,42.44,Flip Short,2025-08-12 13:00,1755018000000,47.17,272,11543.68,44,1262.19,10.9231,1288.62,11.1518,422.26,3.6543,24.37,2026-07-25T00:34:18.968Z
flip-only|TQQQ|3h|1755676800000|1757080800000,flip-only,TQQQ,NASDAQ:TQQQ,3h,Swing 3H,LONG,Swing Low,2025-08-20 04:00,1755676800000,44.37,Flip Short,2025-09-05 10:00,1757080800000,46.84,289,12822.93,68,687.47,5.3559,781.93,6.0918,660.18,5.1433,26.36,2026-07-25T00:34:18.968Z
flip-only|TQQQ|3h|1760115600000|1761303600000,flip-only,TQQQ,NASDAQ:TQQQ,3h,Swing 3H,LONG,Swing Low,2025-10-10 13:00,1760115600000,50.18,Flip Short,2025-10-24 07:00,1761303600000,54.34,269,13498.42,58,1090.92,8.0738,1156.65,8.5602,941.55,6.9683,28.12,2026-07-25T00:34:18.968Z
flip-only|TQQQ|3h|1762452000000|1764331200000,flip-only,TQQQ,NASDAQ:TQQQ,3h,Swing 3H,LONG,Swing Low,2025-11-06 13:00,1762452000000,53.97,Flip Short,2025-11-28 07:00,1764331200000,53.99,270,14571.9,88,-23.75,-0.1628,830.53,5.6938,2404.07,16.4815,29.15,2026-07-25T00:34:18.968Z
flip-only|TQQQ|3h|1765562400000|1766750400000,flip-only,TQQQ,NASDAQ:TQQQ,3h,Swing 3H,LONG,Swing Low,2025-12-12 13:00,1765562400000,53.27,Flip Short,2025-12-26 07:00,1766750400000,55.38,273,14542.71,51,546.37,3.7532,588.79,4.0446,1079.24,7.4138,29.66,2026-07-25T00:34:18.968Z
flip-only|TQQQ|3h|1767387600000|1767808800000,flip-only,TQQQ,NASDAQ:TQQQ,3h,Swing 3H,LONG,Swing Low,2026-01-02 16:00,1767387600000,52.38,Flip Short,2026-01-07 13:00,1767808800000,56.03,288,15085.44,17,1019.98,6.7546,1082.19,7.1666,38.13,0.2525,31.22,2026-07-25T00:34:18.968Z
flip-only|TQQQ|3h|1768910400000|1769515200000,flip-only,TQQQ,NASDAQ:TQQQ,3h,Swing 3H,LONG,Swing Low,2026-01-20 07:00,1768910400000,51.17,Flip Short,2026-01-27 07:00,1769515200000,56.27,315,16118.55,30,1572.66,9.7471,1615.58,10.0131,365.77,2.267,33.84,2026-07-25T00:34:18.968Z
flip-only|TQQQ|3h|1770141600000|1772053200000,flip-only,TQQQ,NASDAQ:TQQQ,3h,Swing 3H,LONG,Swing Low,2026-02-03 13:00,1770141600000,52.15,Flip Short,2026-02-25 16:00,1772053200000,51.88,339,17678.85,91,-126.8,-0.7165,439.97,2.4862,2336.44,13.2028,35.27,2026-07-25T00:34:18.968Z
flip-only|TQQQ|3h|1772452800000|1775602800000,flip-only,TQQQ,NASDAQ:TQQQ,3h,Swing 3H,LONG,Swing Low,2026-03-02 07:00,1772452800000,47.7,Flip Short,2026-04-07 19:00,1775602800000,47.1,368,17553.6,154,-255.69,-1.4551,1174.77,6.6858,3837.39,21.8392,34.89,2026-07-25T00:34:18.968Z
flip-only|KARURVYSYA|3h|1710138600000|1712028600000,flip-only,KARURVYSYA,BSE:KARURVYSYA,3h,Swing 3H,LONG,Swing Low,2024-03-11 02:30,1710138600000,147.5,Flip Short,2024-04-01 23:30,1712028600000,157.35,67,9882.5,41,639.52,6.4648,650.07,6.5714,629.63,6.3648,20.42,2026-07-25T00:34:24.017Z
flip-only|KARURVYSYA|3h|1715063400000|1716877800000,flip-only,KARURVYSYA,BSE:KARURVYSYA,3h,Swing 3H,LONG,Swing Low,2024-05-07 02:30,1715063400000,155.8,Flip Short,2024-05-28 02:30,1716877800000,165.85,68,10594.4,44,661.53,6.2379,1060.41,9.9991,398.19,3.7548,21.87,2026-07-25T00:34:24.017Z
flip-only|KARURVYSYA|3h|1717493400000|1718001000000,flip-only,KARURVYSYA,BSE:KARURVYSYA,3h,Swing 3H,LONG,Swing Low,2024-06-04 05:30,1717493400000,149.05,Flip Short,2024-06-10 02:30,1718001000000,174.45,75,11178.75,11,1880.74,16.8074,2036.32,18.1978,213.68,1.9096,24.26,2026-07-25T00:34:24.017Z
flip-only|KARURVYSYA|3h|1720431000000|1721370600000,flip-only,KARURVYSYA,BSE:KARURVYSYA,3h,Swing 3H,LONG,Swing Low,2024-07-08 05:30,1720431000000,167.05,Flip Short,2024-07-19 02:30,1721370600000,175.2,78,13029.9,23,609,4.6692,899.57,6.897,633.13,4.8542,26.7,2026-07-25T00:34:24.017Z
flip-only|KARURVYSYA|3h|1725431400000|1729481400000,flip-only,KARURVYSYA,BSE:KARURVYSYA,3h,Swing 3H,LONG,Swing Low,2024-09-04 02:30,1725431400000,183.1,Flip Short,2024-10-20 23:30,1729481400000,186.6,75,13732.5,95,234.77,1.7079,346.27,2.519,1671.23,12.1577,27.73,2026-07-25T00:34:24.017Z
flip-only|KARURVYSYA|3h|1731565800000|1732786200000,flip-only,KARURVYSYA,BSE:KARURVYSYA,3h,Swing 3H,LONG,Swing Low,2024-11-14 01:30,1731565800000,176.75,Flip Short,2024-11-28 04:30,1732786200000,198.5,79,13963.25,25,1688.61,12.0811,1822.79,13.0411,235.16,1.6825,29.64,2026-07-25T00:34:24.017Z
flip-only|KARURVYSYA|3h|1734687000000|1737365400000,flip-only,KARURVYSYA,BSE:KARURVYSYA,3h,Swing 3H,LONG,Swing Low,2024-12-20 04:30,1734687000000,186.1,Flip Short,2025-01-20 04:30,1737365400000,187.25,84,15632.4,60,65.24,0.4169,391.77,2.5036,1338.63,8.5546,31.36,2026-07-25T00:34:24.017Z
flip-only|KARURVYSYA|3h|1739860200000|1742797800000,flip-only,KARURVYSYA,BSE:KARURVYSYA,3h,Swing 3H,LONG,Swing Low,2025-02-18 01:30,1739860200000,178,Flip Short,2025-03-24 02:30,1742797800000,174.65,88,15664,66,-325.83,-2.0781,455.14,2.9027,2158.46,13.766,31.03,2026-07-25T00:34:24.017Z
flip-only|KARURVYSYA|3h|1746761400000|1747625400000,flip-only,KARURVYSYA,BSE:KARURVYSYA,3h,Swing 3H,LONG,Swing Low,2025-05-08 23:30,1746761400000,166.85,Flip Short,2025-05-18 23:30,1747625400000,189.55,89,14849.65,18,1988.58,13.3781,2005.45,13.4915,14.85,0.0999,31.72,2026-07-25T00:34:24.017Z
flip-only|KARURVYSYA|3h|1753425000000|1756189800000,flip-only,KARURVYSYA,BSE:KARURVYSYA,3h,Swing 3H,LONG,Swing Low,2025-07-25 02:30,1753425000000,217.3,Flip Short,2025-08-26 02:30,1756189800000,217.65,80,17384,63,-6.8,-0.0391,918.62,5.279,2957.38,16.9951,34.8,2026-07-25T00:34:24.017Z
flip-only|KARURVYSYA|3h|1765186200000|1766730600000,flip-only,KARURVYSYA,BSE:KARURVYSYA,3h,Swing 3H,LONG,Swing Low,2025-12-08 04:30,1765186200000,241.85,Flip Short,2025-12-26 01:30,1766730600000,264.2,72,17413.2,38,1572.76,9.023,1634.99,9.38,377.41,2.1652,36.44,2026-07-25T00:34:24.017Z
flip-only|KARURVYSYA|3h|1768977000000|1769495400000,flip-only,KARURVYSYA,BSE:KARURVYSYA,3h,Swing 3H,LONG,Swing Low,2026-01-21 01:30,1768977000000,251.4,Flip Short,2026-01-27 01:30,1769495400000,293.05,75,18855,9,3082.92,16.3343,3202.39,16.9674,48.85,0.2589,40.83,2026-07-25T00:34:24.017Z
flip-only|KARURVYSYA|3h|1772433000000|1777357800000,flip-only,KARURVYSYA,BSE:KARURVYSYA,3h,Swing 3H,LONG,Swing Low,2026-03-02 01:30,1772433000000,318.55,Flip Short,2026-04-28 02:30,1777357800000,295.95,69,21979.95,108,-1601.8,-7.2803,109.12,0.496,4372.43,19.8729,42.4,2026-07-25T00:34:24.017Z
flip-only|KARURVYSYA|3h|1780900200000|1781505000000,flip-only,KARURVYSYA,BSE:KARURVYSYA,3h,Swing 3H,LONG,Swing Low,2026-06-08 02:30,1780900200000,284.2,Flip Short,2026-06-15 02:30,1781505000000,292.55,72,20462.4,15,559.67,2.7324,962.34,4.6983,1118.46,5.4605,41.53,2026-07-25T00:34:24.017Z
flip-only|CIPLA|3h|1710829800000|1716283800000,flip-only,CIPLA,BSE:CIPLA,3h,Swing 3H,LONG,Swing Low,2024-03-19 02:30,1710829800000,1449.05,Flip Short,2024-05-21 05:30,1716283800000,1440,6,8694.3,120,-71.63,-0.8231,387.91,4.4572,797.39,9.1623,17.33,2026-07-25T00:34:29.265Z
flip-only|CIPLA|3h|1722839400000|1723530600000,flip-only,CIPLA,BSE:CIPLA,3h,Swing 3H,LONG,Swing Low,2024-08-05 02:30,1722839400000,1500.2,Flip Short,2024-08-13 02:30,1723530600000,1594.65,6,9001.2,18,548.13,6.0834,625.8,6.9454,38.7,0.4295,18.57,2026-07-25T00:34:29.265Z
flip-only|CIPLA|3h|1727343000000|1727677800000,flip-only,CIPLA,BSE:CIPLA,3h,Swing 3H,LONG,Swing Low,2024-09-26 05:30,1727343000000,1621.9,Flip Short,2024-09-30 02:30,1727677800000,1654.8,6,9731.4,5,177.74,1.8246,368.57,3.7836,45.13,0.4633,19.66,2026-07-25T00:34:29.265Z
flip-only|CIPLA|3h|1728034200000|1728466200000,flip-only,CIPLA,BSE:CIPLA,3h,Swing 3H,LONG,Swing Low,2024-10-04 05:30,1728034200000,1617.55,Flip Short,2024-10-09 05:30,1728466200000,1683.5,6,9705.3,9,375.89,3.8692,496.99,5.1157,33.11,0.3408,19.81,2026-07-25T00:34:29.265Z
flip-only|CIPLA|3h|1728628200000|1730874600000,flip-only,CIPLA,BSE:CIPLA,3h,Swing 3H,LONG,Swing Low,2024-10-11 02:30,1728628200000,1592.05,Flip Short,2024-11-06 01:30,1730874600000,1591.6,6,9552.3,52,-21.8,-0.228,104.75,1.0955,1141.45,11.9376,19.1,2026-07-25T00:34:29.265Z
flip-only|CIPLA|3h|1733823000000|1735540200000,flip-only,CIPLA,BSE:CIPLA,3h,Swing 3H,LONG,Swing Low,2024-12-10 04:30,1733823000000,1455.5,Flip Short,2024-12-30 01:30,1735540200000,1520.3,7,10188.5,38,432.77,4.2434,469.31,4.6017,230.69,2.2619,20.83,2026-07-25T00:34:29.265Z
flip-only|CIPLA|3h|1736749800000|1739428200000,flip-only,CIPLA,BSE:CIPLA,3h,Swing 3H,LONG,Swing Low,2025-01-13 01:30,1736749800000,1448.5,Flip Short,2025-02-13 01:30,1739428200000,1489.3,7,10139.5,72,265.04,2.6113,301.01,2.9657,583.44,5.7484,20.56,2026-07-25T00:34:29.265Z
flip-only|CIPLA|3h|1740724200000|1742279400000,flip-only,CIPLA,BSE:CIPLA,3h,Swing 3H,LONG,Swing Low,2025-02-28 01:30,1740724200000,1436,Flip Short,2025-03-18 02:30,1742279400000,1507.5,8,11488,33,548.45,4.7694,592.11,5.149,379.49,3.3,23.55,2026-07-25T00:34:29.265Z
flip-only|CIPLA|3h|1743575400000|1745314200000,flip-only,CIPLA,BSE:CIPLA,3h,Swing 3H,LONG,Swing Low,2025-04-02 02:30,1743575400000,1443.35,Flip Short,2025-04-22 05:30,1745314200000,1529,8,11546.8,34,661.42,5.7225,718.45,6.2159,1077.95,9.3261,23.78,2026-07-25T00:34:29.265Z
flip-only|CIPLA|3h|1746772200000|1749450600000,flip-only,CIPLA,BSE:CIPLA,3h,Swing 3H,LONG,Swing Low,2025-05-09 02:30,1746772200000,1482.3,Flip Short,2025-06-09 02:30,1749450600000,1504,8,11858.4,63,149.71,1.2612,441.74,3.7214,254.26,2.142,23.89,2026-07-25T00:34:29.265Z
flip-only|CIPLA|3h|1751956200000|1753435800000,flip-only,CIPLA,BSE:CIPLA,3h,Swing 3H,LONG,Swing Low,2025-07-08 02:30,1751956200000,1484.1,Flip Short,2025-07-25 05:30,1753435800000,1531.5,8,11872.8,40,355.08,2.9877,539.33,4.538,248.67,2.0924,24.12,2026-07-25T00:34:29.265Z
flip-only|CIPLA|3h|1758609000000|1760596200000,flip-only,CIPLA,BSE:CIPLA,3h,Swing 3H,LONG,Swing Low,2025-09-23 02:30,1758609000000,1525.3,Flip Short,2025-10-16 02:30,1760596200000,1559.45,8,12202.4,48,248.52,2.0346,345.4,2.8277,414.6,3.3943,24.68,2026-07-25T00:34:29.265Z
flip-only|CIPLA|3h|1762151400000|1767594600000,flip-only,CIPLA,BSE:CIPLA,3h,Swing 3H,LONG,Swing Low,2025-11-03 01:30,1762151400000,1506.45,Flip Short,2026-01-05 01:30,1767594600000,1519.95,9,13558.05,129,94.26,0.6946,281.64,2.0752,282.21,2.0794,27.24,2026-07-25T00:34:29.265Z
flip-only|CIPLA|3h|1767767400000|1772087400000,flip-only,CIPLA,BSE:CIPLA,3h,Swing 3H,LONG,Swing Low,2026-01-07 01:30,1767767400000,1459.25,Flip Short,2026-02-26 01:30,1772087400000,1349.15,9,13133.25,105,-1016.18,-7.7297,101.62,0.773,1599.38,12.166,25.28,2026-07-25T00:34:29.265Z
flip-only|CIPLA|3h|1772433000000|1776925800000,flip-only,CIPLA,BSE:CIPLA,3h,Swing 3H,LONG,Swing Low,2026-03-02 01:30,1772433000000,1340.1,Flip Short,2026-04-23 02:30,1776925800000,1287,9,12060.9,99,-501.54,-4.1543,114.39,0.9475,1583.01,13.112,23.64,2026-07-25T00:34:29.265Z
flip-only|CIPLA|3h|1781677800000|1782196200000,flip-only,CIPLA,BSE:CIPLA,3h,Swing 3H,LONG,Swing Low,2026-06-17 02:30,1781677800000,1343.4,Flip Short,2026-06-23 02:30,1782196200000,1454.9,9,12090.6,12,978.32,8.0835,1048.56,8.6639,26.94,0.2226,25.18,2026-07-25T00:34:29.265Z
flip-only|ICICIBANK|3h|1704177000000|1705386600000,flip-only,ICICIBANK,BSE:ICICIBANK,3h,Swing 3H,LONG,Swing Low,2024-01-02 01:30,1704177000000,985.9,Flip Short,2024-01-16 01:30,1705386600000,1013.9,10,9859,30,260,2.6346,291.14,2.9501,115.86,1.174,20,2026-07-25T00:34:34.294Z
flip-only|ICICIBANK|3h|1705559400000|1705991400000,flip-only,ICICIBANK,BSE:ICICIBANK,3h,Swing 3H,LONG,Swing Low,2024-01-18 01:30,1705559400000,986.1,Flip Short,2024-01-23 01:30,1705991400000,1034.6,10,9861,9,464.79,4.7087,803.14,8.1365,74.36,0.7533,20.21,2026-07-25T00:34:34.294Z
flip-only|ICICIBANK|3h|1713259800000|1714037400000,flip-only,ICICIBANK,BSE:ICICIBANK,3h,Swing 3H,LONG,Swing Low,2024-04-16 05:30,1713259800000,1068,Flip Short,2024-04-25 05:30,1714037400000,1119.1,10,10680,18,489.13,4.5753,559.32,5.2318,207.18,1.9379,21.87,2026-07-25T00:34:34.294Z
flip-only|ICICIBANK|3h|1716370200000|1717396200000,flip-only,ICICIBANK,BSE:ICICIBANK,3h,Swing 3H,LONG,Swing Low,2024-05-22 05:30,1716370200000,1104.2,Flip Short,2024-06-03 02:30,1717396200000,1161,10,11042,23,545.35,4.9339,662.46,5.9934,76.54,0.6925,22.65,2026-07-25T00:34:34.294Z
flip-only|ICICIBANK|3h|1717482600000|1719210600000,flip-only,ICICIBANK,BSE:ICICIBANK,3h,Swing 3H,LONG,Swing Low,2024-06-04 02:30,1717482600000,1084.5,Flip Short,2024-06-24 02:30,1719210600000,1165.7,10,10845,39,789.5,7.2726,901.15,8.3011,340.85,3.1397,22.5,2026-07-25T00:34:34.294Z
flip-only|ICICIBANK|3h|1722839400000|1724740200000,flip-only,ICICIBANK,BSE:ICICIBANK,3h,Swing 3H,LONG,Swing Low,2024-08-05 02:30,1722839400000,1169.9,Flip Short,2024-08-27 02:30,1724740200000,1226.85,10,11699,45,545.53,4.6584,568.8,4.8571,177.7,1.5174,23.97,2026-07-25T00:34:34.294Z
flip-only|ICICIBANK|3h|1728293400000|1730097000000,flip-only,ICICIBANK,BSE:ICICIBANK,3h,Swing 3H,LONG,Swing Low,2024-10-07 05:30,1728293400000,1239.95,Flip Short,2024-10-28 02:30,1730097000000,1302.35,10,12399.5,44,598.58,4.8226,637.1,5.133,231.9,1.8684,25.42,2026-07-25T00:34:34.294Z
flip-only|ICICIBANK|3h|1732170600000|1733293800000,flip-only,ICICIBANK,BSE:ICICIBANK,3h,Swing 3H,LONG,Swing Low,2024-11-21 01:30,1732170600000,1251.15,Flip Short,2024-12-04 01:30,1733293800000,1309.9,10,12511.5,27,561.89,4.4865,656.49,5.2418,96.01,0.7666,25.61,2026-07-25T00:34:34.294Z
flip-only|ICICIBANK|3h|1734676200000|1738650600000,flip-only,ICICIBANK,BSE:ICICIBANK,3h,Swing 3H,LONG,Swing Low,2024-12-20 01:30,1734676200000,1288.65,Flip Short,2025-02-04 01:30,1738650600000,1273.55,11,14175.15,96,-194.28,-1.3692,406.57,2.8654,1132.33,7.9801,28.18,2026-07-25T00:34:34.294Z
flip-only|ICICIBANK|3h|1739946600000|1742193000000,flip-only,ICICIBANK,BSE:ICICIBANK,3h,Swing 3H,LONG,Swing Low,2025-02-19 01:30,1739946600000,1256.5,Flip Short,2025-03-17 02:30,1742193000000,1271.15,11,13821.5,48,133.35,0.9638,153.93,1.1126,633.12,4.5761,27.8,2026-07-25T00:34:34.294Z
flip-only|ICICIBANK|3h|1749537000000|1753079400000,flip-only,ICICIBANK,BSE:ICICIBANK,3h,Swing 3H,LONG,Swing Low,2025-06-10 02:30,1749537000000,1418.9,Flip Short,2025-07-21 02:30,1753079400000,1460,9,12770.1,87,343.99,2.691,410.23,3.2092,173.42,1.3567,25.91,2026-07-25T00:34:34.294Z
flip-only|ICICIBANK|3h|1755066600000|1760596200000,flip-only,ICICIBANK,BSE:ICICIBANK,3h,Swing 3H,LONG,Swing Low,2025-08-13 02:30,1755066600000,1420,Flip Short,2025-10-16 02:30,1760596200000,1405.1,10,14200,129,-177.25,-1.247,305.3,2.1479,784.2,5.517,28.25,2026-07-25T00:34:34.294Z
flip-only|ICICIBANK|3h|1761643800000|1764225000000,flip-only,ICICIBANK,BSE:ICICIBANK,3h,Swing 3H,LONG,Swing Low,2025-10-28 05:30,1761643800000,1360.1,Flip Short,2025-11-27 01:30,1764225000000,1387,10,13601,62,241.53,1.774,320.4,2.3533,439.6,3.2289,27.47,2026-07-25T00:34:34.294Z
flip-only|ICICIBANK|3h|1765434600000|1767594600000,flip-only,ICICIBANK,BSE:ICICIBANK,3h,Swing 3H,LONG,Swing Low,2025-12-11 01:30,1765434600000,1361.95,Flip Short,2026-01-05 01:30,1767594600000,1371.25,10,13619.5,48,65.67,0.4817,118.88,0.872,277.12,2.0327,27.33,2026-07-25T00:34:34.294Z
flip-only|ICICIBANK|3h|1769495400000|1770877800000,flip-only,ICICIBANK,BSE:ICICIBANK,3h,Swing 3H,LONG,Swing Low,2026-01-27 01:30,1769495400000,1345,Flip Short,2026-02-12 01:30,1770877800000,1426.55,10,13450,39,787.78,5.8513,816.55,6.0649,200.95,1.4926,27.72,2026-07-25T00:34:34.294Z
flip-only|ICICIBANK|3h|1772184600000|1775629800000,flip-only,ICICIBANK,BSE:ICICIBANK,3h,Swing 3H,LONG,Swing Low,2026-02-27 04:30,1772184600000,1384.8,Flip Short,2026-04-08 02:30,1775629800000,1302.6,11,15232.8,71,-933.76,-6.1238,0,0,2184.98,14.3296,29.56,2026-07-25T00:34:34.294Z
flip-only|ICICIBANK|3h|1777962600000|1779777000000,flip-only,ICICIBANK,BSE:ICICIBANK,3h,Swing 3H,LONG,Swing Low,2026-05-05 02:30,1777962600000,1248.3,Flip Short,2026-05-26 02:30,1779777000000,1291.5,11,13731.3,45,447.26,3.254,574.77,4.1816,290.93,2.1166,27.94,2026-07-25T00:34:34.294Z
flip-only|ICICIBANK|3h|1780381800000|1781073000000,flip-only,ICICIBANK,BSE:ICICIBANK,3h,Swing 3H,LONG,Swing Low,2026-06-02 02:30,1780381800000,1223.4,Flip Short,2026-06-10 02:30,1781073000000,1304,12,14680.8,18,936.87,6.3752,972.32,6.6165,128.68,0.8756,30.33,2026-07-25T00:34:34.294Z
pyr25|KORU|3h|1751907600000|1752145200000,pyr25,KORU,AMEX:KORU,3h,Swing 3H,LONG,Swing Low,2025-07-07 13:00,1751907600000,3.72,Flip Short,2025-07-10 07:00,1752145200000,4.21,2045,7607.4,16,985.83,12.9459,1076.24,14.1332,150.76,1.9797,16.22,2026-07-25T14:37:08.120Z
pyr25|KORU|3h|1753182000000|1753873200000,pyr25,KORU,AMEX:KORU,3h,Swing 3H,LONG,Swing Low,2025-07-22 07:00,1753182000000,4.09,Flip Short,2025-07-30 07:00,1753873200000,4.42,2045,8364.05,34,657.45,7.8525,727.84,8.6933,110.61,1.3212,17.4,2026-07-25T14:37:08.120Z
pyr25|KORU|3h|1754046000000|1755028800000,pyr25,KORU,AMEX:KORU,3h,Swing 3H,LONG,Swing Low,2025-08-01 07:00,1754046000000,3.64,Flip Short,2025-08-12 16:00,1755028800000,4.29,2431,8848.84,43,1560.87,17.6217,1619.92,18.2883,8.85,0.0999,19.28,2026-07-25T14:37:08.120Z
pyr25|KORU|3h|1755601200000|1757080800000,pyr25,KORU,AMEX:KORU,3h,Swing 3H,LONG,Swing Low,2025-08-19 07:00,1755601200000,3.98,Flip Short,2025-09-05 10:00,1757080800000,4.2,2527,10057.46,66,535.27,5.3168,571.15,5.6732,566,5.622,20.67,2026-07-25T14:37:08.120Z
pyr25|KORU|3h|1758884400000|1759392000000,pyr25,KORU,AMEX:KORU,3h,Swing 3H,LONG,Swing Low,2025-09-26 07:00,1758884400000,4.89,Flip Short,2025-10-02 04:00,1759392000000,5.97,2135,10440.15,22,2282.61,21.842,2295.36,21.9639,10.44,0.0999,23.19,2026-07-25T14:37:08.120Z
pyr25|KORU|3h|1760137200000|1760612400000,pyr25,KORU,AMEX:KORU,3h,Swing 3H,LONG,Swing Low,2025-10-10 19:00,1760137200000,5.22,Flip Short,2025-10-16 07:00,1760612400000,6.85,2328,12152.16,20,3766.54,30.9639,3829.05,31.4777,151.83,1.2482,28.1,2026-07-25T14:37:08.120Z
pyr25|KORU|3h|1762516800000|1764936000000,pyr25,KORU,AMEX:KORU,3h,Swing 3H,LONG,Swing Low,2025-11-07 07:00,1762516800000,7.41,Flip Short,2025-12-05 07:00,1764936000000,7.81,2039,15108.99,109,784.57,5.1875,2900.66,19.1791,2604.64,17.2218,31.03,2026-07-25T14:37:08.120Z
pyr25|KORU|3h|1763683200000|1764936000000,pyr25,KORU,AMEX:KORU,3h,Swing 3H,LONG,Pyramid Add,2025-11-20 19:00,1763683200000,6.5,Flip Short,2025-12-05 07:00,1764936000000,7.81,509,3308.5,52,659.51,19.9138,694.02,20.956,186.55,5.6328,7.28,2026-07-25T14:37:08.120Z
pyr25|KORU|3h|1765886400000|1766577600000,pyr25,KORU,AMEX:KORU,3h,Swing 3H,LONG,Swing Low,2025-12-16 07:00,1765886400000,7.19,Flip Short,2025-12-24 07:00,1766577600000,8.25,2251,16184.69,36,2351.3,14.5134,2459.92,15.1838,533.91,3.2956,34.76,2026-07-25T14:37:08.120Z
pyr25|KORU|3h|1770368400000|1770822000000,pyr25,KORU,AMEX:KORU,3h,Swing 3H,LONG,Swing Low,2026-02-06 04:00,1770368400000,15.01,Flip Short,2026-02-11 10:00,1770822000000,19.65,1217,18267.17,20,5604.7,30.6512,5713.8,31.2478,18.27,0.0999,42.18,2026-07-25T14:37:08.120Z
pyr25|KORU|3h|1772539200000|1775602800000,pyr25,KORU,AMEX:KORU,3h,Swing 3H,LONG,Swing Low,2026-03-03 07:00,1772539200000,19.74,Flip Short,2026-04-07 19:00,1775602800000,18.7,1127,22246.98,148,-1215.4,-5.4578,4666.07,20.953,9703.18,43.5721,43.32,2026-07-25T14:37:08.120Z
pyr25|KORU|3h|1772550000000|1775602800000,pyr25,KORU,AMEX:KORU,3h,Swing 3H,LONG,Pyramid Add,2026-03-03 10:00,1772550000000,17.01,Flip Short,2026-04-07 19:00,1775602800000,18.7,281,4779.81,147,464.86,9.7157,1931.31,40.3652,1651.44,34.5158,10.03,2026-07-25T14:37:08.120Z
pyr25|KORU|3h|1779134400000|1779793200000,pyr25,KORU,AMEX:KORU,3h,Swing 3H,LONG,Swing Low,2026-05-18 16:00,1779134400000,35.72,Flip Short,2026-05-26 07:00,1779793200000,46.74,606,21646.32,27,6628.15,30.5896,6850.39,31.6153,3275.87,15.1185,49.97,2026-07-25T14:37:08.120Z
pyr25|KORU|3h|1779188400000|1779793200000,pyr25,KORU,AMEX:KORU,3h,Swing 3H,LONG,Pyramid Add,2026-05-19 07:00,1779188400000,32.06,Flip Short,2026-05-26 07:00,1779793200000,46.74,151,4841.06,24,2204.78,45.4979,2260.16,46.6406,263.05,5.4283,11.9,2026-07-25T14:37:08.120Z
pyr25|KORU|3h|1780668000000|1781780400000,pyr25,KORU,AMEX:KORU,3h,Swing 3H,LONG,Swing Low,2026-06-05 10:00,1780668000000,39.5,Flip Short,2026-06-18 07:00,1781780400000,50.22,717,28321.5,53,7621.91,26.8852,8697.57,30.6794,7556.82,26.6556,64.33,2026-07-25T14:37:08.120Z
pyr25|KORU|3h|1780678800000|1781780400000,pyr25,KORU,AMEX:KORU,3h,Swing 3H,LONG,Pyramid Add,2026-06-05 13:00,1780678800000,36.5,Flip Short,2026-06-18 07:00,1781780400000,50.22,179,6533.5,52,2440.36,37.3141,2708.9,41.4202,1349.03,20.6273,15.52,2026-07-25T14:37:08.120Z
pyr25|KORU|3h|1782331200000|1784934000000,pyr25,KORU,AMEX:KORU,3h,Swing 3H,LONG,Swing Low,2026-06-24 16:00,1782331200000,37.15,,2026-07-24 19:00,1784934000000,17.55,965,35849.75,127,-18966.78,-52.8535,9064.1,25.2583,20966.7,58.4265,35.85,2026-07-25T14:37:08.120Z
pyr25|MEXX|3h|1721829600000|1723816800000,pyr25,MEXX,AMEX:MEXX,3h,Swing 3H,LONG,Swing Low,2024-07-24 10:00,1721829600000,17.87,Flip Short,2024-08-16 10:00,1723816800000,17.36,429,7666.23,69,-233.9,-3.048,172.51,2.2481,2474.42,32.2446,15.11,2026-07-25T14:37:13.146Z
pyr25|MEXX|3h|1722358800000|1723816800000,pyr25,MEXX,AMEX:MEXX,3h,Swing 3H,LONG,Pyramid Add,2024-07-30 13:00,1722358800000,15.61,Flip Short,2024-08-16 10:00,1723816800000,17.36,107,1670.27,50,183.72,10.9886,203.77,12.1876,375.1,22.435,3.53,2026-07-25T14:37:13.146Z
pyr25|MEXX|3h|1724691600000|1726592400000,pyr25,MEXX,AMEX:MEXX,3h,Swing 3H,LONG,Swing Low,2024-08-26 13:00,1724691600000,14.48,Flip Short,2024-09-17 13:00,1726592400000,14.85,519,7515.12,58,176.81,2.3503,184.51,2.4528,1439.96,19.1416,15.22,2026-07-25T14:37:13.146Z
pyr25|MEXX|3h|1725372000000|1726592400000,pyr25,MEXX,AMEX:MEXX,3h,Swing 3H,LONG,Pyramid Add,2024-09-03 10:00,1725372000000,12.47,Flip Short,2024-09-17 13:00,1726592400000,14.85,129,1608.63,38,303.5,18.8479,305.41,18.9668,98.36,6.1083,3.52,2026-07-25T14:37:13.146Z
pyr25|MEXX|3h|1727467200000|1733410800000,pyr25,MEXX,AMEX:MEXX,3h,Swing 3H,LONG,Swing Low,2024-09-27 16:00,1727467200000,13.63,Flip Short,2024-12-05 10:00,1733410800000,11.6,577,7864.51,186,-1185.87,-15.0637,949.96,12.067,2269.7,28.8313,14.56,2026-07-25T14:37:13.146Z
pyr25|MEXX|3h|1730296800000|1733410800000,pyr25,MEXX,AMEX:MEXX,3h,Swing 3H,LONG,Pyramid Add,2024-10-30 10:00,1730296800000,11.8,Flip Short,2024-12-05 10:00,1733410800000,11.6,144,1699.2,98,-32.17,-1.8913,231.58,13.6152,302.66,17.7941,3.37,2026-07-25T14:37:13.146Z
pyr25|MEXX|3h|1734631200000|1737568800000,pyr25,MEXX,AMEX:MEXX,3h,Swing 3H,LONG,Swing Low,2024-12-19 13:00,1734631200000,10.06,Flip Short,2025-01-22 13:00,1737568800000,10.42,695,6991.7,77,235.97,3.3716,465.61,6.6528,854.89,12.215,14.23,2026-07-25T14:37:13.146Z
pyr25|MEXX|3h|1738584000000|1739210400000,pyr25,MEXX,AMEX:MEXX,3h,Swing 3H,LONG,Swing Low,2025-02-03 07:00,1738584000000,9.3,Flip Short,2025-02-10 13:00,1739210400000,11.19,772,7179.6,21,1443.26,20.0822,1598.58,22.2433,215.62,3.0002,15.82,2026-07-25T14:37:13.146Z
pyr25|MEXX|3h|1740679200000|1741971600000,pyr25,MEXX,AMEX:MEXX,3h,Swing 3H,LONG,Swing Low,2025-02-27 13:00,1740679200000,10.93,Flip Short,2025-03-14 13:00,1741971600000,12.01,761,8317.73,37,804.42,9.6615,980.98,11.7821,1172.65,14.0841,17.46,2026-07-25T14:37:13.146Z
pyr25|MEXX|3h|1741100400000|1741971600000,pyr25,MEXX,AMEX:MEXX,3h,Swing 3H,LONG,Pyramid Add,2025-03-04 10:00,1741100400000,9.4,Flip Short,2025-03-14 13:00,1741971600000,12.01,190,1786,28,491.83,27.5107,535.91,29.9764,1.79,0.0999,4.07,2026-07-25T14:37:13.146Z
pyr25|MEXX|3h|1743786000000|1745341200000,pyr25,MEXX,AMEX:MEXX,3h,Swing 3H,LONG,Swing Low,2025-04-04 13:00,1743786000000,10.65,Flip Short,2025-04-22 13:00,1745341200000,13.4,873,9297.45,49,2379.75,25.5702,2391.45,25.6959,1947.36,20.9241,21,2026-07-25T14:37:13.146Z
pyr25|MEXX|3h|1744023600000|1745341200000,pyr25,MEXX,AMEX:MEXX,3h,Swing 3H,LONG,Pyramid Add,2025-04-07 07:00,1744023600000,9.46,Flip Short,2025-04-22 13:00,1745341200000,13.4,218,2062.28,46,853.94,41.366,856.86,41.5075,226.6,10.977,4.98,2026-07-25T14:37:13.146Z
pyr25|MEXX|3h|1750233600000|1751454000000,pyr25,MEXX,AMEX:MEXX,3h,Swing 3H,LONG,Swing Low,2025-06-18 04:00,1750233600000,16.23,Flip Short,2025-07-02 07:00,1751454000000,17.87,718,11653.14,37,1153.04,9.8848,1194.59,10.241,937.87,8.0402,24.48,2026-07-25T14:37:13.146Z
pyr25|MEXX|3h|1752598800000|1754586000000,pyr25,MEXX,AMEX:MEXX,3h,Swing 3H,LONG,Swing Low,2025-07-15 13:00,1752598800000,16.15,Flip Short,2025-08-07 13:00,1754586000000,17.71,777,12548.55,56,1185.81,9.4403,1199.57,9.5499,323.35,2.5742,26.31,2026-07-25T14:37:13.146Z
pyr25|MEXX|3h|1756303200000|1756918800000,pyr25,MEXX,AMEX:MEXX,3h,Swing 3H,LONG,Swing Low,2025-08-27 10:00,1756303200000,16.87,Flip Short,2025-09-03 13:00,1756918800000,18.69,799,13479.13,13,1425.77,10.567,1928.09,14.29,85.39,0.6329,28.41,2026-07-25T14:37:13.146Z
pyr25|MEXX|3h|1759424400000|1761757200000,pyr25,MEXX,AMEX:MEXX,3h,Swing 3H,LONG,Swing Low,2025-10-02 13:00,1759424400000,21.89,Flip Short,2025-10-29 13:00,1761757200000,22.82,679,14863.31,71,601.11,4.0402,616.61,4.1444,1902.48,12.7871,30.36,2026-07-25T14:37:13.146Z
pyr25|MEXX|3h|1760353200000|1761757200000,pyr25,MEXX,AMEX:MEXX,3h,Swing 3H,LONG,Pyramid Add,2025-10-13 07:00,1760353200000,20.35,Flip Short,2025-10-29 13:00,1761757200000,22.82,169,3439.15,46,410.13,11.9135,413.99,12.0256,69.35,2.0144,7.3,2026-07-25T14:37:13.146Z
pyr25|MEXX|3h|1772474400000|1775052000000,pyr25,MEXX,AMEX:MEXX,3h,Swing 3H,LONG,Swing Low,2026-03-02 13:00,1772474400000,36.45,Flip Short,2026-04-01 10:00,1775052000000,29.8,428,15600.6,81,-2874.55,-18.4075,0,0,5630.96,36.0585,28.36,2026-07-25T14:37:13.146Z
pyr25|MEXX|3h|1772550000000|1775052000000,pyr25,MEXX,AMEX:MEXX,3h,Swing 3H,LONG,Pyramid Add,2026-03-03 10:00,1772550000000,28.1,Flip Short,2026-04-01 10:00,1775052000000,29.8,107,3006.7,79,175.7,5.8379,598.33,19.8801,513.4,17.058,6.2,2026-07-25T14:37:13.146Z
pyr25|MEXX|3h|1777395600000|1778173200000,pyr25,MEXX,AMEX:MEXX,3h,Swing 3H,LONG,Swing Low,2026-04-28 13:00,1777395600000,29.9,Flip Short,2026-05-07 13:00,1778173200000,33.19,445,13305.5,22,1435.97,10.7816,2176.09,16.3385,511.71,3.842,28.08,2026-07-25T14:37:13.146Z
pyr25|PILL|3h|1731682800000|1736953200000,pyr25,PILL,AMEX:PILL,3h,Swing 3H,LONG,Swing Low,2024-11-15 10:00,1731682800000,8.54,Flip Short,2025-01-15 10:00,1736953200000,7.33,880,7515.2,176,-1078.77,-14.3401,678.88,9.0245,2198.72,29.2277,13.97,2026-07-25T14:37:18.136Z
pyr25|PILL|3h|1734555600000|1736953200000,pyr25,PILL,AMEX:PILL,3h,Swing 3H,LONG,Pyramid Add,2024-12-18 16:00,1734555600000,7.33,Flip Short,2025-01-15 10:00,1736953200000,7.33,220,1612.6,79,-3.23,-0.1998,68.79,4.2614,283.21,17.5449,3.23,2026-07-25T14:37:18.136Z
pyr25|PILL|3h|1739275200000|1745492400000,pyr25,PILL,AMEX:PILL,3h,Swing 3H,LONG,Swing Low,2025-02-11 07:00,1739275200000,7.88,Flip Short,2025-04-24 07:00,1745492400000,4.83,882,6950.16,213,-2701.31,-38.828,389.95,5.6051,3737.81,53.7265,11.21,2026-07-25T14:37:18.136Z
pyr25|PILL|3h|1741701600000|1745492400000,pyr25,PILL,AMEX:PILL,3h,Swing 3H,LONG,Pyramid Add,2025-03-11 10:00,1741701600000,6.85,Flip Short,2025-04-24 07:00,1745492400000,4.83,220,1507,134,-446.97,-29.6299,141.49,9.3797,705.51,46.7686,2.57,2026-07-25T14:37:18.136Z
pyr25|PILL|3h|1747242000000|1747652400000,pyr25,PILL,AMEX:PILL,3h,Swing 3H,LONG,Swing Low,2025-05-14 13:00,1747242000000,4.7,Flip Short,2025-05-19 07:00,1747652400000,5.07,938,4408.6,12,337.9,7.6568,1074.29,24.3437,32.55,0.7376,9.16,2026-07-25T14:37:18.136Z
pyr25|PILL|3h|1748008800000|1749574800000,pyr25,PILL,AMEX:PILL,3h,Swing 3H,LONG,Swing Low,2025-05-23 10:00,1748008800000,4.8,Flip Short,2025-06-10 13:00,1749574800000,6.09,963,4622.4,52,1231.78,26.6215,1237.65,26.7483,4.62,0.0999,10.49,2026-07-25T14:37:18.136Z
pyr25|PILL|3h|1750233600000|1752069600000,pyr25,PILL,AMEX:PILL,3h,Swing 3H,LONG,Swing Low,2025-06-18 04:00,1750233600000,5.45,Flip Short,2025-07-09 10:00,1752069600000,5.63,1062,5787.9,56,179.39,3.0964,217.23,3.7495,419.97,7.2487,11.77,2026-07-25T14:37:18.136Z
pyr25|PILL|3h|1753916400000|1754996400000,pyr25,PILL,AMEX:PILL,3h,Swing 3H,LONG,Swing Low,2025-07-30 19:00,1753916400000,5.65,Flip Short,2025-08-12 07:00,1754996400000,6.33,1011,5712.15,43,675.37,11.8116,681.77,11.9235,551.65,9.6479,12.11,2026-07-25T14:37:18.136Z
pyr25|PILL|3h|1757696400000|1759240800000,pyr25,PILL,AMEX:PILL,3h,Swing 3H,LONG,Swing Low,2025-09-12 13:00,1757696400000,7.5,Flip Short,2025-09-30 10:00,1759240800000,7.95,825,6187.5,52,358.5,5.7882,373.31,6.0273,369.19,5.9607,12.75,2026-07-25T14:37:18.136Z
pyr25|PILL|3h|1762516800000|1762884000000,pyr25,PILL,AMEX:PILL,3h,Swing 3H,LONG,Swing Low,2025-11-07 07:00,1762516800000,8.1,Flip Short,2025-11-11 13:00,1762884000000,9.27,802,6496.2,11,924.41,14.2158,931.84,14.3301,271.16,4.1699,13.93,2026-07-25T14:37:18.136Z
pyr25|PILL|3h|1767376800000|1769094000000,pyr25,PILL,AMEX:PILL,3h,Swing 3H,LONG,Swing Low,2026-01-02 13:00,1767376800000,11.53,Flip Short,2026-01-22 10:00,1769094000000,13.1,621,7160.13,57,959.67,13.3896,967.81,13.5031,267.98,3.7389,15.3,2026-07-25T14:37:18.136Z
pyr25|PILL|3h|1769796000000|1770822000000,pyr25,PILL,AMEX:PILL,3h,Swing 3H,LONG,Swing Low,2026-01-30 13:00,1769796000000,11.58,Flip Short,2026-02-11 10:00,1770822000000,12.4,684,7920.72,36,544.48,6.8672,1134.36,14.3071,69.48,0.8763,16.4,2026-07-25T14:37:18.136Z
pyr25|PILL|3h|1772474400000|1775052000000,pyr25,PILL,AMEX:PILL,3h,Swing 3H,LONG,Swing Low,2026-03-02 13:00,1772474400000,12.66,Flip Short,2026-04-01 10:00,1775052000000,10.8,664,8406.24,88,-1250.62,-14.8624,57.99,0.6892,2578.09,30.6381,15.58,2026-07-25T14:37:18.136Z
pyr25|PILL|3h|1772733600000|1775052000000,pyr25,PILL,AMEX:PILL,3h,Swing 3H,LONG,Pyramid Add,2026-03-05 13:00,1772733600000,11.11,Flip Short,2026-04-01 10:00,1775052000000,10.8,166,1844.26,75,-55.1,-2.9845,144.24,7.813,386.96,20.9611,3.64,2026-07-25T14:37:18.136Z
pyr25|PILL|3h|1778864400000|1781110800000,pyr25,PILL,AMEX:PILL,3h,Swing 3H,LONG,Swing Low,2026-05-15 13:00,1778864400000,11.67,Flip Short,2026-06-10 13:00,1781110800000,12.35,626,7305.42,70,410.64,5.6155,825.27,11.2855,614.53,8.4035,15.04,2026-07-25T14:37:18.136Z
pyr25|RETL|3h|1734555600000|1737709200000,pyr25,RETL,AMEX:RETL,3h,Swing 3H,LONG,Swing Low,2024-12-18 16:00,1734555600000,10.08,Flip Short,2025-01-24 04:00,1737709200000,10.11,753,7590.24,105,7.39,0.0972,504.45,6.6394,888.6,11.6954,15.2,2026-07-25T14:37:23.088Z
pyr25|RETL|3h|1738584000000|1742835600000,pyr25,RETL,AMEX:RETL,3h,Swing 3H,LONG,Swing Low,2025-02-03 07:00,1738584000000,9.38,Flip Short,2025-03-24 13:00,1742835600000,6.56,817,7663.46,170,-2316.96,-30.2037,760.32,9.9114,3267.49,42.5947,13.02,2026-07-25T14:37:23.088Z
pyr25|RETL|3h|1740171600000|1742835600000,pyr25,RETL,AMEX:RETL,3h,Swing 3H,LONG,Pyramid Add,2025-02-21 16:00,1740171600000,8.16,Flip Short,2025-03-24 13:00,1742835600000,6.56,204,1664.64,106,-329.4,-19.7685,81.98,4.9196,566.74,34.0121,3,2026-07-25T14:37:23.088Z
pyr25|RETL|3h|1743418800000|1743624000000,pyr25,RETL,AMEX:RETL,3h,Swing 3H,LONG,Swing Low,2025-03-31 07:00,1743418800000,5.8,Flip Short,2025-04-02 16:00,1743624000000,6.71,957,5550.6,12,858.9,15.4585,989.73,17.8132,139.53,2.5113,11.97,2026-07-25T14:37:23.088Z
pyr25|RETL|3h|1743667200000|1745416800000,pyr25,RETL,AMEX:RETL,3h,Swing 3H,LONG,Swing Low,2025-04-03 04:00,1743667200000,5.79,Flip Short,2025-04-23 10:00,1745416800000,5.82,1125,6513.75,70,20.69,0.3173,162.24,2.4882,1997.76,30.6393,13.06,2026-07-25T14:37:23.088Z
pyr25|RETL|3h|1743699600000|1745416800000,pyr25,RETL,AMEX:RETL,3h,Swing 3H,LONG,Pyramid Add,2025-04-03 13:00,1743699600000,5.24,Flip Short,2025-04-23 10:00,1745416800000,5.82,281,1472.44,67,159.87,10.8468,195.23,13.2455,344.29,23.3591,3.11,2026-07-25T14:37:23.088Z
pyr25|RETL|3h|1749844800000|1751389200000,pyr25,RETL,AMEX:RETL,3h,Swing 3H,LONG,Swing Low,2025-06-13 16:00,1749844800000,7.11,Flip Short,2025-07-01 13:00,1751389200000,8.28,898,6384.78,51,1036.84,16.223,1259.8,19.7115,6.38,0.0999,13.82,2026-07-25T14:37:23.088Z
pyr25|RETL|3h|1754002800000|1755018000000,pyr25,RETL,AMEX:RETL,3h,Swing 3H,LONG,Swing Low,2025-07-31 19:00,1754002800000,7.8,Flip Short,2025-08-12 13:00,1755018000000,9.14,916,7144.8,37,1211.92,16.9454,1302.74,18.2151,428.5,5.9914,15.52,2026-07-25T14:37:23.088Z
pyr25|RETL|3h|1758808800000|1761562800000,pyr25,RETL,AMEX:RETL,3h,Swing 3H,LONG,Swing Low,2025-09-25 10:00,1758808800000,9.9,Flip Short,2025-10-27 07:00,1761562800000,9.66,821,8127.9,109,-213.1,-2.6192,533.73,6.5601,1650.13,20.2817,16.06,2026-07-25T14:37:23.088Z
pyr25|RETL|3h|1760115600000|1761562800000,pyr25,RETL,AMEX:RETL,3h,Swing 3H,LONG,Pyramid Add,2025-10-10 13:00,1760115600000,8.43,Flip Short,2025-10-27 07:00,1761562800000,9.66,205,1728.15,54,248.44,14.3618,340.62,19.6905,110.38,6.3807,3.71,2026-07-25T14:37:23.088Z
pyr25|RETL|3h|1761768000000|1764093600000,pyr25,RETL,AMEX:RETL,3h,Swing 3H,LONG,Swing Low,2025-10-29 16:00,1761768000000,9.02,Flip Short,2025-11-25 13:00,1764093600000,8.65,907,8181.14,96,-351.62,-4.2936,0,0,1858.46,22.6937,16.03,2026-07-25T14:37:23.088Z
pyr25|RETL|3h|1762192800000|1764093600000,pyr25,RETL,AMEX:RETL,3h,Swing 3H,LONG,Pyramid Add,2025-11-03 13:00,1762192800000,8.02,Flip Short,2025-11-25 13:00,1764093600000,8.65,226,1812.52,80,138.61,7.6399,167.69,9.2424,236.85,13.0545,3.77,2026-07-25T14:37:23.088Z
pyr25|RETL|3h|1766512800000|1767722400000,pyr25,RETL,AMEX:RETL,3h,Swing 3H,LONG,Swing Low,2025-12-23 13:00,1766512800000,9.64,Flip Short,2026-01-06 13:00,1767722400000,10.4,827,7972.28,37,611.95,7.6683,620.55,7.776,413.2,5.1778,16.57,2026-07-25T14:37:23.088Z
pyr25|RETL|3h|1769526000000|1771610400000,pyr25,RETL,AMEX:RETL,3h,Swing 3H,LONG,Swing Low,2026-01-27 10:00,1769526000000,9.92,Flip Short,2026-02-20 13:00,1771610400000,9.71,850,8432,79,-195.19,-2.3125,544.07,6.446,611.93,7.25,16.69,2026-07-25T14:37:23.088Z
pyr25|RETL|3h|1771869600000|1775494800000,pyr25,RETL,AMEX:RETL,3h,Swing 3H,LONG,Swing Low,2026-02-23 13:00,1771869600000,9.1,Flip Short,2026-04-06 13:00,1775494800000,7.63,913,8308.3,132,-1357.38,-16.3214,722.09,8.6825,2181.25,26.2276,15.27,2026-07-25T14:37:23.088Z
pyr25|RETL|3h|1772809200000|1775494800000,pyr25,RETL,AMEX:RETL,3h,Swing 3H,LONG,Pyramid Add,2026-03-06 10:00,1772809200000,8.01,Flip Short,2026-04-06 13:00,1775494800000,7.63,228,1826.28,91,-90.21,-4.9344,125.85,6.8844,295.95,16.1887,3.57,2026-07-25T14:37:23.088Z
pyr25|RETL|3h|1777482000000|1779804000000,pyr25,RETL,AMEX:RETL,3h,Swing 3H,LONG,Swing Low,2026-04-29 13:00,1777482000000,8.3,Flip Short,2026-05-26 10:00,1779804000000,7.85,872,7237.6,86,-406.48,-5.6107,594.44,8.205,1576.84,21.765,14.08,2026-07-25T14:37:23.088Z
pyr25|RETL|3h|1778594400000|1779804000000,pyr25,RETL,AMEX:RETL,3h,Swing 3H,LONG,Pyramid Add,2026-05-12 10:00,1778594400000,7.15,Flip Short,2026-05-26 10:00,1779804000000,7.85,218,1558.7,46,149.33,9.5708,164.12,10.5189,143.26,9.1817,3.27,2026-07-25T14:37:23.088Z
pyr25|RETL|3h|1780927200000|1781013600000,pyr25,RETL,AMEX:RETL,3h,Swing 3H,LONG,Swing Low,2026-06-08 10:00,1780927200000,8.05,Flip Short,2026-06-09 10:00,1781013600000,8.63,870,7003.5,4,490.09,6.9908,523.7,7.4702,189.7,2.706,14.51,2026-07-25T14:37:23.088Z
pyr25|RETL|3h|1783530000000|1783951200000,pyr25,RETL,AMEX:RETL,3h,Swing 3H,LONG,Swing Low,2026-07-08 13:00,1783530000000,8.45,Flip Short,2026-07-13 10:00,1783951200000,9.36,875,7393.75,14,780.67,10.5479,963.86,13.0231,68.64,0.9275,15.58,2026-07-25T14:37:23.088Z
pyr25|QTUM|3h|1743105600000|1745416800000,pyr25,QTUM,NASDAQ:QTUM,3h,Swing 3H,LONG,Swing Low,2025-03-27 16:00,1743105600000,77.29,Flip Short,2025-04-23 10:00,1745416800000,72.5,98,7574.42,93,-484.1,-6.3849,86.51,1.1409,1454.05,19.1777,14.68,2026-07-25T14:37:28.184Z
pyr25|QTUM|3h|1743775200000|1745416800000,pyr25,QTUM,NASDAQ:QTUM,3h,Swing 3H,LONG,Pyramid Add,2025-04-04 10:00,1743775200000,67.69,Flip Short,2025-04-23 10:00,1745416800000,72.5,24,1624.56,64,112.08,6.8919,128.46,7.8992,125.46,7.7153,3.36,2026-07-25T14:37:28.184Z
pyr25|QTUM|3h|1750698000000|1751022000000,pyr25,QTUM,NASDAQ:QTUM,3h,Swing 3H,LONG,Swing Low,2025-06-23 13:00,1750698000000,86.93,Flip Short,2025-06-27 07:00,1751022000000,91.59,84,7302.12,19,376.44,5.1501,418.58,5.7266,7.3,0.0999,15,2026-07-25T14:37:28.184Z
pyr25|QTUM|3h|1753905600000|1755028800000,pyr25,QTUM,NASDAQ:QTUM,3h,Swing 3H,LONG,Swing Low,2025-07-30 16:00,1753905600000,93.82,Flip Short,2025-08-12 16:00,1755028800000,94.91,81,7599.42,52,73,0.9597,80.69,1.0607,367.24,4.8276,15.29,2026-07-25T14:37:28.184Z
pyr25|QTUM|3h|1755698400000|1756324800000,pyr25,QTUM,NASDAQ:QTUM,3h,Swing 3H,LONG,Swing Low,2025-08-20 10:00,1755698400000,91,Flip Short,2025-08-27 16:00,1756324800000,95.14,84,7644,31,332.12,4.3406,350.2,4.5767,63.08,0.8245,15.64,2026-07-25T14:37:28.184Z
pyr25|QTUM|3h|1762333200000|1764363600000,pyr25,QTUM,NASDAQ:QTUM,3h,Swing 3H,LONG,Swing Low,2025-11-05 04:00,1762333200000,109.74,Flip Short,2025-11-28 16:00,1764363600000,108.75,72,7901.28,96,-87.01,-1.1001,262.82,3.323,837.34,10.587,15.73,2026-07-25T14:37:28.184Z
pyr25|QTUM|3h|1765886400000|1767614400000,pyr25,QTUM,NASDAQ:QTUM,3h,Swing 3H,LONG,Swing Low,2025-12-16 07:00,1765886400000,109.94,Flip Short,2026-01-05 07:00,1767614400000,113.68,71,7805.74,69,249.66,3.1953,276.9,3.5439,213.71,2.7351,15.88,2026-07-25T14:37:28.184Z
pyr25|QTUM|3h|1770033600000|1770822000000,pyr25,QTUM,NASDAQ:QTUM,3h,Swing 3H,LONG,Swing Low,2026-02-02 07:00,1770033600000,114.04,Flip Short,2026-02-11 10:00,1770822000000,119.49,70,7982.8,40,365.15,4.5697,438.62,5.489,408.38,5.1107,16.35,2026-07-25T14:37:28.184Z
pyr25|QTUM|3h|1772452800000|1775635200000,pyr25,QTUM,NASDAQ:QTUM,3h,Swing 3H,LONG,Swing Low,2026-03-02 07:00,1772452800000,113.53,Flip Short,2026-04-08 04:00,1775635200000,114.83,73,8287.69,143,78.23,0.943,223.85,2.6983,885.75,10.6768,16.67,2026-07-25T14:37:28.184Z
pyr25|QTUM|3h|1779134400000|1779393600000,pyr25,QTUM,NASDAQ:QTUM,3h,Swing 3H,LONG,Swing Low,2026-05-18 16:00,1779134400000,141.98,Flip Short,2026-05-21 16:00,1779393600000,149.4,59,8376.82,17,420.59,5.0158,446.51,5.325,264.44,3.1536,17.19,2026-07-25T14:37:28.184Z
pyr25|QTUM|3h|1780678800000|1781564400000,pyr25,QTUM,NASDAQ:QTUM,3h,Swing 3H,LONG,Swing Low,2026-06-05 13:00,1780678800000,155.86,Flip Short,2026-06-15 19:00,1781564400000,167.9,55,8572.3,38,644.39,7.5096,709.18,8.2646,467.82,5.4519,17.81,2026-07-25T14:37:28.184Z
pyr25|QTUM|3h|1782396000000|1784934000000,pyr25,QTUM,NASDAQ:QTUM,3h,Swing 3H,LONG,Swing Low,2026-06-25 10:00,1782396000000,157.03,,2026-07-24 19:00,1784934000000,139.38,58,9107.74,121,-1040.89,-11.4172,495.49,5.4349,1136.05,12.461,9.11,2026-07-25T14:37:28.184Z
pyr25|WQTM|3h|1766005200000|1766750400000,pyr25,WQTM,CBOE:WQTM,3h,Swing 3H,LONG,Swing Low,2025-12-17 16:00,1766005200000,25.22,Flip Short,2025-12-26 07:00,1766750400000,26.77,301,7591.22,20,450.9,5.9338,967.65,12.7342,55.75,0.7337,15.65,2026-07-25T14:37:33.196Z
pyr25|WQTM|3h|1769709600000|1772107200000,pyr25,WQTM,CBOE:WQTM,3h,Swing 3H,LONG,Swing Low,2026-01-29 13:00,1769709600000,27.7,Flip Short,2026-02-26 07:00,1772107200000,27.7,286,7922.2,85,-15.84,-0.1998,335.28,4.2279,780.12,9.8375,15.84,2026-07-25T14:37:33.196Z
pyr25|WQTM|3h|1773064800000|1774274400000,pyr25,WQTM,CBOE:WQTM,3h,Swing 3H,LONG,Swing Low,2026-03-09 10:00,1773064800000,25.51,Flip Short,2026-03-23 10:00,1774274400000,25.7,311,7933.61,44,43.16,0.5435,797.56,10.0428,570.84,7.1881,15.93,2026-07-25T14:37:33.196Z
pyr25|WQTM|3h|1774890000000|1775829600000,pyr25,WQTM,CBOE:WQTM,3h,Swing 3H,LONG,Swing Low,2026-03-30 13:00,1774890000000,23.5,Flip Short,2026-04-10 10:00,1775829600000,26.88,338,7943,34,1125.41,14.1544,1141.26,14.3537,99.2,1.2477,17.03,2026-07-25T14:37:33.196Z
pyr25|WQTM|3h|1779123600000|1779447600000,pyr25,WQTM,CBOE:WQTM,3h,Swing 3H,LONG,Swing Low,2026-05-18 13:00,1779123600000,32.97,Flip Short,2026-05-22 07:00,1779447600000,37.2,266,8770.02,22,1106.51,12.6044,1329.21,15.1412,285.41,3.2511,18.67,2026-07-25T14:37:33.196Z
pyr25|WQTM|3h|1780668000000|1784934000000,pyr25,WQTM,CBOE:WQTM,3h,Swing 3H,LONG,Swing Low,2026-06-05 10:00,1780668000000,37.15,,2026-07-24 19:00,1784934000000,30.8,260,9659,192,-1668.67,-17.2585,458.34,4.7405,1829.66,18.9236,9.66,2026-07-25T14:37:33.196Z
pyr25|WTAI|3h|1734609600000|1735225200000,pyr25,WTAI,CBOE:WTAI,3h,Swing 3H,LONG,Swing Low,2024-12-19 07:00,1734609600000,22.44,Flip Short,2024-12-26 10:00,1735225200000,22.8,348,7809.12,17,109.54,1.4013,531.59,6.8005,223.57,2.8601,15.74,2026-07-25T14:37:38.068Z
pyr25|WTAI|3h|1736769600000|1737460800000,pyr25,WTAI,CBOE:WTAI,3h,Swing 3H,LONG,Swing Low,2025-01-13 07:00,1736769600000,22.12,Flip Short,2025-01-21 07:00,1737460800000,24,354,7830.48,21,649.19,8.2823,657.69,8.3907,184.83,2.358,16.33,2026-07-25T14:37:38.068Z
pyr25|WTAI|3h|1738594800000|1742835600000,pyr25,WTAI,CBOE:WTAI,3h,Swing 3H,LONG,Swing Low,2025-02-03 10:00,1738594800000,22.65,Flip Short,2025-03-24 13:00,1742835600000,20.76,361,8176.65,142,-697.96,-8.5275,609.13,7.4422,1329.44,16.2427,15.67,2026-07-25T14:37:38.068Z
pyr25|WTAI|3h|1741370400000|1742835600000,pyr25,WTAI,CBOE:WTAI,3h,Swing 3H,LONG,Pyramid Add,2025-03-07 13:00,1741370400000,20.06,Flip Short,2025-03-24 13:00,1742835600000,20.76,90,1805.4,46,59.33,3.2828,65.69,3.6351,98.11,5.4286,3.67,2026-07-25T14:37:38.068Z
pyr25|WTAI|3h|1743181200000|1745416800000,pyr25,WTAI,CBOE:WTAI,3h,Swing 3H,LONG,Swing Low,2025-03-28 13:00,1743181200000,19.25,Flip Short,2025-04-23 10:00,1745416800000,18.8,399,7680.75,69,-194.73,-2.5328,155.91,2.0278,1376.25,17.9003,15.18,2026-07-25T14:37:38.068Z
pyr25|WTAI|3h|1743786000000|1745416800000,pyr25,WTAI,CBOE:WTAI,3h,Swing 3H,LONG,Pyramid Add,2025-04-04 13:00,1743786000000,16.84,Flip Short,2025-04-23 10:00,1745416800000,18.8,99,1667.16,49,190.51,11.4159,206.23,12.358,102.65,6.1509,3.53,2026-07-25T14:37:38.068Z
pyr25|WTAI|3h|1750428000000|1750762800000,pyr25,WTAI,CBOE:WTAI,3h,Swing 3H,LONG,Swing Low,2025-06-20 10:00,1750428000000,23.3,Flip Short,2025-06-24 07:00,1750762800000,23.71,329,7665.7,8,119.42,1.5563,127.22,1.658,129.4,1.6863,15.47,2026-07-25T14:37:38.068Z
pyr25|WTAI|3h|1755698400000|1756400400000,pyr25,WTAI,CBOE:WTAI,3h,Swing 3H,LONG,Swing Low,2025-08-20 10:00,1755698400000,24.7,Flip Short,2025-08-28 13:00,1756400400000,26.3,315,7780.5,26,487.94,6.265,496.22,6.3714,83.38,1.0706,16.06,2026-07-25T14:37:38.068Z
pyr25|WTAI|3h|1760342400000|1760364000000,pyr25,WTAI,CBOE:WTAI,3h,Swing 3H,LONG,Swing Low,2025-10-13 04:00,1760342400000,29.1,Flip Short,2025-10-13 10:00,1760364000000,29.96,281,8177.1,2,225.06,2.7496,649.36,7.9333,8.18,0.0999,16.6,2026-07-25T14:37:38.068Z
pyr25|WTAI|3h|1762527600000|1764687600000,pyr25,WTAI,CBOE:WTAI,3h,Swing 3H,LONG,Swing Low,2025-11-07 10:00,1762527600000,30.01,Flip Short,2025-12-02 10:00,1764687600000,29.95,277,8312.77,68,-33.23,-0.3993,529.07,6.3582,869.78,10.4528,16.61,2026-07-25T14:37:38.068Z
pyr25|WTAI|3h|1765832400000|1767366000000,pyr25,WTAI,CBOE:WTAI,3h,Swing 3H,LONG,Swing Low,2025-12-15 16:00,1765832400000,28.86,Flip Short,2026-01-02 10:00,1767366000000,29.8,287,8282.82,47,252.94,3.0508,295.94,3.5693,229.27,2.7653,16.84,2026-07-25T14:37:38.068Z
pyr25|WTAI|3h|1770152400000|1772118000000,pyr25,WTAI,CBOE:WTAI,3h,Swing 3H,LONG,Swing Low,2026-02-03 16:00,1770152400000,29.91,Flip Short,2026-02-26 10:00,1772118000000,30.34,283,8464.53,66,104.64,1.235,254.73,3.0063,548.99,6.4793,17.05,2026-07-25T14:37:38.068Z
pyr25|WTAI|3h|1772550000000|1773842400000,pyr25,WTAI,CBOE:WTAI,3h,Swing 3H,LONG,Swing Low,2026-03-03 10:00,1772550000000,28.29,Flip Short,2026-03-18 10:00,1773842400000,30.2,302,8543.58,48,559.16,6.5382,577.34,6.7508,141.42,1.6537,17.66,2026-07-25T14:37:38.068Z
pyr25|WTAI|3h|1774544400000|1774609200000,pyr25,WTAI,CBOE:WTAI,3h,Swing 3H,LONG,Swing Low,2026-03-26 13:00,1774544400000,28.43,Flip Short,2026-03-27 07:00,1774609200000,28.03,316,8983.88,2,-144.24,-1.604,730.46,8.1226,135.38,1.5055,17.84,2026-07-25T14:37:38.068Z
pyr25|WTAI|3h|1774620000000|1775656800000,pyr25,WTAI,CBOE:WTAI,3h,Swing 3H,LONG,Swing Low,2026-03-27 10:00,1774620000000,27.59,Flip Short,2026-04-08 10:00,1775656800000,31.02,321,8856.39,28,1082.22,12.2074,1191.68,13.4422,336.28,3.7932,18.81,2026-07-25T14:37:38.068Z
pyr25|WTAI|3h|1781024400000|1781791200000,pyr25,WTAI,CBOE:WTAI,3h,Swing 3H,LONG,Swing Low,2026-06-09 13:00,1781024400000,40.95,Flip Short,2026-06-18 10:00,1781791200000,46.61,237,9705.15,30,1320.67,13.5943,1379.11,14.1959,9.71,0.0999,20.75,2026-07-25T14:37:38.068Z
pyr25|NUGT|3h|1746010800000|1746561600000,pyr25,NUGT,AMEX:NUGT,3h,Swing 3H,LONG,Swing Low,2025-04-30 07:00,1746010800000,65.01,Flip Short,2025-05-06 16:00,1746561600000,73.18,116,7541.16,26,931.69,12.3424,941.34,12.4702,340.46,4.5102,16.03,2026-07-25T14:37:42.997Z
pyr25|NUGT|3h|1747069200000|1747998000000,pyr25,NUGT,AMEX:NUGT,3h,Swing 3H,LONG,Swing Low,2025-05-12 13:00,1747069200000,60.64,Flip Short,2025-05-23 07:00,1747998000000,70.02,137,8307.68,51,1267.16,15.2376,1286.34,15.4683,582.34,7.0026,17.9,2026-07-25T14:37:42.997Z
pyr25|NUGT|3h|1750773600000|1751918400000,pyr25,NUGT,AMEX:NUGT,3h,Swing 3H,LONG,Swing Low,2025-06-24 10:00,1750773600000,72.2,Flip Short,2025-07-07 16:00,1751918400000,77.69,128,9241.6,47,683.53,7.3889,693.48,7.4964,335.64,3.6282,19.19,2026-07-25T14:37:42.997Z
pyr25|NUGT|3h|1751994000000|1753192800000,pyr25,NUGT,AMEX:NUGT,3h,Swing 3H,LONG,Swing Low,2025-07-08 13:00,1751994000000,70.61,Flip Short,2025-07-22 10:00,1753192800000,77.5,138,9744.18,56,930.38,9.5385,1102.54,11.3035,162.92,1.6703,20.44,2026-07-25T14:37:42.997Z
pyr25|NUGT|3h|1753981200000|1754337600000,pyr25,NUGT,AMEX:NUGT,3h,Swing 3H,LONG,Swing Low,2025-07-31 13:00,1753981200000,72.5,Flip Short,2025-08-04 16:00,1754337600000,81.6,144,10440,13,1288.21,12.3268,1344.6,12.8664,213.48,2.0428,22.19,2026-07-25T14:37:42.997Z
pyr25|NUGT|3h|1761055200000|1762776000000,pyr25,NUGT,AMEX:NUGT,3h,Swing 3H,LONG,Swing Low,2025-10-21 10:00,1761055200000,139.25,Flip Short,2025-11-10 07:00,1762776000000,143.8,82,11418.5,83,349.89,3.0612,373.16,3.2648,1889.22,16.5287,23.21,2026-07-25T14:37:42.997Z
pyr25|NUGT|3h|1761584400000|1762776000000,pyr25,NUGT,AMEX:NUGT,3h,Swing 3H,LONG,Pyramid Add,2025-10-27 13:00,1761584400000,125.42,Flip Short,2025-11-10 07:00,1762776000000,143.8,20,2508.4,58,362.22,14.4257,367.89,14.6517,183.91,7.3244,5.38,2026-07-25T14:37:42.997Z
pyr25|NUGT|3h|1763683200000|1764158400000,pyr25,NUGT,AMEX:NUGT,3h,Swing 3H,LONG,Swing Low,2025-11-20 19:00,1763683200000,136,Flip Short,2025-11-26 07:00,1764158400000,157.72,88,11968,20,1885.51,15.7389,1937.23,16.1706,581.33,4.8525,25.85,2026-07-25T14:37:42.997Z
pyr25|NUGT|3h|1767376800000|1767733200000,pyr25,NUGT,AMEX:NUGT,3h,Swing 3H,LONG,Swing Low,2026-01-02 13:00,1767376800000,177.28,Flip Short,2026-01-06 16:00,1767733200000,211.55,75,13296,13,2541.09,19.0926,2562.2,19.2512,199.3,1.4974,29.16,2026-07-25T14:37:42.997Z
pyr25|NUGT|3h|1769774400000|1770822000000,pyr25,NUGT,AMEX:NUGT,3h,Swing 3H,LONG,Swing Low,2026-01-30 07:00,1769774400000,258.1,Flip Short,2026-02-11 10:00,1770822000000,257.54,59,15227.9,49,-63.46,-0.4163,583.03,3.8249,4387.13,28.781,30.42,2026-07-25T14:37:42.997Z
pyr25|NUGT|3h|1769796000000|1770822000000,pyr25,NUGT,AMEX:NUGT,3h,Swing 3H,LONG,Pyramid Add,2026-01-30 13:00,1769796000000,220.76,Flip Short,2026-02-11 10:00,1770822000000,257.54,14,3090.64,47,508.22,16.4275,661.63,21.3861,517.73,16.7348,6.7,2026-07-25T14:37:42.997Z
pyr25|NUGT|3h|1772722800000|1774965600000,pyr25,NUGT,AMEX:NUGT,3h,Swing 3H,LONG,Swing Low,2026-03-05 10:00,1772722800000,245.52,Flip Short,2026-03-31 10:00,1774965600000,179.99,64,15713.28,108,-4221.15,-26.8368,751.01,4.7747,7802.59,49.6064,27.23,2026-07-25T14:37:42.997Z
pyr25|NUGT|3h|1773064800000|1774965600000,pyr25,NUGT,AMEX:NUGT,3h,Swing 3H,LONG,Pyramid Add,2026-03-09 10:00,1773064800000,218.4,Flip Short,2026-03-31 10:00,1774965600000,179.99,16,3494.4,96,-620.93,-17.7517,622.11,17.7851,1516.29,43.3488,6.37,2026-07-25T14:37:42.997Z
pyr25|NUGT|3h|1776780000000|1778162400000,pyr25,NUGT,AMEX:NUGT,3h,Swing 3H,LONG,Swing Low,2026-04-21 10:00,1776780000000,211.28,Flip Short,2026-05-07 10:00,1778162400000,195.83,56,11831.68,72,-888,-7.4978,17.85,0.1507,2970.87,25.0844,22.8,2026-07-25T14:37:42.997Z
pyr25|NUGT|3h|1776974400000|1778162400000,pyr25,NUGT,AMEX:NUGT,3h,Swing 3H,LONG,Pyramid Add,2026-04-23 16:00,1776974400000,187,Flip Short,2026-05-07 10:00,1778162400000,195.83,14,2618,58,118.26,4.5127,186.1,7.1015,402.46,15.3574,5.36,2026-07-25T14:37:42.997Z
pyr25|NUGT|3h|1779134400000|1780074000000,pyr25,NUGT,AMEX:NUGT,3h,Swing 3H,LONG,Swing Low,2026-05-18 16:00,1779134400000,163.64,Flip Short,2026-05-29 13:00,1780074000000,170,70,11454.8,45,421.85,3.679,713.75,6.2247,1078.25,9.4037,23.35,2026-07-25T14:37:42.997Z
pyr25|NUGT|3h|1780668000000|1781704800000,pyr25,NUGT,AMEX:NUGT,3h,Swing 3H,LONG,Swing Low,2026-06-05 10:00,1780668000000,140.93,Flip Short,2026-06-17 10:00,1781704800000,160.35,83,11697.19,48,1586.85,13.5526,1788.57,15.2753,2346.49,20.0402,25.01,2026-07-25T14:37:42.997Z
pyr25|NUGT|3h|1781024400000|1781704800000,pyr25,NUGT,AMEX:NUGT,3h,Swing 3H,LONG,Pyramid Add,2026-06-09 13:00,1781024400000,120.97,Flip Short,2026-06-17 10:00,1781704800000,160.35,20,2419.4,35,781.97,32.2887,830.58,34.2957,165.82,6.8469,5.63,2026-07-25T14:37:42.997Z
pyr25|NUGT|3h|1782331200000|1784728800000,pyr25,NUGT,AMEX:NUGT,3h,Swing 3H,LONG,Swing Low,2026-06-24 16:00,1782331200000,114.71,Flip Short,2026-07-22 10:00,1784728800000,121.49,118,13535.78,110,772.17,5.6989,2115.18,15.611,1867.32,13.7816,27.87,2026-07-25T14:37:42.997Z
pyr25|NUGT|3h|1784296800000|1784728800000,pyr25,NUGT,AMEX:NUGT,3h,Swing 3H,LONG,Pyramid Add,2026-07-17 10:00,1784296800000,102.2,Flip Short,2026-07-22 10:00,1784728800000,121.49,29,2963.8,18,552.92,18.6372,567.76,19.1372,30.51,1.0285,6.49,2026-07-25T14:37:42.997Z
pyr25|MNST|3h|1743667200000|1743688800000,pyr25,MNST,NASDAQ:MNST,3h,Swing 3H,LONG,Swing Low,2025-04-03 04:00,1743667200000,59,Flip Short,2025-04-03 10:00,1743688800000,59.67,131,7729,2,72.22,0.9335,146.85,1.8981,129.56,1.6746,15.55,2026-07-25T14:37:47.902Z
pyr25|MNST|3h|1744023600000|1745341200000,pyr25,MNST,NASDAQ:MNST,3h,Swing 3H,LONG,Swing Low,2025-04-07 07:00,1744023600000,56.72,Flip Short,2025-04-22 13:00,1745341200000,59.31,134,7600.48,52,331.51,4.3574,378.32,4.9726,390.84,5.1372,15.55,2026-07-25T14:37:47.902Z
pyr25|MNST|3h|1745838000000|1746032400000,pyr25,MNST,NASDAQ:MNST,3h,Swing 3H,LONG,Swing Low,2025-04-28 07:00,1745838000000,58.49,Flip Short,2025-04-30 13:00,1746032400000,60.09,135,7896.15,11,199.99,2.5302,212.15,2.6841,72.7,0.9197,16.01,2026-07-25T14:37:47.902Z
pyr25|MNST|3h|1746745200000|1746799200000,pyr25,MNST,NASDAQ:MNST,3h,Swing 3H,LONG,Swing Low,2025-05-08 19:00,1746745200000,58.95,Flip Short,2025-05-09 10:00,1746799200000,61.65,137,8076.15,3,353.38,4.3712,381,4.7129,220.43,2.7266,16.52,2026-07-25T14:37:47.902Z
pyr25|MNST|3h|1749639600000|1750093200000,pyr25,MNST,NASDAQ:MNST,3h,Swing 3H,LONG,Swing Low,2025-06-11 07:00,1749639600000,63.05,Flip Short,2025-06-16 13:00,1750093200000,63.77,132,8322.6,16,78.3,0.9399,152.72,1.8331,112.6,1.3516,16.74,2026-07-25T14:37:47.902Z
pyr25|MNST|3h|1750881600000|1751389200000,pyr25,MNST,NASDAQ:MNST,3h,Swing 3H,LONG,Swing Low,2025-06-25 16:00,1750881600000,62.26,Flip Short,2025-07-01 13:00,1751389200000,63.72,134,8342.84,20,178.76,2.1405,271.72,3.2536,139.66,1.6724,16.88,2026-07-25T14:37:47.902Z
pyr25|MNST|3h|1752058800000|1753376400000,pyr25,MNST,NASDAQ:MNST,3h,Swing 3H,LONG,Swing Low,2025-07-09 07:00,1752058800000,60.98,Flip Short,2025-07-24 13:00,1753376400000,59.76,140,8537.2,61,-187.7,-2.1965,79.66,0.9322,390.74,4.5723,16.9,2026-07-25T14:37:47.902Z
pyr25|MNST|3h|1753992000000|1754607600000,pyr25,MNST,NASDAQ:MNST,3h,Swing 3H,LONG,Swing Low,2025-07-31 16:00,1753992000000,58.41,Flip Short,2025-08-07 19:00,1754607600000,63.83,142,8294.22,24,752.28,9.0609,1134.81,13.6682,48.05,0.5788,17.36,2026-07-25T14:37:47.902Z
pyr25|MNST|3h|1755892800000|1757426400000,pyr25,MNST,NASDAQ:MNST,3h,Swing 3H,LONG,Swing Low,2025-08-22 16:00,1755892800000,62.69,Flip Short,2025-09-09 10:00,1757426400000,63.55,142,8901.98,57,104.19,1.1693,177.12,1.9877,251.72,2.8249,17.93,2026-07-25T14:37:47.902Z
pyr25|MNST|3h|1761746400000|1762527600000,pyr25,MNST,NASDAQ:MNST,3h,Swing 3H,LONG,Swing Low,2025-10-29 10:00,1761746400000,68.09,Flip Short,2025-11-07 10:00,1762527600000,72.04,132,8987.88,38,502.9,5.5898,588.97,6.5464,407.63,4.5308,18.5,2026-07-25T14:37:47.902Z
pyr25|MNST|3h|1765476000000|1766102400000,pyr25,MNST,NASDAQ:MNST,3h,Swing 3H,LONG,Swing Low,2025-12-11 13:00,1765476000000,73.15,Flip Short,2025-12-18 19:00,1766102400000,75.28,128,9363.2,25,253.64,2.7062,301.68,3.2187,122,1.3017,19,2026-07-25T14:37:47.902Z
pyr25|MNST|3h|1767798000000|1768327200000,pyr25,MNST,NASDAQ:MNST,3h,Swing 3H,LONG,Swing Low,2026-01-07 10:00,1767798000000,75.61,Flip Short,2026-01-13 13:00,1768327200000,78.42,127,9602.47,22,337.31,3.5092,396.8,4.1281,31.19,0.3245,19.56,2026-07-25T14:37:47.902Z
pyr25|MNST|3h|1772485200000|1775602800000,pyr25,MNST,NASDAQ:MNST,3h,Swing 3H,LONG,Swing Low,2026-03-02 16:00,1772485200000,81.1,Flip Short,2026-04-07 19:00,1775602800000,73.99,121,9813.1,133,-879.08,-8.9492,70.05,0.7131,1248.85,12.7137,18.77,2026-07-25T14:37:47.902Z
pyr25|MNST|3h|1774890000000|1775602800000,pyr25,MNST,NASDAQ:MNST,3h,Swing 3H,LONG,Pyramid Add,2026-03-30 13:00,1774890000000,71.65,Flip Short,2026-04-07 19:00,1775602800000,73.99,30,2149.5,24,65.83,3.0596,92.35,4.2921,25.85,1.2014,4.37,2026-07-25T14:37:47.902Z
pyr25|MNST|3h|1777903200000|1778194800000,pyr25,MNST,NASDAQ:MNST,3h,Swing 3H,LONG,Swing Low,2026-05-04 10:00,1777903200000,75.23,Flip Short,2026-05-07 19:00,1778194800000,82.24,122,9178.06,19,836.01,9.0997,961.94,10.4704,83.6,0.9099,19.21,2026-07-25T14:37:47.902Z
pyr25|EWY|3h|1743159600000|1745233200000,pyr25,EWY,AMEX:EWY,3h,Swing 3H,LONG,Swing Low,2025-03-28 07:00,1743159600000,55.48,Flip Short,2025-04-21 07:00,1745233200000,54.96,136,7545.28,75,-85.74,-1.1352,6.05,0.0802,959.55,12.7045,15.02,2026-07-25T14:37:52.850Z
pyr25|EWY|3h|1744142400000|1745233200000,pyr25,EWY,AMEX:EWY,3h,Swing 3H,LONG,Pyramid Add,2025-04-08 16:00,1744142400000,49.01,Flip Short,2025-04-21 07:00,1745233200000,54.96,34,1666.34,36,198.77,11.9163,201.31,12.0691,19.69,1.1802,3.53,2026-07-25T14:37:52.850Z
pyr25|EWY|3h|1754046000000|1755104400000,pyr25,EWY,AMEX:EWY,3h,Swing 3H,LONG,Swing Low,2025-08-01 07:00,1754046000000,69.94,Flip Short,2025-08-13 13:00,1755104400000,74.64,109,7623.46,43,496.54,6.5068,539.56,7.0705,11.98,0.157,15.76,2026-07-25T14:37:52.850Z
pyr25|EWY|3h|1755601200000|1757080800000,pyr25,EWY,AMEX:EWY,3h,Swing 3H,LONG,Swing Low,2025-08-19 07:00,1755601200000,72.19,Flip Short,2025-09-05 10:00,1757080800000,73.89,111,8013.09,63,172.49,2.1504,181.8,2.2665,147.87,1.8436,16.21,2026-07-25T14:37:52.850Z
pyr25|EWY|3h|1758884400000|1759348800000,pyr25,EWY,AMEX:EWY,3h,Swing 3H,LONG,Swing Low,2025-09-26 07:00,1758884400000,78.12,Flip Short,2025-10-01 16:00,1759348800000,81.87,104,8124.48,18,373.36,4.5909,390.2,4.7979,10.2,0.1255,16.64,2026-07-25T14:37:52.850Z
pyr25|EWY|3h|1760137200000|1760526000000,pyr25,EWY,AMEX:EWY,3h,Swing 3H,LONG,Swing Low,2025-10-10 19:00,1760137200000,80.15,Flip Short,2025-10-15 07:00,1760526000000,84.88,106,8495.9,13,483.89,5.6898,516.2,6.0699,8.5,0.0999,17.49,2026-07-25T14:37:52.850Z
pyr25|EWY|3h|1762516800000|1764936000000,pyr25,EWY,AMEX:EWY,3h,Swing 3H,LONG,Swing Low,2025-11-07 07:00,1762516800000,91.41,Flip Short,2025-12-05 07:00,1764936000000,93.77,96,8775.36,106,208.78,2.3768,526.9,5.9984,479.18,5.455,17.78,2026-07-25T14:37:52.850Z
pyr25|EWY|3h|1765886400000|1766782800000,pyr25,EWY,AMEX:EWY,3h,Swing 3H,LONG,Swing Low,2025-12-16 07:00,1765886400000,89.55,Flip Short,2025-12-26 16:00,1766782800000,95.84,100,8955,37,610.46,6.8102,637.04,7.1067,123.95,1.3828,18.54,2026-07-25T14:37:52.850Z
pyr25|EWY|3h|1770368400000|1770822000000,pyr25,EWY,AMEX:EWY,3h,Swing 3H,LONG,Swing Low,2026-02-06 04:00,1770368400000,118.62,Flip Short,2026-02-11 10:00,1770822000000,128.03,81,9608.22,20,742.23,7.7172,770.42,8.0104,67.12,0.6979,19.98,2026-07-25T14:37:52.850Z
pyr25|EWY|3h|1772539200000|1773831600000,pyr25,EWY,AMEX:EWY,3h,Swing 3H,LONG,Swing Low,2026-03-03 07:00,1772539200000,131.31,Flip Short,2026-03-18 07:00,1773831600000,138.54,76,9979.56,66,528.97,5.2953,701.38,7.0211,809.5,8.1035,20.51,2026-07-25T14:37:52.850Z
pyr25|EWY|3h|1774263600000|1775602800000,pyr25,EWY,AMEX:EWY,3h,Swing 3H,LONG,Swing Low,2026-03-23 07:00,1774263600000,122.49,Flip Short,2026-04-07 19:00,1775602800000,136,85,10411.65,64,1126.38,10.8076,1146.44,11.0001,806.01,7.7337,21.97,2026-07-25T14:37:52.850Z
pyr25|EWY|3h|1779134400000|1779793200000,pyr25,EWY,AMEX:EWY,3h,Swing 3H,LONG,Swing Low,2026-05-18 16:00,1779134400000,176,Flip Short,2026-05-26 07:00,1779793200000,194.31,64,11264,27,1148.14,10.1828,1188.74,10.5429,576.38,5.1119,23.7,2026-07-25T14:37:52.850Z
pyr25|EWY|3h|1780668000000|1781607600000,pyr25,EWY,AMEX:EWY,3h,Swing 3H,LONG,Swing Low,2026-06-05 10:00,1780668000000,187.17,Flip Short,2026-06-16 07:00,1781607600000,212.07,64,11978.88,41,1568.05,13.077,1630.9,13.6012,879.18,7.3321,25.55,2026-07-25T14:37:52.850Z
pyr25|EWY|3h|1782752400000|1784934000000,pyr25,EWY,AMEX:EWY,3h,Swing 3H,LONG,Swing Low,2026-06-29 13:00,1782752400000,195.23,,2026-07-24 19:00,1784934000000,162.21,68,13275.64,110,-2269.67,-17.0794,507.6,3.8198,2804,21.1003,13.28,2026-07-25T14:37:52.850Z
pyr25|UDOW|3h|1747922400000|1749132000000,pyr25,UDOW,AMEX:UDOW,3h,Swing 3H,LONG,Swing Low,2025-05-22 10:00,1747922400000,41.11,Flip Short,2025-06-05 10:00,1749132000000,42.17,184,7564.24,54,179.72,2.3735,413.8,5.465,390.28,5.1544,15.32,2026-07-25T14:37:57.896Z
pyr25|UDOW|3h|1749844800000|1750957200000,pyr25,UDOW,AMEX:UDOW,3h,Swing 3H,LONG,Swing Low,2025-06-13 16:00,1749844800000,41.84,Flip Short,2025-06-26 13:00,1750957200000,44.91,184,7698.56,46,548.92,7.123,573.74,7.4451,142.02,1.8429,15.96,2026-07-25T14:37:57.896Z
pyr25|UDOW|3h|1752598800000|1753268400000,pyr25,UDOW,AMEX:UDOW,3h,Swing 3H,LONG,Swing Low,2025-07-15 13:00,1752598800000,47,Flip Short,2025-07-23 07:00,1753268400000,48.97,173,8131,33,324.21,3.9833,353.44,4.3425,188.05,2.3105,16.6,2026-07-25T14:37:57.896Z
pyr25|UDOW|3h|1753905600000|1755082800000,pyr25,UDOW,AMEX:UDOW,3h,Swing 3H,LONG,Swing Low,2025-07-30 16:00,1753905600000,48.07,Flip Short,2025-08-13 07:00,1755082800000,48.23,174,8364.18,57,11.08,0.1324,103,1.2302,653.9,7.8101,16.76,2026-07-25T14:37:57.896Z
pyr25|UDOW|3h|1760115600000|1761055200000,pyr25,UDOW,AMEX:UDOW,3h,Swing 3H,LONG,Swing Low,2025-10-10 13:00,1760115600000,51.26,Flip Short,2025-10-21 10:00,1761055200000,54.5,163,8355.38,41,510.88,6.1083,527.91,6.3119,389.78,4.6603,17.24,2026-07-25T14:37:57.896Z
pyr25|UDOW|3h|1762452000000|1762938000000,pyr25,UDOW,AMEX:UDOW,3h,Swing 3H,LONG,Swing Low,2025-11-06 13:00,1762452000000,54.59,Flip Short,2025-11-12 04:00,1762938000000,58.41,161,8788.99,20,596.83,6.7838,606.23,6.8907,242.24,2.7534,18.19,2026-07-25T14:37:57.896Z
pyr25|UDOW|3h|1763413200000|1764180000000,pyr25,UDOW,AMEX:UDOW,3h,Swing 3H,LONG,Swing Low,2025-11-17 16:00,1763413200000,53.4,Flip Short,2025-11-26 13:00,1764180000000,56.6,173,9238.2,40,534.57,5.7807,549.55,5.9427,528.24,5.7123,19.03,2026-07-25T14:37:57.896Z
pyr25|UDOW|3h|1767366000000|1767625200000,pyr25,UDOW,AMEX:UDOW,3h,Swing 3H,LONG,Swing Low,2026-01-02 10:00,1767366000000,57.94,Flip Short,2026-01-05 10:00,1767625200000,60.86,166,9618.04,5,465,4.8298,506.64,5.2624,129.14,1.3413,19.72,2026-07-25T14:37:57.896Z
pyr25|UDOW|3h|1768910400000|1770400800000,pyr25,UDOW,AMEX:UDOW,3h,Swing 3H,LONG,Swing Low,2026-01-20 07:00,1768910400000,59.96,Flip Short,2026-02-06 13:00,1770400800000,64.08,166,9953.36,80,663.33,6.6577,678.95,6.8145,268.91,2.699,20.59,2026-07-25T14:37:57.896Z
pyr25|UDOW|3h|1771869600000|1775602800000,pyr25,UDOW,AMEX:UDOW,3h,Swing 3H,LONG,Swing Low,2026-02-23 13:00,1771869600000,59.78,Flip Short,2026-04-07 19:00,1775602800000,54.05,175,10461.5,182,-1022.67,-9.7658,603.79,5.7658,2392.21,22.844,19.92,2026-07-25T14:37:57.896Z
pyr25|UDOW|3h|1773054000000|1775602800000,pyr25,UDOW,AMEX:UDOW,3h,Swing 3H,LONG,Pyramid Add,2026-03-09 07:00,1773054000000,52.77,Flip Short,2026-04-07 19:00,1775602800000,54.05,43,2269.11,124,50.45,2.221,192.52,8.4759,286.07,12.5945,4.59,2026-07-25T14:37:57.896Z
pyr25|UDOW|3h|1777482000000|1777644000000,pyr25,UDOW,AMEX:UDOW,3h,Swing 3H,LONG,Swing Low,2026-04-29 13:00,1777482000000,58.16,Flip Short,2026-05-01 10:00,1777644000000,62.06,168,9770.88,11,635,6.4924,652.15,6.6677,124.01,1.2679,20.2,2026-07-25T14:37:57.896Z
pyr25|UDOW|3h|1779102000000|1779393600000,pyr25,UDOW,AMEX:UDOW,3h,Swing 3H,LONG,Swing Low,2026-05-18 07:00,1779102000000,59.11,Flip Short,2026-05-21 16:00,1779393600000,63.12,173,10226.03,21,672.58,6.5706,742.32,7.2519,50.02,0.4886,21.15,2026-07-25T14:37:57.896Z
pyr25|UDOW|3h|1781024400000|1781532000000,pyr25,UDOW,AMEX:UDOW,3h,Swing 3H,LONG,Swing Low,2026-06-09 13:00,1781024400000,63.24,Flip Short,2026-06-15 10:00,1781532000000,68.65,170,10750.8,23,897.28,8.3378,951.45,8.8412,434.05,4.0333,22.42,2026-07-25T14:37:57.896Z
pyr25|MU|3h|1748008800000|1748505600000,pyr25,MU,NASDAQ:MU,3h,Swing 3H,LONG,Swing Low,2025-05-23 10:00,1748008800000,90.96,Flip Short,2025-05-29 04:00,1748505600000,99.45,83,7549.68,16,688.87,9.1153,713.72,9.4442,10.04,0.1328,15.8,2026-07-25T14:38:02.888Z
pyr25|MU|3h|1751389200000|1753959600000,pyr25,MU,NASDAQ:MU,3h,Swing 3H,LONG,Swing Low,2025-07-01 13:00,1751389200000,120.18,Flip Short,2025-07-31 07:00,1753959600000,114.58,67,8052.06,123,-390.93,-4.8502,391.27,4.8544,815.4,10.1165,15.73,2026-07-25T14:38:02.888Z
pyr25|MU|3h|1753992000000|1754672400000,pyr25,MU,NASDAQ:MU,3h,Swing 3H,LONG,Swing Low,2025-07-31 16:00,1753992000000,109.1,Flip Short,2025-08-08 13:00,1754672400000,118.92,71,7746.1,35,681.03,8.7831,717.87,9.2583,413.87,5.3376,16.19,2026-07-25T14:38:02.888Z
pyr25|MU|3h|1758830400000|1759338000000,pyr25,MU,NASDAQ:MU,3h,Swing 3H,LONG,Swing Low,2025-09-25 16:00,1758830400000,156.74,Flip Short,2025-10-01 13:00,1759338000000,179.85,53,8307.22,23,1206.99,14.5149,1265.81,15.2223,90.99,1.0942,17.84,2026-07-25T14:38:02.888Z
pyr25|MU|3h|1763488800000|1764622800000,pyr25,MU,NASDAQ:MU,3h,Swing 3H,LONG,Swing Low,2025-11-18 13:00,1763488800000,233.3,Flip Short,2025-12-01 16:00,1764622800000,240.46,39,9098.7,48,260.76,2.8631,344.24,3.7796,1596.4,17.5278,18.48,2026-07-25T14:38:02.888Z
pyr25|MU|3h|1763661600000|1764622800000,pyr25,MU,NASDAQ:MU,3h,Swing 3H,LONG,Pyramid Add,2025-11-20 13:00,1763661600000,208.25,Flip Short,2025-12-01 16:00,1764622800000,240.46,9,1874.25,36,285.85,15.2363,305.12,16.2631,142.72,7.6074,4.04,2026-07-25T14:38:02.888Z
pyr25|MU|3h|1765994400000|1766156400000,pyr25,MU,NASDAQ:MU,3h,Swing 3H,LONG,Swing Low,2025-12-17 13:00,1765994400000,224.96,Flip Short,2025-12-19 10:00,1766156400000,266.62,43,9673.28,11,1770.24,18.282,1858.25,19.1909,150.28,1.552,21.14,2026-07-25T14:38:02.888Z
pyr25|MU|3h|1770228000000|1773248400000,pyr25,MU,NASDAQ:MU,3h,Swing 3H,LONG,Swing Low,2026-02-04 13:00,1770228000000,371.7,Flip Short,2026-03-11 13:00,1773248400000,420.33,29,10779.3,144,1387.3,12.8572,1934.25,17.9262,502.33,4.6555,22.97,2026-07-25T14:38:02.888Z
pyr25|MU|3h|1774360800000|1775602800000,pyr25,MU,NASDAQ:MU,3h,Swing 3H,LONG,Swing Low,2026-03-24 10:00,1774360800000,398.06,Flip Short,2026-04-07 19:00,1775602800000,397.45,30,11941.8,57,-42.17,-0.3527,160.26,1.3407,2609.34,21.8287,23.87,2026-07-25T14:38:02.888Z
pyr25|MU|3h|1774609200000|1775602800000,pyr25,MU,NASDAQ:MU,3h,Swing 3H,LONG,Pyramid Add,2026-03-27 07:00,1774609200000,350.69,Flip Short,2026-04-07 19:00,1775602800000,397.45,7,2454.83,40,322.08,13.1073,325.85,13.2604,276.92,11.2695,5.24,2026-07-25T14:38:02.888Z
pyr25|MU|3h|1780700400000|1781553600000,pyr25,MU,NASDAQ:MU,3h,Swing 3H,LONG,Swing Low,2026-06-05 19:00,1780700400000,869.99,Flip Short,2026-06-15 16:00,1781553600000,1088.75,14,12179.86,35,3035.22,24.8951,3170.86,26.0076,269.64,2.2116,27.42,2026-07-25T14:38:02.888Z
pyr25|MU|3h|1782990000000|1784804400000,pyr25,MU,NASDAQ:MU,3h,Swing 3H,LONG,Swing Low,2026-07-02 07:00,1782990000000,1012.1,Flip Short,2026-07-23 07:00,1784804400000,990.2,14,14169.4,84,-334.63,-2.3593,843.75,5.9488,2927.43,20.6396,28.03,2026-07-25T14:38:02.888Z
pyr25|MU|3h|1783508400000|1784804400000,pyr25,MU,NASDAQ:MU,3h,Swing 3H,LONG,Pyramid Add,2026-07-08 07:00,1783508400000,896.62,Flip Short,2026-07-23 07:00,1784804400000,990.2,3,2689.86,66,275.08,10.2163,413.95,15.3739,280.52,10.4184,5.66,2026-07-25T14:38:02.888Z
pyr25|RY|3h|1727974800000|1728666000000,pyr25,RY,TSX:RY,3h,Swing 3H,LONG,Swing Low,2024-10-03 13:00,1727974800000,164.53,Flip Short,2024-10-11 13:00,1728666000000,169.92,46,7568.38,24,232.56,3.0697,240.83,3.1789,40.69,0.5371,15.38,2026-07-25T14:38:07.969Z
pyr25|RY|3h|1730394000000|1731337200000,pyr25,RY,TSX:RY,3h,Swing 3H,LONG,Swing Low,2024-10-31 13:00,1730394000000,168.44,Flip Short,2024-11-11 10:00,1731337200000,173.26,46,7748.24,27,206,2.656,226.85,2.9249,19.25,0.2482,15.72,2026-07-25T14:38:07.969Z
pyr25|RY|3h|1734555600000|1737741600000,pyr25,RY,TSX:RY,3h,Swing 3H,LONG,Swing Low,2024-12-18 16:00,1734555600000,173.01,Flip Short,2025-01-24 13:00,1737741600000,175.72,45,7785.45,93,106.26,1.3635,145.21,1.8633,185.09,2.375,15.69,2026-07-25T14:38:07.969Z
pyr25|RY|3h|1738594800000|1740495600000,pyr25,RY,TSX:RY,3h,Swing 3H,LONG,Swing Low,2025-02-03 10:00,1738594800000,174.15,Flip Short,2025-02-25 10:00,1740495600000,171.67,46,8010.9,60,-129.99,-1.621,31.09,0.3877,316.21,3.9433,15.91,2026-07-25T14:38:07.969Z
pyr25|RY|3h|1740668400000|1742835600000,pyr25,RY,TSX:RY,3h,Swing 3H,LONG,Swing Low,2025-02-27 10:00,1740668400000,165.75,Flip Short,2025-03-24 13:00,1742835600000,165.4,47,7790.25,69,-32.01,-0.4105,292.07,3.7454,422.33,5.4159,15.56,2026-07-25T14:38:07.969Z
pyr25|RY|3h|1743775200000|1745416800000,pyr25,RY,TSX:RY,3h,Swing 3H,LONG,Swing Low,2025-04-04 10:00,1743775200000,160.06,Flip Short,2025-04-23 10:00,1745416800000,165.08,49,7842.94,48,230.05,2.9303,278.81,3.5513,439.53,5.5986,15.93,2026-07-25T14:38:07.969Z
pyr25|RY|3h|1753732800000|1754672400000,pyr25,RY,TSX:RY,3h,Swing 3H,LONG,Swing Low,2025-07-28 16:00,1753732800000,179.19,Flip Short,2025-08-08 13:00,1754672400000,182.54,45,8063.55,31,134.47,1.666,155.74,1.9294,174.11,2.1571,16.28,2026-07-25T14:38:07.969Z
pyr25|RY|3h|1759932000000|1760558400000,pyr25,RY,TSX:RY,3h,Swing 3H,LONG,Swing Low,2025-10-08 10:00,1759932000000,202.69,Flip Short,2025-10-15 16:00,1760558400000,206.3,40,8107.6,18,128.04,1.5777,137.89,1.6991,82.91,1.0216,16.36,2026-07-25T14:38:07.969Z
pyr25|RY|3h|1762527600000|1762970400000,pyr25,RY,TSX:RY,3h,Swing 3H,LONG,Swing Low,2025-11-07 10:00,1762527600000,203.9,Flip Short,2025-11-12 13:00,1762970400000,208.4,40,8156,13,163.51,2.0028,174.24,2.1343,93.76,1.1484,16.49,2026-07-25T14:38:07.969Z
pyr25|RY|3h|1768402800000|1770649200000,pyr25,RY,TSX:RY,3h,Swing 3H,LONG,Swing Low,2026-01-14 10:00,1768402800000,232.69,Flip Short,2026-02-09 10:00,1770649200000,233.2,36,8376.84,72,1.59,0.0189,106.1,1.2654,315.1,3.7578,16.77,2026-07-25T14:38:07.969Z
pyr25|RY|3h|1772215200000|1775052000000,pyr25,RY,TSX:RY,3h,Swing 3H,LONG,Swing Low,2026-02-27 13:00,1772215200000,227.06,Flip Short,2026-04-01 10:00,1775052000000,226.94,36,8174.16,91,-20.66,-0.2525,128.99,1.5764,369.97,4.5216,16.34,2026-07-25T14:38:07.969Z
pyr25|BE|3h|1746529200000|1747144800000,pyr25,BE,NYSE:BE,3h,Swing 3H,LONG,Swing Low,2025-05-06 07:00,1746529200000,16.17,Flip Short,2025-05-13 10:00,1747144800000,19.01,470,7599.9,26,1318.27,17.3285,1515.2,19.9172,129.8,1.7062,16.53,2026-07-25T14:38:13.444Z
pyr25|BE|3h|1747922400000|1748516400000,pyr25,BE,NYSE:BE,3h,Swing 3H,LONG,Swing Low,2025-05-22 10:00,1747922400000,17.65,Flip Short,2025-05-29 07:00,1748516400000,20.05,487,8595.55,22,1150.44,13.3708,1281.95,14.8993,76.78,0.8923,18.36,2026-07-25T14:38:13.444Z
pyr25|BE|3h|1758808800000|1759327200000,pyr25,BE,NYSE:BE,3h,Swing 3H,LONG,Swing Low,2025-09-25 10:00,1758808800000,65.18,Flip Short,2025-10-01 10:00,1759327200000,84.19,145,9451.1,24,2734.79,28.9073,3299.45,34.8759,112.4,1.1881,21.66,2026-07-25T14:38:13.444Z
pyr25|BE|3h|1762959600000|1764871200000,pyr25,BE,NYSE:BE,3h,Swing 3H,LONG,Swing Low,2025-11-12 10:00,1762959600000,122.45,Flip Short,2025-12-04 13:00,1764871200000,116.66,94,11510.3,90,-566.74,-4.9188,588.21,5.1052,4377.81,37.9959,22.48,2026-07-25T14:38:13.444Z
pyr25|BE|3h|1763056800000|1764871200000,pyr25,BE,NYSE:BE,3h,Swing 3H,LONG,Pyramid Add,2025-11-13 13:00,1763056800000,102.96,Flip Short,2025-12-04 13:00,1764871200000,116.66,23,2368.08,83,310.05,13.0798,358.04,15.1044,622.45,26.2587,5.05,2026-07-25T14:38:13.444Z
pyr25|BE|3h|1765411200000|1767376800000,pyr25,BE,NYSE:BE,3h,Swing 3H,LONG,Swing Low,2025-12-10 19:00,1765411200000,98.95,Flip Short,2026-01-02 13:00,1767376800000,96.99,114,11280.3,87,-245.78,-2.1766,1271.22,11.2581,2660.64,23.563,22.34,2026-07-25T14:38:13.444Z
pyr25|BE|3h|1765886400000|1767376800000,pyr25,BE,NYSE:BE,3h,Swing 3H,LONG,Pyramid Add,2025-12-16 07:00,1765886400000,88.28,Flip Short,2026-01-02 13:00,1767376800000,96.99,28,2471.84,67,238.69,9.6468,261.01,10.5487,354.43,14.3245,5.19,2026-07-25T14:38:13.444Z
pyr25|BE|3h|1770228000000|1771588800000,pyr25,BE,NYSE:BE,3h,Swing 3H,LONG,Swing Low,2026-02-04 13:00,1770228000000,137.96,Flip Short,2026-02-20 07:00,1771588800000,157.61,82,11312.72,64,1587.06,14.015,2105.11,18.5897,581.21,5.1326,24.24,2026-07-25T14:38:13.444Z
pyr25|BE|3h|1772809200000|1773950400000,pyr25,BE,NYSE:BE,3h,Swing 3H,LONG,Swing Low,2026-03-06 10:00,1772809200000,150.47,Flip Short,2026-03-19 16:00,1773950400000,166.76,83,12489.01,56,1325.74,10.6046,1439.18,11.5121,1701.54,13.6107,26.33,2026-07-25T14:38:13.444Z
pyr25|BE|3h|1773054000000|1773950400000,pyr25,BE,NYSE:BE,3h,Swing 3H,LONG,Pyramid Add,2026-03-09 07:00,1773054000000,134.24,Flip Short,2026-03-19 16:00,1773950400000,166.76,20,2684.8,51,644.38,23.9771,671.72,24.9942,47.48,1.7669,6.02,2026-07-25T14:38:13.444Z
pyr25|BE|3h|1774036800000|1775656800000,pyr25,BE,NYSE:BE,3h,Swing 3H,LONG,Swing Low,2026-03-20 16:00,1774036800000,150.97,Flip Short,2026-04-08 10:00,1775656800000,152.39,93,14040.21,70,103.85,0.7389,623.01,4.4329,3219.75,22.9094,28.21,2026-07-25T14:38:13.444Z
pyr25|BE|3h|1774544400000|1775656800000,pyr25,BE,NYSE:BE,3h,Swing 3H,LONG,Pyramid Add,2026-03-26 13:00,1774544400000,133.8,Flip Short,2026-04-08 10:00,1775656800000,152.39,23,3077.4,47,420.99,13.6663,525.46,17.0578,400.98,13.0167,6.58,2026-07-25T14:38:13.444Z
pyr25|BE|3h|1779134400000|1779382800000,pyr25,BE,NYSE:BE,3h,Swing 3H,LONG,Swing Low,2026-05-18 16:00,1779134400000,258.74,Flip Short,2026-05-21 13:00,1779382800000,315.49,55,14230.7,17,3089.67,21.6896,3271.47,22.9658,942.63,6.6173,31.58,2026-07-25T14:38:13.444Z
pyr25|BE|3h|1780678800000|1781629200000,pyr25,BE,NYSE:BE,3h,Swing 3H,LONG,Swing Low,2026-06-05 13:00,1780678800000,264.8,Flip Short,2026-06-16 13:00,1781629200000,290.28,63,16682.4,42,1570.27,9.4033,2067.99,12.3838,2599.68,15.5678,34.97,2026-07-25T14:38:13.444Z
pyr25|BE|3h|1781110800000|1781629200000,pyr25,BE,NYSE:BE,3h,Swing 3H,LONG,Pyramid Add,2026-06-10 13:00,1781110800000,232.38,Flip Short,2026-06-16 13:00,1781629200000,290.28,15,3485.7,24,860.66,24.6665,979.16,28.0628,132.19,3.7884,7.84,2026-07-25T14:38:13.444Z
pyr25|BE|3h|1782493200000|1784934000000,pyr25,BE,NYSE:BE,3h,Swing 3H,LONG,Swing Low,2026-06-26 13:00,1782493200000,269.01,,2026-07-24 19:00,1784934000000,186.1,69,18561.69,116,-5752.19,-30.9586,5561.47,29.9321,5937.38,31.9553,18.56,2026-07-25T14:38:13.444Z
pyr25|TD|3h|1728568800000|1730991600000,pyr25,TD,TSX:TD,3h,Swing 3H,LONG,Swing Low,2024-10-10 10:00,1728568800000,81.02,Flip Short,2024-11-07 10:00,1730991600000,79.12,93,7534.86,76,-191.59,-2.5402,197.07,2.6128,483.69,6.413,14.89,2026-07-25T14:38:18.519Z
pyr25|TD|3h|1733410800000|1735311600000,pyr25,TD,TSX:TD,3h,Swing 3H,LONG,Swing Low,2024-12-05 10:00,1733410800000,75.16,Flip Short,2024-12-27 10:00,1735311600000,76.61,99,7440.84,54,128.52,1.7256,139.08,1.8673,199.5,2.6785,15.03,2026-07-25T14:38:18.519Z
pyr25|TD|3h|1738594800000|1739199600000,pyr25,TD,TSX:TD,3h,Swing 3H,LONG,Swing Low,2025-02-03 10:00,1738594800000,82.47,Flip Short,2025-02-10 10:00,1739199600000,85.71,91,7504.77,20,279.54,3.7211,309.18,4.1156,65.74,0.8752,15.3,2026-07-25T14:38:18.519Z
pyr25|TD|3h|1741100400000|1742490000000,pyr25,TD,TSX:TD,3h,Swing 3H,LONG,Swing Low,2025-03-04 10:00,1741100400000,84.86,Flip Short,2025-03-20 13:00,1742490000000,85.95,91,7722.26,49,83.65,1.0821,118.77,1.5365,204.28,2.6427,15.54,2026-07-25T14:38:18.519Z
pyr25|TD|3h|1743602400000|1745341200000,pyr25,TD,TSX:TD,3h,Swing 3H,LONG,Swing Low,2025-04-02 10:00,1743602400000,84.55,Flip Short,2025-04-22 13:00,1745341200000,85.58,92,7778.6,53,79.11,1.016,134.82,1.7315,604.86,7.7682,15.65,2026-07-25T14:38:18.519Z
pyr25|TD|3h|1754056800000|1755180000000,pyr25,TD,TSX:TD,3h,Swing 3H,LONG,Swing Low,2025-08-01 10:00,1754056800000,99.75,Flip Short,2025-08-14 10:00,1755180000000,102.72,79,7880.25,32,218.63,2.7717,230.7,2.9246,26.84,0.3403,16,2026-07-25T14:38:18.519Z
pyr25|TD|3h|1756400400000|1758052800000,pyr25,TD,TSX:TD,3h,Swing 3H,LONG,Swing Low,2025-08-28 13:00,1756400400000,100.21,Flip Short,2025-09-16 16:00,1758052800000,107.08,80,8016.8,49,533.02,6.6421,550.38,6.8585,24.02,0.2993,16.58,2026-07-25T14:38:18.519Z
pyr25|TD|3h|1762538400000|1764007200000,pyr25,TD,TSX:TD,3h,Swing 3H,LONG,Swing Low,2025-11-07 13:00,1762538400000,112.46,Flip Short,2025-11-24 13:00,1764007200000,116.59,75,8434.5,44,292.57,3.4653,303.57,3.5955,8.43,0.0999,17.18,2026-07-25T14:38:18.519Z
pyr25|TD|3h|1769007600000|1770400800000,pyr25,TD,TSX:TD,3h,Swing 3H,LONG,Swing Low,2026-01-21 10:00,1769007600000,128.79,Flip Short,2026-02-06 13:00,1770400800000,131.5,67,8628.93,49,164.13,1.9002,183.66,2.1263,166.08,1.9228,17.44,2026-07-25T14:38:18.519Z
pyr25|TD|3h|1772809200000|1775160000000,pyr25,TD,TSX:TD,3h,Swing 3H,LONG,Swing Low,2026-03-06 10:00,1772809200000,129.71,Flip Short,2026-04-02 16:00,1775160000000,132.51,67,8690.57,78,170.03,1.9545,191.64,2.2029,275.35,3.1652,17.57,2026-07-25T14:38:18.519Z
pyr25|TD|3h|1783530000000|1784048400000,pyr25,TD,TSX:TD,3h,Swing 3H,LONG,Swing Low,2026-07-08 13:00,1783530000000,168.11,Flip Short,2026-07-14 13:00,1784048400000,172.42,53,8909.83,16,210.38,2.3589,268.28,3.0081,58.2,0.6526,18.05,2026-07-25T14:38:18.519Z
pyr25|JNJ|3h|1743505200000|1744898400000,pyr25,JNJ,NYSE:JNJ,3h,Swing 3H,LONG,Swing Low,2025-04-01 07:00,1743505200000,160.05,Flip Short,2025-04-17 10:00,1744898400000,156.7,47,7522.35,73,-172.34,-2.2887,74.73,0.9924,883.13,11.7284,14.89,2026-07-25T14:38:23.406Z
pyr25|JNJ|3h|1747047600000|1748613600000,pyr25,JNJ,NYSE:JNJ,3h,Swing 3H,LONG,Swing Low,2025-05-12 07:00,1747047600000,149.95,Flip Short,2025-05-30 10:00,1748613600000,154.94,49,7347.55,77,229.57,3.1213,257.25,3.4977,195.51,2.6582,14.94,2026-07-25T14:38:23.406Z
pyr25|JNJ|3h|1750190400000|1751378400000,pyr25,JNJ,NYSE:JNJ,3h,Swing 3H,LONG,Swing Low,2025-06-17 16:00,1750190400000,152.35,Flip Short,2025-07-01 10:00,1751378400000,153.58,50,7617.5,51,46.2,0.6059,62.88,0.8247,173.12,2.2704,15.3,2026-07-25T14:38:23.406Z
pyr25|JNJ|3h|1756389600000|1758884400000,pyr25,JNJ,NYSE:JNJ,3h,Swing 3H,LONG,Swing Low,2025-08-28 10:00,1756389600000,175.69,Flip Short,2025-09-26 07:00,1758884400000,178.82,43,7554.67,117,119.35,1.5782,156.28,2.0665,107.74,1.4248,15.24,2026-07-25T14:38:23.406Z
pyr25|JNJ|3h|1761660000000|1762873200000,pyr25,JNJ,NYSE:JNJ,3h,Swing 3H,LONG,Swing Low,2025-10-28 10:00,1761660000000,187.83,Flip Short,2025-11-11 10:00,1762873200000,189.12,41,7701.03,59,37.44,0.4856,82.91,1.0755,137.26,1.7806,15.45,2026-07-25T14:38:23.406Z
pyr25|JNJ|3h|1764871200000|1765465200000,pyr25,JNJ,NYSE:JNJ,3h,Swing 3H,LONG,Swing Low,2025-12-04 13:00,1764871200000,202.54,Flip Short,2025-12-11 10:00,1765465200000,209.44,38,7696.52,29,246.54,3.2001,255.64,3.3182,108.02,1.402,15.66,2026-07-25T14:38:23.406Z
pyr25|JNJ|3h|1766491200000|1768251600000,pyr25,JNJ,NYSE:JNJ,3h,Swing 3H,LONG,Swing Low,2025-12-23 07:00,1766491200000,204.87,Flip Short,2026-01-12 16:00,1768251600000,209.89,38,7785.06,67,175,2.2456,182.97,2.348,157.13,2.0163,15.76,2026-07-25T14:38:23.406Z
pyr25|JNJ|3h|1772722800000|1774879200000,pyr25,JNJ,NYSE:JNJ,3h,Swing 3H,LONG,Swing Low,2026-03-05 10:00,1772722800000,239.57,Flip Short,2026-03-30 10:00,1774879200000,242.07,33,7905.81,97,66.61,0.8417,189.76,2.3979,257.39,3.2524,15.89,2026-07-25T14:38:23.406Z
pyr25|JNJ|3h|1775656800000|1778702400000,pyr25,JNJ,NYSE:JNJ,3h,Swing 3H,LONG,Swing Low,2026-04-08 10:00,1775656800000,237.42,Flip Short,2026-05-13 16:00,1778702400000,230.4,34,8072.28,149,-254.59,-3.1507,223.13,2.7614,587.77,7.2741,15.91,2026-07-25T14:38:23.406Z
pyr25|JNJ|3h|1780084800000|1780678800000,pyr25,JNJ,NYSE:JNJ,3h,Swing 3H,LONG,Swing Low,2026-05-29 16:00,1780084800000,225.26,Flip Short,2026-06-05 13:00,1780678800000,234.16,35,7884.1,28,295.42,3.7433,336.87,4.2685,162.58,2.0601,16.08,2026-07-25T14:38:23.406Z
pyr25|JNJ|3h|1781791200000|1782309600000,pyr25,JNJ,NYSE:JNJ,3h,Swing 3H,LONG,Swing Low,2026-06-18 10:00,1781791200000,230.45,Flip Short,2026-06-24 10:00,1782309600000,242.45,35,8065.75,18,403.45,4.997,415.43,5.1455,111.32,1.3787,16.55,2026-07-25T14:38:23.406Z
pyr25|JNJ|3h|1784113200000|1784826000000,pyr25,JNJ,NYSE:JNJ,3h,Swing 3H,LONG,Swing Low,2026-07-15 07:00,1784113200000,249.19,Flip Short,2026-07-23 13:00,1784826000000,258.11,34,8472.46,38,286.03,3.3726,364.85,4.302,135.29,1.5953,17.25,2026-07-25T14:38:23.406Z
pyr25|GOOGL|3h|1746637200000|1747242000000,pyr25,GOOGL,NASDAQ:GOOGL,3h,Swing 3H,LONG,Swing Low,2025-05-07 13:00,1746637200000,150.09,Flip Short,2025-05-14 13:00,1747242000000,166.11,50,7504.5,30,785.19,10.4525,838,11.1554,69,0.9186,15.81,2026-07-25T14:38:28.309Z
pyr25|GOOGL|3h|1750438800000|1751054400000,pyr25,GOOGL,NASDAQ:GOOGL,3h,Swing 3H,LONG,Swing Low,2025-06-20 13:00,1750438800000,169.06,Flip Short,2025-06-27 16:00,1751054400000,178.51,48,8114.88,31,436.92,5.3788,453.65,5.5847,346.99,4.2718,16.68,2026-07-25T14:38:28.309Z
pyr25|GOOGL|3h|1755709200000|1755892800000,pyr25,GOOGL,NASDAQ:GOOGL,3h,Swing 3H,LONG,Swing Low,2025-08-20 13:00,1755709200000,199.3,Flip Short,2025-08-22 16:00,1755892800000,206.09,42,8370.6,13,268.15,3.2003,379.71,4.5317,57.93,0.6914,17.03,2026-07-25T14:38:28.309Z
pyr25|GOOGL|3h|1758808800000|1759780800000,pyr25,GOOGL,NASDAQ:GOOGL,3h,Swing 3H,LONG,Swing Low,2025-09-25 10:00,1758808800000,242.61,Flip Short,2025-10-06 16:00,1759780800000,250.45,35,8491.35,44,257.14,3.0253,296.36,3.4866,148.14,1.7429,17.26,2026-07-25T14:38:28.309Z
pyr25|GOOGL|3h|1760115600000|1760547600000,pyr25,GOOGL,NASDAQ:GOOGL,3h,Swing 3H,LONG,Swing Low,2025-10-10 13:00,1760115600000,237.29,Flip Short,2025-10-15 13:00,1760547600000,248.41,37,8779.73,18,393.47,4.4771,539.19,6.1352,157.52,1.7923,17.97,2026-07-25T14:38:28.309Z
pyr25|GOOGL|3h|1763121600000|1763564400000,pyr25,GOOGL,NASDAQ:GOOGL,3h,Swing 3H,LONG,Swing Low,2025-11-14 07:00,1763121600000,274.14,Flip Short,2025-11-19 10:00,1763564400000,300.5,33,9046.62,19,850.92,9.3965,907.03,10.0162,136.43,1.5065,18.96,2026-07-25T14:38:28.309Z
pyr25|GOOGL|3h|1765216800000|1766577600000,pyr25,GOOGL,NASDAQ:GOOGL,3h,Swing 3H,LONG,Swing Low,2025-12-08 13:00,1765216800000,312.41,Flip Short,2025-12-24 07:00,1766577600000,315.49,31,9684.71,70,76.02,0.7841,265.91,2.7429,527.07,5.4369,19.46,2026-07-25T14:38:28.309Z
pyr25|GOOGL|3h|1770249600000|1773777600000,pyr25,GOOGL,NASDAQ:GOOGL,3h,Swing 3H,LONG,Swing Low,2026-02-04 19:00,1770249600000,328.65,Flip Short,2026-03-17 16:00,1773777600000,310.79,30,9859.5,167,-554.98,-5.6233,155.14,1.5719,1152.86,11.6812,19.18,2026-07-25T14:38:28.309Z
pyr25|GOOGL|3h|1774036800000|1775505600000,pyr25,GOOGL,NASDAQ:GOOGL,3h,Swing 3H,LONG,Swing Low,2026-03-20 16:00,1774036800000,300.98,Flip Short,2026-04-06 16:00,1775505600000,299.83,31,9330.38,60,-54.28,-0.5811,201.16,2.1538,907.71,9.7188,18.63,2026-07-25T14:38:28.309Z
pyr25|GOOGL|3h|1779480000000|1781629200000,pyr25,GOOGL,NASDAQ:GOOGL,3h,Swing 3H,LONG,Swing Low,2026-05-22 16:00,1779480000000,382.97,Flip Short,2026-06-16 13:00,1781629200000,369.99,24,9191.28,95,-329.59,-3.5823,252.41,2.7434,887.59,9.6472,18.07,2026-07-25T14:38:28.309Z
pyr25|GOOGL|3h|1782147600000|1783011600000,pyr25,GOOGL,NASDAQ:GOOGL,3h,Swing 3H,LONG,Swing Low,2026-06-22 13:00,1782147600000,346.44,Flip Short,2026-07-02 13:00,1783011600000,353.67,26,9007.44,48,169.78,1.883,452.75,5.0214,345.71,3.8342,18.2,2026-07-25T14:38:28.309Z
pyr25|GOOGL|3h|1784026800000|1784134800000,pyr25,GOOGL,NASDAQ:GOOGL,3h,Swing 3H,LONG,Swing Low,2026-07-14 07:00,1784026800000,350.91,Flip Short,2026-07-15 13:00,1784134800000,372.4,26,9123.66,8,539.93,5.912,581.86,6.3711,45.78,0.5013,18.81,2026-07-25T14:38:28.309Z
pyr25|TQQQ|3h|1748008800000|1748473200000,pyr25,TQQQ,NASDAQ:TQQQ,3h,Swing 3H,LONG,Swing Low,2025-05-23 10:00,1748008800000,32.74,Flip Short,2025-05-28 19:00,1748473200000,36.05,232,7595.68,15,751.96,9.89,767.28,10.0915,14.56,0.1914,15.96,2026-07-25T14:38:33.238Z
pyr25|TQQQ|3h|1750438800000|1750762800000,pyr25,TQQQ,NASDAQ:TQQQ,3h,Swing 3H,LONG,Swing Low,2025-06-20 13:00,1750438800000,36.45,Flip Short,2025-06-24 07:00,1750762800000,38.47,224,8164.8,10,435.7,5.331,516,6.3134,171.68,2.1006,16.78,2026-07-25T14:38:33.238Z
pyr25|TQQQ|3h|1754046000000|1755018000000,pyr25,TQQQ,NASDAQ:TQQQ,3h,Swing 3H,LONG,Swing Low,2025-08-01 07:00,1754046000000,42.44,Flip Short,2025-08-12 13:00,1755018000000,47.17,200,8488,44,928.08,10.9231,947.51,11.1518,310.49,3.6543,17.92,2026-07-25T14:38:33.238Z
pyr25|TQQQ|3h|1755676800000|1757080800000,pyr25,TQQQ,NASDAQ:TQQQ,3h,Swing 3H,LONG,Swing Low,2025-08-20 04:00,1755676800000,44.37,Flip Short,2025-09-05 10:00,1757080800000,46.84,207,9184.59,68,492.41,5.3559,560.07,6.0918,472.86,5.1433,18.88,2026-07-25T14:38:33.238Z
pyr25|TQQQ|3h|1760115600000|1761303600000,pyr25,TQQQ,NASDAQ:TQQQ,3h,Swing 3H,LONG,Swing Low,2025-10-10 13:00,1760115600000,50.18,Flip Short,2025-10-24 07:00,1761303600000,54.34,190,9534.2,58,770.54,8.0738,816.97,8.5602,665.03,6.9683,19.86,2026-07-25T14:38:33.238Z
pyr25|TQQQ|3h|1762452000000|1764331200000,pyr25,TQQQ,NASDAQ:TQQQ,3h,Swing 3H,LONG,Swing Low,2025-11-06 13:00,1762452000000,53.97,Flip Short,2025-11-28 07:00,1764331200000,53.99,188,10146.36,88,-16.54,-0.1628,578.29,5.6938,1673.95,16.4815,20.3,2026-07-25T14:38:33.238Z
pyr25|TQQQ|3h|1763672400000|1764331200000,pyr25,TQQQ,NASDAQ:TQQQ,3h,Swing 3H,LONG,Pyramid Add,2025-11-20 16:00,1763672400000,46.45,Flip Short,2025-11-28 07:00,1764331200000,53.99,47,2183.15,27,349.66,16.0003,362.07,16.568,64.69,2.9603,4.72,2026-07-25T14:38:33.238Z
pyr25|TQQQ|3h|1765562400000|1766750400000,pyr25,TQQQ,NASDAQ:TQQQ,3h,Swing 3H,LONG,Swing Low,2025-12-12 13:00,1765562400000,53.27,Flip Short,2025-12-26 07:00,1766750400000,55.38,195,10387.65,51,390.26,3.7532,420.56,4.0446,770.89,7.4138,21.19,2026-07-25T14:38:33.238Z
pyr25|TQQQ|3h|1767387600000|1767808800000,pyr25,TQQQ,NASDAQ:TQQQ,3h,Swing 3H,LONG,Swing Low,2026-01-02 16:00,1767387600000,52.38,Flip Short,2026-01-07 13:00,1767808800000,56.03,204,10685.52,17,722.48,6.7546,766.55,7.1666,27.01,0.2525,22.12,2026-07-25T14:38:33.238Z
pyr25|TQQQ|3h|1768910400000|1769515200000,pyr25,TQQQ,NASDAQ:TQQQ,3h,Swing 3H,LONG,Swing Low,2026-01-20 07:00,1768910400000,51.17,Flip Short,2026-01-27 07:00,1769515200000,56.27,220,11257.4,30,1098.36,9.7471,1128.34,10.0131,255.46,2.267,23.64,2026-07-25T14:38:33.238Z
pyr25|TQQQ|3h|1770141600000|1772053200000,pyr25,TQQQ,NASDAQ:TQQQ,3h,Swing 3H,LONG,Swing Low,2026-02-03 13:00,1770141600000,52.15,Flip Short,2026-02-25 16:00,1772053200000,51.88,232,12098.8,91,-86.77,-0.7165,301.1,2.4862,1598.98,13.2028,24.13,2026-07-25T14:38:33.238Z
pyr25|TQQQ|3h|1770336000000|1772053200000,pyr25,TQQQ,NASDAQ:TQQQ,3h,Swing 3H,LONG,Pyramid Add,2026-02-05 19:00,1770336000000,45.84,Flip Short,2026-02-25 16:00,1772053200000,51.88,58,2658.72,77,344.65,12.9501,383.62,14.4144,33.4,1.2549,5.67,2026-07-25T14:38:33.238Z
pyr25|TQQQ|3h|1772452800000|1775602800000,pyr25,TQQQ,NASDAQ:TQQQ,3h,Swing 3H,LONG,Swing Low,2026-03-02 07:00,1772452800000,47.7,Flip Short,2026-04-07 19:00,1775602800000,47.1,257,12258.9,154,-178.56,-1.4551,820.42,6.6858,2679.92,21.8392,24.36,2026-07-25T14:38:33.238Z
pyr25|TQQQ|3h|1774263600000|1775602800000,pyr25,TQQQ,NASDAQ:TQQQ,3h,Swing 3H,LONG,Pyramid Add,2026-03-23 07:00,1774263600000,41.86,Flip Short,2026-04-07 19:00,1775602800000,47.1,64,2679.04,64,329.67,12.2931,333.96,12.4532,293.24,10.9347,5.69,2026-07-25T14:38:33.238Z
pyr25|TQQQ|3h|1780678800000|1784934000000,pyr25,TQQQ,NASDAQ:TQQQ,3h,Swing 3H,LONG,Swing Low,2026-06-05 13:00,1780678800000,76.96,,2026-07-24 19:00,1784934000000,63.81,161,12390.56,200,-2139.81,-17.2525,1367.38,11.0246,2181.06,17.585,12.39,2026-07-25T14:38:33.238Z
pyr25|KARURVYSYA|3h|1710138600000|1712028600000,pyr25,KARURVYSYA,BSE:KARURVYSYA,3h,Swing 3H,LONG,Swing Low,2024-03-11 02:30,1710138600000,147.5,Flip Short,2024-04-01 23:30,1712028600000,157.35,51,7522.5,41,486.8,6.4648,494.83,6.5714,479.27,6.3648,15.55,2026-07-25T14:38:38.175Z
pyr25|KARURVYSYA|3h|1715063400000|1716877800000,pyr25,KARURVYSYA,BSE:KARURVYSYA,3h,Swing 3H,LONG,Swing Low,2024-05-07 02:30,1715063400000,155.8,Flip Short,2024-05-28 02:30,1716877800000,165.85,51,7945.8,44,496.15,6.2379,795.3,9.9991,298.65,3.7548,16.4,2026-07-25T14:38:38.175Z
pyr25|KARURVYSYA|3h|1717493400000|1718001000000,pyr25,KARURVYSYA,BSE:KARURVYSYA,3h,Swing 3H,LONG,Swing Low,2024-06-04 05:30,1717493400000,149.05,Flip Short,2024-06-10 02:30,1718001000000,174.45,55,8197.75,11,1379.21,16.8074,1493.3,18.1978,156.7,1.9096,17.79,2026-07-25T14:38:38.175Z
pyr25|KARURVYSYA|3h|1720431000000|1721370600000,pyr25,KARURVYSYA,BSE:KARURVYSYA,3h,Swing 3H,LONG,Swing Low,2024-07-08 05:30,1720431000000,167.05,Flip Short,2024-07-19 02:30,1721370600000,175.2,56,9354.8,23,437.23,4.6692,645.85,6.897,454.55,4.8542,19.17,2026-07-25T14:38:38.175Z
pyr25|KARURVYSYA|3h|1725431400000|1729481400000,pyr25,KARURVYSYA,BSE:KARURVYSYA,3h,Swing 3H,LONG,Swing Low,2024-09-04 02:30,1725431400000,183.1,Flip Short,2024-10-20 23:30,1729481400000,186.6,53,9704.3,95,165.91,1.7079,244.7,2.519,1181,12.1577,19.59,2026-07-25T14:38:38.175Z
pyr25|KARURVYSYA|3h|1731565800000|1732786200000,pyr25,KARURVYSYA,BSE:KARURVYSYA,3h,Swing 3H,LONG,Swing Low,2024-11-14 01:30,1731565800000,176.75,Flip Short,2024-11-28 04:30,1732786200000,198.5,55,9721.25,25,1175.61,12.0811,1269.03,13.0411,163.72,1.6825,20.64,2026-07-25T14:38:38.175Z
pyr25|KARURVYSYA|3h|1734687000000|1737365400000,pyr25,KARURVYSYA,BSE:KARURVYSYA,3h,Swing 3H,LONG,Swing Low,2024-12-20 04:30,1734687000000,186.1,Flip Short,2025-01-20 04:30,1737365400000,187.25,57,10607.7,60,44.27,0.4169,265.84,2.5036,908.36,8.5546,21.28,2026-07-25T14:38:38.175Z
pyr25|KARURVYSYA|3h|1739860200000|1742797800000,pyr25,KARURVYSYA,BSE:KARURVYSYA,3h,Swing 3H,LONG,Swing Low,2025-02-18 01:30,1739860200000,178,Flip Short,2025-03-24 02:30,1742797800000,174.65,60,10680,66,-222.16,-2.0781,310.32,2.9027,1471.68,13.766,21.16,2026-07-25T14:38:38.175Z
pyr25|KARURVYSYA|3h|1741858200000|1742797800000,pyr25,KARURVYSYA,BSE:KARURVYSYA,3h,Swing 3H,LONG,Pyramid Add,2025-03-13 05:30,1741858200000,155.8,Flip Short,2025-03-24 02:30,1742797800000,174.65,15,2337,17,277.79,11.8749,328.41,14.0387,34.59,1.4785,4.96,2026-07-25T14:38:38.175Z
pyr25|KARURVYSYA|3h|1746761400000|1747625400000,pyr25,KARURVYSYA,BSE:KARURVYSYA,3h,Swing 3H,LONG,Swing Low,2025-05-08 23:30,1746761400000,166.85,Flip Short,2025-05-18 23:30,1747625400000,189.55,62,10344.7,18,1385.3,13.3781,1397.06,13.4915,10.34,0.0999,22.1,2026-07-25T14:38:38.175Z
pyr25|KARURVYSYA|3h|1753425000000|1756189800000,pyr25,KARURVYSYA,BSE:KARURVYSYA,3h,Swing 3H,LONG,Swing Low,2025-07-25 02:30,1753425000000,217.3,Flip Short,2025-08-26 02:30,1756189800000,217.65,54,11734.2,63,-4.59,-0.0391,620.07,5.279,1996.23,16.9951,23.49,2026-07-25T14:38:38.175Z
pyr25|KARURVYSYA|3h|1756103400000|1756189800000,pyr25,KARURVYSYA,BSE:KARURVYSYA,3h,Swing 3H,LONG,Pyramid Add,2025-08-25 02:30,1756103400000,184.55,Flip Short,2025-08-26 02:30,1756189800000,217.65,13,2399.15,3,425.07,17.6999,575.45,23.9617,27.1,1.1284,5.23,2026-07-25T14:38:38.175Z
pyr25|KARURVYSYA|3h|1765186200000|1766730600000,pyr25,KARURVYSYA,BSE:KARURVYSYA,3h,Swing 3H,LONG,Swing Low,2025-12-08 04:30,1765186200000,241.85,Flip Short,2025-12-26 01:30,1766730600000,264.2,50,12092.5,38,1092.2,9.023,1135.41,9.38,262.09,2.1652,25.3,2026-07-25T14:38:38.175Z
pyr25|KARURVYSYA|3h|1768977000000|1769495400000,pyr25,KARURVYSYA,BSE:KARURVYSYA,3h,Swing 3H,LONG,Swing Low,2026-01-21 01:30,1768977000000,251.4,Flip Short,2026-01-27 01:30,1769495400000,293.05,51,12821.4,9,2096.38,16.3343,2177.63,16.9674,33.22,0.2589,27.77,2026-07-25T14:38:38.175Z
pyr25|KARURVYSYA|3h|1772433000000|1777357800000,pyr25,KARURVYSYA,BSE:KARURVYSYA,3h,Swing 3H,LONG,Swing Low,2026-03-02 01:30,1772433000000,318.55,Flip Short,2026-04-28 02:30,1777357800000,295.95,45,14334.75,108,-1044.65,-7.2803,71.17,0.496,2851.58,19.8729,27.65,2026-07-25T14:38:38.175Z
pyr25|KARURVYSYA|3h|1773642600000|1777357800000,pyr25,KARURVYSYA,BSE:KARURVYSYA,3h,Swing 3H,LONG,Pyramid Add,2026-03-16 02:30,1773642600000,283.5,Flip Short,2026-04-28 02:30,1777357800000,295.95,11,3118.5,81,130.58,4.183,198.73,6.3663,311.12,9.9666,6.37,2026-07-25T14:38:38.175Z
pyr25|KARURVYSYA|3h|1780900200000|1781505000000,pyr25,KARURVYSYA,BSE:KARURVYSYA,3h,Swing 3H,LONG,Swing Low,2026-06-08 02:30,1780900200000,284.2,Flip Short,2026-06-15 02:30,1781505000000,292.55,48,13641.6,15,373.12,2.7324,641.56,4.6983,745.64,5.4605,27.68,2026-07-25T14:38:38.175Z
pyr25|CIPLA|3h|1710829800000|1716283800000,pyr25,CIPLA,BSE:CIPLA,3h,Swing 3H,LONG,Swing Low,2024-03-19 02:30,1710829800000,1449.05,Flip Short,2024-05-21 05:30,1716283800000,1440,5,7245.25,120,-59.7,-0.8231,323.25,4.4572,664.5,9.1623,14.45,2026-07-25T14:38:43.141Z
pyr25|CIPLA|3h|1722839400000|1723530600000,pyr25,CIPLA,BSE:CIPLA,3h,Swing 3H,LONG,Swing Low,2024-08-05 02:30,1722839400000,1500.2,Flip Short,2024-08-13 02:30,1723530600000,1594.65,5,7501,18,456.78,6.0834,521.5,6.9454,32.25,0.4295,15.47,2026-07-25T14:38:43.141Z
pyr25|CIPLA|3h|1727343000000|1727677800000,pyr25,CIPLA,BSE:CIPLA,3h,Swing 3H,LONG,Swing Low,2024-09-26 05:30,1727343000000,1621.9,Flip Short,2024-09-30 02:30,1727677800000,1654.8,4,6487.6,5,118.49,1.8246,245.71,3.7836,30.09,0.4633,13.11,2026-07-25T14:38:43.141Z
pyr25|CIPLA|3h|1728034200000|1728466200000,pyr25,CIPLA,BSE:CIPLA,3h,Swing 3H,LONG,Swing Low,2024-10-04 05:30,1728034200000,1617.55,Flip Short,2024-10-09 05:30,1728466200000,1683.5,4,6470.2,9,250.6,3.8692,331.33,5.1157,22.07,0.3408,13.2,2026-07-25T14:38:43.141Z
pyr25|CIPLA|3h|1728628200000|1730874600000,pyr25,CIPLA,BSE:CIPLA,3h,Swing 3H,LONG,Swing Low,2024-10-11 02:30,1728628200000,1592.05,Flip Short,2024-11-06 01:30,1730874600000,1591.6,5,7960.25,52,-18.17,-0.228,87.29,1.0955,951.21,11.9376,15.92,2026-07-25T14:38:43.141Z
pyr25|CIPLA|3h|1733823000000|1735540200000,pyr25,CIPLA,BSE:CIPLA,3h,Swing 3H,LONG,Swing Low,2024-12-10 04:30,1733823000000,1455.5,Flip Short,2024-12-30 01:30,1735540200000,1520.3,5,7277.5,38,309.12,4.2434,335.22,4.6017,164.78,2.2619,14.88,2026-07-25T14:38:43.141Z
pyr25|CIPLA|3h|1736749800000|1739428200000,pyr25,CIPLA,BSE:CIPLA,3h,Swing 3H,LONG,Swing Low,2025-01-13 01:30,1736749800000,1448.5,Flip Short,2025-02-13 01:30,1739428200000,1489.3,5,7242.5,72,189.31,2.6113,215.01,2.9657,416.74,5.7484,14.69,2026-07-25T14:38:43.141Z
pyr25|CIPLA|3h|1740724200000|1742279400000,pyr25,CIPLA,BSE:CIPLA,3h,Swing 3H,LONG,Swing Low,2025-02-28 01:30,1740724200000,1436,Flip Short,2025-03-18 02:30,1742279400000,1507.5,5,7180,33,342.78,4.7694,370.07,5.149,237.18,3.3,14.72,2026-07-25T14:38:43.141Z
pyr25|CIPLA|3h|1743575400000|1745314200000,pyr25,CIPLA,BSE:CIPLA,3h,Swing 3H,LONG,Swing Low,2025-04-02 02:30,1743575400000,1443.35,Flip Short,2025-04-22 05:30,1745314200000,1529,6,8660.1,34,496.07,5.7225,538.84,6.2159,808.46,9.3261,17.83,2026-07-25T14:38:43.141Z
pyr25|CIPLA|3h|1746772200000|1749450600000,pyr25,CIPLA,BSE:CIPLA,3h,Swing 3H,LONG,Swing Low,2025-05-09 02:30,1746772200000,1482.3,Flip Short,2025-06-09 02:30,1749450600000,1504,6,8893.8,63,112.28,1.2612,331.31,3.7214,190.69,2.142,17.92,2026-07-25T14:38:43.141Z
pyr25|CIPLA|3h|1751956200000|1753435800000,pyr25,CIPLA,BSE:CIPLA,3h,Swing 3H,LONG,Swing Low,2025-07-08 02:30,1751956200000,1484.1,Flip Short,2025-07-25 05:30,1753435800000,1531.5,6,8904.6,40,266.31,2.9877,404.5,4.538,186.5,2.0924,18.09,2026-07-25T14:38:43.141Z
pyr25|CIPLA|3h|1758609000000|1760596200000,pyr25,CIPLA,BSE:CIPLA,3h,Swing 3H,LONG,Swing Low,2025-09-23 02:30,1758609000000,1525.3,Flip Short,2025-10-16 02:30,1760596200000,1559.45,6,9151.8,48,186.39,2.0346,259.05,2.8277,310.95,3.3943,18.51,2026-07-25T14:38:43.141Z
pyr25|CIPLA|3h|1762151400000|1767594600000,pyr25,CIPLA,BSE:CIPLA,3h,Swing 3H,LONG,Swing Low,2025-11-03 01:30,1762151400000,1506.45,Flip Short,2026-01-05 01:30,1767594600000,1519.95,6,9038.7,129,62.84,0.6946,187.76,2.0752,188.14,2.0794,18.16,2026-07-25T14:38:43.141Z
pyr25|CIPLA|3h|1767767400000|1772087400000,pyr25,CIPLA,BSE:CIPLA,3h,Swing 3H,LONG,Swing Low,2026-01-07 01:30,1767767400000,1459.25,Flip Short,2026-02-26 01:30,1772087400000,1349.15,6,8755.5,105,-677.45,-7.7297,67.74,0.773,1066.26,12.166,16.85,2026-07-25T14:38:43.141Z
pyr25|CIPLA|3h|1772433000000|1776925800000,pyr25,CIPLA,BSE:CIPLA,3h,Swing 3H,LONG,Swing Low,2026-03-02 01:30,1772433000000,1340.1,Flip Short,2026-04-23 02:30,1776925800000,1287,6,8040.6,99,-334.36,-4.1543,76.26,0.9475,1055.34,13.112,15.76,2026-07-25T14:38:43.141Z
pyr25|CIPLA|3h|1775111400000|1776925800000,pyr25,CIPLA,BSE:CIPLA,3h,Swing 3H,LONG,Pyramid Add,2026-04-02 02:30,1775111400000,1185.5,Flip Short,2026-04-23 02:30,1776925800000,1287,1,1185.5,39,99.03,8.3449,108.61,9.1528,16.69,1.4061,2.47,2026-07-25T14:38:43.141Z
pyr25|CIPLA|3h|1781677800000|1782196200000,pyr25,CIPLA,BSE:CIPLA,3h,Swing 3H,LONG,Swing Low,2026-06-17 02:30,1781677800000,1343.4,Flip Short,2026-06-23 02:30,1782196200000,1454.9,6,8060.4,12,652.21,8.0835,699.04,8.6639,17.96,0.2226,16.79,2026-07-25T14:38:43.141Z
pyr25|ICICIBANK|3h|1704177000000|1705386600000,pyr25,ICICIBANK,BSE:ICICIBANK,3h,Swing 3H,LONG,Swing Low,2024-01-02 01:30,1704177000000,985.9,Flip Short,2024-01-16 01:30,1705386600000,1013.9,7,6901.3,30,182,2.6346,203.8,2.9501,81.1,1.174,14,2026-07-25T14:38:48.006Z
pyr25|ICICIBANK|3h|1705559400000|1705991400000,pyr25,ICICIBANK,BSE:ICICIBANK,3h,Swing 3H,LONG,Swing Low,2024-01-18 01:30,1705559400000,986.1,Flip Short,2024-01-23 01:30,1705991400000,1034.6,7,6902.7,9,325.36,4.7087,562.2,8.1365,52.05,0.7533,14.14,2026-07-25T14:38:48.006Z
pyr25|ICICIBANK|3h|1713259800000|1714037400000,pyr25,ICICIBANK,BSE:ICICIBANK,3h,Swing 3H,LONG,Swing Low,2024-04-16 05:30,1713259800000,1068,Flip Short,2024-04-25 05:30,1714037400000,1119.1,7,7476,18,342.39,4.5753,391.52,5.2318,145.03,1.9379,15.31,2026-07-25T14:38:48.006Z
pyr25|ICICIBANK|3h|1716370200000|1717396200000,pyr25,ICICIBANK,BSE:ICICIBANK,3h,Swing 3H,LONG,Swing Low,2024-05-22 05:30,1716370200000,1104.2,Flip Short,2024-06-03 02:30,1717396200000,1161,7,7729.4,23,381.74,4.9339,463.72,5.9934,53.58,0.6925,15.86,2026-07-25T14:38:48.006Z
pyr25|ICICIBANK|3h|1717482600000|1719210600000,pyr25,ICICIBANK,BSE:ICICIBANK,3h,Swing 3H,LONG,Swing Low,2024-06-04 02:30,1717482600000,1084.5,Flip Short,2024-06-24 02:30,1719210600000,1165.7,7,7591.5,39,552.65,7.2726,630.81,8.3011,238.59,3.1397,15.75,2026-07-25T14:38:48.006Z
pyr25|ICICIBANK|3h|1722839400000|1724740200000,pyr25,ICICIBANK,BSE:ICICIBANK,3h,Swing 3H,LONG,Swing Low,2024-08-05 02:30,1722839400000,1169.9,Flip Short,2024-08-27 02:30,1724740200000,1226.85,7,8189.3,45,381.87,4.6584,398.16,4.8571,124.39,1.5174,16.78,2026-07-25T14:38:48.006Z
pyr25|ICICIBANK|3h|1728293400000|1730097000000,pyr25,ICICIBANK,BSE:ICICIBANK,3h,Swing 3H,LONG,Swing Low,2024-10-07 05:30,1728293400000,1239.95,Flip Short,2024-10-28 02:30,1730097000000,1302.35,7,8679.65,44,419,4.8226,445.97,5.133,162.33,1.8684,17.8,2026-07-25T14:38:48.006Z
pyr25|ICICIBANK|3h|1732170600000|1733293800000,pyr25,ICICIBANK,BSE:ICICIBANK,3h,Swing 3H,LONG,Swing Low,2024-11-21 01:30,1732170600000,1251.15,Flip Short,2024-12-04 01:30,1733293800000,1309.9,7,8758.05,27,393.32,4.4865,459.54,5.2418,67.21,0.7666,17.93,2026-07-25T14:38:48.006Z
pyr25|ICICIBANK|3h|1734676200000|1738650600000,pyr25,ICICIBANK,BSE:ICICIBANK,3h,Swing 3H,LONG,Swing Low,2024-12-20 01:30,1734676200000,1288.65,Flip Short,2025-02-04 01:30,1738650600000,1273.55,7,9020.55,96,-123.64,-1.3692,258.73,2.8654,720.57,7.9801,17.94,2026-07-25T14:38:48.006Z
pyr25|ICICIBANK|3h|1739946600000|1742193000000,pyr25,ICICIBANK,BSE:ICICIBANK,3h,Swing 3H,LONG,Swing Low,2025-02-19 01:30,1739946600000,1256.5,Flip Short,2025-03-17 02:30,1742193000000,1271.15,7,8795.5,48,84.86,0.9638,97.95,1.1126,402.9,4.5761,17.69,2026-07-25T14:38:48.006Z
pyr25|ICICIBANK|3h|1749537000000|1753079400000,pyr25,ICICIBANK,BSE:ICICIBANK,3h,Swing 3H,LONG,Swing Low,2025-06-10 02:30,1749537000000,1418.9,Flip Short,2025-07-21 02:30,1753079400000,1460,6,8513.4,87,229.33,2.691,273.49,3.2092,115.61,1.3567,17.27,2026-07-25T14:38:48.006Z
pyr25|ICICIBANK|3h|1755066600000|1760596200000,pyr25,ICICIBANK,BSE:ICICIBANK,3h,Swing 3H,LONG,Swing Low,2025-08-13 02:30,1755066600000,1420,Flip Short,2025-10-16 02:30,1760596200000,1405.1,7,9940,129,-124.08,-1.247,213.71,2.1479,548.94,5.517,19.78,2026-07-25T14:38:48.006Z
pyr25|ICICIBANK|3h|1761643800000|1764225000000,pyr25,ICICIBANK,BSE:ICICIBANK,3h,Swing 3H,LONG,Swing Low,2025-10-28 05:30,1761643800000,1360.1,Flip Short,2025-11-27 01:30,1764225000000,1387,7,9520.7,62,169.07,1.774,224.28,2.3533,307.72,3.2289,19.23,2026-07-25T14:38:48.006Z
pyr25|ICICIBANK|3h|1765434600000|1767594600000,pyr25,ICICIBANK,BSE:ICICIBANK,3h,Swing 3H,LONG,Swing Low,2025-12-11 01:30,1765434600000,1361.95,Flip Short,2026-01-05 01:30,1767594600000,1371.25,7,9533.65,48,45.97,0.4817,83.22,0.872,193.98,2.0327,19.13,2026-07-25T14:38:48.006Z
pyr25|ICICIBANK|3h|1769495400000|1770877800000,pyr25,ICICIBANK,BSE:ICICIBANK,3h,Swing 3H,LONG,Swing Low,2026-01-27 01:30,1769495400000,1345,Flip Short,2026-02-12 01:30,1770877800000,1426.55,7,9415,39,551.45,5.8513,571.59,6.0649,140.66,1.4926,19.4,2026-07-25T14:38:48.006Z
pyr25|ICICIBANK|3h|1772184600000|1775629800000,pyr25,ICICIBANK,BSE:ICICIBANK,3h,Swing 3H,LONG,Swing Low,2026-02-27 04:30,1772184600000,1384.8,Flip Short,2026-04-08 02:30,1775629800000,1302.6,7,9693.6,71,-594.21,-6.1238,0,0,1390.44,14.3296,18.81,2026-07-25T14:38:48.006Z
pyr25|ICICIBANK|3h|1774852200000|1775629800000,pyr25,ICICIBANK,BSE:ICICIBANK,3h,Swing 3H,LONG,Pyramid Add,2026-03-30 02:30,1774852200000,1214.7,Flip Short,2026-04-08 02:30,1775629800000,1302.6,1,1214.7,15,85.38,7.0221,115.09,9.4649,28.36,2.3328,2.52,2026-07-25T14:38:48.006Z
pyr25|ICICIBANK|3h|1777962600000|1779777000000,pyr25,ICICIBANK,BSE:ICICIBANK,3h,Swing 3H,LONG,Swing Low,2026-05-05 02:30,1777962600000,1248.3,Flip Short,2026-05-26 02:30,1779777000000,1291.5,8,9986.4,45,325.28,3.254,418.01,4.1816,211.59,2.1166,20.32,2026-07-25T14:38:48.006Z
pyr25|ICICIBANK|3h|1780381800000|1781073000000,pyr25,ICICIBANK,BSE:ICICIBANK,3h,Swing 3H,LONG,Swing Low,2026-06-02 02:30,1780381800000,1223.4,Flip Short,2026-06-10 02:30,1781073000000,1304,8,9787.2,18,624.58,6.3752,648.21,6.6165,85.79,0.8756,20.22,2026-07-25T14:38:48.006Z
