trade_key,rule_type,ticker,symbol,timeframe,watchlist,side,entry_signal,entry_time_et,entry_time_ms,entry_price,exit_signal,exit_time_et,exit_time_ms,exit_price,qty,position_value,bars_held,pnl_usd,pnl_pct,mfe_usd,mfe_pct,mae_usd,mae_pct,commission,logged_at
flip-only|EWO|45m|1750095900000|1750095900000,flip-only,EWO,AMEX:EWO,45m,Swing 45m,LONG,Swing Low,2025-06-16 13:45,1750095900000,28.71,Margin call,2025-06-16 13:45,1750095900000,28.71,1,28.71,0,-0.06,-0.1998,0,0,0.03,0.0999,0.06,2026-07-25T00:28:52.174Z
flip-only|EWO|45m|1750095900000|1751046300000,flip-only,EWO,AMEX:EWO,45m,Swing 45m,LONG,Swing Low,2025-06-16 13:45,1750095900000,28.71,Flip Short,2025-06-27 13:45,1751046300000,29.1,347,9962.37,49,115.27,1.1559,146.19,1.4659,412.48,4.1363,20.06,2026-07-25T00:28:52.174Z
flip-only|EWO|45m|1756216800000|1758568500000,flip-only,EWO,AMEX:EWO,45m,Swing 45m,LONG,Swing Low,2025-08-26 10:00,1756216800000,31.34,Flip Short,2025-09-22 15:15,1758568500000,30.93,322,10091.48,86,-152.07,-1.5054,57.53,0.5695,367.51,3.6382,20.05,2026-07-25T00:28:52.174Z
flip-only|EWO|45m|1763478000000|1764101700000,flip-only,EWO,AMEX:EWO,45m,Swing 45m,LONG,Swing Low,2025-11-18 10:00,1763478000000,30.82,Flip Short,2025-11-25 15:15,1764101700000,32.41,321,9893.22,30,490.09,4.9489,500.5,5.0539,29.15,0.2944,20.3,2026-07-25T00:28:52.174Z
flip-only|EWO|45m|1768923900000|1768923900000,flip-only,EWO,AMEX:EWO,45m,Swing 45m,LONG,Swing Low,2026-01-20 10:45,1768923900000,35.92,Margin call,2026-01-20 10:45,1768923900000,35.92,1,35.92,0,-0.07,-0.1998,0,0,0.04,0.0999,0.07,2026-07-25T00:28:52.174Z
flip-only|EWO|45m|1768923900000|1769026500000,flip-only,EWO,AMEX:EWO,45m,Swing 45m,LONG,Swing Low,2026-01-20 10:45,1768923900000,35.92,Flip Short,2026-01-21 15:15,1769026500000,36.42,290,10416.8,11,124.02,1.1894,143.28,1.3741,82.92,0.7952,20.98,2026-07-25T00:28:52.174Z
flip-only|EWO|45m|1772120700000|1772120700000,flip-only,EWO,AMEX:EWO,45m,Swing 45m,LONG,Swing Low,2026-02-26 10:45,1772120700000,38.16,Margin call,2026-02-26 10:45,1772120700000,38.16,1,38.16,0,-0.08,-0.1998,0,0,0.04,0.0999,0.08,2026-07-25T00:28:52.174Z
flip-only|EWO|45m|1772120700000|1774449900000,flip-only,EWO,AMEX:EWO,45m,Swing 45m,LONG,Swing Low,2026-02-26 10:45,1772120700000,38.16,Flip Short,2026-03-25 10:45,1774449900000,35.24,276,10532.16,137,-826.18,-7.8365,77.79,0.7378,1296.69,12.2994,20.26,2026-07-25T00:28:52.174Z
flip-only|EWO|45m|1782487800000|1783349100000,flip-only,EWO,AMEX:EWO,45m,Swing 45m,LONG,Swing Low,2026-06-26 11:30,1782487800000,41.96,Flip Short,2026-07-06 10:45,1783349100000,42.88,232,9734.72,31,193.76,1.9884,203.71,2.0905,137.33,1.4094,19.68,2026-07-25T00:28:52.174Z
flip-only|EWO|45m|1784296800000|1784545200000,flip-only,EWO,AMEX:EWO,45m,Swing 45m,LONG,Swing Low,2026-07-17 10:00,1784296800000,41.53,Flip Short,2026-07-20 07:00,1784545200000,41.72,239,9925.67,5,25.51,0.2568,1020.16,10.2678,24.27,0.2442,19.9,2026-07-25T00:28:52.174Z
flip-only|WQTM|45m|1769455800000|1769604300000,flip-only,WQTM,CBOE:WQTM,45m,Swing 45m,LONG,Swing Low,2026-01-26 14:30,1769455800000,27.71,Flip Short,2026-01-28 07:45,1769604300000,29.2,360,9975.6,18,515.91,5.1666,526.42,5.2718,67.58,0.6767,20.49,2026-07-25T00:29:08.232Z
flip-only|WQTM|45m|1769701500000|1770638400000,flip-only,WQTM,CBOE:WQTM,45m,Swing 45m,LONG,Swing Low,2026-01-29 10:45,1769701500000,27.5,Flip Short,2026-02-09 07:00,1770638400000,27,381,10477.5,84,-211.26,-2.0143,237.17,2.2614,962.98,9.1817,20.76,2026-07-25T00:29:08.232Z
flip-only|WQTM|45m|1772550000000|1774271700000,flip-only,WQTM,CBOE:WQTM,45m,Swing 45m,LONG,Swing Low,2026-03-03 10:00,1772550000000,26.1,Flip Short,2026-03-23 09:15,1774271700000,25.17,393,10257.3,138,-385.64,-3.7559,775.74,7.5553,953.46,9.2861,20.15,2026-07-25T00:29:08.232Z
flip-only|WQTM|45m|1777387500000|1777581900000,flip-only,WQTM,CBOE:WQTM,45m,Swing 45m,LONG,Swing Low,2026-04-28 10:45,1777387500000,30.1,Flip Short,2026-04-30 16:45,1777581900000,31.97,328,9872.8,35,593,6.0004,606.77,6.1397,78.75,0.7969,20.36,2026-07-25T00:29:08.232Z
flip-only|WQTM|45m|1778853600000|1779309900000,flip-only,WQTM,CBOE:WQTM,45m,Swing 45m,LONG,Swing Low,2026-05-15 10:00,1778853600000,33.78,Flip Short,2026-05-20 16:45,1779309900000,34.74,310,10471.8,65,276.36,2.6364,287.13,2.7392,583.97,5.571,21.24,2026-07-25T00:29:08.232Z
flip-only|WQTM|45m|1780530300000|1781208000000,flip-only,WQTM,CBOE:WQTM,45m,Swing 45m,LONG,Swing Low,2026-06-03 19:45,1780530300000,39.4,Flip Short,2026-06-11 16:00,1781208000000,36.63,273,10756.2,124,-776.97,-7.2162,158.5,1.4721,1403.06,13.0311,20.76,2026-07-25T00:29:08.232Z
flip-only|WQTM|45m|1781726400000|1781815500000,flip-only,WQTM,CBOE:WQTM,45m,Swing 45m,LONG,Swing Low,2026-06-17 16:00,1781726400000,36.67,Flip Short,2026-06-18 16:45,1781815500000,37.97,272,9974.24,21,333.3,3.3382,343.63,3.4417,9.97,0.0999,20.3,2026-07-25T00:29:08.232Z
flip-only|WTAI|45m|1765554300000|1766178000000,flip-only,WTAI,CBOE:WTAI,45m,Swing 45m,LONG,Swing Low,2025-12-12 10:45,1765554300000,29.45,Flip Short,2025-12-19 16:00,1766178000000,29.32,337,9924.65,59,-63.62,-0.6403,47.37,0.4768,468.24,4.7133,19.81,2026-07-25T00:29:15.153Z
flip-only|WTAI|45m|1767212100000|1767363300000,flip-only,WTAI,CBOE:WTAI,45m,Swing 45m,LONG,Swing Low,2025-12-31 15:15,1767212100000,29.21,Flip Short,2026-01-02 09:15,1767363300000,29.6,339,9902.19,3,112.27,1.1327,230.79,2.3283,33.63,0.3393,19.94,2026-07-25T00:29:15.153Z
flip-only|WTAI|45m|1768413600000|1769094000000,flip-only,WTAI,CBOE:WTAI,45m,Swing 45m,LONG,Swing Low,2026-01-14 13:00,1768413600000,29.84,Flip Short,2026-01-22 10:00,1769094000000,30.15,336,10026.24,50,84,0.837,208.37,2.0762,134.35,1.3386,20.16,2026-07-25T00:29:15.153Z
flip-only|WTAI|45m|1770044400000|1770044400000,flip-only,WTAI,CBOE:WTAI,45m,Swing 45m,LONG,Swing Low,2026-02-02 10:00,1770044400000,30.41,Margin call,2026-02-02 10:00,1770044400000,30.41,1,30.41,0,-0.06,-0.1998,0,0,0.03,0.0999,0.06,2026-07-25T00:29:15.153Z
flip-only|WTAI|45m|1770044400000|1770730200000,flip-only,WTAI,CBOE:WTAI,45m,Swing 45m,LONG,Swing Low,2026-02-02 10:00,1770044400000,30.41,Flip Short,2026-02-10 08:30,1770730200000,29.01,332,10096.12,63,-484.53,-4.7944,328.54,3.2509,810.22,8.017,19.73,2026-07-25T00:29:15.153Z
flip-only|WTAI|45m|1771869600000|1772031600000,flip-only,WTAI,CBOE:WTAI,45m,Swing 45m,LONG,Swing Low,2026-02-23 13:00,1771869600000,29.34,Flip Short,2026-02-25 10:00,1772031600000,30.71,328,9623.52,17,429.66,4.4603,439.74,4.5648,48.98,0.5085,19.7,2026-07-25T00:29:15.153Z
flip-only|WTAI|45m|1772547300000|1773240300000,flip-only,WTAI,CBOE:WTAI,45m,Swing 45m,LONG,Swing Low,2026-03-03 09:15,1772547300000,28.64,Flip Short,2026-03-11 10:45,1773240300000,29.99,347,9938.08,68,448.11,4.5045,486.27,4.8881,284.07,2.8555,20.34,2026-07-25T00:29:15.153Z
flip-only|WTAI|45m|1774614600000|1775592000000,flip-only,WTAI,CBOE:WTAI,45m,Swing 45m,LONG,Swing Low,2026-03-27 08:30,1774614600000,27.85,Flip Short,2026-04-07 16:00,1775592000000,29.41,375,10443.75,69,563.53,5.3904,578.31,5.5318,490.44,4.6914,21.47,2026-07-25T00:29:15.153Z
flip-only|WTAI|45m|1779115500000|1779385500000,flip-only,WTAI,CBOE:WTAI,45m,Swing 45m,LONG,Swing Low,2026-05-18 10:45,1779115500000,39.64,Flip Short,2026-05-21 13:45,1779385500000,41.64,278,11019.92,44,533.4,4.8355,544.98,4.9405,361.3,3.2753,22.6,2026-07-25T00:29:15.153Z
flip-only|WTAI|45m|1780581600000|1780581600000,flip-only,WTAI,CBOE:WTAI,45m,Swing 45m,LONG,Swing Low,2026-06-04 10:00,1780581600000,44.68,Margin call,2026-06-04 10:00,1780581600000,44.68,1,44.68,0,-0.09,-0.1998,0,0,0.04,0.0999,0.09,2026-07-25T00:29:15.153Z
flip-only|WTAI|45m|1780581600000|1781523900000,flip-only,WTAI,CBOE:WTAI,45m,Swing 45m,LONG,Swing Low,2026-06-04 10:00,1780581600000,44.68,Flip Short,2026-06-15 07:45,1781523900000,46.4,259,11572.12,93,421.89,3.6421,433.91,3.7459,1127.86,9.7366,23.59,2026-07-25T00:29:15.153Z
flip-only|WTAI|45m|1782223200000|1782849600000,flip-only,WTAI,CBOE:WTAI,45m,Swing 45m,LONG,Swing Low,2026-06-23 10:00,1782223200000,45.48,Flip Short,2026-06-30 16:00,1782849600000,47.45,264,12006.72,76,495.55,4.1231,782.63,6.5118,590.17,4.9104,24.53,2026-07-25T00:29:15.153Z
flip-only|WTAI|45m|1783006200000|1783929600000,flip-only,WTAI,CBOE:WTAI,45m,Swing 45m,LONG,Swing Low,2026-07-02 11:30,1783006200000,43.05,Flip Short,2026-07-13 04:00,1783929600000,42.71,290,12484.5,61,-123.47,-0.988,553.02,4.4252,586.68,4.6946,24.87,2026-07-25T00:29:15.153Z
flip-only|WTAI|45m|1784126700000|1784734200000,flip-only,WTAI,CBOE:WTAI,45m,Swing 45m,LONG,Swing Low,2026-07-15 10:45,1784126700000,41.62,Flip Short,2026-07-22 11:30,1784734200000,41.74,298,12402.76,62,10.92,0.0879,100.84,0.8122,1123.94,9.053,24.84,2026-07-25T00:29:15.153Z
flip-only|WTAI|45m|1784904300000|1784904300000,flip-only,WTAI,CBOE:WTAI,45m,Swing 45m,LONG,Swing Low,2026-07-24 10:45,1784904300000,39.06,Margin call,2026-07-24 10:45,1784904300000,39.06,1,39.06,0,-0.08,-0.1998,0,0,0.04,0.0999,0.08,2026-07-25T00:29:15.153Z
flip-only|UDOW|45m|1773845100000|1774266300000,flip-only,UDOW,AMEX:UDOW,45m,Swing 45m,LONG,Swing Low,2026-03-18 10:45,1773845100000,51.47,Flip Short,2026-03-23 07:45,1774266300000,50.81,193,9933.71,61,-147.12,-1.4795,161.84,1.6275,880.36,8.8535,19.74,2026-07-25T00:29:30.086Z
flip-only|UDOW|45m|1774555200000|1774976400000,flip-only,UDOW,AMEX:UDOW,45m,Swing 45m,LONG,Swing Low,2026-03-26 16:00,1774555200000,49.09,Flip Short,2026-03-31 13:00,1774976400000,49.4,200,9818,61,42.3,0.4304,330.18,3.3597,593.82,6.0422,19.7,2026-07-25T00:29:30.086Z
flip-only|UDOW|45m|1776069900000|1776156300000,flip-only,UDOW,AMEX:UDOW,45m,Swing 45m,LONG,Swing Low,2026-04-13 04:45,1776069900000,54.37,Flip Short,2026-04-14 04:45,1776156300000,56.57,181,9840.97,22,378.12,3.8385,388.36,3.9424,165.5,1.6801,20.08,2026-07-25T00:29:30.086Z
flip-only|UDOW|45m|1776801600000|1777560300000,flip-only,UDOW,AMEX:UDOW,45m,Swing 45m,LONG,Swing Low,2026-04-21 16:00,1776801600000,59.35,Flip Short,2026-04-30 10:45,1777560300000,60.3,172,10208.2,141,142.82,1.3977,295.95,2.8963,331.85,3.2476,20.58,2026-07-25T00:29:30.086Z
flip-only|UDOW|45m|1777911300000|1778059800000,flip-only,UDOW,AMEX:UDOW,45m,Swing 45m,LONG,Swing Low,2026-05-04 12:15,1777911300000,58.42,Flip Short,2026-05-06 05:30,1778059800000,60.7,177,10340.34,35,382.48,3.6952,439.24,4.2436,29.81,0.288,21.08,2026-07-25T00:29:30.086Z
flip-only|UDOW|45m|1778267700000|1778610600000,flip-only,UDOW,AMEX:UDOW,45m,Swing 45m,LONG,Swing Low,2026-05-08 15:15,1778267700000,60.37,Flip Short,2026-05-12 14:30,1778610600000,61.28,178,10745.86,43,140.33,1.3046,158.35,1.4722,147.81,1.3741,21.65,2026-07-25T00:29:30.086Z
flip-only|UDOW|45m|1778877900000|1779291000000,flip-only,UDOW,AMEX:UDOW,45m,Swing 45m,LONG,Swing Low,2026-05-15 16:45,1778877900000,59.95,Flip Short,2026-05-20 11:30,1779291000000,61.06,182,10910.9,57,180,1.648,327.61,2.9996,205.65,1.8829,22.02,2026-07-25T00:29:30.086Z
flip-only|UDOW|45m|1779976800000|1780063200000,flip-only,UDOW,AMEX:UDOW,45m,Swing 45m,LONG,Swing Low,2026-05-28 10:00,1779976800000,63.92,Flip Short,2026-05-29 10:00,1780063200000,65.11,173,11058.16,22,183.55,1.6582,238.06,2.1507,61.23,0.5531,22.32,2026-07-25T00:29:30.086Z
flip-only|UDOW|45m|1780516800000|1780581600000,flip-only,UDOW,AMEX:UDOW,45m,Swing 45m,LONG,Swing Low,2026-06-03 16:00,1780516800000,64.8,Flip Short,2026-06-04 10:00,1780581600000,67.56,174,11275.2,14,457.21,4.0509,475.92,4.2168,53.04,0.4699,23.03,2026-07-25T00:29:30.086Z
flip-only|UDOW|45m|1780692300000|1781208000000,flip-only,UDOW,AMEX:UDOW,45m,Swing 45m,LONG,Swing Low,2026-06-05 16:45,1780692300000,64.53,Flip Short,2026-06-11 16:00,1781208000000,64.92,182,11744.46,86,47.42,0.4034,390.48,3.3214,699.7,5.9518,23.56,2026-07-25T00:29:30.086Z
flip-only|UDOW|45m|1781726400000|1782315000000,flip-only,UDOW,AMEX:UDOW,45m,Swing 45m,LONG,Swing Low,2026-06-17 16:00,1781726400000,67.56,Flip Short,2026-06-24 11:30,1782315000000,69.92,174,11755.44,79,386.72,3.2864,398.88,3.3898,197.94,1.6821,23.92,2026-07-25T00:29:30.086Z
flip-only|UDOW|45m|1783500300000|1783710900000,flip-only,UDOW,AMEX:UDOW,45m,Swing 45m,LONG,Swing Low,2026-07-08 04:45,1783500300000,70,Flip Short,2026-07-10 15:15,1783710900000,71.47,173,12110,58,229.84,1.896,254.31,2.0979,181.65,1.4985,24.47,2026-07-25T00:29:30.086Z
flip-only|UDOW|45m|1784029500000|1784210400000,flip-only,UDOW,AMEX:UDOW,45m,Swing 45m,LONG,Swing Low,2026-07-14 07:45,1784029500000,69.21,Flip Short,2026-07-16 10:00,1784210400000,71.19,179,12388.59,44,329.29,2.6553,485.23,3.9128,12.39,0.0999,25.13,2026-07-25T00:29:30.086Z
flip-only|UDOW|45m|1784277900000|1784728800000,flip-only,UDOW,AMEX:UDOW,45m,Swing 45m,LONG,Swing Low,2026-07-17 04:45,1784277900000,69.31,Flip Short,2026-07-22 10:00,1784728800000,70.18,183,12683.73,69,133.68,1.0529,296.59,2.336,290.84,2.2908,25.53,2026-07-25T00:29:30.086Z
flip-only|FAS|45m|1772806500000|1773669600000,flip-only,FAS,AMEX:FAS,45m,Swing 45m,LONG,Swing Low,2026-03-06 09:15,1772806500000,126.96,Flip Short,2026-03-16 10:00,1773669600000,119.95,78,9902.88,126,-566.04,-5.7102,100.08,1.0096,1096.44,11.0609,19.26,2026-07-25T00:29:34.939Z
flip-only|FAS|45m|1773861300000|1774042200000,flip-only,FAS,AMEX:FAS,45m,Swing 45m,LONG,Swing Low,2026-03-18 15:15,1773861300000,116.54,Flip Short,2026-03-20 17:30,1774042200000,118.5,80,9323.2,46,138,1.4787,271.48,2.9089,361.32,3.8717,18.8,2026-07-25T00:29:34.939Z
flip-only|FAS|45m|1774611900000|1774976400000,flip-only,FAS,AMEX:FAS,45m,Swing 45m,LONG,Swing Low,2026-03-27 07:45,1774611900000,115.9,Flip Short,2026-03-31 13:00,1774976400000,117.23,82,9503.8,50,89.94,0.9454,220.1,2.3136,747.5,7.8575,19.12,2026-07-25T00:29:34.939Z
flip-only|FAS|45m|1775829600000|1775829600000,flip-only,FAS,AMEX:FAS,45m,Swing 45m,LONG,Swing Low,2026-04-10 10:00,1775829600000,128.79,Margin call,2026-04-10 10:00,1775829600000,128.79,1,128.79,0,-0.26,-0.1998,0,0,0.13,0.0999,0.26,2026-07-25T00:29:34.939Z
flip-only|FAS|45m|1775829600000|1776110400000,flip-only,FAS,AMEX:FAS,45m,Swing 45m,LONG,Swing Low,2026-04-10 10:00,1775829600000,128.79,Flip Short,2026-04-13 16:00,1776110400000,134.38,74,9530.46,27,394.19,4.1319,438.17,4.593,346.97,3.637,19.47,2026-07-25T00:29:34.939Z
flip-only|FAS|45m|1776877200000|1777374000000,flip-only,FAS,AMEX:FAS,45m,Swing 45m,LONG,Swing Low,2026-04-22 13:00,1776877200000,138.6,Flip Short,2026-04-28 07:00,1777374000000,137.2,72,9979.2,70,-120.66,-1.2079,44.74,0.4479,521.18,5.2174,19.86,2026-07-25T00:29:34.939Z
flip-only|FAS|45m|1777538700000|1777638600000,flip-only,FAS,AMEX:FAS,45m,Swing 45m,LONG,Swing Low,2026-04-30 04:45,1777538700000,133.79,Flip Short,2026-05-01 08:30,1777638600000,139.39,73,9766.67,25,388.86,3.9775,431.88,4.4176,238.26,2.4371,19.94,2026-07-25T00:29:34.939Z
flip-only|FAS|45m|1777989600000|1778076000000,flip-only,FAS,AMEX:FAS,45m,Swing 45m,LONG,Swing Low,2026-05-05 10:00,1777989600000,133.44,Flip Short,2026-05-06 10:00,1778076000000,137.5,77,10274.88,22,291.76,2.8367,355.48,3.4562,89.58,0.871,20.86,2026-07-25T00:29:34.939Z
flip-only|FAS|45m|1778248800000|1779112800000,flip-only,FAS,AMEX:FAS,45m,Swing 45m,LONG,Swing Low,2026-05-08 10:00,1778248800000,130.96,Flip Short,2026-05-18 10:00,1779112800000,133.6,80,10476.8,118,190.04,1.8121,223.12,2.1276,327.28,3.1207,21.16,2026-07-25T00:29:34.939Z
flip-only|FAS|45m|1779285600000|1779388200000,flip-only,FAS,AMEX:FAS,45m,Swing 45m,LONG,Swing Low,2026-05-20 10:00,1779285600000,129.38,Flip Short,2026-05-21 14:30,1779388200000,134.09,83,10738.54,25,369.06,3.4334,382.68,3.5601,83.78,0.7794,21.87,2026-07-25T00:29:34.939Z
flip-only|FAS|45m|1779890400000|1780581600000,flip-only,FAS,AMEX:FAS,45m,Swing 45m,LONG,Swing Low,2026-05-27 10:00,1779890400000,131.96,Flip Short,2026-06-04 10:00,1780581600000,134.88,84,11084.64,111,222.87,2.0086,261.08,2.3529,692.32,6.2396,22.41,2026-07-25T00:29:34.939Z
flip-only|FAS|45m|1780992000000|1781013600000,flip-only,FAS,AMEX:FAS,45m,Swing 45m,LONG,Swing Low,2026-06-09 04:00,1780992000000,134.78,Flip Short,2026-06-09 10:00,1781013600000,139.21,84,11321.52,6,349.1,3.0805,379.28,3.3467,11.32,0.0999,23.02,2026-07-25T00:29:34.939Z
flip-only|FAS|45m|1781802000000|1782315000000,flip-only,FAS,AMEX:FAS,45m,Swing 45m,LONG,Swing Low,2026-06-18 13:00,1781802000000,147.29,Flip Short,2026-06-24 11:30,1782315000000,151.63,79,11635.91,48,319.25,2.7409,331.22,2.8437,160.95,1.3818,23.61,2026-07-25T00:29:34.939Z
flip-only|FAS|45m|1782417600000|1782914400000,flip-only,FAS,AMEX:FAS,45m,Swing 45m,LONG,Swing Low,2026-06-25 16:00,1782417600000,146.2,Flip Short,2026-07-01 10:00,1782914400000,151.02,82,11988.4,58,370.87,3.0905,390.63,3.2552,183.37,1.528,24.37,2026-07-25T00:29:34.939Z
flip-only|FAS|45m|1783519200000|1783951200000,flip-only,FAS,AMEX:FAS,45m,Swing 45m,LONG,Swing Low,2026-07-08 10:00,1783519200000,161.37,Flip Short,2026-07-13 10:00,1783951200000,166.75,76,12264.12,54,383.94,3.1275,491.62,4.0046,291.18,2.3719,24.94,2026-07-25T00:29:34.939Z
flip-only|FAS|45m|1784313000000|1784907000000,flip-only,FAS,AMEX:FAS,45m,Swing 45m,LONG,Swing Low,2026-07-17 14:30,1784313000000,168.42,Flip Short,2026-07-24 11:30,1784907000000,169.11,76,12799.92,77,26.79,0.2091,122.48,0.9559,545.56,4.258,25.65,2026-07-25T00:29:34.939Z
flip-only|TD|45m|1762287300000|1762878600000,flip-only,TD,TSX:TD,45m,Swing 45m,LONG,Swing Low,2025-11-04 15:15,1762287300000,113.69,Flip Short,2025-11-11 11:30,1762878600000,114.51,87,9891.03,46,51.49,0.52,75.37,0.7612,134.3,1.3564,19.85,2026-07-25T00:29:39.936Z
flip-only|TD|45m|1765986300000|1766070000000,flip-only,TD,TSX:TD,45m,Swing 45m,LONG,Swing Low,2025-12-17 10:45,1765986300000,125,Flip Short,2025-12-18 10:00,1766070000000,127.85,80,10000,9,207.77,2.0756,218,2.1778,40.4,0.4036,20.23,2026-07-25T00:29:39.936Z
flip-only|TD|45m|1767970800000|1769439600000,flip-only,TD,TSX:TD,45m,Swing 45m,LONG,Swing Low,2026-01-09 10:00,1767970800000,129.9,Flip Short,2026-01-26 10:00,1769439600000,130.84,78,10132.2,110,52.98,0.5224,138.85,1.369,156.77,1.5457,20.34,2026-07-25T00:29:39.936Z
flip-only|TD|45m|1769615100000|1770217200000,flip-only,TD,TSX:TD,45m,Swing 45m,LONG,Swing Low,2026-01-28 10:45,1769615100000,128.66,Flip Short,2026-02-04 10:00,1770217200000,130.66,80,10292.8,49,139.25,1.3516,177.71,1.7248,187.89,1.8237,20.75,2026-07-25T00:29:39.936Z
flip-only|TD|45m|1770930000000|1771615800000,flip-only,TD,TSX:TD,45m,Swing 45m,LONG,Swing Low,2026-02-12 16:00,1770930000000,130.18,Flip Short,2026-02-20 14:30,1771615800000,132.21,80,10414.4,48,141.41,1.3565,156.79,1.504,199.21,1.911,20.99,2026-07-25T00:29:39.936Z
flip-only|TD|45m|1772809200000|1773756000000,flip-only,TD,TSX:TD,45m,Swing 45m,LONG,Swing Low,2026-03-06 10:00,1772809200000,129.71,Flip Short,2026-03-17 10:00,1773756000000,131.68,81,10506.51,70,138.4,1.3159,154.73,1.4713,239.74,2.2795,21.17,2026-07-25T00:29:39.936Z
flip-only|TD|45m|1774017900000|1774536300000,flip-only,TD,TSX:TD,45m,Swing 45m,LONG,Swing Low,2026-03-20 10:45,1774017900000,126.51,Flip Short,2026-03-26 10:45,1774536300000,130.39,84,10626.84,40,304.34,2.861,358.13,3.3667,76.15,0.7158,21.58,2026-07-25T00:29:39.936Z
flip-only|TD|45m|1780065900000|1780584300000,flip-only,TD,TSX:TD,45m,Swing 45m,LONG,Swing Low,2026-05-29 10:45,1780065900000,153.93,Flip Short,2026-06-04 10:45,1780584300000,158.07,71,10929.03,39,271.79,2.4844,283.72,2.5934,90.45,0.8268,22.15,2026-07-25T00:29:39.936Z
flip-only|TD|45m|1783014300000|1784040300000,flip-only,TD,TSX:TD,45m,Swing 45m,LONG,Swing Low,2026-07-02 13:45,1783014300000,168.66,Flip Short,2026-07-14 10:45,1784040300000,172.64,66,11131.56,76,240.15,2.1553,297.75,2.6721,162.27,1.4563,22.53,2026-07-25T00:29:39.936Z
flip-only|SBIN|45m|1763979300000|1764130500000,flip-only,SBIN,BSE:SBIN,45m,Swing 45m,LONG,Swing Low,2025-11-24 05:15,1763979300000,970.3,Flip Short,2025-11-25 23:15,1764130500000,993,10,9703,12,207.37,2.135,217.3,2.2372,9.7,0.0999,19.63,2026-07-25T00:29:53.137Z
flip-only|SBIN|45m|1764667800000|1765780200000,flip-only,SBIN,BSE:SBIN,45m,Swing 45m,LONG,Swing Low,2025-12-02 04:30,1764667800000,966.35,Flip Short,2025-12-15 01:30,1765780200000,968.2,10,9663.5,85,-0.85,-0.0087,54.84,0.5669,232.16,2.4001,19.35,2026-07-25T00:29:53.137Z
flip-only|SBIN|45m|1766563200000|1767154500000,flip-only,SBIN,BSE:SBIN,45m,Swing 45m,LONG,Swing Low,2025-12-24 03:00,1766563200000,969.9,Flip Short,2025-12-30 23:15,1767154500000,975.7,10,9699,34,38.54,0.397,71.3,0.7344,115.2,1.1866,19.46,2026-07-25T00:29:53.137Z
flip-only|SBIN|45m|1769930100000|1770092100000,flip-only,SBIN,BSE:SBIN,45m,Swing 45m,LONG,Swing Low,2026-02-01 02:15,1769930100000,1044.2,Flip Short,2026-02-02 23:15,1770092100000,1044,9,9397.8,16,-20.59,-0.2189,402.8,4.2819,497.2,5.2853,18.79,2026-07-25T00:29:53.137Z
flip-only|SBIN|45m|1772009100000|1773980100000,flip-only,SBIN,BSE:SBIN,45m,Swing 45m,LONG,Swing Low,2026-02-25 03:45,1772009100000,1199.8,Flip Short,2026-03-20 00:15,1773980100000,1082.85,8,9598.4,154,-953.86,-9.9278,112,1.1657,1319.6,13.7344,18.26,2026-07-25T00:29:53.137Z
flip-only|SBIN|45m|1774239300000|1775621700000,flip-only,SBIN,BSE:SBIN,45m,Swing 45m,LONG,Swing Low,2026-03-23 00:15,1774239300000,1027.85,Flip Short,2026-04-08 00:15,1775621700000,1072.1,9,9250.65,90,379.35,4.0967,446.6,4.8229,474.1,5.1199,18.9,2026-07-25T00:29:53.137Z
flip-only|SBIN|45m|1777522500000|1778127300000,flip-only,SBIN,BSE:SBIN,45m,Swing 45m,LONG,Swing Low,2026-04-30 00:15,1777522500000,1075.4,Flip Short,2026-05-07 00:15,1778127300000,1098.8,8,8603.2,38,169.81,1.9718,259.8,3.0168,215.8,2.5059,17.39,2026-07-25T00:29:53.137Z
flip-only|SBIN|45m|1778229900000|1779682500000,flip-only,SBIN,BSE:SBIN,45m,Swing 45m,LONG,Swing Low,2026-05-08 04:45,1778229900000,1021.45,Flip Short,2026-05-25 00:15,1779682500000,960.1,9,9193.05,104,-569.98,-6.194,100.61,1.0933,797.59,8.6674,17.83,2026-07-25T00:29:53.137Z
flip-only|SBIN|45m|1780373700000|1780549200000,flip-only,SBIN,BSE:SBIN,45m,Swing 45m,LONG,Swing Low,2026-06-02 00:15,1780373700000,948,Flip Short,2026-06-04 01:00,1780549200000,982.85,9,8532,21,296.27,3.469,313.22,3.6674,105.28,1.2327,17.38,2026-07-25T00:29:53.137Z
flip-only|SBIN|45m|1783484100000|1784280600000,flip-only,SBIN,BSE:SBIN,45m,Swing 45m,LONG,Swing Low,2026-07-08 00:15,1783484100000,1024.7,Flip Short,2026-07-17 05:30,1784280600000,1044.25,9,9222.3,76,157.33,1.7043,200.48,2.1717,129.37,1.4014,18.62,2026-07-25T00:29:53.137Z
flip-only|EWO|45m|1748006100000|1748354400000,flip-only,EWO,AMEX:EWO,45m,Swing 45m,LONG,Swing Low,2025-05-23 09:15,1748006100000,28.21,Flip Short,2025-05-27 10:00,1748354400000,29.2,338,9534.98,7,315.22,3.3026,385.93,4.0434,9.53,0.0999,19.4,2026-07-27T19:18:38.208Z
flip-only|EWO|45m|1753967700000|1754583300000,flip-only,EWO,AMEX:EWO,45m,Swing 45m,LONG,Swing Low,2025-07-31 09:15,1753967700000,29.5,Flip Short,2025-08-07 12:15,1754583300000,31,337,9941.5,32,485.11,4.8748,566.33,5.6909,178.44,1.7931,20.39,2026-07-27T19:18:38.208Z
flip-only|EWO|45m|1759238100000|1759329900000,flip-only,EWO,AMEX:EWO,45m,Swing 45m,LONG,Swing Low,2025-09-30 09:15,1759238100000,30.98,Flip Short,2025-10-01 10:45,1759329900000,31.32,340,10533.2,6,94.42,0.8955,125.47,1.19,34.33,0.3256,21.18,2026-07-27T19:18:38.208Z
flip-only|EWO|45m|1761916500000|1761921900000,flip-only,EWO,AMEX:EWO,45m,Swing 45m,LONG,Swing Low,2025-10-31 09:15,1761916500000,31.4,Flip Short,2025-10-31 10:45,1761921900000,31.37,339,10644.6,1,-31.45,-0.2952,0,0,20.81,0.1953,21.28,2026-07-27T19:18:38.208Z
flip-only|EWO|45m|1781013600000|1781251200000,flip-only,EWO,AMEX:EWO,45m,Swing 45m,LONG,Swing Low,2026-06-09 10:00,1781013600000,40.67,Flip Short,2026-06-12 04:00,1781251200000,41.5,250,10167.5,14,186.96,1.8369,197.33,1.9389,262.67,2.5808,20.54,2026-07-27T19:18:38.208Z
flip-only|WQTM|45m|1770994800000|1772031600000,flip-only,WQTM,CBOE:WQTM,45m,Swing 45m,LONG,Swing Low,2026-02-13 10:00,1770994800000,26.64,Flip Short,2026-02-25 10:00,1772031600000,27.03,372,9910.08,70,125.11,1.2612,142.61,1.4376,340.99,3.4374,19.97,2026-07-27T19:18:44.233Z
flip-only|WQTM|45m|1774881900000|1775481300000,flip-only,WQTM,CBOE:WQTM,45m,Swing 45m,LONG,Swing Low,2026-03-30 10:45,1774881900000,23.66,Flip Short,2026-04-06 09:15,1775481300000,25.31,405,9582.3,32,648.42,6.7601,674.87,7.0358,183.73,1.9155,19.83,2026-07-27T19:18:44.233Z
flip-only|WQTM|45m|1778197500000|1778494500000,flip-only,WQTM,CBOE:WQTM,45m,Swing 45m,LONG,Swing Low,2026-05-07 19:45,1778197500000,33.43,Flip Short,2026-05-11 06:15,1778494500000,34.64,327,10931.61,21,373.41,3.4125,698.66,6.3848,112.3,1.0263,22.26,2026-07-27T19:18:44.233Z
flip-only|WQTM|45m|1782223200000|1782809100000,flip-only,WQTM,CBOE:WQTM,45m,Swing 45m,LONG,Swing Low,2026-06-23 10:00,1782223200000,38.22,Flip Short,2026-06-30 04:45,1782809100000,37.3,287,10969.14,95,-285.71,-2.6021,60.78,0.5536,840.4,7.6538,21.67,2026-07-27T19:18:44.233Z
flip-only|WQTM|45m|1782984600000|1784642400000,flip-only,WQTM,CBOE:WQTM,45m,Swing 45m,LONG,Swing Low,2026-07-02 05:30,1782984600000,36.91,Flip Short,2026-07-21 10:00,1784642400000,31.83,294,10851.54,234,-1513.73,-13.9355,162.61,1.497,1998.29,18.3964,20.21,2026-07-27T19:18:44.233Z
flip-only|WTAI|45m|1767614400000|1767625200000,flip-only,WTAI,CBOE:WTAI,45m,Swing 45m,LONG,Swing Low,2026-01-05 07:00,1767614400000,29.83,Flip Short,2026-01-05 10:00,1767625200000,29.86,329,9814.07,2,-9.77,-0.0994,46.12,0.4694,13.1,0.1334,19.64,2026-07-27T19:18:47.249Z
flip-only|WTAI|45m|1771337700000|1771602300000,flip-only,WTAI,CBOE:WTAI,45m,Swing 45m,LONG,Swing Low,2026-02-17 09:15,1771337700000,29.7,Flip Short,2026-02-20 10:45,1771602300000,30.31,315,9355.5,34,173.25,1.85,207.99,2.221,141.66,1.5126,18.9,2026-07-27T19:18:47.249Z
flip-only|WTAI|45m|1774028700000|1774611900000,flip-only,WTAI,CBOE:WTAI,45m,Swing 45m,LONG,Swing Low,2026-03-20 13:45,1774028700000,29.01,Flip Short,2026-03-27 07:45,1774611900000,28.03,349,10124.49,51,-361.93,-3.5712,604.12,5.9609,352.14,3.4747,19.91,2026-07-27T19:18:47.249Z
flip-only|UDOW|45m|1784809800000|1785141900000,flip-only,UDOW,AMEX:UDOW,45m,Swing 45m,LONG,Swing Low,2026-07-23 08:30,1784809800000,67.6,Flip Short,2026-07-27 04:45,1785141900000,70.07,178,12032.8,39,415.15,3.4467,427.63,3.5503,181.13,1.5038,24.51,2026-07-27T19:18:53.305Z
flip-only|DRN|45m|1765913400000|1766591100000,flip-only,DRN,AMEX:DRN,45m,Swing 45m,LONG,Swing Low,2025-12-16 14:30,1765913400000,8.49,Flip Short,2025-12-24 10:45,1766591100000,8.56,1124,9542.76,68,59.52,0.6231,248.98,2.6065,335.5,3.5123,19.16,2026-07-27T19:19:08.761Z
flip-only|DRN|45m|1767366000000|1767741300000,flip-only,DRN,AMEX:DRN,45m,Swing 45m,LONG,Swing Low,2026-01-02 10:00,1767366000000,8.37,Flip Short,2026-01-06 18:15,1767741300000,8.71,1137,9516.69,35,367.16,3.8542,468.02,4.913,77.74,0.816,19.42,2026-07-27T19:19:08.761Z
flip-only|DRN|45m|1767873600000|1768332600000,flip-only,DRN,AMEX:DRN,45m,Swing 45m,LONG,Swing Low,2026-01-08 07:00,1767873600000,8.29,Flip Short,2026-01-13 14:30,1768332600000,8.82,1192,9881.68,50,611.36,6.1807,621.88,6.287,105.24,1.064,20.4,2026-07-27T19:19:08.761Z
flip-only|DRN|45m|1769015700000|1770030900000,flip-only,DRN,AMEX:DRN,45m,Swing 45m,LONG,Swing Low,2026-01-21 12:15,1769015700000,9.08,Flip Short,2026-02-02 06:15,1770030900000,9.1,1157,10505.56,93,2.11,0.02,232.46,2.2106,484.88,4.6108,21.03,2026-07-27T19:19:08.761Z
flip-only|DRN|45m|1770136200000|1770233400000,flip-only,DRN,AMEX:DRN,45m,Swing 45m,LONG,Swing Low,2026-02-03 11:30,1770136200000,8.58,Flip Short,2026-02-04 14:30,1770233400000,9.2,1218,10450.44,17,733.5,7.0119,744.71,7.119,95.71,0.9149,21.66,2026-07-27T19:19:08.761Z
flip-only|DRN|45m|1772550000000|1773761400000,flip-only,DRN,AMEX:DRN,45m,Swing 45m,LONG,Swing Low,2026-03-03 10:00,1772550000000,10.08,Flip Short,2026-03-17 11:30,1773761400000,9.95,1109,11178.72,122,-166.38,-1.4869,609.86,5.4501,876.2,7.8303,22.21,2026-07-27T19:19:08.761Z
flip-only|DRN|45m|1773864000000|1774973700000,flip-only,DRN,AMEX:DRN,45m,Swing 45m,LONG,Swing Low,2026-03-18 16:00,1773864000000,9.3,Flip Short,2026-03-31 12:15,1774973700000,8.53,1184,11011.2,105,-932.79,-8.4628,71.87,0.652,1491.01,13.5273,21.11,2026-07-27T19:19:08.761Z
flip-only|DRN|45m|1776869100000|1777563000000,flip-only,DRN,AMEX:DRN,45m,Swing 45m,LONG,Swing Low,2026-04-22 10:45,1776869100000,10.41,Flip Short,2026-04-30 11:30,1777563000000,10.72,969,10087.29,76,279.92,2.7722,367.82,3.6428,397.69,3.9385,20.47,2026-07-27T19:19:08.761Z
flip-only|DRN|45m|1778680800000|1779304500000,flip-only,DRN,AMEX:DRN,45m,Swing 45m,LONG,Swing Low,2026-05-13 10:00,1778680800000,10.67,Flip Short,2026-05-20 15:15,1779304500000,10.79,971,10360.57,64,95.68,0.9226,125.58,1.2109,758.03,7.3092,20.84,2026-07-27T19:19:08.761Z
flip-only|DRN|45m|1780063200000|1780608600000,flip-only,DRN,AMEX:DRN,45m,Swing 45m,LONG,Swing Low,2026-05-29 10:00,1780063200000,10.45,Flip Short,2026-06-04 17:30,1780608600000,10.65,1009,10544.05,58,180.51,1.7103,292.16,2.768,626.03,5.9314,21.29,2026-07-27T19:19:08.761Z
flip-only|DRN|45m|1781704800000|1782293400000,flip-only,DRN,AMEX:DRN,45m,Swing 45m,LONG,Swing Low,2026-06-17 10:00,1781704800000,10.97,Flip Short,2026-06-24 05:30,1782293400000,11.09,969,10629.93,51,94.9,0.8919,115.34,1.084,747.07,7.021,21.38,2026-07-27T19:19:08.761Z
flip-only|DRN|45m|1782828000000|1783432800000,flip-only,DRN,AMEX:DRN,45m,Swing 45m,LONG,Swing Low,2026-06-30 10:00,1782828000000,10.57,Flip Short,2026-07-07 10:00,1783432800000,11.1,1016,10739.12,51,516.46,4.8044,568.38,5.2873,81.86,0.7615,22.02,2026-07-27T19:19:08.761Z
flip-only|DRN|45m|1783543500000|1784126700000,flip-only,DRN,AMEX:DRN,45m,Swing 45m,LONG,Swing Low,2026-07-08 16:45,1783543500000,10.6,Flip Short,2026-07-15 10:45,1784126700000,11.11,1061,11246.6,52,518.08,4.6019,625.35,5.5548,106.74,0.9481,23.03,2026-07-27T19:19:08.761Z
flip-only|DRN|45m|1784753100000|1784901600000,flip-only,DRN,AMEX:DRN,45m,Swing 45m,LONG,Swing Low,2026-07-22 16:45,1784753100000,11.19,Flip Short,2026-07-24 10:00,1784901600000,11.81,1052,11771.88,13,628.04,5.3298,640.47,5.4352,201.13,1.7069,24.2,2026-07-27T19:19:08.761Z
flip-only|LABU|45m|1773842400000|1774447200000,flip-only,LABU,AMEX:LABU,45m,Swing 45m,LONG,Swing Low,2026-03-18 10:00,1773842400000,149.19,Flip Short,2026-03-25 10:00,1774447200000,153.4,63,9398.97,100,246.17,2.6165,309.38,3.2884,906.52,9.6352,19.06,2026-07-29T13:50:26.149Z
flip-only|LABU|45m|1774630800000|1774965600000,flip-only,LABU,AMEX:LABU,45m,Swing 45m,LONG,Swing Low,2026-03-27 13:00,1774630800000,141.31,Flip Short,2026-03-31 10:00,1774965600000,162,68,9609.08,38,1386.29,14.4125,1410.91,14.6684,508.05,5.2819,20.63,2026-07-29T13:50:26.149Z
flip-only|LABU|45m|1775837700000|1776088800000,flip-only,LABU,AMEX:LABU,45m,Swing 45m,LONG,Swing Low,2026-04-10 12:15,1775837700000,171.22,Flip Short,2026-04-13 10:00,1776088800000,186.48,64,10958.08,15,953.75,8.6949,975.92,8.8971,202.32,1.8444,22.89,2026-07-29T13:50:26.149Z
flip-only|LABU|45m|1776796200000|1777903200000,flip-only,LABU,AMEX:LABU,45m,Swing 45m,LONG,Swing Low,2026-04-21 14:30,1776796200000,199.76,Flip Short,2026-05-04 10:00,1777903200000,184.58,59,11785.84,179,-918.3,-7.7837,562.87,4.7711,2151.13,18.2335,22.68,2026-07-29T13:50:26.149Z
flip-only|LABU|45m|1778173200000|1778510700000,flip-only,LABU,AMEX:LABU,45m,Swing 45m,LONG,Swing Low,2026-05-07 13:00,1778173200000,179.74,Flip Short,2026-05-11 10:45,1778510700000,201.07,61,10964.14,38,1277.9,11.6436,1462.8,13.3283,115.88,1.0559,23.23,2026-07-29T13:50:26.149Z
flip-only|LABU|45m|1778605200000|1778761800000,flip-only,LABU,AMEX:LABU,45m,Swing 45m,LONG,Swing Low,2026-05-12 13:00,1778605200000,185.1,Flip Short,2026-05-14 08:30,1778761800000,197.18,66,12216.6,34,772.05,6.3134,819.38,6.7004,12.22,0.0999,25.23,2026-07-29T13:50:26.149Z
flip-only|LABU|45m|1778850900000|1779299100000,flip-only,LABU,AMEX:LABU,45m,Swing 45m,LONG,Swing Low,2026-05-15 09:15,1778850900000,184.02,Flip Short,2026-05-20 13:45,1779299100000,174,70,12881.4,64,-726.46,-5.634,29.12,0.2258,2338.98,18.1397,25.06,2026-07-29T13:50:26.149Z
flip-only|LABU|45m|1780325100000|1780584300000,flip-only,LABU,AMEX:LABU,45m,Swing 45m,LONG,Swing Low,2026-06-01 10:45,1780325100000,178,Flip Short,2026-06-04 10:45,1780584300000,180.36,69,12282,61,138.11,1.1234,588.02,4.7829,1533.04,12.4696,24.73,2026-07-29T13:50:26.149Z
flip-only|LABU|45m|1780940700000|1781100000000,flip-only,LABU,AMEX:LABU,45m,Swing 45m,LONG,Swing Low,2026-06-08 13:45,1780940700000,158.83,Flip Short,2026-06-10 10:00,1781100000000,176.91,78,12388.74,38,1384.05,11.1607,1503.15,12.1211,252.63,2.0371,26.19,2026-07-29T13:50:26.149Z
flip-only|LABU|45m|1782938700000|1783003500000,flip-only,LABU,AMEX:LABU,45m,Swing 45m,LONG,Swing Low,2026-07-01 16:45,1782938700000,280.8,Flip Short,2026-07-02 10:45,1783003500000,294.5,49,13759.2,14,643.11,4.6694,1174.98,8.5311,101.96,0.7403,28.19,2026-07-29T13:50:26.149Z
flip-only|LABU|45m|1783692000000|1784556000000,flip-only,LABU,AMEX:LABU,45m,Swing 45m,LONG,Swing Low,2026-07-10 10:00,1783692000000,294.59,Flip Short,2026-07-20 10:00,1784556000000,265.8,48,14140.32,124,-1408.82,-9.9532,81.86,0.5783,2611.9,18.4528,26.9,2026-07-29T13:50:26.149Z
flip-only|LABU|45m|1784812500000|1785160800000,flip-only,LABU,AMEX:LABU,45m,Swing 45m,LONG,Swing Low,2026-07-23 09:15,1784812500000,245.1,Flip Short,2026-07-27 10:00,1785160800000,261.51,53,12990.3,39,842.88,6.482,935.71,7.1959,283.29,2.1786,26.85,2026-07-29T13:50:26.149Z
flip-only|ABNB|45m|1771858800000|1772031600000,flip-only,ABNB,NASDAQ:ABNB,45m,Swing 45m,LONG,Swing Low,2026-02-23 10:00,1771858800000,121.35,Flip Short,2026-02-25 10:00,1772031600000,128.94,78,9465.3,32,572.5,6.0423,582.55,6.1485,118.67,1.2524,19.52,2026-07-29T13:50:43.600Z
flip-only|ABNB|45m|1772455500000|1772636400000,flip-only,ABNB,NASDAQ:ABNB,45m,Swing 45m,LONG,Swing Low,2026-03-02 07:45,1772455500000,131.36,Flip Short,2026-03-04 10:00,1772636400000,136.25,76,9983.36,44,351.3,3.5154,373.82,3.7407,201.5,2.0164,20.34,2026-07-29T13:50:43.600Z
flip-only|ABNB|45m|1772809200000|1773756000000,flip-only,ABNB,NASDAQ:ABNB,45m,Swing 45m,LONG,Swing Low,2026-03-06 10:00,1772809200000,131.45,Flip Short,2026-03-17 10:00,1773756000000,132.78,78,10253.1,127,83.13,0.81,229.99,2.2409,464.99,4.5306,20.61,2026-07-29T13:50:43.600Z
flip-only|ABNB|45m|1774015200000|1774279800000,flip-only,ABNB,NASDAQ:ABNB,45m,Swing 45m,LONG,Swing Low,2026-03-20 10:00,1774015200000,128.38,Flip Short,2026-03-23 11:30,1774279800000,133.01,81,10398.78,20,353.86,3.3995,447.25,4.2967,120.56,1.1582,21.17,2026-07-29T13:50:43.600Z
flip-only|ABNB|45m|1774620000000|1775043900000,flip-only,ABNB,NASDAQ:ABNB,45m,Swing 45m,LONG,Swing Low,2026-03-27 10:00,1774620000000,126.12,Flip Short,2026-04-01 07:45,1775043900000,127.4,85,10720.2,50,87.25,0.8131,99.78,0.9298,349.02,3.2525,21.55,2026-07-29T13:50:43.600Z
flip-only|ABNB|45m|1775138400000|1775602800000,flip-only,ABNB,NASDAQ:ABNB,45m,Swing 45m,LONG,Swing Low,2026-04-02 10:00,1775138400000,122.35,Flip Short,2026-04-07 19:00,1775602800000,127.7,88,10766.8,44,448.8,4.1642,460.03,4.2684,40.69,0.3775,22,2026-07-29T13:50:43.600Z
flip-only|ABNB|45m|1776952800000|1777644000000,flip-only,ABNB,NASDAQ:ABNB,45m,Swing 45m,LONG,Swing Low,2026-04-23 10:00,1776952800000,141.61,Flip Short,2026-05-01 10:00,1777644000000,142.81,79,11187.19,102,72.33,0.6459,151.55,1.3533,620.28,5.539,22.47,2026-07-29T13:50:43.600Z
flip-only|ABNB|45m|1777989600000|1779112800000,flip-only,ABNB,NASDAQ:ABNB,45m,Swing 45m,LONG,Swing Low,2026-05-05 10:00,1777989600000,138.93,Flip Short,2026-05-18 10:00,1779112800000,136.44,81,11253.33,169,-223.99,-1.9885,877.32,7.7883,734.58,6.5212,22.3,2026-07-29T13:50:43.600Z
flip-only|ABNB|45m|1779207300000|1780071300000,flip-only,ABNB,NASDAQ:ABNB,45m,Swing 45m,LONG,Swing Low,2026-05-19 12:15,1779207300000,130.88,Flip Short,2026-05-29 12:15,1780071300000,135.03,85,11124.8,122,330.15,2.9647,461.48,4.144,238.92,2.1455,22.6,2026-07-29T13:50:43.600Z
flip-only|ABNB|45m|1780408800000|1781513100000,flip-only,ABNB,NASDAQ:ABNB,45m,Swing 45m,LONG,Swing Low,2026-06-02 10:00,1780408800000,132.24,Flip Short,2026-06-15 04:45,1781513100000,133.54,86,11372.64,151,88.94,0.7813,419.49,3.6849,436.21,3.8318,22.86,2026-07-29T13:50:43.600Z
flip-only|ABNB|45m|1782136800000|1782309600000,flip-only,ABNB,NASDAQ:ABNB,45m,Swing 45m,LONG,Swing Low,2026-06-22 10:00,1782136800000,141.49,Flip Short,2026-06-24 10:00,1782309600000,143.57,81,11460.69,35,145.39,1.2673,238.83,2.0818,300.63,2.6205,23.09,2026-07-29T13:50:43.600Z
flip-only|ABNB|45m|1783519200000|1783697400000,flip-only,ABNB,NASDAQ:ABNB,45m,Swing 45m,LONG,Swing Low,2026-07-08 10:00,1783519200000,142.98,Flip Short,2026-07-10 11:30,1783697400000,148.76,81,11581.38,37,444.55,3.8346,501.15,4.3229,179.25,1.5462,23.63,2026-07-29T13:50:43.600Z
flip-only|ABNB|45m|1784556000000|1785160800000,flip-only,ABNB,NASDAQ:ABNB,45m,Swing 45m,LONG,Swing Low,2026-07-20 10:00,1784556000000,144.98,Flip Short,2026-07-27 10:00,1785160800000,144.56,83,12033.34,76,-58.89,-0.4889,124.92,1.0371,778.95,6.4668,24.03,2026-07-29T13:50:43.600Z
flip-only|KRYS|45m|1765986300000|1766418300000,flip-only,KRYS,NASDAQ:KRYS,45m,Swing 45m,LONG,Swing Low,2025-12-17 10:45,1765986300000,236.21,Flip Short,2025-12-22 10:45,1766418300000,246.69,40,9448.4,29,399.88,4.2281,444.15,4.6961,181.45,1.9185,19.32,2026-07-29T13:50:46.642Z
flip-only|KRYS|45m|1767125700000|1767711600000,flip-only,KRYS,NASDAQ:KRYS,45m,Swing 45m,LONG,Swing Low,2025-12-30 15:15,1767125700000,247.38,Flip Short,2026-01-06 10:00,1767711600000,252.18,39,9647.82,34,167.72,1.7367,450.55,4.6653,472.58,4.8934,19.48,2026-07-29T13:50:46.642Z
flip-only|KRYS|45m|1769526000000|1770044400000,flip-only,KRYS,NASDAQ:KRYS,45m,Swing 45m,LONG,Swing Low,2026-01-27 10:00,1769526000000,277.23,Flip Short,2026-02-02 10:00,1770044400000,283.15,36,9980.28,51,192.95,1.9313,258.22,2.5847,355.22,3.5557,20.17,2026-07-29T13:50:46.642Z
flip-only|KRYS|45m|1770219900000|1770997500000,flip-only,KRYS,NASDAQ:KRYS,45m,Swing 45m,LONG,Swing Low,2026-02-04 10:45,1770219900000,269.62,Flip Short,2026-02-13 10:45,1770997500000,278.36,38,10245.56,79,311.3,3.0353,497.43,4.8503,439.27,4.2831,20.82,2026-07-29T13:50:46.642Z
flip-only|KRYS|45m|1771515900000|1773839700000,flip-only,KRYS,NASDAQ:KRYS,45m,Swing 45m,LONG,Swing Low,2026-02-19 10:45,1771515900000,268.25,Flip Short,2026-03-18 09:15,1773839700000,255.44,39,10461.75,197,-520.01,-4.9657,447.79,4.276,925.01,8.833,20.42,2026-07-29T13:50:46.642Z
flip-only|KRYS|45m|1774263600000|1774968300000,flip-only,KRYS,NASDAQ:KRYS,45m,Swing 45m,LONG,Swing Low,2026-03-23 07:00,1774263600000,252,Flip Short,2026-03-31 10:45,1774968300000,255.8,40,10080,74,131.69,1.3051,325.12,3.2222,400.88,3.973,20.31,2026-07-29T13:50:46.642Z
flip-only|KRYS|45m|1775745900000|1776175200000,flip-only,KRYS,NASDAQ:KRYS,45m,Swing 45m,LONG,Swing Low,2026-04-09 10:45,1775745900000,255.71,Flip Short,2026-04-14 10:00,1776175200000,273.12,39,9972.69,30,658.37,6.5951,698.27,6.9948,35.71,0.3577,20.62,2026-07-29T13:50:46.642Z
flip-only|KRYS|45m|1776974400000|1777301100000,flip-only,KRYS,NASDAQ:KRYS,45m,Swing 45m,LONG,Swing Low,2026-04-23 16:00,1776974400000,267.9,Flip Short,2026-04-27 10:45,1777301100000,279.71,40,10716,13,450.5,4.1998,540.48,5.0387,245.92,2.2926,21.9,2026-07-29T13:50:46.642Z
flip-only|KRYS|45m|1777473900000|1777895100000,flip-only,KRYS,NASDAQ:KRYS,45m,Swing 45m,LONG,Swing Low,2026-04-29 10:45,1777473900000,262.44,Flip Short,2026-05-04 07:45,1777895100000,273.7,42,11022.48,32,450.4,4.0821,936.5,8.4878,220.6,1.9994,22.52,2026-07-29T13:50:46.642Z
flip-only|KRYS|45m|1777903200000|1777924800000,flip-only,KRYS,NASDAQ:KRYS,45m,Swing 45m,LONG,Swing Low,2026-05-04 10:00,1777903200000,273.81,Flip Short,2026-05-04 16:00,1777924800000,287,42,11500.02,8,530.43,4.6078,551.72,4.7928,396.22,3.4419,23.55,2026-07-29T13:50:46.642Z
flip-only|KRYS|45m|1779112800000|1779458400000,flip-only,KRYS,NASDAQ:KRYS,45m,Swing 45m,LONG,Swing Low,2026-05-18 10:00,1779112800000,304.41,Flip Short,2026-05-22 10:00,1779458400000,305.12,39,11871.99,49,3.92,0.033,205.75,1.7313,671.36,5.6494,23.77,2026-07-29T13:50:46.642Z
flip-only|KRYS|45m|1780344000000|1781089200000,flip-only,KRYS,NASDAQ:KRYS,45m,Swing 45m,LONG,Swing Low,2026-06-01 16:00,1780344000000,298.4,Flip Short,2026-06-10 07:00,1781089200000,309.5,40,11936,74,419.68,3.5126,770.86,6.4519,516.34,4.3215,24.32,2026-07-29T13:50:46.642Z
flip-only|KRYS|45m|1783462500000|1783605600000,flip-only,KRYS,NASDAQ:KRYS,45m,Swing 45m,LONG,Swing Low,2026-07-07 18:15,1783462500000,366.01,Flip Short,2026-07-09 10:00,1783605600000,379.98,34,12444.34,17,449.62,3.6094,502.32,4.0325,63.1,0.5066,25.36,2026-07-29T13:50:46.642Z
flip-only|KRYS|45m|1783692000000|1785158100000,flip-only,KRYS,NASDAQ:KRYS,45m,Swing 45m,LONG,Swing Low,2026-07-10 10:00,1783692000000,360.19,Flip Short,2026-07-27 09:15,1785158100000,339.49,36,12966.84,125,-770.39,-5.9353,254.87,1.9636,1478.53,11.391,25.19,2026-07-29T13:50:46.642Z
flip-only|CI|45m|1767366000000|1767368700000,flip-only,CI,NYSE:CI,45m,Swing 45m,LONG,Swing Low,2026-01-02 10:00,1767366000000,276.12,Flip Short,2026-01-02 10:45,1767368700000,276.64,34,9388.08,1,-1.11,-0.0119,54.87,0.5839,31.83,0.3387,18.79,2026-07-29T13:50:49.506Z
flip-only|CI|45m|1768216500000|1768508100000,flip-only,CI,NYSE:CI,45m,Swing 45m,LONG,Swing Low,2026-01-12 06:15,1768216500000,278.68,Flip Short,2026-01-15 15:15,1768508100000,277.26,34,9475.12,56,-67.18,-0.7083,0.72,0.0076,349.48,3.6847,18.9,2026-07-29T13:50:49.506Z
flip-only|CI|45m|1768921200000|1769099400000,flip-only,CI,NYSE:CI,45m,Swing 45m,LONG,Swing Low,2026-01-20 10:00,1768921200000,271.62,Flip Short,2026-01-22 11:30,1769099400000,277.31,34,9235.08,24,174.8,1.8909,208.7,2.2577,58.2,0.6295,18.66,2026-07-29T13:50:49.506Z
flip-only|CI|45m|1769526000000|1770130800000,flip-only,CI,NYSE:CI,45m,Swing 45m,LONG,Swing Low,2026-01-27 10:00,1769526000000,273.4,Flip Short,2026-02-03 10:00,1770130800000,275.35,35,9569,75,49.04,0.512,81.43,0.8501,457.57,4.777,19.21,2026-07-29T13:50:49.506Z
flip-only|CI|45m|1770217200000|1770219900000,flip-only,CI,NYSE:CI,45m,Swing 45m,LONG,Swing Low,2026-02-04 10:00,1770217200000,275.45,Flip Short,2026-02-04 10:45,1770219900000,280.36,34,9365.3,1,148.04,1.5792,197.69,2.1088,16.51,0.1761,18.9,2026-07-29T13:50:49.506Z
flip-only|CI|45m|1770824700000|1771340400000,flip-only,CI,NYSE:CI,45m,Swing 45m,LONG,Swing Low,2026-02-11 10:45,1770824700000,285.74,Flip Short,2026-02-17 10:00,1771340400000,295.12,34,9715.16,39,299.17,3.0763,387.06,3.9802,52.56,0.5404,19.75,2026-07-29T13:50:49.506Z
flip-only|CI|45m|1771599600000|1772118000000,flip-only,CI,NYSE:CI,45m,Swing 45m,LONG,Swing Low,2026-02-20 10:00,1771599600000,280.11,Flip Short,2026-02-26 10:00,1772118000000,287.89,35,9803.85,46,252.42,2.5721,311.85,3.1777,111.65,1.1377,19.88,2026-07-29T13:50:49.506Z
flip-only|CI|45m|1772541900000|1773410400000,flip-only,CI,NYSE:CI,45m,Swing 45m,LONG,Swing Low,2026-03-03 07:45,1772541900000,279.99,Flip Short,2026-03-13 10:00,1773410400000,267.89,36,10079.64,114,-455.32,-4.5127,206.28,2.0445,794.16,7.871,19.72,2026-07-29T13:50:49.506Z
flip-only|CI|45m|1773842400000|1774266300000,flip-only,CI,NYSE:CI,45m,Swing 45m,LONG,Swing Low,2026-03-18 10:00,1773842400000,264.25,Flip Short,2026-03-23 07:45,1774266300000,266.99,37,9777.25,41,81.72,0.835,192.98,1.9718,129.66,1.3248,19.66,2026-07-29T13:50:49.506Z
flip-only|CI|45m|1774285200000|1774460700000,flip-only,CI,NYSE:CI,45m,Swing 45m,LONG,Swing Low,2026-03-23 13:00,1774285200000,260.32,Flip Short,2026-03-25 13:45,1774460700000,270.13,38,9892.16,27,352.62,3.5611,365.17,3.6878,46.75,0.4721,20.16,2026-07-29T13:50:49.506Z
flip-only|CI|45m|1774630800000|1775484000000,flip-only,CI,NYSE:CI,45m,Swing 45m,LONG,Swing Low,2026-03-27 13:00,1774630800000,261.64,Flip Short,2026-04-06 10:00,1775484000000,272.23,39,10203.96,55,392.19,3.8397,409.83,4.0123,158.01,1.547,20.82,2026-07-29T13:50:49.506Z
flip-only|CI|45m|1775845800000|1776412800000,flip-only,CI,NYSE:CI,45m,Swing 45m,LONG,Swing Low,2026-04-10 14:30,1775845800000,272.6,Flip Short,2026-04-17 04:00,1776412800000,276.33,39,10631.4,52,124.06,1.1658,139.91,1.3147,310.15,2.9144,21.41,2026-07-29T13:50:49.506Z
flip-only|CI|45m|1776888000000|1777298400000,flip-only,CI,NYSE:CI,45m,Swing 45m,LONG,Swing Low,2026-04-22 16:00,1776888000000,274.77,Flip Short,2026-04-27 10:00,1777298400000,281.16,39,10716.03,33,227.53,2.1211,294.65,2.7469,104.71,0.9761,21.68,2026-07-29T13:50:49.506Z
flip-only|CI|45m|1777908600000|1778162400000,flip-only,CI,NYSE:CI,45m,Swing 45m,LONG,Swing Low,2026-05-04 11:30,1777908600000,279.31,Flip Short,2026-05-07 10:00,1778162400000,284.28,39,10893.09,42,171.85,1.576,226.62,2.0783,214.08,1.9633,21.98,2026-07-29T13:50:49.506Z
flip-only|CI|45m|1778867100000|1779974100000,flip-only,CI,NYSE:CI,45m,Swing 45m,LONG,Swing Low,2026-05-15 13:45,1778867100000,287.76,Flip Short,2026-05-28 09:15,1779974100000,286,38,10934.88,101,-88.68,-0.8102,192.37,1.7574,371.93,3.398,21.8,2026-07-29T13:50:49.506Z
flip-only|CI|45m|1780074000000|1780581600000,flip-only,CI,NYSE:CI,45m,Swing 45m,LONG,Swing Low,2026-05-29 13:00,1780074000000,278.44,Flip Short,2026-06-04 10:00,1780581600000,281.98,39,10859.16,56,116.2,1.069,135,1.242,340.02,3.128,21.86,2026-07-29T13:50:49.506Z
flip-only|CI|45m|1781615700000|1782482400000,flip-only,CI,NYSE:CI,45m,Swing 45m,LONG,Swing Low,2026-06-16 09:15,1781615700000,295.7,Flip Short,2026-06-26 10:00,1782482400000,288.14,38,11236.6,82,-309.47,-2.7513,0,0,786.06,6.9885,22.19,2026-07-29T13:50:49.506Z
flip-only|CI|45m|1782833400000|1783003500000,flip-only,CI,NYSE:CI,45m,Swing 45m,LONG,Swing Low,2026-06-30 11:30,1782833400000,276.36,Flip Short,2026-07-02 10:45,1783003500000,283.96,39,10778.04,26,274.55,2.5447,312.14,2.8932,115.69,1.0723,21.85,2026-07-29T13:50:49.506Z
flip-only|CI|45m|1784205000000|1784728800000,flip-only,CI,NYSE:CI,45m,Swing 45m,LONG,Swing Low,2026-07-16 08:30,1784205000000,289,Flip Short,2026-07-22 10:00,1784728800000,291.24,38,10982,52,63.07,0.5737,149,1.3554,393.26,3.5774,22.05,2026-07-29T13:50:49.506Z
flip-only|SBLK|45m|1768230000000|1768505400000,flip-only,SBLK,NASDAQ:SBLK,45m,Swing 45m,LONG,Swing Low,2026-01-12 10:00,1768230000000,19.55,Flip Short,2026-01-15 14:30,1768505400000,20.63,485,9481.75,42,504.31,5.3135,524.02,5.5211,9.48,0.0999,19.49,2026-07-29T13:50:52.573Z
flip-only|SBLK|45m|1770219900000|1770649200000,flip-only,SBLK,NASDAQ:SBLK,45m,Swing 45m,LONG,Swing Low,2026-02-04 10:45,1770219900000,22.33,Flip Short,2026-02-09 10:00,1770649200000,22.95,445,9936.85,41,255.75,2.5712,310.46,3.1212,245.79,2.471,20.15,2026-07-29T13:50:52.573Z
flip-only|SBLK|45m|1772031600000|1772217900000,flip-only,SBLK,NASDAQ:SBLK,45m,Swing 45m,LONG,Swing Low,2026-02-25 10:00,1772031600000,24.79,Flip Short,2026-02-27 13:45,1772217900000,25.91,411,10188.69,34,439.48,4.3091,454.24,4.4538,145.82,1.4298,20.84,2026-07-29T13:50:52.573Z
flip-only|SBLK|45m|1772663400000|1773842400000,flip-only,SBLK,NASDAQ:SBLK,45m,Swing 45m,LONG,Swing Low,2026-03-04 17:30,1772663400000,25.5,Flip Short,2026-03-18 10:00,1773842400000,22.82,418,10659,116,-1140.44,-10.6886,0,0,1686.84,15.8097,20.2,2026-07-29T13:50:52.573Z
flip-only|SBLK|45m|1774557900000|1775052000000,flip-only,SBLK,NASDAQ:SBLK,45m,Swing 45m,LONG,Swing Low,2026-03-26 16:45,1774557900000,22.55,Flip Short,2026-04-01 10:00,1775052000000,23.53,430,9696.5,35,401.59,4.1374,416,4.286,306.4,3.1567,19.81,2026-07-29T13:50:52.573Z
flip-only|SBLK|45m|1776693600000|1776696300000,flip-only,SBLK,NASDAQ:SBLK,45m,Swing 45m,LONG,Swing Low,2026-04-20 10:00,1776693600000,24.52,Flip Short,2026-04-20 10:45,1776696300000,25.21,405,9930.6,1,259.31,2.6086,346.47,3.4854,13.98,0.1406,20.14,2026-07-29T13:50:52.573Z
flip-only|SBLK|45m|1777039200000|1777471200000,flip-only,SBLK,NASDAQ:SBLK,45m,Swing 45m,LONG,Swing Low,2026-04-24 10:00,1777039200000,24.05,Flip Short,2026-04-29 10:00,1777471200000,24.77,422,10149.1,40,283.24,2.788,432.95,4.2616,31.25,0.3076,20.6,2026-07-29T13:50:52.573Z
flip-only|SBLK|45m|1778691600000|1779291000000,flip-only,SBLK,NASDAQ:SBLK,45m,Swing 45m,LONG,Swing Low,2026-05-13 13:00,1778691600000,26.56,Flip Short,2026-05-20 11:30,1779291000000,26.88,393,10438.08,57,104.76,1.0026,134.97,1.2918,265.89,2.5447,21,2026-07-29T13:50:52.573Z
flip-only|SBLK|45m|1780584300000|1781515800000,flip-only,SBLK,NASDAQ:SBLK,45m,Swing 45m,LONG,Swing Low,2026-06-04 10:45,1780584300000,26.9,Flip Short,2026-06-15 05:30,1781515800000,27.15,392,10544.8,79,76.81,0.7277,322.66,3.0568,281.02,2.6624,21.19,2026-07-29T13:50:52.573Z
flip-only|SBLK|45m|1781788500000|1782234000000,flip-only,SBLK,NASDAQ:SBLK,45m,Swing 45m,LONG,Swing Low,2026-06-18 09:15,1781788500000,26.83,Flip Short,2026-06-23 13:00,1782234000000,27.05,401,10758.83,27,66.61,0.6185,109.54,1.0171,624.29,5.7968,21.61,2026-07-29T13:50:52.573Z
flip-only|SBLK|45m|1782409500000|1783000800000,flip-only,SBLK,NASDAQ:SBLK,45m,Swing 45m,LONG,Swing Low,2026-06-25 13:45,1782409500000,25.41,Flip Short,2026-07-02 10:00,1783000800000,25.73,420,10672.2,58,112.92,1.057,186.73,1.7479,661.67,6.1938,21.48,2026-07-29T13:50:52.573Z
flip-only|SBLK|45m|1784296800000|1784728800000,flip-only,SBLK,NASDAQ:SBLK,45m,Swing 45m,LONG,Swing Low,2026-07-17 10:00,1784296800000,24.99,Flip Short,2026-07-22 10:00,1784728800000,26.69,431,10770.69,35,710.43,6.5893,829.68,7.6954,71.11,0.6596,22.27,2026-07-29T13:50:52.573Z
flip-only|LFST|45m|1763475300000|1763753400000,flip-only,LFST,NASDAQ:LFST,45m,Swing 45m,LONG,Swing Low,2025-11-18 09:15,1763475300000,6.13,Flip Short,2025-11-21 14:30,1763753400000,6.5,1538,9427.94,35,549.64,5.824,559.63,5.93,193.99,2.0555,19.42,2026-07-29T13:50:55.615Z
flip-only|LFST|45m|1764698400000|1765203300000,flip-only,LFST,NASDAQ:LFST,45m,Swing 45m,LONG,Swing Low,2025-12-02 13:00,1764698400000,6.38,Flip Short,2025-12-08 09:15,1765203300000,6.64,1569,10010.22,34,387.51,3.8673,397.93,3.9713,198.29,1.9789,20.43,2026-07-29T13:50:55.615Z
flip-only|LFST|45m|1766569500000|1766761200000,flip-only,LFST,NASDAQ:LFST,45m,Swing 45m,LONG,Swing Low,2025-12-24 04:45,1766569500000,6.8,Flip Short,2025-12-26 10:00,1766761200000,7.1,1526,10376.8,9,436.59,4.2031,523.72,5.042,10.38,0.0999,21.21,2026-07-29T13:50:55.615Z
flip-only|LFST|45m|1767012300000|1767020400000,flip-only,LFST,NASDAQ:LFST,45m,Swing 45m,LONG,Swing Low,2025-12-29 07:45,1767012300000,6.91,Flip Short,2025-12-29 10:00,1767020400000,7.19,1587,10966.17,3,421.98,3.8442,465.13,4.2373,10.97,0.0999,22.38,2026-07-29T13:50:55.615Z
flip-only|LFST|45m|1767368700000|1767714300000,flip-only,LFST,NASDAQ:LFST,45m,Swing 45m,LONG,Swing Low,2026-01-02 10:45,1767368700000,6.79,Flip Short,2026-01-06 10:45,1767714300000,7.19,1651,11210.29,19,637.32,5.6794,665.7,5.9324,44.23,0.3942,23.08,2026-07-29T13:50:55.615Z
flip-only|LFST|45m|1768332600000|1770071400000,flip-only,LFST,NASDAQ:LFST,45m,Swing 45m,LONG,Swing Low,2026-01-13 14:30,1768332600000,7.11,Flip Short,2026-02-02 17:30,1770071400000,7.29,1659,11795.49,132,274.73,2.3268,585.44,4.9583,476.32,4.0341,23.89,2026-07-29T13:50:55.615Z
flip-only|LFST|45m|1770309000000|1771000200000,flip-only,LFST,NASDAQ:LFST,45m,Swing 45m,LONG,Swing Low,2026-02-05 11:30,1770309000000,6.91,Flip Short,2026-02-13 11:30,1771000200000,7.08,1745,12057.95,58,272.24,2.2555,371.84,3.0807,797.31,6.6057,24.41,2026-07-29T13:50:55.615Z
flip-only|LFST|45m|1772115300000|1774279800000,flip-only,LFST,NASDAQ:LFST,45m,Swing 45m,LONG,Swing Low,2026-02-26 09:15,1772115300000,6.7,Flip Short,2026-03-23 11:30,1774279800000,6.58,1838,12314.6,177,-244.97,-1.9873,1439.71,11.6794,912.93,7.406,24.41,2026-07-29T13:50:55.615Z
flip-only|LFST|45m|1774638900000|1775648700000,flip-only,LFST,NASDAQ:LFST,45m,Swing 45m,LONG,Swing Low,2026-03-27 15:15,1774638900000,6.32,Flip Short,2026-04-08 07:45,1775648700000,6.95,1909,12064.88,61,1177.34,9.7486,1266.97,10.4908,202.96,1.6806,25.33,2026-07-29T13:50:55.615Z
flip-only|LFST|45m|1777905900000|1778151600000,flip-only,LFST,NASDAQ:LFST,45m,Swing 45m,LONG,Swing Low,2026-05-04 10:45,1777905900000,7.37,Flip Short,2026-05-07 07:00,1778151600000,8.04,1793,13214.41,28,1173.68,8.8729,1385.33,10.473,353.88,2.6753,27.63,2026-07-29T13:50:55.615Z
flip-only|LFST|45m|1778869800000|1779979500000,flip-only,LFST,NASDAQ:LFST,45m,Swing 45m,LONG,Swing Low,2026-05-15 14:30,1778869800000,7.59,Flip Short,2026-05-28 10:45,1779979500000,7.66,1886,14314.74,79,103.26,0.7206,551.49,3.8487,674.41,4.7066,28.76,2026-07-29T13:50:55.615Z
flip-only|LFST|45m|1780503300000|1781108100000,flip-only,LFST,NASDAQ:LFST,45m,Swing 45m,LONG,Swing Low,2026-06-03 12:15,1780503300000,7.56,Flip Short,2026-06-10 12:15,1781108100000,7.83,1906,14409.36,53,485.29,3.3645,557.39,3.8644,529.03,3.6678,29.33,2026-07-29T13:50:55.615Z
flip-only|LFST|45m|1783519200000|1784129400000,flip-only,LFST,NASDAQ:LFST,45m,Swing 45m,LONG,Swing Low,2026-07-08 10:00,1783519200000,10.68,Flip Short,2026-07-15 11:30,1784129400000,10.99,1392,14866.56,54,401.36,2.697,416.65,2.7998,460.31,3.0932,30.16,2026-07-29T13:50:55.615Z
flip-only|NWSA|45m|1761765300000|1762541100000,flip-only,NWSA,NASDAQ:NWSA,45m,Swing 45m,LONG,Swing Low,2025-10-29 15:15,1761765300000,26.1,Flip Short,2025-11-07 13:45,1762541100000,26.51,363,9474.3,72,129.73,1.3679,168.4,1.7756,477.74,5.0375,19.1,2026-07-29T13:50:58.575Z
flip-only|NWSA|45m|1763129700000|1764347400000,flip-only,NWSA,NASDAQ:NWSA,45m,Swing 45m,LONG,Swing Low,2025-11-14 09:15,1763129700000,26.34,Flip Short,2025-11-28 11:30,1764347400000,25.83,365,9614.1,90,-205.19,-2.1322,0,0,579.01,6.0165,19.04,2026-07-29T13:50:58.575Z
flip-only|NWSA|45m|1765910700000|1766070000000,flip-only,NWSA,NASDAQ:NWSA,45m,Swing 45m,LONG,Swing Low,2025-12-16 13:45,1765910700000,25.89,Flip Short,2025-12-18 10:00,1766070000000,26.51,363,9398.07,13,206.04,2.1902,215.66,2.2925,56.59,0.6015,19.02,2026-07-29T13:50:58.575Z
flip-only|NWSA|45m|1767344400000|1767633300000,flip-only,NWSA,NASDAQ:NWSA,45m,Swing 45m,LONG,Swing Low,2026-01-02 04:00,1767344400000,26.13,Flip Short,2026-01-05 12:15,1767633300000,26.59,368,9615.84,17,149.88,1.5571,167.02,1.7352,97.94,1.0175,19.4,2026-07-29T13:50:58.575Z
flip-only|NWSA|45m|1767711600000|1767798000000,flip-only,NWSA,NASDAQ:NWSA,45m,Swing 45m,LONG,Swing Low,2026-01-06 10:00,1767711600000,26.19,Flip Short,2026-01-07 10:00,1767798000000,26.36,372,9742.68,10,43.69,0.448,153.94,1.5785,65.54,0.6721,19.55,2026-07-29T13:50:58.575Z
flip-only|NWSA|45m|1768591800000|1769180400000,flip-only,NWSA,NASDAQ:NWSA,45m,Swing 45m,LONG,Swing Low,2026-01-16 14:30,1768591800000,26.19,Flip Short,2026-01-23 10:00,1769180400000,26.77,373,9768.87,35,196.59,2.0104,247.6,2.5321,151.51,1.5494,19.75,2026-07-29T13:50:58.575Z
flip-only|NWSA|45m|1769712300000|1770022800000,flip-only,NWSA,NASDAQ:NWSA,45m,Swing 45m,LONG,Swing Low,2026-01-29 13:45,1769712300000,26.55,Flip Short,2026-02-02 04:00,1770022800000,27.01,376,9982.8,14,152.82,1.5293,193.06,1.932,73.9,0.7396,20.14,2026-07-29T13:50:58.575Z
flip-only|NWSA|45m|1770130800000|1771599600000,flip-only,NWSA,NASDAQ:NWSA,45m,Swing 45m,LONG,Swing Low,2026-02-03 10:00,1770130800000,26.11,Flip Short,2026-02-20 10:00,1771599600000,23.47,388,10130.68,132,-1043.56,-10.2907,17.03,0.1679,1523.33,15.0218,19.24,2026-07-29T13:50:58.575Z
flip-only|NWSA|45m|1773332100000|1773756000000,flip-only,NWSA,NASDAQ:NWSA,45m,Swing 45m,LONG,Swing Low,2026-03-12 12:15,1773332100000,23.98,Flip Short,2026-03-17 10:00,1773756000000,24.57,381,9136.38,26,206.29,2.2557,234.7,2.5663,180.59,1.9746,18.5,2026-07-29T13:50:58.575Z
flip-only|NWSA|45m|1773942300000|1774879200000,flip-only,NWSA,NASDAQ:NWSA,45m,Swing 45m,LONG,Swing Low,2026-03-19 13:45,1773942300000,23.55,Flip Short,2026-03-30 10:00,1774879200000,24.61,396,9325.8,68,400.69,4.2923,442.11,4.736,25.17,0.2696,19.07,2026-07-29T13:50:58.575Z
flip-only|NWSA|45m|1776086100000|1776172500000,flip-only,NWSA,NASDAQ:NWSA,45m,Swing 45m,LONG,Swing Low,2026-04-13 09:15,1776086100000,24.66,Flip Short,2026-04-14 09:15,1776172500000,24.87,400,9864,10,64.19,0.6501,114.14,1.1559,113.86,1.1532,19.81,2026-07-29T13:50:58.575Z
flip-only|NWSA|45m|1777471200000|1777644000000,flip-only,NWSA,NASDAQ:NWSA,45m,Swing 45m,LONG,Swing Low,2026-04-29 10:00,1777471200000,26.1,Flip Short,2026-05-01 10:00,1777644000000,26.41,374,9761.4,22,96.3,0.9856,263.26,2.6942,80.82,0.8271,19.64,2026-07-29T13:50:58.575Z
flip-only|NWSA|45m|1777924800000|1778235300000,flip-only,NWSA,NASDAQ:NWSA,45m,Swing 45m,LONG,Swing Low,2026-05-04 16:00,1777924800000,25.79,Flip Short,2026-05-08 06:15,1778235300000,27.05,382,9851.78,29,461.14,4.6761,475.29,4.8196,204.67,2.0754,20.18,2026-07-29T13:50:58.575Z
flip-only|NWSA|45m|1778783400000|1779890400000,flip-only,NWSA,NASDAQ:NWSA,45m,Swing 45m,LONG,Swing Low,2026-05-14 14:30,1778783400000,26.2,Flip Short,2026-05-27 10:00,1779890400000,26.67,393,10296.6,71,163.93,1.5905,213.71,2.0735,253.96,2.4639,20.78,2026-07-29T13:50:58.575Z
flip-only|NWSA|45m|1780497900000|1780668000000,flip-only,NWSA,NASDAQ:NWSA,45m,Swing 45m,LONG,Swing Low,2026-06-03 10:45,1780497900000,25.89,Flip Short,2026-06-05 10:00,1780668000000,27.11,403,10433.67,20,470.3,4.503,501.38,4.8006,26.55,0.2542,21.36,2026-07-29T13:50:58.575Z
flip-only|NWSA|45m|1781194500000|1782741600000,flip-only,NWSA,NASDAQ:NWSA,45m,Swing 45m,LONG,Swing Low,2026-06-11 12:15,1781194500000,26.53,Flip Short,2026-06-29 10:00,1782741600000,25.83,411,10903.83,113,-309.22,-2.8331,112.4,1.0298,906.88,8.3088,21.52,2026-07-29T13:50:58.575Z
flip-only|NWSA|45m|1782830700000|1782917100000,flip-only,NWSA,NASDAQ:NWSA,45m,Swing 45m,LONG,Swing Low,2026-06-30 10:45,1782830700000,24.81,Flip Short,2026-07-01 10:45,1782917100000,25.99,427,10593.87,10,482.17,4.5468,531.7,5.0139,100.26,0.9455,21.69,2026-07-29T13:50:58.575Z
flip-only|NWSA|45m|1784105100000|1784126700000,flip-only,NWSA,NASDAQ:NWSA,45m,Swing 45m,LONG,Swing Low,2026-07-15 04:45,1784105100000,26.73,Flip Short,2026-07-15 10:45,1784126700000,28.18,421,11253.33,3,587.33,5.214,683.4,6.0668,217.54,1.9312,23.12,2026-07-29T13:50:58.575Z
flip-only|NWSA|45m|1784815200000|1785249900000,flip-only,NWSA,NASDAQ:NWSA,45m,Swing 45m,LONG,Swing Low,2026-07-23 10:00,1784815200000,26.91,Flip Short,2026-07-28 10:45,1785249900000,28.15,431,11598.21,31,510.71,4.3989,557.32,4.8004,334.85,2.8842,23.73,2026-07-29T13:50:58.575Z
flip-only|INGM|45m|1761228000000|1761759900000,flip-only,INGM,NYSE:INGM,45m,Swing 45m,LONG,Swing Low,2025-10-23 10:00,1761228000000,21.29,Flip Short,2025-10-29 13:45,1761759900000,22.33,441,9388.89,42,439.4,4.6754,466.89,4.9678,71.13,0.7568,19.24,2026-07-29T13:51:01.534Z
flip-only|INGM|45m|1762446600000|1763999100000,flip-only,INGM,NYSE:INGM,45m,Swing 45m,LONG,Swing Low,2025-11-06 11:30,1762446600000,21.79,Flip Short,2025-11-24 10:45,1763999100000,20.88,454,9892.66,107,-432.51,-4.3677,194.41,1.9632,1262.93,12.7536,19.37,2026-07-29T13:51:01.534Z
flip-only|INGM|45m|1765813500000|1766418300000,flip-only,INGM,NYSE:INGM,45m,Swing 45m,LONG,Swing Low,2025-12-15 10:45,1765813500000,21.47,Flip Short,2025-12-22 10:45,1766418300000,22.61,443,9511.21,46,485.49,5.0993,553.1,5.8094,89.25,0.9374,19.53,2026-07-29T13:51:01.534Z
flip-only|INGM|45m|1767120300000|1768497300000,flip-only,INGM,NYSE:INGM,45m,Swing 45m,LONG,Swing Low,2025-12-30 13:45,1767120300000,21.96,Flip Short,2026-01-15 12:15,1768497300000,21.28,453,9947.88,101,-327.63,-3.2902,21.76,0.2185,757.4,7.6061,19.59,2026-07-29T13:51:01.534Z
flip-only|INGM|45m|1770390000000|1770908400000,flip-only,INGM,NYSE:INGM,45m,Swing 45m,LONG,Swing Low,2026-02-06 10:00,1770390000000,21.37,Flip Short,2026-02-12 10:00,1770908400000,21.92,460,9830.2,36,233.09,2.3688,367.37,3.7334,83.43,0.8479,19.91,2026-07-29T13:51:01.534Z
flip-only|INGM|45m|1770919200000|1772477100000,flip-only,INGM,NYSE:INGM,45m,Swing 45m,LONG,Swing Low,2026-02-12 13:00,1770919200000,20.87,Flip Short,2026-03-02 13:45,1772477100000,21.25,473,9871.51,104,159.82,1.6174,543.54,5.5006,416.65,4.2165,19.92,2026-07-29T13:51:01.534Z
flip-only|INGM|45m|1773059400000|1773756000000,flip-only,INGM,NYSE:INGM,45m,Swing 45m,LONG,Swing Low,2026-03-09 08:30,1773059400000,21.6,Flip Short,2026-03-17 10:00,1773756000000,22.41,463,10000.8,61,354.65,3.5427,476.15,4.7564,167.42,1.6724,20.38,2026-07-29T13:51:01.534Z
flip-only|INGM|45m|1777317300000|1777579200000,flip-only,INGM,NYSE:INGM,45m,Swing 45m,LONG,Swing Low,2026-04-27 15:15,1777317300000,30.23,Flip Short,2026-04-30 16:00,1777579200000,30.17,342,10338.66,30,-41.18,-0.3979,188.02,1.8168,260,2.5123,20.66,2026-07-29T13:51:01.534Z
flip-only|INGM|45m|1777581900000|1779458400000,flip-only,INGM,NYSE:INGM,45m,Swing 45m,LONG,Swing Low,2026-04-30 16:45,1777581900000,25.94,Flip Short,2026-05-22 10:00,1779458400000,26.35,412,10687.28,162,147.38,1.3776,1328.31,12.4165,352.65,3.2964,21.54,2026-07-29T13:51:01.534Z
flip-only|INGM|45m|1781016300000|1781529300000,flip-only,INGM,NYSE:INGM,45m,Swing 45m,LONG,Swing Low,2026-06-09 10:45,1781016300000,29.29,Flip Short,2026-06-15 09:15,1781529300000,30.22,357,10456.53,37,310.76,2.969,332.26,3.1744,499.55,4.7726,21.25,2026-07-29T13:51:01.534Z
flip-only|INGM|45m|1781791200000|1783605600000,flip-only,INGM,NYSE:INGM,45m,Swing 45m,LONG,Swing Low,2026-06-18 10:00,1781791200000,28.32,Flip Short,2026-07-09 10:00,1783605600000,27.86,379,10733.28,139,-195.63,-1.8208,243.2,2.2636,1041.61,9.6948,21.29,2026-07-29T13:51:01.534Z
flip-only|INGM|45m|1784291400000|1784547900000,flip-only,INGM,NYSE:INGM,45m,Swing 45m,LONG,Swing Low,2026-07-17 08:30,1784291400000,27.99,Flip Short,2026-07-20 07:45,1784547900000,29.79,382,10692.18,13,665.53,6.2182,867.91,8.1091,373.59,3.4906,22.07,2026-07-29T13:51:01.534Z
flip-only|DAL|45m|1774255500000|1774266300000,flip-only,DAL,NYSE:DAL,45m,Swing 45m,LONG,Swing Low,2026-03-23 04:45,1774255500000,62.09,Flip Short,2026-03-23 07:45,1774266300000,66.45,152,9437.68,4,643.18,6.8082,815.92,8.6367,91.52,0.9687,19.54,2026-07-29T13:51:04.538Z
flip-only|DAL|45m|1774611900000|1774979100000,flip-only,DAL,NYSE:DAL,45m,Swing 45m,LONG,Swing Low,2026-03-27 07:45,1774611900000,66.2,Flip Short,2026-03-31 13:45,1774979100000,66.61,152,10062.4,50,42.13,0.4183,170.82,1.6959,505.58,5.0195,20.19,2026-07-29T13:51:04.538Z
flip-only|DAL|45m|1776069900000|1776167100000,flip-only,DAL,NYSE:DAL,45m,Swing 45m,LONG,Swing Low,2026-04-13 04:45,1776069900000,66.28,Flip Short,2026-04-14 07:45,1776167100000,68.4,152,10074.56,26,301.77,2.9924,382.09,3.7888,87.59,0.8686,20.47,2026-07-29T13:51:04.538Z
flip-only|DAL|45m|1776793500000|1777638600000,flip-only,DAL,NYSE:DAL,45m,Swing 45m,LONG,Swing Low,2026-04-21 13:45,1776793500000,70.31,Flip Short,2026-05-01 08:30,1777638600000,68.5,148,10405.88,156,-288.42,-2.769,116.87,1.122,673.45,6.4653,20.54,2026-07-29T13:51:04.538Z
flip-only|DAL|45m|1778505300000|1778767200000,flip-only,DAL,NYSE:DAL,45m,Swing 45m,LONG,Swing Low,2026-05-11 09:15,1778505300000,72.28,Flip Short,2026-05-14 10:00,1778767200000,72.1,140,10119.2,59,-45.41,-0.4483,101.88,1.0058,355.92,3.5138,20.21,2026-07-29T13:51:04.538Z
flip-only|DAL|45m|1778853600000|1778877900000,flip-only,DAL,NYSE:DAL,45m,Swing 45m,LONG,Swing Low,2026-05-15 10:00,1778853600000,70.16,Flip Short,2026-05-15 16:45,1778877900000,72.46,144,10103.04,9,310.66,3.0719,609.1,6.0228,37.46,0.3704,20.54,2026-07-29T13:51:04.538Z
flip-only|DAL|45m|1779131700000|1779291000000,flip-only,DAL,NYSE:DAL,45m,Swing 45m,LONG,Swing Low,2026-05-18 15:15,1779131700000,69.94,Flip Short,2026-05-20 11:30,1779291000000,72.95,148,10351.12,36,424.33,4.0953,479.53,4.628,332.99,3.2137,21.15,2026-07-29T13:51:04.538Z
flip-only|DAL|45m|1780322400000|1781013600000,flip-only,DAL,NYSE:DAL,45m,Swing 45m,LONG,Swing Low,2026-06-01 10:00,1780322400000,79.57,Flip Short,2026-06-09 10:00,1781013600000,81.47,135,10741.95,124,234.76,2.1833,309.21,2.8756,354.99,3.3014,21.74,2026-07-29T13:51:04.538Z
flip-only|DAL|45m|1781108100000|1781208000000,flip-only,DAL,NYSE:DAL,45m,Swing 45m,LONG,Swing Low,2026-06-10 12:15,1781108100000,77.14,Flip Short,2026-06-11 16:00,1781208000000,81.84,142,10953.88,27,644.82,5.8808,676.33,6.1681,172.83,1.5763,22.58,2026-07-29T13:51:04.538Z
flip-only|DAL|45m|1781707500000|1782136800000,flip-only,DAL,NYSE:DAL,45m,Swing 45m,LONG,Swing Low,2026-06-17 10:45,1781707500000,83.06,Flip Short,2026-06-22 10:00,1782136800000,85.26,140,11628.4,39,284.44,2.4436,352.37,3.0272,168.43,1.447,23.56,2026-07-29T13:51:04.538Z
flip-only|DAL|45m|1783014300000|1783678500000,flip-only,DAL,NYSE:DAL,45m,Swing 45m,LONG,Swing Low,2026-07-02 13:45,1783014300000,92.36,Flip Short,2026-07-10 06:15,1783678500000,90.5,128,11822.08,95,-261.49,-2.2096,392.66,3.3181,918.06,7.7579,23.41,2026-07-29T13:51:04.538Z
flip-only|DAL|45m|1784037600000|1784215800000,flip-only,DAL,NYSE:DAL,45m,Swing 45m,LONG,Swing Low,2026-07-14 10:00,1784037600000,85.45,Flip Short,2026-07-16 11:30,1784215800000,86.36,136,11621.2,40,100.39,0.863,225.02,1.9343,102.74,0.8832,23.37,2026-07-29T13:51:04.538Z
flip-only|DAL|45m|1784296800000|1784907000000,flip-only,DAL,NYSE:DAL,45m,Swing 45m,LONG,Swing Low,2026-07-17 10:00,1784296800000,85.01,Flip Short,2026-07-24 11:30,1784907000000,85.75,138,11731.38,102,78.56,0.6689,127.65,1.087,607.89,5.1766,23.56,2026-07-29T13:51:04.538Z
flip-only|MDLZ|45m|1769628600000|1770044400000,flip-only,MDLZ,NASDAQ:MDLZ,45m,Swing 45m,LONG,Swing Low,2026-01-28 14:30,1769628600000,57.71,Flip Short,2026-02-02 10:00,1770044400000,58.54,164,9464.44,46,117.06,1.2356,270.98,2.8602,152.14,1.6059,19.06,2026-07-29T13:51:07.392Z
flip-only|MDLZ|45m|1770155100000|1770217200000,flip-only,MDLZ,NASDAQ:MDLZ,45m,Swing 45m,LONG,Swing Low,2026-02-03 16:45,1770155100000,56.98,Flip Short,2026-02-04 10:00,1770217200000,59.7,169,9629.62,10,439.96,4.5643,556.52,5.7735,63.71,0.6609,19.72,2026-07-29T13:51:07.392Z
flip-only|MDLZ|45m|1770649200000|1770735600000,flip-only,MDLZ,NASDAQ:MDLZ,45m,Swing 45m,LONG,Swing Low,2026-02-09 10:00,1770649200000,59.44,Flip Short,2026-02-10 10:00,1770735600000,60.96,168,9985.92,14,235.13,2.3523,295.77,2.959,97.35,0.9739,20.23,2026-07-29T13:51:07.392Z
flip-only|MDLZ|45m|1771343100000|1771861500000,flip-only,MDLZ,NASDAQ:MDLZ,45m,Swing 45m,LONG,Swing Low,2026-02-17 10:45,1771343100000,59.94,Flip Short,2026-02-23 10:45,1771861500000,60.35,170,10189.8,61,49.25,0.4829,59.51,0.5834,336.59,3.2999,20.45,2026-07-29T13:51:07.392Z
flip-only|MDLZ|45m|1772550000000|1773669600000,flip-only,MDLZ,NASDAQ:MDLZ,45m,Swing 45m,LONG,Swing Low,2026-03-03 10:00,1772550000000,59.12,Flip Short,2026-03-16 10:00,1773669600000,56.82,174,10286.88,151,-420.37,-4.0824,47.13,0.4577,845.49,8.2109,20.17,2026-07-29T13:51:07.392Z
flip-only|MDLZ|45m|1774968300000|1775502900000,flip-only,MDLZ,NASDAQ:MDLZ,45m,Swing 45m,LONG,Swing Low,2026-03-31 10:45,1774968300000,57.06,Flip Short,2026-04-06 15:15,1775502900000,58.49,173,9871.38,44,227.4,2.3013,242.71,2.4563,103.29,1.0453,19.99,2026-07-29T13:51:07.392Z
flip-only|MDLZ|45m|1776167100000|1776969000000,flip-only,MDLZ,NASDAQ:MDLZ,45m,Swing 45m,LONG,Swing Low,2026-04-14 07:45,1776167100000,57.42,Flip Short,2026-04-23 14:30,1776969000000,57.68,176,10105.92,104,25.5,0.2521,160.61,1.5877,302.27,2.988,20.26,2026-07-29T13:51:07.392Z
flip-only|MDLZ|45m|1778688900000|1779199200000,flip-only,MDLZ,NASDAQ:MDLZ,45m,Swing 45m,LONG,Swing Low,2026-05-13 12:15,1778688900000,60.79,Flip Short,2026-05-19 10:00,1779199200000,62.29,166,10091.14,48,228.57,2.2628,247.21,2.4473,91.43,0.9051,20.43,2026-07-29T13:51:07.392Z
flip-only|MDLZ|45m|1779871500000|1779893100000,flip-only,MDLZ,NASDAQ:MDLZ,45m,Swing 45m,LONG,Swing Low,2026-05-27 04:45,1779871500000,61.08,Flip Short,2026-05-27 10:45,1779893100000,62.39,170,10383.6,6,201.71,1.9406,239.52,2.3044,57.98,0.5579,20.99,2026-07-29T13:51:07.392Z
flip-only|MDLZ|45m|1780322400000|1780530300000,flip-only,MDLZ,NASDAQ:MDLZ,45m,Swing 45m,LONG,Swing Low,2026-06-01 10:00,1780322400000,60.9,Flip Short,2026-06-03 19:45,1780530300000,62.53,173,10535.7,38,260.64,2.4714,300.86,2.8528,174.89,1.6583,21.35,2026-07-29T13:51:07.392Z
flip-only|MDLZ|45m|1781283600000|1782309600000,flip-only,MDLZ,NASDAQ:MDLZ,45m,Swing 45m,LONG,Swing Low,2026-06-12 13:00,1781283600000,62.46,Flip Short,2026-06-24 10:00,1782309600000,62.13,172,10743.12,100,-78.19,-0.7271,92.46,0.8598,528.46,4.9142,21.43,2026-07-29T13:51:07.392Z
flip-only|MDLZ|45m|1782744300000|1783022400000,flip-only,MDLZ,NASDAQ:MDLZ,45m,Swing 45m,LONG,Swing Low,2026-06-29 10:45,1782744300000,60.17,Flip Short,2026-07-02 16:00,1783022400000,60.88,178,10710.26,49,104.83,0.9778,147.71,1.3778,462.83,4.3171,21.55,2026-07-29T13:51:07.392Z
flip-only|MDLZ|45m|1783605600000|1784223900000,flip-only,MDLZ,NASDAQ:MDLZ,45m,Swing 45m,LONG,Swing Low,2026-07-09 10:00,1783605600000,58.53,Flip Short,2026-07-16 13:45,1784223900000,60.8,184,10769.52,78,395.72,3.6708,406.91,3.7746,163.49,1.5166,21.96,2026-07-29T13:51:07.392Z
flip-only|MGA|45m|1760712300000|1761325200000,flip-only,MGA,TSX:MGA,45m,Swing 45m,LONG,Swing Low,2025-10-17 10:45,1760712300000,0.42,Flip Short,2025-10-24 13:00,1761325200000,0.41,22596,9490.32,52,-244.71,-2.576,0,0,1139.29,11.9928,18.75,2026-07-29T13:51:10.389Z
flip-only|MGA|45m|1762271100000|1763653500000,flip-only,MGA,TSX:MGA,45m,Swing 45m,LONG,Swing Low,2025-11-04 10:45,1762271100000,0.42,Flip Short,2025-11-20 10:45,1763653500000,0.39,22581,9484.02,115,-695.72,-7.3284,0,0,1364.34,14.3713,18.29,2026-07-29T13:51:10.389Z
flip-only|MGA|45m|1763672400000|1764182700000,flip-only,MGA,TSX:MGA,45m,Swing 45m,LONG,Swing Low,2025-11-20 16:00,1763672400000,0.36,Flip Short,2025-11-26 13:45,1764182700000,0.4,23237,8365.32,36,911.82,10.8891,921.11,11.0001,473.11,5.6499,17.66,2026-07-29T13:51:10.389Z
flip-only|MGA|45m|1765557000000|1766159100000,flip-only,MGA,TSX:MGA,45m,Swing 45m,LONG,Swing Low,2025-12-12 11:30,1765557000000,0.41,Flip Short,2025-12-19 10:45,1766159100000,0.45,23081,9463.21,47,903.39,9.5368,913.78,9.6465,701.89,7.4097,19.85,2026-07-29T13:51:10.389Z
flip-only|MGA|45m|1768316400000|1768410900000,flip-only,MGA,TSX:MGA,45m,Swing 45m,LONG,Swing Low,2026-01-13 10:00,1768316400000,0.59,Flip Short,2026-01-14 12:15,1768410900000,0.62,17794,10498.46,13,512.29,4.8748,523.32,4.9798,366.38,3.4863,21.53,2026-07-29T13:51:10.389Z
flip-only|MGA|45m|1769026500000|1769180400000,flip-only,MGA,TSX:MGA,45m,Swing 45m,LONG,Swing Low,2026-01-21 15:15,1769026500000,0.65,Flip Short,2026-01-23 10:00,1769180400000,0.67,16885,10975.25,13,315.41,2.871,664.42,6.0478,179.83,1.6368,22.29,2026-07-29T13:51:10.389Z
flip-only|MGA|45m|1769798700000|1770822000000,flip-only,MGA,TSX:MGA,45m,Swing 45m,LONG,Swing Low,2026-01-30 13:45,1769798700000,0.64,Flip Short,2026-02-11 10:00,1770822000000,0.62,17353,11105.92,75,-368.92,-3.3186,1030.07,9.2657,1919.94,17.2702,21.86,2026-07-29T13:51:10.389Z
flip-only|MGA|45m|1771340400000|1771448400000,flip-only,MGA,TSX:MGA,45m,Swing 45m,LONG,Swing Low,2026-02-17 10:00,1771340400000,0.57,Flip Short,2026-02-18 16:00,1771448400000,0.65,18545,10570.65,18,1460.98,13.8072,1658.48,15.6738,10.57,0.0999,22.62,2026-07-29T13:51:10.389Z
flip-only|MGA|45m|1772123400000|1772479800000,flip-only,MGA,TSX:MGA,45m,Swing 45m,LONG,Swing Low,2026-02-26 11:30,1772123400000,0.67,Flip Short,2026-03-02 14:30,1772479800000,0.74,18123,12142.41,23,1243.06,10.2271,1256.47,10.3374,193.37,1.5909,25.55,2026-07-29T13:51:10.389Z
flip-only|MGA|45m|1772550000000|1774449900000,flip-only,MGA,TSX:MGA,45m,Swing 45m,LONG,Swing Low,2026-03-03 10:00,1772550000000,0.66,Flip Short,2026-03-25 10:45,1774449900000,0.61,20185,13322.1,160,-1034.88,-7.7604,592.23,4.441,3242.92,24.3181,25.63,2026-07-29T13:51:10.389Z
flip-only|MGA|45m|1774892700000|1775052000000,flip-only,MGA,TSX:MGA,45m,Swing 45m,LONG,Swing Low,2026-03-30 13:45,1774892700000,0.53,Flip Short,2026-04-01 10:00,1775052000000,0.62,23731,12577.43,14,2108.5,16.7474,2360.52,18.7492,249.89,1.9848,27.29,2026-07-29T13:51:10.389Z
flip-only|MGA|45m|1776785400000|1777644000000,flip-only,MGA,TSX:MGA,45m,Swing 45m,LONG,Swing Low,2026-04-21 11:30,1776785400000,0.72,Flip Short,2026-05-01 10:00,1777644000000,0.73,19918,14340.96,78,170.3,1.1863,1180.74,8.2251,811.06,5.6499,28.88,2026-07-29T13:51:10.389Z
flip-only|MGA|45m|1777649400000|1777905900000,flip-only,MGA,TSX:MGA,45m,Swing 45m,LONG,Swing Low,2026-05-01 11:30,1777649400000,0.69,Flip Short,2026-05-04 10:45,1777905900000,0.74,21018,14502.42,9,1020.84,7.0321,1036.4,7.1392,14.5,0.0999,30.06,2026-07-29T13:51:10.389Z
flip-only|MGA|45m|1777997700000|1778078700000,flip-only,MGA,TSX:MGA,45m,Swing 45m,LONG,Swing Low,2026-05-05 12:15,1777997700000,0.69,Flip Short,2026-05-06 10:45,1778078700000,0.74,22752,15698.88,8,1105.06,7.0321,1349.42,8.5871,470.74,2.9956,32.54,2026-07-29T13:51:10.389Z
flip-only|MGA|45m|1778767200000|1779814800000,flip-only,MGA,TSX:MGA,45m,Swing 45m,LONG,Swing Low,2026-05-14 10:00,1778767200000,0.69,Flip Short,2026-05-26 13:00,1779814800000,0.66,23942,16519.98,72,-750.58,-4.5389,701.74,4.2436,1692.46,10.2347,32.32,2026-07-29T13:51:10.389Z
flip-only|MGA|45m|1780668000000|1781532000000,flip-only,MGA,TSX:MGA,45m,Swing 45m,LONG,Swing Low,2026-06-05 10:00,1780668000000,0.62,Flip Short,2026-06-15 10:00,1781532000000,0.64,25497,15808.14,58,477.81,3.0196,494.13,3.1227,2310.54,14.6015,32.13,2026-07-29T13:51:10.389Z
flip-only|MGA|45m|1782136800000|1784655900000,flip-only,MGA,TSX:MGA,45m,Swing 45m,LONG,Swing Low,2026-06-22 10:00,1782136800000,0.6,Flip Short,2026-07-21 13:45,1784655900000,0.54,27102,16261.2,183,-1657.02,-10.1798,525.78,3.2301,2997.48,18.4149,30.9,2026-07-29T13:51:10.389Z
flip-only|BIIB|45m|1768235400000|1769010300000,flip-only,BIIB,NASDAQ:BIIB,45m,Swing 45m,LONG,Swing Low,2026-01-12 11:30,1768235400000,182.85,Flip Short,2026-01-21 10:45,1769010300000,170.75,51,9325.35,93,-635.13,-6.804,153.87,1.6484,1152.24,12.3436,18.03,2026-07-29T13:51:13.280Z
flip-only|BIIB|45m|1771505100000|1771858800000,flip-only,BIIB,NASDAQ:BIIB,45m,Swing 45m,LONG,Swing Low,2026-02-19 07:45,1771505100000,193.14,Flip Short,2026-02-23 10:00,1771858800000,196.81,46,8884.44,29,150.88,1.6966,159.94,1.7984,182.3,2.0499,17.94,2026-07-29T13:51:13.280Z
flip-only|BIIB|45m|1772118000000|1773167400000,flip-only,BIIB,NASDAQ:BIIB,45m,Swing 45m,LONG,Swing Low,2026-02-26 10:00,1772118000000,189.1,Flip Short,2026-03-10 14:30,1773167400000,189.52,47,8887.7,113,1.94,0.0219,149.03,1.6752,389.12,4.3738,17.8,2026-07-29T13:51:13.280Z
flip-only|BIIB|45m|1773434700000|1774447200000,flip-only,BIIB,NASDAQ:BIIB,45m,Swing 45m,LONG,Swing Low,2026-03-13 16:45,1773434700000,181.24,Flip Short,2026-03-25 10:00,1774447200000,186.58,49,8880.76,91,243.64,2.7407,283.65,3.1908,160.78,1.8086,18.02,2026-07-29T13:51:13.280Z
flip-only|BIIB|45m|1774960200000|1775675700000,flip-only,BIIB,NASDAQ:BIIB,45m,Swing 45m,LONG,Swing Low,2026-03-31 08:30,1774960200000,181.5,Flip Short,2026-04-08 15:15,1775675700000,179.57,50,9075,81,-114.55,-1.261,220.93,2.432,652.58,7.1837,18.05,2026-07-29T13:51:13.280Z
flip-only|BIIB|45m|1776088800000|1776175200000,flip-only,BIIB,NASDAQ:BIIB,45m,Swing 45m,LONG,Swing Low,2026-04-13 10:00,1776088800000,175.18,Flip Short,2026-04-14 10:00,1776175200000,178.51,52,9109.36,18,154.77,1.6973,335.13,3.6753,138.59,1.5199,18.39,2026-07-29T13:51:13.280Z
flip-only|BIIB|45m|1777058100000|1777471200000,flip-only,BIIB,NASDAQ:BIIB,45m,Swing 45m,LONG,Swing Low,2026-04-24 15:15,1777058100000,183.75,Flip Short,2026-04-29 10:00,1777471200000,189.02,50,9187.5,38,244.86,2.6625,427.31,4.6464,357.19,3.8839,18.64,2026-07-29T13:51:13.280Z
flip-only|BIIB|45m|1778769900000|1779461100000,flip-only,BIIB,NASDAQ:BIIB,45m,Swing 45m,LONG,Swing Low,2026-05-14 10:45,1778769900000,194.12,Flip Short,2026-05-22 10:45,1779461100000,193.06,49,9511.88,92,-70.91,-0.7448,105.15,1.1043,417.68,4.3868,18.97,2026-07-29T13:51:13.280Z
flip-only|BIIB|45m|1780327800000|1780576200000,flip-only,BIIB,NASDAQ:BIIB,45m,Swing 45m,LONG,Swing Low,2026-06-01 11:30,1780327800000,192.54,Flip Short,2026-06-04 08:30,1780576200000,198.02,49,9434.46,35,249.38,2.6407,306.62,3.2467,388.69,4.1158,19.14,2026-07-29T13:51:13.280Z
flip-only|BIIB|45m|1781796600000|1782312300000,flip-only,BIIB,NASDAQ:BIIB,45m,Swing 45m,LONG,Swing Low,2026-06-18 11:30,1781796600000,193.87,Flip Short,2026-06-24 10:45,1782312300000,200.21,49,9499.63,39,291.35,3.0639,387.4,4.074,47.23,0.4967,19.31,2026-07-29T13:51:13.280Z
flip-only|BIIB|45m|1782930600000|1783967400000,flip-only,BIIB,NASDAQ:BIIB,45m,Swing 45m,LONG,Swing Low,2026-07-01 14:30,1782930600000,210.81,Flip Short,2026-07-13 14:30,1783967400000,208.58,47,9908.07,97,-124.52,-1.2555,376.43,3.7955,770.84,7.7721,19.71,2026-07-29T13:51:13.280Z
flip-only|BIIB|45m|1784037600000|1784283300000,flip-only,BIIB,NASDAQ:BIIB,45m,Swing 45m,LONG,Swing Low,2026-07-14 10:00,1784037600000,193.97,Flip Short,2026-07-17 06:15,1784283300000,210,50,9698.5,51,781.3,8.0479,791.8,8.156,403.7,4.1583,20.2,2026-07-29T13:51:13.280Z
flip-only|BIIB|45m|1784723400000|1785160800000,flip-only,BIIB,NASDAQ:BIIB,45m,Swing 45m,LONG,Swing Low,2026-07-22 08:30,1784723400000,203,Flip Short,2026-07-27 10:00,1785160800000,203.42,53,10759,34,0.72,0.0067,68.74,0.6383,340.95,3.1658,21.54,2026-07-29T13:51:13.280Z
flip-only|PFG|45m|1762449300000|1762786800000,flip-only,PFG,NASDAQ:PFG,45m,Swing 45m,LONG,Swing Low,2025-11-06 12:15,1762449300000,81.07,Flip Short,2025-11-10 10:00,1762786800000,83.23,117,9485.19,20,233.5,2.4592,326.3,3.4367,34.06,0.3587,19.22,2026-07-29T13:51:16.121Z
flip-only|PFG|45m|1763397000000|1764082800000,flip-only,PFG,NASDAQ:PFG,45m,Swing 45m,LONG,Swing Low,2025-11-17 11:30,1763397000000,82.71,Flip Short,2025-11-25 10:00,1764082800000,85.15,117,9677.07,59,265.84,2.7444,338.98,3.4995,289.31,2.9866,19.64,2026-07-29T13:51:16.121Z
flip-only|PFG|45m|1764768600000|1764795600000,flip-only,PFG,NASDAQ:PFG,45m,Swing 45m,LONG,Swing Low,2025-12-03 08:30,1764768600000,82.72,Flip Short,2025-12-03 16:00,1764795600000,85.94,119,9843.68,10,363.11,3.6851,382.86,3.8855,9.84,0.0999,20.07,2026-07-29T13:51:16.121Z
flip-only|PFG|45m|1765980900000|1767625200000,flip-only,PFG,NASDAQ:PFG,45m,Swing 45m,LONG,Swing Low,2025-12-17 09:15,1765980900000,89.87,Flip Short,2026-01-05 10:00,1767625200000,90.06,118,10604.66,111,1.19,0.0112,40.14,0.3781,264.3,2.4899,21.23,2026-07-29T13:51:16.121Z
flip-only|PFG|45m|1768213800000|1769094000000,flip-only,PFG,NASDAQ:PFG,45m,Swing 45m,LONG,Swing Low,2026-01-12 05:30,1768213800000,89.87,Flip Short,2026-01-22 10:00,1769094000000,91.86,115,10335.05,71,207.95,2.0101,238.06,2.3012,326.59,3.1568,20.9,2026-07-29T13:51:16.121Z
flip-only|PFG|45m|1770676200000|1771605000000,flip-only,PFG,NASDAQ:PFG,45m,Swing 45m,LONG,Swing Low,2026-02-09 17:30,1770676200000,92.94,Flip Short,2026-02-20 11:30,1771605000000,94.47,112,10409.28,78,150.37,1.4431,315.51,3.028,427.05,4.0985,20.99,2026-07-29T13:51:16.121Z
flip-only|PFG|45m|1772550000000|1773837000000,flip-only,PFG,NASDAQ:PFG,45m,Swing 45m,LONG,Swing Low,2026-03-03 10:00,1772550000000,91.51,Flip Short,2026-03-18 08:30,1773837000000,87.73,116,10615.16,118,-459.27,-4.3222,313.02,2.9459,671.82,6.3225,20.79,2026-07-29T13:51:16.121Z
flip-only|PFG|45m|1773931500000|1774368900000,flip-only,PFG,NASDAQ:PFG,45m,Swing 45m,LONG,Swing Low,2026-03-19 10:45,1773931500000,85.8,Flip Short,2026-03-24 12:15,1774368900000,88.36,119,10210.2,35,283.91,2.7779,296.81,2.9041,163.72,1.6019,20.73,2026-07-29T13:51:16.121Z
flip-only|PFG|45m|1778076000000|1778767200000,flip-only,PFG,NASDAQ:PFG,45m,Swing 45m,LONG,Swing Low,2026-05-06 10:00,1778076000000,102.3,Flip Short,2026-05-14 10:00,1778767200000,101.18,102,10434.6,62,-134.99,-1.2924,0,0,335.81,3.2151,20.75,2026-07-29T13:51:16.121Z
flip-only|PFG|45m|1778875200000|1779112800000,flip-only,PFG,NASDAQ:PFG,45m,Swing 45m,LONG,Swing Low,2026-05-15 16:00,1778875200000,100.49,Flip Short,2026-05-18 10:00,1779112800000,101.75,103,10350.47,2,108.95,1.0516,132.82,1.2819,51.55,0.4976,20.83,2026-07-29T13:51:16.121Z
flip-only|PFG|45m|1780322400000|1780681500000,flip-only,PFG,NASDAQ:PFG,45m,Swing 45m,LONG,Swing Low,2026-06-01 10:00,1780322400000,102.92,Flip Short,2026-06-05 13:45,1780681500000,105.13,101,10394.92,47,202.2,1.9432,215.85,2.0744,215.42,2.0703,21.01,2026-07-29T13:51:16.121Z
flip-only|PFG|45m|1781802000000|1782144900000,flip-only,PFG,NASDAQ:PFG,45m,Swing 45m,LONG,Swing Low,2026-06-18 13:00,1781802000000,109.2,Flip Short,2026-06-22 12:15,1782144900000,112.16,97,10592.4,9,265.65,2.5054,276.53,2.608,21.26,0.2005,21.47,2026-07-29T13:51:16.121Z
flip-only|PFG|45m|1782309600000|1782922500000,flip-only,PFG,NASDAQ:PFG,45m,Swing 45m,LONG,Swing Low,2026-06-24 10:00,1782309600000,107.16,Flip Short,2026-07-01 12:15,1782922500000,109.55,101,10823.16,57,219.5,2.0261,231.58,2.1375,262.31,2.4212,21.89,2026-07-29T13:51:16.121Z
flip-only|PFG|45m|1784210400000|1784550600000,flip-only,PFG,NASDAQ:PFG,45m,Swing 45m,LONG,Swing Low,2026-07-16 10:00,1784210400000,111.07,Flip Short,2026-07-20 08:30,1784550600000,114.17,100,11107,20,287.48,2.5857,380.89,3.4259,77.11,0.6935,22.52,2026-07-29T13:51:16.121Z
flip-only|PFG|45m|1784642400000|1785231000000,flip-only,PFG,NASDAQ:PFG,45m,Swing 45m,LONG,Swing Low,2026-07-21 10:00,1784642400000,108.94,Flip Short,2026-07-28 05:30,1785231000000,110.97,104,11329.76,51,188.25,1.6599,249.71,2.2018,289.01,2.5483,22.87,2026-07-29T13:51:16.121Z
flip-only|QRVO|45m|1767798000000|1769094000000,flip-only,QRVO,NASDAQ:QRVO,45m,Swing 45m,LONG,Swing Low,2026-01-07 10:00,1767798000000,81.74,Flip Short,2026-01-22 10:00,1769094000000,84.04,115,9400.1,119,245.44,2.6084,327.55,3.4811,387.75,4.1208,19.06,2026-07-29T13:51:19.149Z
flip-only|QRVO|45m|1769550300000|1770128100000,flip-only,QRVO,NASDAQ:QRVO,45m,Swing 45m,LONG,Swing Low,2026-01-27 16:45,1769550300000,75.95,Flip Short,2026-02-03 09:15,1770128100000,79.72,128,9721.6,62,462.63,4.7541,600.84,6.1743,387.32,3.9802,19.93,2026-07-29T13:51:19.149Z
flip-only|QRVO|45m|1770919200000|1773410400000,flip-only,QRVO,NASDAQ:QRVO,45m,Swing 45m,LONG,Swing Low,2026-02-12 13:00,1770919200000,82.71,Flip Short,2026-03-13 10:00,1773410400000,80.11,122,10090.62,223,-337.06,-3.337,272.95,2.7023,956.81,9.4727,19.86,2026-07-29T13:51:19.149Z
flip-only|QRVO|45m|1773764100000|1774274400000,flip-only,QRVO,NASDAQ:QRVO,45m,Swing 45m,LONG,Swing Low,2026-03-17 12:15,1773764100000,77.55,Flip Short,2026-03-23 10:00,1774274400000,79.14,127,9848.85,45,182.03,1.8464,250.5,2.5409,196.54,1.9936,19.9,2026-07-29T13:51:19.149Z
flip-only|QRVO|45m|1774622700000|1775165400000,flip-only,QRVO,NASDAQ:QRVO,45m,Swing 45m,LONG,Swing Low,2026-03-27 10:45,1774622700000,77.03,Flip Short,2026-04-02 17:30,1775165400000,78.8,129,9936.87,50,208.23,2.0934,226.13,2.2734,218.92,2.2009,20.1,2026-07-29T13:51:19.149Z
flip-only|QRVO|45m|1777382100000|1777560300000,flip-only,QRVO,NASDAQ:QRVO,45m,Swing 45m,LONG,Swing Low,2026-04-28 09:15,1777382100000,85.28,Flip Short,2026-04-30 10:45,1777560300000,88.19,121,10318.88,25,331.12,3.2057,382.93,3.7073,99.86,0.9668,20.99,2026-07-29T13:51:19.149Z
flip-only|QRVO|45m|1778076000000|1779112800000,flip-only,QRVO,NASDAQ:QRVO,45m,Swing 45m,LONG,Swing Low,2026-05-06 10:00,1778076000000,87.54,Flip Short,2026-05-18 10:00,1779112800000,93.33,120,10504.8,108,673.1,6.4011,789.9,7.5119,149.7,1.4237,21.7,2026-07-29T13:51:19.149Z
flip-only|QRVO|45m|1780319700000|1780514100000,flip-only,QRVO,NASDAQ:QRVO,45m,Swing 45m,LONG,Swing Low,2026-06-01 09:15,1780319700000,102.51,Flip Short,2026-06-03 15:15,1780514100000,105.58,108,11071.08,38,309.09,2.789,380.97,3.4377,349.11,3.1502,22.47,2026-07-29T13:51:19.149Z
flip-only|QRVO|45m|1780676100000|1781548200000,flip-only,QRVO,NASDAQ:QRVO,45m,Swing 45m,LONG,Swing Low,2026-06-05 12:15,1780676100000,98.65,Flip Short,2026-06-15 14:30,1781548200000,100.98,116,11443.4,80,247.12,2.1574,538.4,4.7002,561.28,4.9,23.16,2026-07-29T13:51:19.149Z
flip-only|QRVO|45m|1781780400000|1782139500000,flip-only,QRVO,NASDAQ:QRVO,45m,Swing 45m,LONG,Swing Low,2026-06-18 07:00,1781780400000,96.5,Flip Short,2026-06-22 10:45,1782139500000,102.34,123,11869.5,16,693.86,5.8399,826.99,6.9604,331.67,2.7915,24.46,2026-07-29T13:51:19.149Z
flip-only|QRVO|45m|1782328500000|1784545200000,flip-only,QRVO,NASDAQ:QRVO,45m,Swing 45m,LONG,Swing Low,2026-06-24 15:15,1782328500000,95.54,Flip Short,2026-07-20 07:00,1784545200000,86.28,129,12324.66,210,-1217.99,-9.8727,563.02,4.5636,1844.12,14.9479,23.45,2026-07-29T13:51:19.149Z
flip-only|QRVO|45m|1784896200000|1785247200000,flip-only,QRVO,NASDAQ:QRVO,45m,Swing 45m,LONG,Swing Low,2026-07-24 08:30,1784896200000,87.3,Flip Short,2026-07-28 10:00,1785247200000,90.31,128,11174.4,26,362.55,3.2412,475.23,4.2486,136.61,1.2213,22.73,2026-07-29T13:51:19.149Z
flip-only|SFNC|45m|1760018400000|1760534100000,flip-only,SFNC,NASDAQ:SFNC,45m,Swing 45m,LONG,Swing Low,2025-10-09 10:00,1760018400000,18.93,Flip Short,2025-10-15 09:15,1760534100000,19.38,499,9446.07,35,205.43,2.1726,329.87,3.4887,263.94,2.7913,19.12,2026-07-29T13:51:22.099Z
flip-only|SFNC|45m|1760625900000|1762546500000,flip-only,SFNC,NASDAQ:SFNC,45m,Swing 45m,LONG,Swing Low,2025-10-16 10:45,1760625900000,18.54,Flip Short,2025-11-07 15:15,1762546500000,17.79,522,9677.88,159,-410.46,-4.237,16.42,0.1695,803.12,8.2902,18.96,2026-07-29T13:51:22.099Z
flip-only|SFNC|45m|1763410500000|1763742600000,flip-only,SFNC,NASDAQ:SFNC,45m,Swing 45m,LONG,Swing Low,2025-11-17 15:15,1763410500000,17.37,Flip Short,2025-11-21 11:30,1763742600000,18.07,535,9292.95,33,355.54,3.8221,365.21,3.926,100.24,1.0776,18.96,2026-07-29T13:51:22.099Z
flip-only|SFNC|45m|1766777400000|1767633300000,flip-only,SFNC,NASDAQ:SFNC,45m,Swing 45m,LONG,Swing Low,2025-12-26 14:30,1766777400000,19.17,Flip Short,2026-01-05 12:15,1767633300000,19.32,502,9623.34,45,55.98,0.5811,65.68,0.6818,340.94,3.5393,19.32,2026-07-29T13:51:22.099Z
flip-only|SFNC|45m|1768319100000|1769007600000,flip-only,SFNC,NASDAQ:SFNC,45m,Swing 45m,LONG,Swing Low,2026-01-13 10:45,1768319100000,18.9,Flip Short,2026-01-21 10:00,1769007600000,20.4,512,9676.8,49,747.88,7.7209,763.44,7.8815,147.92,1.527,20.12,2026-07-29T13:51:22.099Z
flip-only|SFNC|45m|1770916500000|1774274400000,flip-only,SFNC,NASDAQ:SFNC,45m,Swing 45m,LONG,Swing Low,2026-02-12 12:15,1770916500000,21.12,Flip Short,2026-03-23 10:00,1774274400000,19.36,492,10391.04,247,-885.84,-8.5165,422.57,4.0626,1422.43,13.6753,19.92,2026-07-29T13:51:22.099Z
flip-only|SFNC|45m|1776345300000|1776437100000,flip-only,SFNC,NASDAQ:SFNC,45m,Swing 45m,LONG,Swing Low,2026-04-16 09:15,1776345300000,20.4,Flip Short,2026-04-17 10:45,1776437100000,21.49,472,9628.8,12,494.71,5.1327,519.01,5.3848,61.55,0.6386,19.77,2026-07-29T13:51:22.099Z
flip-only|SFNC|45m|1777295700000|1777392900000,flip-only,SFNC,NASDAQ:SFNC,45m,Swing 45m,LONG,Swing Low,2026-04-27 09:15,1777295700000,21.1,Flip Short,2026-04-28 12:15,1777392900000,21.77,477,10064.7,15,299.14,2.9692,314.3,3.1196,57.76,0.5734,20.45,2026-07-29T13:51:22.099Z
flip-only|SFNC|45m|1778502600000|1779288300000,flip-only,SFNC,NASDAQ:SFNC,45m,Swing 45m,LONG,Swing Low,2026-05-11 08:30,1778502600000,21.27,Flip Short,2026-05-20 10:45,1779288300000,21.29,494,10507.38,66,-11.14,-0.106,63.59,0.6046,455.11,4.327,21.02,2026-07-29T13:51:22.099Z
flip-only|SFNC|45m|1780325100000|1780681500000,flip-only,SFNC,NASDAQ:SFNC,45m,Swing 45m,LONG,Swing Low,2026-06-01 10:45,1780325100000,20.96,Flip Short,2026-06-05 13:45,1780681500000,21.78,491,10291.36,42,381.63,3.7046,397.24,3.8561,79.03,0.7672,20.99,2026-07-29T13:51:22.099Z
flip-only|SFNC|45m|1781721000000|1782242100000,flip-only,SFNC,NASDAQ:SFNC,45m,Swing 45m,LONG,Swing Low,2026-06-17 14:30,1781721000000,21.81,Flip Short,2026-06-23 15:15,1782242100000,22.44,488,10643.28,30,285.85,2.683,301.68,2.8316,166.8,1.5657,21.59,2026-07-29T13:51:22.099Z
flip-only|SFNC|45m|1783516500000|1783692000000,flip-only,SFNC,NASDAQ:SFNC,45m,Swing 45m,LONG,Swing Low,2026-07-08 09:15,1783516500000,22.45,Flip Short,2026-07-10 10:00,1783692000000,22.85,485,10888.25,22,172.03,1.5784,430.46,3.9495,180.64,1.6574,21.97,2026-07-29T13:51:22.099Z
flip-only|OII|45m|1770025500000|1770130800000,flip-only,OII,NYSE:OII,45m,Swing 45m,LONG,Swing Low,2026-02-02 04:45,1770025500000,29.63,Flip Short,2026-02-03 10:00,1770130800000,30.67,318,9422.34,24,311.54,3.3031,534.36,5.6655,216.12,2.2914,19.18,2026-07-29T13:51:25.172Z
flip-only|OII|45m|1770306300000|1770398100000,flip-only,OII,NYSE:OII,45m,Swing 45m,LONG,Swing Low,2026-02-05 10:45,1770306300000,29.55,Flip Short,2026-02-06 12:15,1770398100000,31.93,330,9751.5,21,765.11,7.8383,785.55,8.0476,19.65,0.2013,20.29,2026-07-29T13:51:25.172Z
flip-only|OII|45m|1770913800000|1771434900000,flip-only,OII,NYSE:OII,45m,Swing 45m,LONG,Swing Low,2026-02-12 11:30,1770913800000,32.35,Flip Short,2026-02-18 12:15,1771434900000,34.04,324,10481.4,48,526.05,5.0139,676.4,6.4469,263.2,2.5086,21.51,2026-07-29T13:51:25.172Z
flip-only|OII|45m|1771453800000|1771513200000,flip-only,OII,NYSE:OII,45m,Swing 45m,LONG,Swing Low,2026-02-18 17:30,1771453800000,32.02,Flip Short,2026-02-19 10:00,1771513200000,35,342,10950.84,10,996.24,9.0883,1220.25,11.1318,363.21,3.3134,22.92,2026-07-29T13:51:25.172Z
flip-only|OII|45m|1772118000000|1773156600000,flip-only,OII,NYSE:OII,45m,Swing 45m,LONG,Swing Low,2026-02-26 10:00,1772118000000,36.82,Flip Short,2026-03-10 11:30,1773156600000,35.44,326,12003.32,138,-473.44,-3.9403,457.44,3.8071,1322.52,11.007,23.56,2026-07-29T13:51:25.172Z
flip-only|OII|45m|1773410400000|1773936900000,flip-only,OII,NYSE:OII,45m,Swing 45m,LONG,Swing Low,2026-03-13 10:00,1773410400000,34.17,Flip Short,2026-03-19 12:15,1773936900000,34.67,336,11481.12,67,144.87,1.2605,257.32,2.239,451.64,3.9298,23.13,2026-07-29T13:51:25.172Z
flip-only|OII|45m|1774881900000|1775484000000,flip-only,OII,NYSE:OII,45m,Swing 45m,LONG,Swing Low,2026-03-30 10:45,1774881900000,35.89,Flip Short,2026-04-06 10:00,1775484000000,36.29,324,11628.36,63,106.21,0.9125,176.29,1.5145,740.63,6.3628,23.39,2026-07-29T13:51:25.172Z
flip-only|OII|45m|1776080700000|1776167100000,flip-only,OII,NYSE:OII,45m,Swing 45m,LONG,Swing Low,2026-04-13 07:45,1776080700000,36.41,Flip Short,2026-04-14 07:45,1776167100000,37.49,327,11906.07,15,328.99,2.7605,383.76,3.22,168.87,1.4169,24.17,2026-07-29T13:51:25.172Z
flip-only|OII|45m|1776264300000|1776445200000,flip-only,OII,NYSE:OII,45m,Swing 45m,LONG,Swing Low,2026-04-15 10:45,1776264300000,35.46,Flip Short,2026-04-17 13:00,1776445200000,37.84,340,12056.4,34,784.28,6.4986,803.94,6.6615,90.26,0.7479,24.92,2026-07-29T13:51:25.172Z
flip-only|OII|45m|1776893400000|1776960900000,flip-only,OII,NYSE:OII,45m,Swing 45m,LONG,Swing Low,2026-04-22 17:30,1776893400000,36.93,Flip Short,2026-04-23 12:15,1776960900000,38.51,354,13073.22,14,532.61,4.07,1109.11,8.4753,696.29,5.3208,26.71,2026-07-29T13:51:25.172Z
flip-only|OII|45m|1777476600000|1777997700000,flip-only,OII,NYSE:OII,45m,Swing 45m,LONG,Swing Low,2026-04-29 11:30,1777476600000,36.76,Flip Short,2026-05-05 12:15,1777997700000,38.03,361,13270.36,61,431.47,3.2481,470.47,3.5417,536.72,4.0405,27,2026-07-29T13:51:25.172Z
flip-only|OII|45m|1778067900000|1778508000000,flip-only,OII,NYSE:OII,45m,Swing 45m,LONG,Swing Low,2026-05-06 07:45,1778067900000,36.7,Flip Short,2026-05-11 10:00,1778508000000,37.79,376,13799.2,48,381.83,2.7643,396.04,2.8672,487.56,3.5297,28.01,2026-07-29T13:51:25.172Z
flip-only|OII|45m|1778853600000|1779785100000,flip-only,OII,NYSE:OII,45m,Swing 45m,LONG,Swing Low,2026-05-15 10:00,1778853600000,37.14,Flip Short,2026-05-26 04:45,1779785100000,38.8,378,14038.92,69,598.77,4.2608,715.5,5.0915,82.08,0.5841,28.71,2026-07-29T13:51:25.172Z
flip-only|OII|45m|1779890400000|1780427700000,flip-only,OII,NYSE:OII,45m,Swing 45m,LONG,Swing Low,2026-05-27 10:00,1779890400000,37.55,Flip Short,2026-06-02 15:15,1780427700000,38.85,390,14644.5,71,477.2,3.2553,687.36,4.6889,486.54,3.3191,29.8,2026-07-29T13:51:25.172Z
flip-only|OII|45m|1780689600000|1781102700000,flip-only,OII,NYSE:OII,45m,Swing 45m,LONG,Swing Low,2026-06-05 16:00,1780689600000,36.72,Flip Short,2026-06-10 10:45,1781102700000,39.85,406,14908.32,34,1239.69,8.3071,1373.61,9.2045,79.87,0.5352,31.09,2026-07-29T13:51:25.172Z
flip-only|OII|45m|1781550900000|1782396000000,flip-only,OII,NYSE:OII,45m,Swing 45m,LONG,Swing Low,2026-06-15 15:15,1781550900000,38.17,Flip Short,2026-06-25 10:00,1782396000000,37.01,426,16260.42,101,-526.19,-3.2328,34.86,0.2142,1379.46,8.4751,32.03,2026-07-29T13:51:25.172Z
flip-only|OII|45m|1783006200000|1783519200000,flip-only,OII,NYSE:OII,45m,Swing 45m,LONG,Swing Low,2026-07-02 11:30,1783006200000,39.07,Flip Short,2026-07-08 10:00,1783519200000,40.75,403,15745.21,36,644.87,4.0916,806.37,5.1163,491.29,3.1171,32.17,2026-07-29T13:51:25.172Z
flip-only|OII|45m|1784296800000|1784634300000,flip-only,OII,NYSE:OII,45m,Swing 45m,LONG,Swing Low,2026-07-17 10:00,1784296800000,42.71,Flip Short,2026-07-21 07:45,1784634300000,43.2,385,16443.35,25,155.57,0.9452,761.26,4.6249,289.79,1.7606,33.08,2026-07-29T13:51:25.172Z
flip-only|BUSE|45m|1760639400000|1761149700000,flip-only,BUSE,NASDAQ:BUSE,45m,Swing 45m,LONG,Swing Low,2025-10-16 14:30,1760639400000,22.29,Flip Short,2025-10-22 12:15,1761149700000,23.51,425,9473.25,37,499.04,5.2626,547.28,5.7713,132.72,1.3996,19.46,2026-07-29T13:51:28.216Z
flip-only|BUSE|45m|1761746400000|1762438500000,flip-only,BUSE,NASDAQ:BUSE,45m,Swing 45m,LONG,Swing Low,2025-10-29 10:00,1761746400000,23.08,Flip Short,2025-11-06 09:15,1762438500000,23.03,431,9947.48,55,-41.42,-0.416,46.08,0.4628,423.71,4.2552,19.87,2026-07-29T13:51:28.216Z
flip-only|BUSE|45m|1763407800000|1763745300000,flip-only,BUSE,NASDAQ:BUSE,45m,Swing 45m,LONG,Swing Low,2025-11-17 14:30,1763407800000,22.61,Flip Short,2025-11-21 12:15,1763745300000,23.35,438,9903.18,34,303.99,3.0665,314.22,3.1697,294.6,2.9719,20.13,2026-07-29T13:51:28.216Z
flip-only|BUSE|45m|1766161800000|1767636000000,flip-only,BUSE,NASDAQ:BUSE,45m,Swing 45m,LONG,Swing Low,2025-12-19 11:30,1766161800000,25.03,Flip Short,2026-01-05 13:00,1767636000000,24.46,408,10212.24,79,-252.75,-2.4725,79.55,0.7782,630.37,6.1665,20.19,2026-07-29T13:51:28.216Z
flip-only|BUSE|45m|1768230000000|1768494600000,flip-only,BUSE,NASDAQ:BUSE,45m,Swing 45m,LONG,Swing Low,2026-01-12 10:00,1768230000000,24.04,Flip Short,2026-01-15 11:30,1768494600000,24.76,413,9928.52,30,277.21,2.7892,303.95,3.0583,175.13,1.7621,20.15,2026-07-29T13:51:28.216Z
flip-only|BUSE|45m|1769617800000|1770130800000,flip-only,BUSE,NASDAQ:BUSE,45m,Swing 45m,LONG,Swing Low,2026-01-28 11:30,1769617800000,24.3,Flip Short,2026-02-03 10:00,1770130800000,25.7,421,10230.3,35,568.35,5.55,701.26,6.8479,111.27,1.0866,21.05,2026-07-29T13:51:28.216Z
flip-only|BUSE|45m|1770913800000|1774279800000,flip-only,BUSE,NASDAQ:BUSE,45m,Swing 45m,LONG,Swing Low,2026-02-12 11:30,1770913800000,26.15,Flip Short,2026-03-23 11:30,1774279800000,25.39,412,10773.8,246,-334.35,-3.1003,306.47,2.8417,970.73,9.0011,21.23,2026-07-29T13:51:28.216Z
flip-only|BUSE|45m|1774876500000|1775052000000,flip-only,BUSE,NASDAQ:BUSE,45m,Swing 45m,LONG,Swing Low,2026-03-30 09:15,1774876500000,24.72,Flip Short,2026-04-01 10:00,1775052000000,25.49,428,10580.16,19,308.07,2.9089,344.66,3.2544,49.1,0.4636,21.49,2026-07-29T13:51:28.216Z
flip-only|BUSE|45m|1776348000000|1776437100000,flip-only,BUSE,NASDAQ:BUSE,45m,Swing 45m,LONG,Swing Low,2026-04-16 10:00,1776348000000,26.41,Flip Short,2026-04-17 10:45,1776437100000,27.16,407,10748.87,11,283.45,2.6344,294.5,2.7371,116.57,1.0834,21.8,2026-07-29T13:51:28.216Z
flip-only|BUSE|45m|1776966300000|1778054400000,flip-only,BUSE,NASDAQ:BUSE,45m,Swing 45m,LONG,Swing Low,2026-04-23 13:45,1776966300000,26.14,Flip Short,2026-05-06 04:00,1778054400000,26.6,421,11004.94,80,171.46,1.5564,511.04,4.639,322.54,2.928,22.2,2026-07-29T13:51:28.216Z
flip-only|BUSE|45m|1778513400000|1779285600000,flip-only,BUSE,NASDAQ:BUSE,45m,Swing 45m,LONG,Swing Low,2026-05-11 11:30,1778513400000,26.24,Flip Short,2026-05-20 10:00,1779285600000,26.46,426,11178.24,65,71.27,0.6369,112.36,1.0042,296.6,2.6507,22.45,2026-07-29T13:51:28.216Z
flip-only|BUSE|45m|1780408800000|1780668000000,flip-only,BUSE,NASDAQ:BUSE,45m,Swing 45m,LONG,Swing Low,2026-06-02 10:00,1780408800000,27.3,Flip Short,2026-06-05 10:00,1780668000000,27.57,412,11247.6,27,88.63,0.7872,128.83,1.1443,209.01,1.8564,22.61,2026-07-29T13:51:28.216Z
flip-only|BUSE|45m|1781721000000|1782242100000,flip-only,BUSE,NASDAQ:BUSE,45m,Swing 45m,LONG,Swing Low,2026-06-17 14:30,1781721000000,28.07,Flip Short,2026-06-23 15:15,1782242100000,28.84,403,11312.21,31,287.38,2.5379,299,2.6405,132.21,1.1676,22.93,2026-07-29T13:51:28.216Z
flip-only|BUSE|45m|1783346400000|1784137500000,flip-only,BUSE,NASDAQ:BUSE,45m,Swing 45m,LONG,Swing Low,2026-07-06 10:00,1783346400000,29.7,Flip Short,2026-07-15 13:45,1784137500000,29.54,390,11583,76,-85.5,-0.7374,0,0,514.68,4.439,23.1,2026-07-29T13:51:28.216Z
flip-only|BUSE|45m|1784815200000|1785160800000,flip-only,BUSE,NASDAQ:BUSE,45m,Swing 45m,LONG,Swing Low,2026-07-23 10:00,1784815200000,29.25,Flip Short,2026-07-27 10:00,1785160800000,29.95,394,11524.5,19,252.48,2.1886,343.08,2.9739,74.56,0.6464,23.32,2026-07-29T13:51:28.216Z
flip-only|EXEL|45m|1767114900000|1767798000000,flip-only,EXEL,NASDAQ:EXEL,45m,Swing 45m,LONG,Swing Low,2025-12-30 12:15,1767114900000,44.24,Flip Short,2026-01-07 10:00,1767798000000,44.77,214,9467.36,56,94.37,0.9958,183.13,1.9324,574.43,6.0614,19.05,2026-07-29T13:51:31.263Z
flip-only|EXEL|45m|1768921200000|1770303600000,flip-only,EXEL,NASDAQ:EXEL,45m,Swing 45m,LONG,Swing Low,2026-01-20 10:00,1768921200000,43.81,Flip Short,2026-02-05 10:00,1770303600000,43.58,218,9550.58,144,-69.19,-0.7237,339.25,3.5486,720.23,7.5337,19.05,2026-07-29T13:51:31.263Z
flip-only|EXEL|45m|1770762600000|1771340400000,flip-only,EXEL,NASDAQ:EXEL,45m,Swing 45m,LONG,Swing Low,2026-02-10 17:30,1770762600000,42.99,Flip Short,2026-02-17 10:00,1771340400000,44.32,221,9500.79,43,274.63,2.8878,348.52,3.6647,462.55,4.8637,19.3,2026-07-29T13:51:31.263Z
flip-only|EXEL|45m|1772231400000|1773064800000,flip-only,EXEL,NASDAQ:EXEL,45m,Swing 45m,LONG,Swing Low,2026-02-27 17:30,1772231400000,42.51,Flip Short,2026-03-09 10:00,1773064800000,41.69,227,9649.77,70,-205.25,-2.1249,146.98,1.5216,645.25,6.68,19.11,2026-07-29T13:51:31.263Z
flip-only|EXEL|45m|1773334800000|1773758700000,flip-only,EXEL,NASDAQ:EXEL,45m,Swing 45m,LONG,Swing Low,2026-03-12 13:00,1773334800000,40.82,Flip Short,2026-03-17 10:45,1773758700000,42.03,234,9551.88,33,263.75,2.7585,296.99,3.1061,72.73,0.7607,19.39,2026-07-29T13:51:31.263Z
flip-only|EXEL|45m|1774871100000|1775035800000,flip-only,EXEL,NASDAQ:EXEL,45m,Swing 45m,LONG,Swing Low,2026-03-30 07:45,1774871100000,41.5,Flip Short,2026-04-01 05:30,1775035800000,42.85,241,10001.5,22,305.02,3.0467,428.62,4.2813,10,0.0999,20.33,2026-07-29T13:51:31.263Z
flip-only|EXEL|45m|1776709800000|1776866400000,flip-only,EXEL,NASDAQ:EXEL,45m,Swing 45m,LONG,Swing Low,2026-04-20 14:30,1776709800000,44.14,Flip Short,2026-04-22 10:00,1776866400000,46.33,229,10108.06,17,480.79,4.7518,608.19,6.0109,149.8,1.4805,20.72,2026-07-29T13:51:31.263Z
flip-only|EXEL|45m|1777382100000|1778016600000,flip-only,EXEL,NASDAQ:EXEL,45m,Swing 45m,LONG,Swing Low,2026-04-28 09:15,1777382100000,44.51,Flip Short,2026-05-05 17:30,1778016600000,45.02,237,10548.87,68,99.65,0.9437,235.93,2.2343,249.92,2.3668,21.22,2026-07-29T13:51:31.263Z
flip-only|EXEL|45m|1779199200000|1779366600000,flip-only,EXEL,NASDAQ:EXEL,45m,Swing 45m,LONG,Swing Low,2026-05-19 10:00,1779199200000,49,Flip Short,2026-05-21 08:30,1779366600000,50.58,217,10633,26,321.25,3.0182,334.4,3.1418,227.63,2.1387,21.61,2026-07-29T13:51:31.263Z
flip-only|EXEL|45m|1780411500000|1780565400000,flip-only,EXEL,NASDAQ:EXEL,45m,Swing 45m,LONG,Swing Low,2026-06-02 10:45,1780411500000,49.29,Flip Short,2026-06-04 05:30,1780565400000,51.7,222,10942.38,23,512.6,4.6799,701.68,6.4061,224.06,2.0456,22.42,2026-07-29T13:51:31.263Z
flip-only|EXEL|45m|1781642700000|1782398700000,flip-only,EXEL,NASDAQ:EXEL,45m,Swing 45m,LONG,Swing Low,2026-06-16 16:45,1781642700000,52,Flip Short,2026-06-25 10:45,1782398700000,53.17,219,11388,74,233.2,2.0457,347.77,3.0508,285.14,2.5013,23.03,2026-07-29T13:51:31.263Z
flip-only|EXEL|45m|1783953900000|1785163500000,flip-only,EXEL,NASDAQ:EXEL,45m,Swing 45m,LONG,Swing Low,2026-07-13 10:45,1783953900000,55.41,Flip Short,2026-07-27 10:45,1785163500000,56.21,210,11636.1,114,144.56,1.2411,265.56,2.28,255.24,2.1913,23.44,2026-07-29T13:51:31.263Z
flip-only|NVST|45m|1761743700000|1761811200000,flip-only,NVST,NYSE:NVST,45m,Swing 45m,LONG,Swing Low,2025-10-29 09:15,1761743700000,20,Flip Short,2025-10-30 04:00,1761811200000,20.41,481,9620,11,177.77,1.8461,596.44,6.1938,43.29,0.4496,19.44,2026-07-29T13:51:34.265Z
flip-only|NVST|45m|1761846300000|1762873200000,flip-only,NVST,NYSE:NVST,45m,Swing 45m,LONG,Swing Low,2025-10-30 13:45,1761846300000,19.7,Flip Short,2025-11-11 10:00,1762873200000,20.34,490,9653,75,293.98,3.0424,460.75,4.7683,377.15,3.9032,19.62,2026-07-29T13:51:34.265Z
flip-only|NVST|45m|1763386200000|1763745300000,flip-only,NVST,NYSE:NVST,45m,Swing 45m,LONG,Swing Low,2025-11-17 08:30,1763386200000,19.4,Flip Short,2025-11-21 12:15,1763745300000,19.95,512,9932.8,42,261.45,2.6296,297.27,2.9898,322.25,3.2411,20.15,2026-07-29T13:51:34.265Z
flip-only|NVST|45m|1764703800000|1765300500000,flip-only,NVST,NYSE:NVST,45m,Swing 45m,LONG,Swing Low,2025-12-02 14:30,1764703800000,20.22,Flip Short,2025-12-09 12:15,1765300500000,20.78,504,10190.88,44,261.58,2.5642,327.49,3.2103,176.51,1.7303,20.66,2026-07-29T13:51:34.265Z
flip-only|NVST|45m|1767366000000|1767625200000,flip-only,NVST,NYSE:NVST,45m,Swing 45m,LONG,Swing Low,2026-01-02 10:00,1767366000000,21.78,Flip Short,2026-01-05 10:00,1767625200000,22.16,479,10432.62,10,160.97,1.5414,233.86,2.2394,106.23,1.0173,21.05,2026-07-29T13:51:34.265Z
flip-only|NVST|45m|1769180400000|1770303600000,flip-only,NVST,NYSE:NVST,45m,Swing 45m,LONG,Swing Low,2026-01-23 10:00,1769180400000,24.24,Flip Short,2026-02-05 10:00,1770303600000,25.05,436,10568.64,88,331.67,3.1351,355.67,3.362,655.85,6.1994,21.49,2026-07-29T13:51:34.265Z
flip-only|NVST|45m|1771343100000|1771942500000,flip-only,NVST,NYSE:NVST,45m,Swing 45m,LONG,Swing Low,2026-02-17 10:45,1771343100000,28.46,Flip Short,2026-02-24 09:15,1771942500000,29.1,383,10900.18,53,223.07,2.0445,291.67,2.6732,202.4,1.855,22.05,2026-07-29T13:51:34.265Z
flip-only|NVST|45m|1772550000000|1774274400000,flip-only,NVST,NYSE:NVST,45m,Swing 45m,LONG,Swing Low,2026-03-03 10:00,1772550000000,28.07,Flip Short,2026-03-23 10:00,1774274400000,26.22,395,11087.65,136,-752.19,-6.7773,356.26,3.2099,1523.94,13.7307,21.44,2026-07-29T13:51:34.265Z
flip-only|NVST|45m|1774636200000|1775656800000,flip-only,NVST,NYSE:NVST,45m,Swing 45m,LONG,Swing Low,2026-03-27 14:30,1774636200000,24.49,Flip Short,2026-04-08 10:00,1775656800000,26.96,424,10383.76,65,1025.47,9.8658,1087.78,10.4653,218.14,2.0987,21.81,2026-07-29T13:51:34.265Z
flip-only|NVST|45m|1776966300000|1778070600000,flip-only,NVST,NYSE:NVST,45m,Swing 45m,LONG,Swing Low,2026-04-23 13:45,1776966300000,26.58,Flip Short,2026-05-06 08:30,1778070600000,27,427,11349.66,83,156.46,1.3772,466.89,4.1096,502.4,4.4221,22.88,2026-07-29T13:51:34.265Z
flip-only|NVST|45m|1778100300000|1778151600000,flip-only,NVST,NYSE:NVST,45m,Swing 45m,LONG,Swing Low,2026-05-06 16:45,1778100300000,26.12,Flip Short,2026-05-07 07:00,1778151600000,27.95,441,11518.92,1,783.19,6.7923,1483.47,12.8657,11.52,0.0999,23.84,2026-07-29T13:51:34.265Z
flip-only|NVST|45m|1778162400000|1779795900000,flip-only,NVST,NYSE:NVST,45m,Swing 45m,LONG,Swing Low,2026-05-07 10:00,1778162400000,25.67,Flip Short,2026-05-26 07:45,1779795900000,24,477,12244.59,122,-820.28,-6.6925,116.55,0.9509,1490.94,12.1642,23.69,2026-07-29T13:51:34.265Z
flip-only|NVST|45m|1780325100000|1781032500000,flip-only,NVST,NYSE:NVST,45m,Swing 45m,LONG,Swing Low,2026-06-01 10:45,1780325100000,22.81,Flip Short,2026-06-09 15:15,1781032500000,24.92,503,11473.43,74,1037.32,9.032,1100.16,9.5792,413.87,3.6036,24.01,2026-07-29T13:51:34.265Z
flip-only|NVST|45m|1783521900000|1784124000000,flip-only,NVST,NYSE:NVST,45m,Swing 45m,LONG,Swing Low,2026-07-08 10:45,1783521900000,25.89,Flip Short,2026-07-15 10:00,1784124000000,26.48,481,12453.09,55,258.6,2.0745,285.77,2.2925,334.72,2.6852,25.19,2026-07-29T13:51:34.265Z
flip-only|NVST|45m|1784815200000|1785247200000,flip-only,NVST,NYSE:NVST,45m,Swing 45m,LONG,Swing Low,2026-07-23 10:00,1784815200000,26.12,Flip Short,2026-07-28 10:00,1785247200000,27.11,486,12694.32,33,455.27,3.5828,570.51,4.4897,177.93,1.4003,25.87,2026-07-29T13:51:34.265Z
flip-only|FAST|45m|1768910400000|1769023800000,flip-only,FAST,NASDAQ:FAST,45m,Swing 45m,LONG,Swing Low,2026-01-20 07:00,1768910400000,41.78,Flip Short,2026-01-21 14:30,1769023800000,44.52,227,9484.06,24,602.39,6.3453,617.04,6.4995,256.91,2.7062,19.59,2026-07-29T13:51:37.268Z
flip-only|FAST|45m|1769450400000|1770047100000,flip-only,FAST,NASDAQ:FAST,45m,Swing 45m,LONG,Swing Low,2026-01-26 13:00,1769450400000,43.44,Flip Short,2026-02-02 10:45,1770047100000,44.12,231,10034.64,68,136.85,1.3624,177.08,1.7629,171.73,1.7097,20.23,2026-07-29T13:51:37.268Z
flip-only|FAST|45m|1770665400000|1771602300000,flip-only,FAST,NASDAQ:FAST,45m,Swing 45m,LONG,Swing Low,2026-02-09 14:30,1770665400000,46.43,Flip Short,2026-02-20 10:45,1771602300000,45.83,219,10168.17,93,-151.6,-1.4895,296.43,2.9124,314.58,3.0907,20.2,2026-07-29T13:51:37.268Z
flip-only|FAST|45m|1771605000000|1772209800000,flip-only,FAST,NASDAQ:FAST,45m,Swing 45m,LONG,Swing Low,2026-02-20 11:30,1771605000000,44.88,Flip Short,2026-02-27 11:30,1772209800000,45.96,223,10008.24,62,220.58,2.2018,337.87,3.3726,92.52,0.9235,20.26,2026-07-29T13:51:37.268Z
flip-only|FAST|45m|1773064800000|1774439100000,flip-only,FAST,NASDAQ:FAST,45m,Swing 45m,LONG,Swing Low,2026-03-09 10:00,1773064800000,45.75,Flip Short,2026-03-25 07:45,1774439100000,45.11,224,10248,144,-163.71,-1.5959,280.95,2.7388,520.97,5.0785,20.35,2026-07-29T13:51:37.268Z
flip-only|FAST|45m|1775570400000|1775656800000,flip-only,FAST,NASDAQ:FAST,45m,Swing 45m,LONG,Swing Low,2026-04-07 10:00,1775570400000,45.42,Flip Short,2026-04-08 10:00,1775656800000,47.48,222,10083.24,14,436.7,4.3266,451.68,4.475,81.12,0.8037,20.62,2026-07-29T13:51:37.268Z
flip-only|FAST|45m|1776096900000|1776437100000,flip-only,FAST,NASDAQ:FAST,45m,Swing 45m,LONG,Swing Low,2026-04-13 12:15,1776096900000,45.65,Flip Short,2026-04-17 10:45,1776437100000,45.73,230,10499.5,64,-2.62,-0.0249,113.7,1.0818,500.4,4.7612,21.02,2026-07-29T13:51:37.268Z
flip-only|FAST|45m|1776882600000|1777989600000,flip-only,FAST,NASDAQ:FAST,45m,Swing 45m,LONG,Swing Low,2026-04-22 14:30,1776882600000,44.72,Flip Short,2026-05-05 10:00,1777989600000,44.87,235,10509.2,119,14.2,0.135,219.79,2.0893,414.71,3.9422,21.05,2026-07-29T13:51:37.268Z
flip-only|FAST|45m|1778251500000|1778853600000,flip-only,FAST,NASDAQ:FAST,45m,Swing 45m,LONG,Swing Low,2026-05-08 10:45,1778251500000,44.1,Flip Short,2026-05-15 10:00,1778853600000,43.49,238,10495.8,62,-166.03,-1.5803,91.84,0.8742,372.26,3.5432,20.85,2026-07-29T13:51:37.268Z
flip-only|FAST|45m|1779372000000|1779801300000,flip-only,FAST,NASDAQ:FAST,45m,Swing 45m,LONG,Swing Low,2026-05-21 10:00,1779372000000,43.21,Flip Short,2026-05-26 09:15,1779801300000,44.04,240,10370.4,28,178.26,1.7172,232.03,2.2352,48.77,0.4698,20.94,2026-07-29T13:51:37.268Z
flip-only|FAST|45m|1780314300000|1780495200000,flip-only,FAST,NASDAQ:FAST,45m,Swing 45m,LONG,Swing Low,2026-06-01 07:45,1780314300000,44,Flip Short,2026-06-03 10:00,1780495200000,46.13,239,10516,33,487.53,4.6314,498.55,4.7362,184.99,1.7573,21.54,2026-07-29T13:51:37.268Z
flip-only|FAST|45m|1780948800000|1781278200000,flip-only,FAST,NASDAQ:FAST,45m,Swing 45m,LONG,Swing Low,2026-06-08 16:00,1780948800000,45.99,Flip Short,2026-06-12 11:30,1781278200000,46.88,239,10991.61,41,190.51,1.7315,268.64,2.4416,42.06,0.3823,22.2,2026-07-29T13:51:37.268Z
flip-only|FAST|45m|1781618400000|1782142200000,flip-only,FAST,NASDAQ:FAST,45m,Swing 45m,LONG,Swing Low,2026-06-16 10:00,1781618400000,46.27,Flip Short,2026-06-22 11:30,1782142200000,46.77,241,11151.07,42,98.08,0.8787,131.04,1.174,403.98,3.6192,22.42,2026-07-29T13:51:37.268Z
flip-only|FAST|45m|1783440900000|1783951200000,flip-only,FAST,NASDAQ:FAST,45m,Swing 45m,LONG,Swing Low,2026-07-07 12:15,1783440900000,47.25,Flip Short,2026-07-13 10:00,1783951200000,47.6,238,11245.5,53,60.73,0.5395,83.95,0.7458,299.23,2.6582,22.57,2026-07-29T13:51:37.268Z
flip-only|FAST|45m|1784029500000|1784037600000,flip-only,FAST,NASDAQ:FAST,45m,Swing 45m,LONG,Swing Low,2026-07-14 07:45,1784029500000,46.05,Flip Short,2026-07-14 10:00,1784037600000,48.73,245,11282.25,3,633.38,5.6083,660.02,5.8442,40.68,0.3602,23.22,2026-07-29T13:51:37.268Z
flip-only|FAST|45m|1784043000000|1784820600000,flip-only,FAST,NASDAQ:FAST,45m,Swing 45m,LONG,Swing Low,2026-07-14 11:30,1784043000000,45.27,Flip Short,2026-07-23 11:30,1784820600000,45.83,263,11906.01,102,123.32,1.0348,464.12,3.8943,330.14,2.7701,23.96,2026-07-29T13:51:37.268Z
flip-only|KMT|45m|1761840900000|1762344000000,flip-only,KMT,NYSE:KMT,45m,Swing 45m,LONG,Swing Low,2025-10-30 12:15,1761840900000,22.38,Flip Short,2025-11-05 07:00,1762344000000,24.11,424,9489.12,36,713.81,7.5149,1097.15,11.5506,514.05,5.4118,19.71,2026-07-29T13:51:40.211Z
flip-only|KMT|45m|1763399700000|1763999100000,flip-only,KMT,NYSE:KMT,45m,Swing 45m,LONG,Swing Low,2025-11-17 12:15,1763399700000,26.64,Flip Short,2025-11-24 10:45,1763999100000,27.08,381,10149.84,45,147.17,1.4486,157.49,1.5501,551.17,5.4249,20.47,2026-07-29T13:51:40.211Z
flip-only|KMT|45m|1766156400000|1766502000000,flip-only,KMT,NYSE:KMT,45m,Swing 45m,LONG,Swing Low,2025-12-19 10:00,1766156400000,28.37,Flip Short,2025-12-23 10:00,1766502000000,29.3,364,10326.68,18,317.53,3.0718,350.03,3.3862,57.65,0.5577,20.99,2026-07-29T13:51:40.211Z
flip-only|KMT|45m|1767195900000|1767625200000,flip-only,KMT,NYSE:KMT,45m,Swing 45m,LONG,Swing Low,2025-12-31 10:45,1767195900000,28.39,Flip Short,2026-01-05 10:00,1767625200000,29.33,373,10589.47,17,329.09,3.1046,354.95,3.3486,36.7,0.3462,21.53,2026-07-29T13:51:40.211Z
flip-only|KMT|45m|1770921900000|1771945200000,flip-only,KMT,NYSE:KMT,45m,Swing 45m,LONG,Swing Low,2026-02-12 13:45,1770921900000,39.16,Flip Short,2026-02-24 10:00,1771945200000,40.33,278,10886.48,70,303.16,2.782,314.37,2.8849,333.37,3.0591,22.1,2026-07-29T13:51:40.211Z
flip-only|KMT|45m|1772550000000|1772636400000,flip-only,KMT,NYSE:KMT,45m,Swing 45m,LONG,Swing Low,2026-03-03 10:00,1772550000000,38.96,Flip Short,2026-03-04 10:00,1772636400000,40.89,287,11181.52,10,530.99,4.7441,611.61,5.4644,11.18,0.0999,22.92,2026-07-29T13:51:40.211Z
flip-only|KMT|45m|1772809200000|1773329400000,flip-only,KMT,NYSE:KMT,45m,Swing 45m,LONG,Swing Low,2026-03-06 10:00,1772809200000,37.64,Flip Short,2026-03-12 11:30,1773329400000,40.2,311,11706.04,46,771.95,6.5879,930.62,7.942,580.84,4.9569,24.21,2026-07-29T13:51:40.211Z
flip-only|KMT|45m|1773758700000|1775052000000,flip-only,KMT,NYSE:KMT,45m,Swing 45m,LONG,Swing Low,2026-03-17 10:45,1773758700000,36.49,Flip Short,2026-04-01 10:00,1775052000000,37.04,341,12443.09,111,162.48,1.3045,744.58,5.9779,960.42,7.7108,25.07,2026-07-29T13:51:40.211Z
flip-only|KMT|45m|1776272400000|1776955500000,flip-only,KMT,NYSE:KMT,45m,Swing 45m,LONG,Swing Low,2026-04-15 13:00,1776272400000,37.67,Flip Short,2026-04-23 10:45,1776955500000,39.87,334,12581.78,57,708.9,5.6287,855.82,6.7952,25.94,0.206,25.9,2026-07-29T13:51:40.211Z
flip-only|KMT|45m|1777479300000|1778065200000,flip-only,KMT,NYSE:KMT,45m,Swing 45m,LONG,Swing Low,2026-04-29 12:15,1777479300000,38.63,Flip Short,2026-05-06 07:00,1778065200000,41,343,13250.09,45,785.6,5.9231,1142.66,8.6152,685.53,5.1686,27.31,2026-07-29T13:51:40.211Z
flip-only|KMT|45m|1778267700000|1779388200000,flip-only,KMT,NYSE:KMT,45m,Swing 45m,LONG,Swing Low,2026-05-08 15:15,1778267700000,36.56,Flip Short,2026-05-21 14:30,1779388200000,35.83,383,14002.48,90,-307.32,-2.1925,403.47,2.8785,1025.12,7.3137,27.73,2026-07-29T13:51:40.211Z
flip-only|KMT|45m|1779901200000|1780665300000,flip-only,KMT,NYSE:KMT,45m,Swing 45m,LONG,Swing Low,2026-05-27 13:00,1779901200000,34.72,Flip Short,2026-06-05 09:15,1780665300000,32.46,396,13749.12,71,-921.56,-6.696,89.21,0.6482,1197.79,8.703,26.6,2026-07-29T13:51:40.211Z
flip-only|KMT|45m|1782220500000|1784037600000,flip-only,KMT,NYSE:KMT,45m,Swing 45m,LONG,Swing Low,2026-06-23 09:15,1782220500000,34.72,Flip Short,2026-07-14 10:00,1784037600000,34.28,372,12915.84,143,-189.35,-1.4645,679,5.2519,779.24,6.0272,25.67,2026-07-29T13:51:40.211Z
flip-only|KMT|45m|1784296800000|1784901600000,flip-only,KMT,NYSE:KMT,45m,Swing 45m,LONG,Swing Low,2026-07-17 10:00,1784296800000,33.93,Flip Short,2026-07-24 10:00,1784901600000,35.08,373,12655.89,49,403.21,3.1828,543.11,4.2871,307.33,2.4259,25.74,2026-07-29T13:51:40.211Z
flip-only|FIVE|45m|1765918800000|1766415600000,flip-only,FIVE,NASDAQ:FIVE,45m,Swing 45m,LONG,Swing Low,2025-12-16 16:00,1765918800000,178.43,Flip Short,2025-12-22 10:00,1766415600000,185.19,53,9456.79,36,339.01,3.5812,384.33,4.06,140.37,1.4828,19.27,2026-07-29T14:34:58.937Z
flip-only|FIVE|45m|1768230000000|1768316400000,flip-only,FIVE,NASDAQ:FIVE,45m,Swing 45m,LONG,Swing Low,2026-01-12 10:00,1768230000000,192.55,Flip Short,2026-01-13 10:00,1768316400000,203.21,50,9627.5,15,513.21,5.3254,627.87,6.5151,82.63,0.8574,19.79,2026-07-29T14:34:58.937Z
flip-only|FIVE|45m|1768594500000|1769787900000,flip-only,FIVE,NASDAQ:FIVE,45m,Swing 45m,LONG,Swing Low,2026-01-16 15:15,1768594500000,195.77,Flip Short,2026-01-30 10:45,1769787900000,191.26,52,10180.04,110,-254.65,-2.4989,337.7,3.314,634.18,6.2234,20.13,2026-07-29T14:34:58.937Z
flip-only|FIVE|45m|1770919200000|1771353900000,flip-only,FIVE,NASDAQ:FIVE,45m,Swing 45m,LONG,Swing Low,2026-02-12 13:00,1770919200000,198.31,Flip Short,2026-02-17 13:45,1771353900000,211.31,50,9915.5,23,629.52,6.3425,640.08,6.4489,36.92,0.3719,20.48,2026-07-29T14:34:58.937Z
flip-only|FIVE|45m|1771864200000|1772118000000,flip-only,FIVE,NASDAQ:FIVE,45m,Swing 45m,LONG,Swing Low,2026-02-23 11:30,1771864200000,211.21,Flip Short,2026-02-26 10:00,1772118000000,223.98,50,10560.5,31,616.74,5.8342,895.44,8.4707,26.06,0.2465,21.76,2026-07-29T14:34:58.937Z
flip-only|FIVE|45m|1772463600000|1773164700000,flip-only,FIVE,NASDAQ:FIVE,45m,Swing 45m,LONG,Swing Low,2026-03-02 10:00,1772463600000,219.7,Flip Short,2026-03-10 13:45,1773164700000,223.4,51,11204.7,75,166.1,1.4809,328.97,2.933,659.92,5.8838,22.6,2026-07-29T14:34:58.937Z
flip-only|FIVE|45m|1773413100000|1773866700000,flip-only,FIVE,NASDAQ:FIVE,45m,Swing 45m,LONG,Swing Low,2026-03-13 10:45,1773413100000,210.2,Flip Short,2026-03-18 16:45,1773866700000,229,54,11350.8,48,991.48,8.7262,1029.77,9.0632,104.23,0.9174,23.72,2026-07-29T14:34:58.937Z
flip-only|FIVE|45m|1773928800000|1773931500000,flip-only,FIVE,NASDAQ:FIVE,45m,Swing 45m,LONG,Swing Low,2026-03-19 10:00,1773928800000,230.08,Flip Short,2026-03-19 10:45,1773931500000,231.11,53,12194.24,1,30.15,0.247,92.22,0.7555,86.92,0.7121,24.44,2026-07-29T14:34:58.937Z
flip-only|FIVE|45m|1774633500000|1775052000000,flip-only,FIVE,NASDAQ:FIVE,45m,Swing 45m,LONG,Swing Low,2026-03-27 13:45,1774633500000,222.97,Flip Short,2026-04-01 10:00,1775052000000,236.32,55,12263.35,30,708.99,5.7756,732.99,5.9711,280.66,2.2863,25.26,2026-07-29T14:34:58.937Z
flip-only|FIVE|45m|1775743200000|1776348000000,flip-only,FIVE,NASDAQ:FIVE,45m,Swing 45m,LONG,Swing Low,2026-04-09 10:00,1775743200000,220.45,Flip Short,2026-04-16 10:00,1776348000000,224.34,59,13006.55,62,203.27,1.5612,353.38,2.7143,441.94,3.3944,26.24,2026-07-29T14:34:58.937Z
flip-only|FIVE|45m|1777039200000|1777903200000,flip-only,FIVE,NASDAQ:FIVE,45m,Swing 45m,LONG,Swing Low,2026-04-24 10:00,1777039200000,233.12,Flip Short,2026-05-04 10:00,1777903200000,236.89,56,13054.72,74,184.8,1.4142,273.67,2.0942,411.21,3.1468,26.32,2026-07-29T14:34:58.937Z
flip-only|FIVE|45m|1778165100000|1779112800000,flip-only,FIVE,NASDAQ:FIVE,45m,Swing 45m,LONG,Swing Low,2026-05-07 10:45,1778165100000,227.96,Flip Short,2026-05-18 10:00,1779112800000,220.51,58,13221.68,87,-458.11,-3.4614,75.52,0.5706,1403.48,10.6044,26.01,2026-07-29T14:34:58.937Z
flip-only|FIVE|45m|1780519500000|1781170200000,flip-only,FIVE,NASDAQ:FIVE,45m,Swing 45m,LONG,Swing Low,2026-06-03 16:45,1780519500000,207,Flip Short,2026-06-11 05:30,1781170200000,196.67,62,12834,90,-665.49,-5.1802,108.69,0.846,1533.07,11.9335,25.03,2026-07-29T14:34:58.937Z
flip-only|FIVE|45m|1781621100000|1782136800000,flip-only,FIVE,NASDAQ:FIVE,45m,Swing 45m,LONG,Swing Low,2026-06-16 10:45,1781621100000,190.67,Flip Short,2026-06-22 10:00,1782136800000,194.36,64,12202.88,35,211.52,1.7316,465.88,3.8139,149.8,1.2264,24.64,2026-07-29T14:34:58.937Z
flip-only|FIVE|45m|1782215100000|1783592100000,flip-only,FIVE,NASDAQ:FIVE,45m,Swing 45m,LONG,Swing Low,2026-06-23 07:45,1782215100000,188.7,Flip Short,2026-07-09 06:15,1783592100000,183.48,66,12454.2,130,-369.08,-2.9606,256.83,2.0601,1033.47,8.2899,24.56,2026-07-29T14:34:58.937Z
flip-only|FIVE|45m|1784831400000|1785244500000,flip-only,FIVE,NASDAQ:FIVE,45m,Swing 45m,LONG,Swing Low,2026-07-23 14:30,1784831400000,200.79,Flip Short,2026-07-28 09:15,1785244500000,206.62,60,12047.4,24,325.36,2.6979,431.35,3.5769,117.65,0.9756,24.44,2026-07-29T14:34:58.937Z
flip-only|CURB|45m|1762873200000|1762875900000,flip-only,CURB,NYSE:CURB,45m,Swing 45m,LONG,Swing Low,2025-11-11 10:00,1762873200000,23.73,Flip Short,2025-11-11 10:45,1762875900000,23.61,399,9468.27,1,-66.77,-0.7045,82.3,0.8684,61.34,0.6472,18.89,2026-07-29T14:35:02.014Z
flip-only|CURB|45m|1764946800000|1766156400000,flip-only,CURB,NYSE:CURB,45m,Swing 45m,LONG,Swing Low,2025-12-05 10:00,1764946800000,23.8,Flip Short,2025-12-19 10:00,1766156400000,23.2,399,9496.2,93,-258.15,-2.7158,98.23,1.0334,596.03,6.2702,18.75,2026-07-29T14:35:02.014Z
flip-only|CURB|45m|1767366000000|1767798000000,flip-only,CURB,NYSE:CURB,45m,Swing 45m,LONG,Swing Low,2026-01-02 10:00,1767366000000,22.93,Flip Short,2026-01-07 10:00,1767798000000,23.38,400,9172,27,161.48,1.7588,202.83,2.2092,33.17,0.3613,18.52,2026-07-29T14:35:02.014Z
flip-only|CURB|45m|1768921200000|1769798700000,flip-only,CURB,NYSE:CURB,45m,Swing 45m,LONG,Swing Low,2026-01-20 10:00,1768921200000,24.37,Flip Short,2026-01-30 13:45,1769798700000,24.24,381,9284.97,82,-68.05,-0.7322,154.55,1.6628,359.8,3.8713,18.52,2026-07-29T14:35:02.014Z
flip-only|CURB|45m|1770919200000|1771011000000,flip-only,CURB,NYSE:CURB,45m,Swing 45m,LONG,Swing Low,2026-02-12 13:00,1770919200000,25,Flip Short,2026-02-13 14:30,1771011000000,26,370,9250,11,351.13,3.7922,371.85,4.016,12.95,0.1399,18.87,2026-07-29T14:35:02.014Z
flip-only|CURB|45m|1772458200000|1772636400000,flip-only,CURB,NYSE:CURB,45m,Swing 45m,LONG,Swing Low,2026-03-02 08:30,1772458200000,27.26,Flip Short,2026-03-04 10:00,1772636400000,28.18,352,9595.52,22,304.33,3.1684,440.96,4.5909,69.44,0.7229,19.51,2026-07-29T14:35:02.014Z
flip-only|CURB|45m|1773064800000|1773666900000,flip-only,CURB,NYSE:CURB,45m,Swing 45m,LONG,Swing Low,2026-03-09 10:00,1773064800000,26.5,Flip Short,2026-03-16 09:15,1773666900000,26.82,372,9858,52,99.2,1.0053,481.18,4.8763,169.82,1.7209,19.84,2026-07-29T14:35:02.014Z
flip-only|CURB|45m|1773923400000|1774946700000,flip-only,CURB,NYSE:CURB,45m,Swing 45m,LONG,Swing Low,2026-03-19 08:30,1773923400000,26.26,Flip Short,2026-03-31 04:45,1774946700000,25.76,386,10136.36,81,-213.08,-2.1,74.78,0.737,388.42,3.8281,20.08,2026-07-29T14:35:02.014Z
flip-only|CURB|45m|1774965600000|1774976400000,flip-only,CURB,NYSE:CURB,45m,Swing 45m,LONG,Swing Low,2026-03-31 10:00,1774965600000,25.61,Flip Short,2026-03-31 13:00,1774976400000,26.08,381,9757.41,4,159.38,1.6318,222.65,2.2796,36.43,0.373,19.69,2026-07-29T14:35:02.014Z
flip-only|CURB|45m|1776861000000|1776958200000,flip-only,CURB,NYSE:CURB,45m,Swing 45m,LONG,Swing Low,2026-04-22 08:30,1776861000000,27.01,Flip Short,2026-04-23 11:30,1776958200000,28.25,366,9885.66,15,433.61,4.3819,465.91,4.7083,75.77,0.7657,20.23,2026-07-29T14:35:02.014Z
flip-only|CURB|45m|1777635900000|1778159700000,flip-only,CURB,NYSE:CURB,45m,Swing 45m,LONG,Swing Low,2026-05-01 07:45,1777635900000,27.89,Flip Short,2026-05-07 09:15,1778159700000,27.58,374,10430.86,42,-136.69,-1.3091,30.71,0.2941,279.71,2.6789,20.75,2026-07-29T14:35:02.014Z
flip-only|CURB|45m|1778235300000|1779293700000,flip-only,CURB,NYSE:CURB,45m,Swing 45m,LONG,Swing Low,2026-05-08 06:15,1778235300000,26.82,Flip Short,2026-05-20 12:15,1779293700000,28.12,376,10084.32,80,468.14,4.6376,595.28,5.8971,10.08,0.0999,20.66,2026-07-29T14:35:02.014Z
flip-only|CURB|45m|1780408800000|1780581600000,flip-only,CURB,NYSE:CURB,45m,Swing 45m,LONG,Swing Low,2026-06-02 10:00,1780408800000,28.63,Flip Short,2026-06-04 10:00,1780581600000,29.34,372,10650.36,21,242.56,2.2752,301.83,2.8312,21.81,0.2046,21.56,2026-07-29T14:35:02.014Z
flip-only|CURB|45m|1781788500000|1782331200000,flip-only,CURB,NYSE:CURB,45m,Swing 45m,LONG,Swing Low,2026-06-18 09:15,1781788500000,30.03,Flip Short,2026-06-24 16:00,1782331200000,31.28,370,11111.1,38,439.82,3.9544,455.09,4.0917,166.51,1.4971,22.68,2026-07-29T14:35:02.014Z
flip-only|CURB|45m|1782393300000|1782412200000,flip-only,CURB,NYSE:CURB,45m,Swing 45m,LONG,Swing Low,2026-06-25 09:15,1782393300000,31.02,Flip Short,2026-06-25 14:30,1782412200000,31.29,365,11322.3,7,75.81,0.6689,90.88,0.8018,51.47,0.4542,22.74,2026-07-29T14:35:02.014Z
flip-only|CURB|45m|1785247200000|1785249900000,flip-only,CURB,NYSE:CURB,45m,Swing 45m,LONG,Swing Low,2026-07-28 10:00,1785247200000,31.55,Flip Short,2026-07-28 10:45,1785249900000,31.63,360,11358,1,6.06,0.0533,204.64,1.7999,94.16,0.8282,22.74,2026-07-29T14:35:02.014Z
flip-only|BNL|45m|1760037300000|1760553000000,flip-only,BNL,NYSE:BNL,45m,Swing 45m,LONG,Swing Low,2025-10-09 15:15,1760037300000,18.32,Flip Short,2025-10-15 14:30,1760553000000,18.48,518,9489.76,39,63.82,0.6718,73.39,0.7726,185.61,1.9539,19.06,2026-07-29T14:35:05.218Z
flip-only|BNL|45m|1761660000000|1762527600000,flip-only,BNL,NYSE:BNL,45m,Swing 45m,LONG,Swing Low,2025-10-28 10:00,1761660000000,18.57,Flip Short,2025-11-07 10:00,1762527600000,17.88,514,9544.98,77,-373.4,-3.908,211.48,2.2133,528.68,5.5333,18.74,2026-07-29T14:35:05.218Z
flip-only|BNL|45m|1763478000000|1764004500000,flip-only,BNL,NYSE:BNL,45m,Swing 45m,LONG,Swing Low,2025-11-18 10:00,1763478000000,18.28,Flip Short,2025-11-24 12:15,1764004500000,18.43,503,9194.84,40,56.98,0.6191,96.44,1.0477,205.36,2.2312,18.47,2026-07-29T14:35:05.218Z
flip-only|BNL|45m|1764166500000|1764949500000,flip-only,BNL,NYSE:BNL,45m,Swing 45m,LONG,Swing Low,2025-11-26 09:15,1764166500000,17.84,Flip Short,2025-12-05 10:45,1764949500000,17.74,521,9294.64,55,-70.64,-0.7592,0,0,259.37,2.7878,18.54,2026-07-29T14:35:05.218Z
flip-only|BNL|45m|1765206000000|1765465200000,flip-only,BNL,NYSE:BNL,45m,Swing 45m,LONG,Swing Low,2025-12-08 10:00,1765206000000,17.3,Flip Short,2025-12-11 10:00,1765465200000,17.66,530,9169,29,172.27,1.877,282.33,3.0761,62.17,0.6774,18.53,2026-07-29T14:35:05.218Z
flip-only|BNL|45m|1765994400000|1766761200000,flip-only,BNL,NYSE:BNL,45m,Swing 45m,LONG,Swing Low,2025-12-17 13:00,1765994400000,17.39,Flip Short,2025-12-26 10:00,1766761200000,17.59,537,9338.43,47,88.62,0.948,119.54,1.2788,84.52,0.9042,18.78,2026-07-29T14:35:05.218Z
flip-only|BNL|45m|1767366000000|1767708900000,flip-only,BNL,NYSE:BNL,45m,Swing 45m,LONG,Swing Low,2026-01-02 10:00,1767366000000,17.23,Flip Short,2026-01-06 09:15,1767708900000,17.55,547,9424.81,17,156.02,1.6537,236.73,2.5092,25.83,0.2738,19.02,2026-07-29T14:35:05.218Z
flip-only|BNL|45m|1769180400000|1770130800000,flip-only,BNL,NYSE:BNL,45m,Swing 45m,LONG,Swing Low,2026-01-23 10:00,1769180400000,18.4,Flip Short,2026-02-03 10:00,1770130800000,18.52,520,9568,66,43.2,0.4511,136.03,1.4203,274.77,2.8689,19.2,2026-07-29T14:35:05.218Z
flip-only|BNL|45m|1771432200000|1772212500000,flip-only,BNL,NYSE:BNL,45m,Swing 45m,LONG,Swing Low,2026-02-18 11:30,1771432200000,19.29,Flip Short,2026-02-27 12:15,1772212500000,19.57,498,9606.42,67,120.09,1.2488,219.47,2.2824,388.09,4.0358,19.35,2026-07-29T14:35:05.218Z
flip-only|BNL|45m|1772636400000|1773410400000,flip-only,BNL,NYSE:BNL,45m,Swing 45m,LONG,Swing Low,2026-03-04 10:00,1772636400000,18.82,Flip Short,2026-03-13 10:00,1773410400000,19.42,517,9729.94,70,290.43,2.9819,352.17,3.6158,128.64,1.3208,19.77,2026-07-29T14:35:05.218Z
flip-only|BNL|45m|1774017900000|1775511000000,flip-only,BNL,NYSE:BNL,45m,Swing 45m,LONG,Swing Low,2026-03-20 10:45,1774017900000,19.11,Flip Short,2026-04-06 17:30,1775511000000,19.14,524,10013.64,104,-4.32,-0.0431,5.71,0.0569,539.25,5.3798,20.04,2026-07-29T14:35:05.218Z
flip-only|BNL|45m|1776863700000|1777557600000,flip-only,BNL,NYSE:BNL,45m,Swing 45m,LONG,Swing Low,2026-04-22 09:15,1776863700000,20.25,Flip Short,2026-04-30 10:00,1777557600000,20.05,505,10226.25,57,-121.35,-1.1855,0,0,277.88,2.7146,20.35,2026-07-29T14:35:05.218Z
flip-only|BNL|45m|1777563000000|1779112800000,flip-only,BNL,NYSE:BNL,45m,Swing 45m,LONG,Swing Low,2026-04-30 11:30,1777563000000,19.79,Flip Short,2026-05-18 10:00,1779112800000,20.17,499,9875.21,112,169.68,1.7165,194.71,1.9698,274.35,2.7753,19.94,2026-07-29T14:35:05.218Z
flip-only|BNL|45m|1780063200000|1780678800000,flip-only,BNL,NYSE:BNL,45m,Swing 45m,LONG,Swing Low,2026-05-29 10:00,1780063200000,20.22,Flip Short,2026-06-05 13:00,1780678800000,20.55,497,10049.34,53,143.75,1.429,163.9,1.6293,288.37,2.8667,20.26,2026-07-29T14:35:05.218Z
flip-only|BNL|45m|1781712900000|1782239400000,flip-only,BNL,NYSE:BNL,45m,Swing 45m,LONG,Swing Low,2026-06-17 12:15,1781712900000,20.61,Flip Short,2026-06-23 14:30,1782239400000,21.09,494,10181.34,30,216.52,2.1245,236.82,2.3237,178.14,1.7479,20.6,2026-07-29T14:35:05.218Z
flip-only|BNL|45m|1782828000000|1783432800000,flip-only,BNL,NYSE:BNL,45m,Swing 45m,LONG,Swing Low,2026-06-30 10:00,1782828000000,20.8,Flip Short,2026-07-07 10:00,1783432800000,21.39,499,10379.2,37,273.36,2.6311,303.99,2.9259,75.25,0.7243,21.05,2026-07-29T14:35:05.218Z
flip-only|PPL|45m|1761746400000|1762360200000,flip-only,PPL,TSX:PPL,45m,Swing 45m,LONG,Swing Low,2025-10-29 10:00,1761746400000,52.77,Flip Short,2025-11-05 11:30,1762360200000,53.23,179,9445.83,52,63.37,0.6702,85.42,0.9035,116.85,1.2358,18.97,2026-07-29T14:35:08.347Z
flip-only|PPL|45m|1762527600000|1763137800000,flip-only,PPL,TSX:PPL,45m,Swing 45m,LONG,Swing Low,2025-11-07 10:00,1762527600000,52.15,Flip Short,2025-11-14 11:30,1763137800000,54.02,183,9543.45,53,322.78,3.3788,334.5,3.5015,108.36,1.1343,19.43,2026-07-29T14:35:08.347Z
flip-only|PPL|45m|1763996400000|1764342000000,flip-only,PPL,TSX:PPL,45m,Swing 45m,LONG,Swing Low,2025-11-24 10:00,1763996400000,53.54,Flip Short,2025-11-28 10:00,1764342000000,54.4,184,9851.36,40,138.38,1.4033,159.43,1.6167,125.77,1.2754,19.86,2026-07-29T14:35:08.347Z
flip-only|PPL|45m|1765389600000|1766520900000,flip-only,PPL,TSX:PPL,45m,Swing 45m,LONG,Swing Low,2025-12-10 13:00,1765389600000,54.14,Flip Short,2025-12-23 15:15,1766520900000,51.78,184,9961.76,93,-453.73,-4.5502,19.48,0.1953,661.32,6.632,19.49,2026-07-29T14:35:08.347Z
flip-only|PPL|45m|1767625200000|1768316400000,flip-only,PPL,TSX:PPL,45m,Swing 45m,LONG,Swing Low,2026-01-05 10:00,1767625200000,51.53,Flip Short,2026-01-13 10:00,1768316400000,52.08,185,9533.05,60,82.58,0.8654,201.37,2.1102,264.83,2.7753,19.17,2026-07-29T14:35:08.347Z
flip-only|PPL|45m|1772204400000|1772463600000,flip-only,PPL,TSX:PPL,45m,Swing 45m,LONG,Swing Low,2026-02-27 10:00,1772204400000,60.09,Flip Short,2026-03-02 10:00,1772463600000,61.25,160,9614.4,10,166.19,1.7268,207.99,2.1611,100.81,1.0475,19.41,2026-07-29T14:35:08.347Z
flip-only|PPL|45m|1773669600000|1774015200000,flip-only,PPL,TSX:PPL,45m,Swing 45m,LONG,Swing Low,2026-03-16 10:00,1773669600000,60.07,Flip Short,2026-03-20 10:00,1774015200000,61.82,163,9791.41,40,265.38,2.7076,301.54,3.0765,39.13,0.3993,19.87,2026-07-29T14:35:08.347Z
flip-only|PPL|45m|1774979100000|1775743200000,flip-only,PPL,TSX:PPL,45m,Swing 45m,LONG,Swing Low,2026-03-31 13:45,1774979100000,62.01,Flip Short,2026-04-09 10:00,1775743200000,62.92,161,9983.61,55,126.4,1.2648,141.36,1.4145,269.19,2.6937,20.11,2026-07-29T14:35:08.347Z
flip-only|PPL|45m|1776105000000|1776969000000,flip-only,PPL,TSX:PPL,45m,Swing 45m,LONG,Swing Low,2026-04-13 14:30,1776105000000,60.57,Flip Short,2026-04-23 14:30,1776969000000,59.32,167,10115.19,80,-228.77,-2.2594,16.6,0.164,581.26,5.7406,20.02,2026-07-29T14:35:08.347Z
flip-only|PPL|45m|1778097600000|1778594400000,flip-only,PPL,TSX:PPL,45m,Swing 45m,LONG,Swing Low,2026-05-06 16:00,1778097600000,61.15,Flip Short,2026-05-12 10:00,1778594400000,63.74,162,9906.3,32,399.35,4.0272,412.91,4.164,152.47,1.5375,20.23,2026-07-29T14:35:08.347Z
flip-only|PPL|45m|1779809400000|1780427700000,flip-only,PPL,TSX:PPL,45m,Swing 45m,LONG,Swing Low,2026-05-26 11:30,1779809400000,67.43,Flip Short,2026-06-02 15:15,1780427700000,67.56,153,10316.79,55,-0.76,-0.0074,11.1,0.1075,532.05,5.1519,20.65,2026-07-29T14:35:08.347Z
flip-only|PPL|45m|1781019000000|1781186400000,flip-only,PPL,TSX:PPL,45m,Swing 45m,LONG,Swing Low,2026-06-09 11:30,1781019000000,67.02,Flip Short,2026-06-11 10:00,1781186400000,68.89,154,10321.08,18,267.05,2.5848,346.96,3.3583,82.7,0.8005,20.93,2026-07-29T14:35:08.347Z
flip-only|PPL|45m|1781532000000|1782231300000,flip-only,PPL,TSX:PPL,45m,Swing 45m,LONG,Swing Low,2026-06-15 10:00,1781532000000,66.08,Flip Short,2026-06-23 12:15,1782231300000,66.38,160,10572.8,63,26.81,0.2533,120.63,1.1398,356.17,3.3654,21.19,2026-07-29T14:35:08.347Z
flip-only|PPL|45m|1782849600000|1783087200000,flip-only,PPL,TSX:PPL,45m,Swing 45m,LONG,Swing Low,2026-06-30 16:00,1782849600000,65.62,Flip Short,2026-07-03 10:00,1783087200000,66.85,161,10564.82,12,176.7,1.6709,259.92,2.4577,171.56,1.6223,21.33,2026-07-29T14:35:08.347Z
flip-only|SHO|45m|1761311700000|1762441200000,flip-only,SHO,NYSE:SHO,45m,Swing 45m,LONG,Swing Low,2025-10-24 09:15,1761311700000,9.16,Flip Short,2025-11-06 10:00,1762441200000,9.23,1039,9517.24,83,53.62,0.5629,187.89,1.9723,487.46,5.1167,19.11,2026-07-29T15:35:41.727Z
flip-only|SHO|45m|1763388900000|1764082800000,flip-only,SHO,NYSE:SHO,45m,Swing 45m,LONG,Swing Low,2025-11-17 09:15,1763388900000,9.53,Flip Short,2025-11-25 10:00,1764082800000,9.35,1005,9577.65,55,-199.87,-2.0848,0.47,0.0049,562.33,5.8654,18.97,2026-07-29T15:35:41.727Z
flip-only|SHO|45m|1764752400000|1765470600000,flip-only,SHO,NYSE:SHO,45m,Swing 45m,LONG,Swing Low,2025-12-03 04:00,1764752400000,9.08,Flip Short,2025-12-11 11:30,1765470600000,9.23,1028,9334.24,60,135.38,1.4489,175.71,1.8805,245.77,2.6304,18.82,2026-07-29T15:35:41.727Z
flip-only|SHO|45m|1766080800000|1766412900000,flip-only,SHO,NYSE:SHO,45m,Swing 45m,LONG,Swing Low,2025-12-18 13:00,1766080800000,9.11,Flip Short,2025-12-22 09:15,1766412900000,9.15,1041,9483.51,15,22.63,0.2384,542.25,5.7121,71.94,0.7579,19.01,2026-07-29T15:35:41.727Z
flip-only|SHO|45m|1766507400000|1767384900000,flip-only,SHO,NYSE:SHO,45m,Swing 45m,LONG,Swing Low,2025-12-23 11:30,1766507400000,9.04,Flip Short,2026-01-02 15:15,1767384900000,9.17,1051,9501.04,55,117.49,1.2354,179.68,1.8893,198.68,2.0891,19.14,2026-07-29T15:35:41.727Z
flip-only|SHO|45m|1768408200000|1769094000000,flip-only,SHO,NYSE:SHO,45m,Swing 45m,LONG,Swing Low,2026-01-14 11:30,1768408200000,9.15,Flip Short,2026-01-22 10:00,1769094000000,9.39,1051,9616.65,44,232.75,2.4179,253.13,2.6296,261.86,2.7202,19.49,2026-07-29T15:35:41.727Z
flip-only|SHO|45m|1769526000000|1770222600000,flip-only,SHO,NYSE:SHO,45m,Swing 45m,LONG,Swing Low,2026-01-27 10:00,1769526000000,8.91,Flip Short,2026-02-04 11:30,1770222600000,9.06,1103,9827.73,57,145.63,1.4803,155.62,1.5819,241.46,2.4544,19.82,2026-07-29T15:35:41.727Z
flip-only|SHO|45m|1771950600000|1772118000000,flip-only,SHO,NYSE:SHO,45m,Swing 45m,LONG,Swing Low,2026-02-24 11:30,1771950600000,9.13,Flip Short,2026-02-26 10:00,1772118000000,9.56,1092,9969.96,17,449.15,4.5005,503.27,5.0428,9.97,0.0999,20.41,2026-07-29T15:35:41.727Z
flip-only|SHO|45m|1772463600000|1772644500000,flip-only,SHO,NYSE:SHO,45m,Swing 45m,LONG,Swing Low,2026-03-02 10:00,1772463600000,9.24,Flip Short,2026-03-04 12:15,1772644500000,9.81,1124,10385.76,21,619.27,5.9567,630.29,6.0628,89.07,0.8567,21.41,2026-07-29T15:35:41.727Z
flip-only|SHO|45m|1773064800000|1774279800000,flip-only,SHO,NYSE:SHO,45m,Swing 45m,LONG,Swing Low,2026-03-09 10:00,1773064800000,9.11,Flip Short,2026-03-23 11:30,1774279800000,9.31,1204,10968.44,95,218.62,1.9912,410.43,3.7382,311.97,2.8414,22.18,2026-07-29T15:35:41.727Z
flip-only|SHO|45m|1775138400000|1775656800000,flip-only,SHO,NYSE:SHO,45m,Swing 45m,LONG,Swing Low,2026-04-02 10:00,1775138400000,8.91,Flip Short,2026-04-08 10:00,1775656800000,9.19,1256,11190.96,27,328.95,2.9365,466.09,4.1607,73.99,0.6605,22.73,2026-07-29T15:35:41.727Z
flip-only|SHO|45m|1777989600000|1778003100000,flip-only,SHO,NYSE:SHO,45m,Swing 45m,LONG,Swing Low,2026-05-05 10:00,1777989600000,9.87,Flip Short,2026-05-05 13:45,1778003100000,9.99,1165,11498.55,5,116.66,1.0136,151.6,1.3171,23.15,0.2011,23.14,2026-07-29T15:35:41.727Z
flip-only|SHO|45m|1782309600000|1784037600000,flip-only,SHO,NYSE:SHO,45m,Swing 45m,LONG,Swing Low,2026-06-24 10:00,1782309600000,11.76,Flip Short,2026-07-14 10:00,1784037600000,11.29,987,11607.12,127,-486.64,-4.1884,126.57,1.0894,771.6,6.641,22.75,2026-07-29T15:35:41.727Z
flip-only|KIM|45m|1763397000000|1763748000000,flip-only,KIM,NYSE:KIM,45m,Swing 45m,LONG,Swing Low,2025-11-17 11:30,1763397000000,20.3,Flip Short,2025-11-21 13:00,1763748000000,20.41,467,9480.1,50,32.36,0.341,41.89,0.4414,214.96,2.2652,19.01,2026-07-29T15:35:45.097Z
flip-only|KIM|45m|1764687600000|1765551600000,flip-only,KIM,NYSE:KIM,45m,Swing 45m,LONG,Swing Low,2025-12-02 10:00,1764687600000,20.34,Flip Short,2025-12-12 10:00,1765551600000,20.27,468,9519.12,85,-51.77,-0.5433,70.04,0.7351,280.96,2.9486,19.01,2026-07-29T15:35:45.097Z
flip-only|KIM|45m|1766180700000|1767795300000,flip-only,KIM,NYSE:KIM,45m,Swing 45m,LONG,Swing Low,2025-12-19 16:45,1766180700000,20,Flip Short,2026-01-07 09:15,1767795300000,20.37,473,9460,112,155.91,1.6465,217.58,2.2977,56.76,0.5994,19.1,2026-07-29T15:35:45.097Z
flip-only|KIM|45m|1769620500000|1769801400000,flip-only,KIM,NYSE:KIM,45m,Swing 45m,LONG,Swing Low,2026-01-28 12:15,1769620500000,20.64,Flip Short,2026-01-30 14:30,1769801400000,20.99,466,9618.24,26,143.7,1.4925,190.76,1.9814,144.76,1.5035,19.4,2026-07-29T15:35:45.097Z
flip-only|KIM|45m|1772803800000|1773772200000,flip-only,KIM,NYSE:KIM,45m,Swing 45m,LONG,Swing Low,2026-03-06 08:30,1772803800000,23,Flip Short,2026-03-17 14:30,1773772200000,23.36,424,9752,78,132.98,1.3623,185.29,1.8981,175.11,1.7939,19.66,2026-07-29T15:35:45.097Z
flip-only|KIM|45m|1773926100000|1775600100000,flip-only,KIM,NYSE:KIM,45m,Swing 45m,LONG,Swing Low,2026-03-19 09:15,1773926100000,22.98,Flip Short,2026-04-07 18:15,1775600100000,23.1,434,9973.32,141,32.08,0.3213,59.47,0.5957,370.19,3.7081,20,2026-07-29T15:35:45.097Z
flip-only|KIM|45m|1776931200000|1777384800000,flip-only,KIM,NYSE:KIM,45m,Swing 45m,LONG,Swing Low,2026-04-23 04:00,1776931200000,23.57,Flip Short,2026-04-28 10:00,1777384800000,23.88,420,9899.4,35,110.27,1.1128,229.5,2.316,85.5,0.8628,19.93,2026-07-29T15:35:45.097Z
flip-only|KIM|45m|1777563000000|1779285600000,flip-only,KIM,NYSE:KIM,45m,Swing 45m,LONG,Swing Low,2026-04-30 11:30,1777563000000,23.46,Flip Short,2026-05-20 10:00,1779285600000,23.51,426,9993.96,143,1.29,0.0129,160.41,1.6034,235.77,2.3568,20.01,2026-07-29T15:35:45.097Z
flip-only|KIM|45m|1780314300000|1780681500000,flip-only,KIM,NYSE:KIM,45m,Swing 45m,LONG,Swing Low,2026-06-01 07:45,1780314300000,24.11,Flip Short,2026-06-05 13:45,1780681500000,24.23,417,10053.87,52,29.88,0.2969,44.16,0.4388,251.91,2.5031,20.16,2026-07-29T15:35:45.097Z
flip-only|KIM|45m|1781623800000|1782306900000,flip-only,KIM,NYSE:KIM,45m,Swing 45m,LONG,Swing Low,2026-06-16 11:30,1781623800000,25.05,Flip Short,2026-06-24 09:15,1782306900000,25.3,401,10045.05,55,80.06,0.7962,90.2,0.8971,310.8,3.0909,20.19,2026-07-29T15:35:45.097Z
flip-only|KIM|45m|1782927900000|1784210400000,flip-only,KIM,NYSE:KIM,45m,Swing 45m,LONG,Swing Low,2026-07-01 13:45,1782927900000,25.23,Flip Short,2026-07-16 10:00,1784210400000,25.56,401,10117.23,90,111.96,1.1056,146.27,1.4443,218.64,2.1589,20.37,2026-07-29T15:35:45.097Z
flip-only|KIM|45m|1784828700000|1785163500000,flip-only,KIM,NYSE:KIM,45m,Swing 45m,LONG,Swing Low,2026-07-23 13:45,1784828700000,25.75,Flip Short,2026-07-27 10:45,1785163500000,26.46,397,10222.75,16,261.14,2.552,283.56,2.771,41.98,0.4103,20.73,2026-07-29T15:35:45.097Z
flip-only|TEX|45m|1767193200000|1767382200000,flip-only,TEX,NYSE:TEX,45m,Swing 45m,LONG,Swing Low,2025-12-31 10:00,1767193200000,53.48,Flip Short,2026-01-02 14:30,1767382200000,55.42,176,9412.48,17,322.27,3.4205,332.03,3.524,56.93,0.6043,19.17,2026-07-29T15:35:48.490Z
flip-only|TEX|45m|1768921200000|1769102100000,flip-only,TEX,NYSE:TEX,45m,Swing 45m,LONG,Swing Low,2026-01-20 10:00,1768921200000,58.84,Flip Short,2026-01-22 12:15,1769102100000,62.2,166,9767.44,23,537.67,5.4992,597.79,6.1141,44.63,0.4564,20.09,2026-07-29T15:35:48.490Z
flip-only|TEX|45m|1769615100000|1770149700000,flip-only,TEX,NYSE:TEX,45m,Swing 45m,LONG,Swing Low,2026-01-28 10:45,1769615100000,58.72,Flip Short,2026-02-03 15:15,1770149700000,62.37,175,10276,50,617.56,6.0037,628.47,6.1098,507.28,4.9316,21.19,2026-07-29T15:35:48.490Z
flip-only|TEX|45m|1770754500000|1770819300000,flip-only,TEX,NYSE:TEX,45m,Swing 45m,LONG,Swing Low,2026-02-10 15:15,1770754500000,60.79,Flip Short,2026-02-11 09:15,1770819300000,64.47,179,10881.41,7,636.3,5.8417,921.71,8.462,429.74,3.9454,22.42,2026-07-29T15:35:48.490Z
flip-only|TEX|45m|1771861500000|1772493300000,flip-only,TEX,NYSE:TEX,45m,Swing 45m,LONG,Swing Low,2026-02-23 10:45,1771861500000,66.4,Flip Short,2026-03-02 18:15,1772493300000,70.08,173,11487.2,57,613.03,5.3313,625.15,5.4367,85.88,0.7468,23.61,2026-07-29T15:35:48.490Z
flip-only|TEX|45m|1772550000000|1774274400000,flip-only,TEX,NYSE:TEX,45m,Swing 45m,LONG,Swing Low,2026-03-03 10:00,1772550000000,65.12,Flip Short,2026-03-23 10:00,1774274400000,61.13,185,12047.2,155,-761.51,-6.3147,622.5,5.162,1638.2,13.5846,23.36,2026-07-29T15:35:48.490Z
flip-only|TEX|45m|1774633500000|1775654100000,flip-only,TEX,NYSE:TEX,45m,Swing 45m,LONG,Swing Low,2026-03-27 13:45,1774633500000,56.42,Flip Short,2026-04-08 09:15,1775654100000,62.6,201,11340.42,71,1218.26,10.7319,1230.84,10.8427,437.46,3.8537,23.92,2026-07-29T15:35:48.490Z
flip-only|TEX|45m|1776261600000|1776955500000,flip-only,TEX,NYSE:TEX,45m,Swing 45m,LONG,Swing Low,2026-04-15 10:00,1776261600000,61.28,Flip Short,2026-04-23 10:45,1776955500000,62.9,203,12439.84,67,303.65,2.4385,519.42,4.1713,775.72,6.2295,25.21,2026-07-29T15:35:48.490Z
flip-only|TEX|45m|1777479300000|1777560300000,flip-only,TEX,NYSE:TEX,45m,Swing 45m,LONG,Swing Low,2026-04-29 12:15,1777479300000,61.04,Flip Short,2026-04-30 10:45,1777560300000,64.07,209,12757.36,9,607.12,4.7542,656.04,5.1373,186.23,1.4583,26.15,2026-07-29T15:35:48.490Z
flip-only|TEX|45m|1777644000000|1778162400000,flip-only,TEX,NYSE:TEX,45m,Swing 45m,LONG,Swing Low,2026-05-01 10:00,1777644000000,63.27,Flip Short,2026-05-07 10:00,1778162400000,63.95,211,13349.97,42,116.64,0.8728,484.61,3.6264,1104.22,8.2631,26.84,2026-07-29T15:35:48.490Z
flip-only|TEX|45m|1778853600000|1779814800000,flip-only,TEX,NYSE:TEX,45m,Swing 45m,LONG,Swing Low,2026-05-15 10:00,1778853600000,60.83,Flip Short,2026-05-26 13:00,1779814800000,59.21,220,13382.6,68,-382.81,-2.8576,72.42,0.5406,1465.38,10.939,26.41,2026-07-29T15:35:48.490Z
flip-only|TEX|45m|1780322400000|1780408800000,flip-only,TEX,NYSE:TEX,45m,Swing 45m,LONG,Swing Low,2026-06-01 10:00,1780322400000,56.95,Flip Short,2026-06-02 10:00,1780408800000,60.06,230,13098.5,12,688.39,5.2502,1143.8,8.7236,335.1,2.5557,26.91,2026-07-29T15:35:48.490Z
flip-only|TEX|45m|1781121600000|1781532000000,flip-only,TEX,NYSE:TEX,45m,Swing 45m,LONG,Swing Low,2026-06-10 16:00,1781121600000,59.47,Flip Short,2026-06-15 10:00,1781532000000,65.9,231,13737.57,24,1456.37,10.5908,1725.69,12.5493,101.52,0.7382,28.96,2026-07-29T15:35:48.490Z
flip-only|TEX|45m|1782927900000|1783945800000,flip-only,TEX,NYSE:TEX,45m,Swing 45m,LONG,Swing Low,2026-07-01 13:45,1782927900000,69.77,Flip Short,2026-07-13 08:30,1783945800000,67.99,216,15070.32,81,-414.24,-2.7459,47.57,0.3153,1362.91,9.0346,29.76,2026-07-29T15:35:48.490Z
flip-only|TEX|45m|1784121300000|1784745000000,flip-only,TEX,NYSE:TEX,45m,Swing 45m,LONG,Swing Low,2026-07-15 09:15,1784121300000,65.86,Flip Short,2026-07-22 14:30,1784745000000,67.43,225,14818.5,72,323.26,2.1793,376.68,2.5394,881.07,5.9398,29.99,2026-07-29T15:35:48.490Z
flip-only|AME|45m|1765295100000|1765397700000,flip-only,AME,NYSE:AME,45m,Swing 45m,LONG,Swing Low,2025-12-09 10:45,1765295100000,197.62,Flip Short,2025-12-10 15:15,1765397700000,201.41,48,9485.76,17,162.77,1.7142,185.87,1.9576,94.93,0.9997,19.15,2026-07-29T15:35:52.069Z
flip-only|AME|45m|1765989000000|1766407500000,flip-only,AME,NYSE:AME,45m,Swing 45m,LONG,Swing Low,2025-12-17 11:30,1765989000000,200.06,Flip Short,2025-12-22 07:45,1766407500000,204,48,9602.88,32,169.73,1.7657,179.52,1.8675,57.12,0.5943,19.39,2026-07-29T15:35:52.069Z
flip-only|AME|45m|1767136500000|1767387600000,flip-only,AME,NYSE:AME,45m,Swing 45m,LONG,Swing Low,2025-12-30 18:15,1767136500000,206.76,Flip Short,2026-01-02 16:00,1767387600000,209.45,47,9717.72,23,106.87,1.0986,116.71,1.1998,87.27,0.8971,19.56,2026-07-29T15:35:52.069Z
flip-only|AME|45m|1770122700000|1770735600000,flip-only,AME,NYSE:AME,45m,Swing 45m,LONG,Swing Low,2026-02-03 07:45,1770122700000,222.79,Flip Short,2026-02-10 10:00,1770735600000,234.64,45,10025.55,68,512.67,5.1085,538.07,5.3617,136.03,1.3554,20.58,2026-07-29T15:35:52.069Z
flip-only|AME|45m|1770986700000|1771947900000,flip-only,AME,NYSE:AME,45m,Swing 45m,LONG,Swing Low,2026-02-13 07:45,1770986700000,228.1,Flip Short,2026-02-24 10:45,1771947900000,235.06,45,10264.5,65,292.36,2.8454,330.84,3.2199,64.71,0.6298,20.84,2026-07-29T15:35:52.069Z
flip-only|AME|45m|1772722800000|1774379700000,flip-only,AME,NYSE:AME,45m,Swing 45m,LONG,Swing Low,2026-03-05 10:00,1772722800000,231.02,Flip Short,2026-03-24 15:15,1774379700000,216.81,46,10626.92,164,-674.26,-6.3385,13.29,0.125,1081.05,10.1626,20.6,2026-07-29T15:35:52.069Z
flip-only|AME|45m|1774622700000|1775052000000,flip-only,AME,NYSE:AME,45m,Swing 45m,LONG,Swing Low,2026-03-27 10:45,1774622700000,210.32,Flip Short,2026-04-01 10:00,1775052000000,218.44,47,9885.04,34,361.49,3.6533,371.75,3.757,150.42,1.5201,20.15,2026-07-29T15:35:52.069Z
flip-only|AME|45m|1776267000000|1776437100000,flip-only,AME,NYSE:AME,45m,Swing 45m,LONG,Swing Low,2026-04-15 11:30,1776267000000,229.47,Flip Short,2026-04-17 10:45,1776437100000,236.9,45,10326.15,19,313.36,3.0316,331.67,3.2088,76.48,0.7399,20.99,2026-07-29T15:35:52.069Z
flip-only|AME|45m|1777384800000|1777557600000,flip-only,AME,NYSE:AME,45m,Swing 45m,LONG,Swing Low,2026-04-28 10:00,1777384800000,229.81,Flip Short,2026-04-30 10:00,1777557600000,234.07,46,10571.26,28,174.62,1.6502,433.33,4.095,270.01,2.5516,21.34,2026-07-29T15:35:52.069Z
flip-only|AME|45m|1778594400000|1779793200000,flip-only,AME,NYSE:AME,45m,Swing 45m,LONG,Swing Low,2026-05-12 10:00,1778594400000,230.02,Flip Short,2026-05-26 07:00,1779793200000,225.05,47,10810.94,109,-254.98,-2.3562,144.29,1.3333,518.88,4.7948,21.39,2026-07-29T15:35:52.069Z
flip-only|AME|45m|1779976800000|1780495200000,flip-only,AME,NYSE:AME,45m,Swing 45m,LONG,Swing Low,2026-05-28 10:00,1779976800000,222.06,Flip Short,2026-06-03 10:00,1780495200000,228.32,47,10436.82,45,273.05,2.6136,362.27,3.4676,100.68,0.9637,21.17,2026-07-29T15:35:52.069Z
flip-only|AME|45m|1781105400000|1781532000000,flip-only,AME,NYSE:AME,45m,Swing 45m,LONG,Swing Low,2026-06-10 11:30,1781105400000,223.46,Flip Short,2026-06-15 10:00,1781532000000,231.91,48,10726.08,33,383.74,3.5741,432.79,4.0309,138.41,1.2891,21.86,2026-07-29T15:35:52.069Z
flip-only|AME|45m|1783003500000|1784037600000,flip-only,AME,NYSE:AME,45m,Swing 45m,LONG,Swing Low,2026-07-02 10:45,1783003500000,234.1,Flip Short,2026-07-14 10:00,1784037600000,233.24,47,11002.7,80,-62.38,-0.5664,206.61,1.8759,318.38,2.8908,21.96,2026-07-29T15:35:52.069Z
flip-only|AME|45m|1784207700000|1784232000000,flip-only,AME,NYSE:AME,45m,Swing 45m,LONG,Swing Low,2026-07-16 09:15,1784207700000,231.2,Flip Short,2026-07-16 16:00,1784232000000,236.82,48,11097.6,9,247.3,2.2261,298.02,2.6828,11.1,0.0999,22.46,2026-07-29T15:35:52.069Z
flip-only|AME|45m|1784296800000|1784299500000,flip-only,AME,NYSE:AME,45m,Swing 45m,LONG,Swing Low,2026-07-17 10:00,1784296800000,235.04,Flip Short,2026-07-17 10:45,1784299500000,237.04,48,11281.92,1,73.34,0.6494,130.8,1.1582,11.28,0.0999,22.66,2026-07-29T15:35:52.069Z
flip-only|CVE|45m|1761927300000|1762527600000,flip-only,CVE,TSX:CVE,45m,Swing 45m,LONG,Swing Low,2025-10-31 12:15,1761927300000,23.47,Flip Short,2025-11-07 10:00,1762527600000,24.55,404,9481.88,47,416.92,4.3926,426.84,4.4971,70.08,0.7384,19.4,2026-07-29T15:35:55.463Z
flip-only|CVE|45m|1763737200000|1764603900000,flip-only,CVE,TSX:CVE,45m,Swing 45m,LONG,Swing Low,2025-11-21 10:00,1763737200000,25.02,Flip Short,2025-12-01 10:45,1764603900000,25.09,395,9882.9,61,7.86,0.0794,156.02,1.5771,381.18,3.8531,19.79,2026-07-29T15:35:55.463Z
flip-only|CVE|45m|1764690300000|1764782100000,flip-only,CVE,TSX:CVE,45m,Swing 45m,LONG,Swing Low,2025-12-02 10:45,1764690300000,24.67,Flip Short,2025-12-03 12:15,1764782100000,25.33,401,9892.67,12,244.61,2.4702,274.82,2.7752,74.05,0.7478,20.05,2026-07-29T15:35:55.463Z
flip-only|CVE|45m|1765305900000|1767106800000,flip-only,CVE,TSX:CVE,45m,Swing 45m,LONG,Swing Low,2025-12-09 13:45,1765305900000,24.52,Flip Short,2025-12-30 10:00,1767106800000,23.37,413,10126.76,121,-494.73,-4.8805,130.29,1.2853,803.09,7.9224,19.78,2026-07-29T15:35:55.463Z
flip-only|CVE|45m|1767625200000|1768316400000,flip-only,CVE,TSX:CVE,45m,Swing 45m,LONG,Swing Low,2026-01-05 10:00,1767625200000,22.2,Flip Short,2026-01-13 10:00,1768316400000,23.78,434,9634.8,60,665.76,6.9031,736.85,7.6401,261.35,2.7099,19.96,2026-07-29T15:35:55.463Z
flip-only|CVE|45m|1768942800000|1769180400000,flip-only,CVE,TSX:CVE,45m,Swing 45m,LONG,Swing Low,2026-01-20 16:00,1768942800000,24.46,Flip Short,2026-01-23 10:00,1769180400000,26.1,420,10273.2,22,667.56,6.4916,699.53,6.8024,10.27,0.0999,21.24,2026-07-29T15:35:55.463Z
flip-only|CVE|45m|1772031600000|1772463600000,flip-only,CVE,TSX:CVE,45m,Swing 45m,LONG,Swing Low,2026-02-25 10:00,1772031600000,30.11,Flip Short,2026-03-02 10:00,1772463600000,31.8,362,10899.82,30,589.37,5.4017,760.16,6.9671,329.46,3.0196,22.41,2026-07-29T15:35:55.463Z
flip-only|CVE|45m|1773164700000|1773324000000,flip-only,CVE,TSX:CVE,45m,Swing 45m,LONG,Swing Low,2026-03-10 13:45,1773164700000,30.4,Flip Short,2026-03-12 10:00,1773324000000,32.33,377,11460.8,15,703.96,6.1362,870.72,7.5898,30.31,0.2642,23.65,2026-07-29T15:35:55.463Z
flip-only|CVE|45m|1775065500000|1776952800000,flip-only,CVE,TSX:CVE,45m,Swing 45m,LONG,Swing Low,2026-04-01 13:45,1775065500000,35.5,Flip Short,2026-04-23 10:00,1776952800000,35.75,342,12141,145,61.13,0.503,935.2,7.6951,1055.24,8.6829,24.37,2026-07-29T15:35:55.463Z
flip-only|CVE|45m|1778162400000|1778616000000,flip-only,CVE,TSX:CVE,45m,Swing 45m,LONG,Swing Low,2026-05-07 10:00,1778162400000,38.04,Flip Short,2026-05-12 16:00,1778616000000,41.09,320,12172.8,39,950.68,7.8021,973.43,7.9888,133.77,1.0979,25.32,2026-07-29T15:35:55.463Z
flip-only|CVE|45m|1779717600000|1780422300000,flip-only,CVE,TSX:CVE,45m,Swing 45m,LONG,Swing Low,2026-05-25 10:00,1779717600000,40.52,Flip Short,2026-06-02 13:45,1780422300000,40.13,323,13087.96,65,-152.02,-1.1604,9.52,0.0727,914.26,6.9785,26.05,2026-07-29T15:35:55.463Z
flip-only|CVE|45m|1781013600000|1783454400000,flip-only,CVE,TSX:CVE,45m,Swing 45m,LONG,Swing Low,2026-06-09 10:00,1781013600000,39,Flip Short,2026-07-07 16:00,1783454400000,35.8,332,12948,198,-1087.23,-8.3885,621.17,4.7926,1526.87,11.7805,24.83,2026-07-29T15:35:55.463Z
flip-only|INGM|45m|1785239100000|1785352500000,flip-only,INGM,NYSE:INGM,45m,Swing 45m,LONG,Swing Low,2026-07-28 07:45,1785239100000,28.96,Flip Short,2026-07-29 15:15,1785352500000,30.6,391,11323.36,21,617.95,5.4519,629.92,5.5574,19.14,0.1689,23.29,2026-07-29T19:47:57.724Z
flip-only|SBLK|45m|1785239100000|1785428100000,flip-only,SBLK,NASDAQ:SBLK,45m,Swing 45m,LONG,Swing Low,2026-07-28 07:45,1785239100000,27.02,Flip Short,2026-07-30 12:15,1785428100000,28.7,426,11510.52,33,691.94,6.0054,708.43,6.1485,75.41,0.6545,23.74,2026-07-30T16:38:59.236Z
flip-only|WTAI|45m|1784904300000|1785506400000,flip-only,WTAI,CBOE:WTAI,45m,Swing 45m,LONG,Swing Low,2026-07-24 10:45,1784904300000,39.06,Flip Short,2026-07-31 10:00,1785506400000,38.69,293,11444.58,57,-131.19,-1.1452,266.91,2.3298,1236.18,10.7907,22.78,2026-07-31T17:11:31.739Z
flip-only|LABU|45m|1785228300000|1785441600000,flip-only,LABU,AMEX:LABU,45m,Swing 45m,LONG,Swing Low,2026-07-28 04:45,1785228300000,246,Flip Short,2026-07-30 16:00,1785441600000,248.67,56,13776,58,121.82,0.8834,229.26,1.6626,1080.58,7.8361,27.7,2026-07-31T17:12:41.955Z
flip-only|AME|45m|1785336300000|1785506400000,flip-only,AME,NYSE:AME,45m,Swing 45m,LONG,Swing Low,2026-07-29 10:45,1785336300000,236,Flip Short,2026-07-31 10:00,1785506400000,241.87,48,11328,25,258.82,2.2825,419.23,3.6972,107.33,0.9465,22.94,2026-07-31T17:26:04.470Z
flip-only|CVE|45m|1785166200000|1785441600000,flip-only,CVE,TSX:CVE,45m,Swing 45m,LONG,Swing Low,2026-07-27 11:30,1785166200000,39.64,Flip Short,2026-07-30 16:00,1785441600000,42.48,301,11931.64,36,830.12,6.9504,888.06,7.4355,349.05,2.9225,24.72,2026-07-31T17:26:08.604Z
flip-only|UDOW|45m|1785336300000|1785528000000,flip-only,UDOW,AMEX:UDOW,45m,Swing 45m,LONG,Swing Low,2026-07-29 10:45,1785336300000,67.85,Flip Short,2026-07-31 16:00,1785528000000,70.09,185,12552.25,49,388.88,3.095,496.2,3.9491,317.8,2.5293,25.52,2026-08-03T15:07:25.147Z
flip-only|FAS|45m|1785355200000|1785762900000,flip-only,FAS,AMEX:FAS,45m,Swing 45m,LONG,Swing Low,2026-07-29 16:00,1785355200000,172.1,Flip Short,2026-08-03 09:15,1785762900000,178.91,74,12735.4,42,477.97,3.7493,491.2,3.8531,371.64,2.9152,25.97,2026-08-03T15:07:29.905Z
flip-only|FAST|45m|1785422700000|1785765600000,flip-only,FAST,NASDAQ:FAST,45m,Swing 45m,LONG,Swing Low,2026-07-30 10:45,1785422700000,46.69,Flip Short,2026-08-03 10:00,1785765600000,48.44,258,12046.02,27,426.96,3.5408,524.59,4.3506,169.43,1.4051,24.54,2026-08-03T15:09:14.773Z
flip-only|SHO|45m|1785425400000|1785765600000,flip-only,SHO,NYSE:SHO,45m,Swing 45m,LONG,Swing Low,2026-07-30 11:30,1785425400000,11.63,Flip Short,2026-08-03 10:00,1785765600000,11.89,959,11153.17,16,226.78,2.0313,247.78,2.2194,11.15,0.0999,22.56,2026-08-03T15:09:43.961Z
flip-only|TD|45m|1784574900000|1785852000000,flip-only,TD,TSX:TD,45m,Swing 45m,LONG,Swing Low,2026-07-20 15:15,1784574900000,169.32,Flip Short,2026-08-04 10:00,1785852000000,170.12,64,10836.48,93,29.48,0.2717,129.32,1.1922,344.28,3.1738,21.72,2026-08-04T14:17:34.726Z
flip-only|OII|45m|1785268800000|1785843900000,flip-only,OII,NYSE:OII,45m,Swing 45m,LONG,Swing Low,2026-07-28 16:00,1785268800000,47.4,Flip Short,2026-08-04 07:45,1785843900000,48.72,334,15831.6,66,408.78,2.5794,685.57,4.3261,446.69,2.8187,32.1,2026-08-04T14:19:03.046Z
flip-only|MGA|45m|1785247200000|1785852000000,flip-only,MGA,TSX:MGA,45m,Swing 45m,LONG,Swing Low,2026-07-28 10:00,1785247200000,0.5,Flip Short,2026-08-04 10:00,1785852000000,0.55,29378,14689,40,1438.05,9.7802,1747.99,11.8881,14.69,0.0999,30.85,2026-08-04T15:14:02.007Z
flip-only|EXEL|45m|1785420000000|1785862800000,flip-only,EXEL,NASDAQ:EXEL,45m,Swing 45m,LONG,Swing Low,2026-07-30 10:00,1785420000000,54.92,Flip Short,2026-08-04 13:00,1785862800000,56.3,215,11807.8,39,272.79,2.3079,295.64,2.5013,562.21,4.7566,23.91,2026-08-04T17:29:29.897Z
flip-only|LABU|45m|1785509100000|1785873600000,flip-only,LABU,AMEX:LABU,45m,Swing 45m,LONG,Swing Low,2026-07-31 10:45,1785509100000,228.2,Flip Short,2026-08-04 16:00,1785873600000,249.47,60,13692,48,1247.54,9.1023,1353.71,9.877,955.69,6.973,28.66,2026-08-05T15:00:33.059Z
flip-only|ABNB|45m|1785852000000|1785938400000,flip-only,ABNB,NASDAQ:ABNB,45m,Swing 45m,LONG,Swing Low,2026-08-04 10:00,1785852000000,149.33,Flip Short,2026-08-05 10:00,1785938400000,152.62,76,11349.08,19,227.09,1.999,435.53,3.8338,63.79,0.5615,22.95,2026-08-05T15:00:36.902Z
flip-only|BIIB|45m|1785765600000|1785938400000,flip-only,BIIB,NASDAQ:BIIB,45m,Swing 45m,LONG,Swing Low,2026-08-03 10:00,1785765600000,200.27,Flip Short,2026-08-05 10:00,1785938400000,211.54,56,11215.12,26,608.06,5.4164,664.14,5.916,44.82,0.3992,23.06,2026-08-05T15:01:16.011Z
flip-only|KMT|45m|1785336300000|1785870900000,flip-only,KMT,NYSE:KMT,45m,Swing 45m,LONG,Swing Low,2026-07-29 10:45,1785336300000,34.25,Flip Short,2026-08-04 15:15,1785870900000,36.12,354,12124.5,43,637.07,5.2491,692.34,5.7045,454.62,3.7459,24.91,2026-08-05T15:01:52.953Z
