trade_key,rule_type,ticker,symbol,timeframe,watchlist,side,entry_signal,entry_time_et,entry_time_ms,entry_price,exit_signal,exit_time_et,exit_time_ms,exit_price,qty,position_value,bars_held,pnl_usd,pnl_pct,mfe_usd,mfe_pct,mae_usd,mae_pct,commission,logged_at
flip-only|JNUG|2h|1758204000000|1758535200000,flip-only,JNUG,AMEX:JNUG,2h,Swing 2H,LONG,Swing Low,2025-09-18 10:00,1758204000000,126.6,Flip Short,2025-09-22 06:00,1758535200000,147.98,78,9874.8,14,1646.22,16.6543,1668.69,16.8815,161.19,1.6308,21.42,2026-07-25T00:30:01.722Z
flip-only|JNUG|2h|1761048000000|1762772400000,flip-only,JNUG,AMEX:JNUG,2h,Swing 2H,LONG,Swing Low,2025-10-21 08:00,1761048000000,164.43,Flip Short,2025-11-10 06:00,1762772400000,147.03,70,11510.1,110,-1239.8,-10.7607,0,0,2999.11,26.0303,21.8,2026-07-25T00:30:01.722Z
flip-only|JNUG|2h|1763679600000|1764097200000,flip-only,JNUG,AMEX:JNUG,2h,Swing 2H,LONG,Swing Low,2025-11-20 18:00,1763679600000,137.07,Flip Short,2025-11-25 14:00,1764097200000,160.14,75,10280.25,20,1707.96,16.5974,1803.22,17.5231,390.53,3.795,22.29,2026-07-25T00:30:01.722Z
flip-only|JNUG|2h|1767373200000|1767978000000,flip-only,JNUG,AMEX:JNUG,2h,Swing 2H,LONG,Swing Low,2026-01-02 12:00,1767373200000,196,Flip Short,2026-01-09 12:00,1767978000000,238,61,11956,40,2535.53,21.186,2611.04,21.817,199.23,1.6647,26.47,2026-07-25T00:30:01.722Z
flip-only|JNUG|2h|1769770800000|1770670800000,flip-only,JNUG,AMEX:JNUG,2h,Swing 2H,LONG,Swing Low,2026-01-30 06:00,1769770800000,275.98,Flip Short,2026-02-09 16:00,1770670800000,281.2,53,14626.94,53,247.13,1.6879,674.9,4.6095,4094.57,27.9654,29.53,2026-07-25T00:30:01.722Z
flip-only|JNUG|2h|1772550000000|1774972800000,flip-only,JNUG,AMEX:JNUG,2h,Swing 2H,LONG,Swing Low,2026-03-03 10:00,1772550000000,279,Flip Short,2026-03-31 12:00,1774972800000,187.2,53,14787,161,-4890.11,-33.0373,1867.24,12.615,7724.17,52.184,24.71,2026-07-25T00:30:01.722Z
flip-only|JNUG|2h|1782223200000|1783000800000,flip-only,JNUG,AMEX:JNUG,2h,Swing 2H,LONG,Swing Low,2026-06-23 10:00,1782223200000,133,Flip Short,2026-07-02 10:00,1783000800000,135.47,75,9975,53,165.11,1.6536,323.02,3.2351,1489.72,14.9197,20.14,2026-07-25T00:30:01.722Z
flip-only|SOXL|2h|1755684000000|1756389600000,flip-only,SOXL,AMEX:SOXL,2h,Swing 2H,LONG,Swing Low,2025-08-20 06:00,1755684000000,26.04,Flip Short,2025-08-28 10:00,1756389600000,28.14,383,9973.32,50,783.55,7.8486,1165.84,11.6779,921.51,9.2306,20.75,2026-07-25T00:30:06.705Z
flip-only|SOXL|2h|1756807200000|1757455200000,flip-only,SOXL,AMEX:SOXL,2h,Swing 2H,LONG,Swing Low,2025-09-02 06:00,1756807200000,25.06,Flip Short,2025-09-09 18:00,1757455200000,27.65,429,10750.74,46,1088.5,10.1147,1104.65,10.2648,559.87,5.2025,22.61,2026-07-25T00:30:06.705Z
flip-only|SOXL|2h|1760112000000|1760976000000,flip-only,SOXL,AMEX:SOXL,2h,Swing 2H,LONG,Swing Low,2025-10-10 12:00,1760112000000,37.63,Flip Short,2025-10-20 12:00,1760976000000,42.55,315,11853.45,48,1524.54,12.8488,1689.15,14.236,2005.8,16.9048,25.26,2026-07-25T00:30:06.705Z
flip-only|SOXL|2h|1761156000000|1761314400000,flip-only,SOXL,AMEX:SOXL,2h,Swing 2H,LONG,Swing Low,2025-10-22 14:00,1761156000000,36.52,Flip Short,2025-10-24 10:00,1761314400000,43.41,366,13366.32,14,2492.49,18.6289,2782.87,20.7992,163.43,1.2215,29.25,2026-07-25T00:30:06.705Z
flip-only|SOXL|2h|1762268400000|1764176400000,flip-only,SOXL,AMEX:SOXL,2h,Swing 2H,LONG,Swing Low,2025-11-04 10:00,1762268400000,46.84,Flip Short,2025-11-26 12:00,1764176400000,39.13,338,15831.92,129,-2635.04,-16.6272,518.21,3.2699,6343.19,40.0258,29.06,2026-07-25T00:30:06.705Z
flip-only|SOXL|2h|1765558800000|1766746800000,flip-only,SOXL,AMEX:SOXL,2h,Swing 2H,LONG,Swing Low,2025-12-12 12:00,1765558800000,42.32,Flip Short,2025-12-26 06:00,1766746800000,44.72,312,13203.84,68,721.64,5.4599,769.92,5.8252,2078.64,15.727,27.16,2026-07-25T00:30:06.705Z
flip-only|SOXL|2h|1767214800000|1767358800000,flip-only,SOXL,AMEX:SOXL,2h,Swing 2H,LONG,Swing Low,2025-12-31 16:00,1767214800000,42.04,Flip Short,2026-01-02 08:00,1767358800000,44.83,332,13957.28,4,897.44,6.4235,962.12,6.8865,73.72,0.5276,28.84,2026-07-25T00:30:06.705Z
flip-only|SOXL|2h|1770030000000|1770822000000,flip-only,SOXL,AMEX:SOXL,2h,Swing 2H,LONG,Swing Low,2026-02-02 06:00,1770030000000,58.06,Flip Short,2026-02-11 10:00,1770822000000,67.38,255,14805.3,58,2344.61,15.8205,2797.84,18.8787,2240.96,15.121,31.99,2026-07-25T00:30:06.705Z
flip-only|SOXL|2h|1772125200000|1774389600000,flip-only,SOXL,AMEX:SOXL,2h,Swing 2H,LONG,Swing Low,2026-02-26 12:00,1772125200000,63.81,Flip Short,2026-03-24 18:00,1774389600000,56.93,269,17164.89,147,-1883.2,-10.9603,434.76,2.5303,5496.69,31.9909,32.48,2026-07-25T00:30:06.705Z
flip-only|SOXL|2h|1774612800000|1775484000000,flip-only,SOXL,AMEX:SOXL,2h,Swing 2H,LONG,Swing Low,2026-03-27 08:00,1774612800000,47.6,Flip Short,2026-04-06 10:00,1775484000000,54.48,321,15279.6,41,2175.71,14.2251,2552.72,16.69,2663.53,17.4145,32.77,2026-07-25T00:30:06.705Z
flip-only|SOXL|2h|1779120000000|1779458400000,flip-only,SOXL,AMEX:SOXL,2h,Swing 2H,LONG,Swing Low,2026-05-18 12:00,1779120000000,151.98,Flip Short,2026-05-22 10:00,1779458400000,189.61,115,17477.7,31,4288.17,24.5106,4311.12,24.6418,1966.73,11.2415,39.28,2026-07-25T00:30:06.705Z
flip-only|SOXL|2h|1780682400000|1781517600000,flip-only,SOXL,AMEX:SOXL,2h,Swing 2H,LONG,Swing Low,2026-06-05 14:00,1780682400000,204.3,Flip Short,2026-06-15 06:00,1781517600000,263.95,106,21655.8,44,6273.27,28.9391,6718.88,30.9948,4977.16,22.9601,49.63,2026-07-25T00:30:06.705Z
flip-only|SPXL|2h|1755698400000|1756310400000,flip-only,SPXL,AMEX:SPXL,2h,Swing 2H,LONG,Swing Low,2025-08-20 10:00,1755698400000,185.14,Flip Short,2025-08-27 12:00,1756310400000,194.65,53,9812.42,41,483.9,4.9266,500.58,5.0964,120.58,1.2276,20.13,2026-07-25T00:30:11.518Z
flip-only|SPXL|2h|1756821600000|1757066400000,flip-only,SPXL,AMEX:SPXL,2h,Swing 2H,LONG,Swing Low,2025-09-02 10:00,1756821600000,187.6,Flip Short,2025-09-05 06:00,1757066400000,197.41,55,10318,22,518.37,5.019,544.63,5.2732,216.57,2.0968,21.18,2026-07-25T00:30:11.518Z
flip-only|SPXL|2h|1760112000000|1760990400000,flip-only,SPXL,AMEX:SPXL,2h,Swing 2H,LONG,Swing Low,2025-10-10 12:00,1760112000000,206.47,Flip Short,2025-10-20 16:00,1760990400000,214.8,53,10942.91,50,419.16,3.8266,476.66,4.3515,750.82,6.8544,22.33,2026-07-25T00:30:11.518Z
flip-only|SPXL|2h|1762254000000|1762945200000,flip-only,SPXL,AMEX:SPXL,2h,Swing 2H,LONG,Swing Low,2025-11-04 06:00,1762254000000,218.69,Flip Short,2025-11-12 06:00,1762945200000,226.3,52,11371.88,48,372.58,3.2731,414.51,3.6414,793.97,6.9749,23.14,2026-07-25T00:30:11.518Z
flip-only|SPXL|2h|1763470800000|1763470800000,flip-only,SPXL,AMEX:SPXL,2h,Swing 2H,LONG,Swing Low,2025-11-18 08:00,1763470800000,203.18,Margin call,2025-11-18 08:00,1763470800000,203.18,1,203.18,0,-0.41,-0.1998,0,0,0.2,0.0999,0.41,2026-07-25T00:30:11.518Z
flip-only|SPXL|2h|1763470800000|1764104400000,flip-only,SPXL,AMEX:SPXL,2h,Swing 2H,LONG,Swing Low,2025-11-18 08:00,1763470800000,203.18,Flip Short,2025-11-25 16:00,1764104400000,214.95,57,11581.26,44,647.06,5.5815,722.58,6.233,663.09,5.7198,23.83,2026-07-25T00:30:11.518Z
flip-only|SPXL|2h|1765558800000|1766487600000,flip-only,SPXL,AMEX:SPXL,2h,Swing 2H,LONG,Swing Low,2025-12-12 12:00,1765558800000,218.78,Flip Short,2025-12-23 06:00,1766487600000,224.36,56,12251.68,53,287.66,2.3456,323.19,2.6353,521.29,4.2506,24.82,2026-07-25T00:30:11.518Z
flip-only|SPXL|2h|1767214800000|1767726000000,flip-only,SPXL,AMEX:SPXL,2h,Swing 2H,LONG,Swing Low,2025-12-31 16:00,1767214800000,220.6,Flip Short,2026-01-06 14:00,1767726000000,229.88,57,12574.2,23,503.28,3.9985,517.53,4.1117,135.12,1.0735,25.68,2026-07-25T00:30:11.518Z
flip-only|SPXL|2h|1768410000000|1769526000000,flip-only,SPXL,AMEX:SPXL,2h,Swing 2H,LONG,Swing Low,2026-01-14 12:00,1768410000000,224.01,Flip Short,2026-01-27 10:00,1769526000000,231.53,58,12992.58,63,409.74,3.1505,504.95,3.8825,638.81,4.9118,26.42,2026-07-25T00:30:11.518Z
flip-only|SPXL|2h|1770145200000|1772031600000,flip-only,SPXL,AMEX:SPXL,2h,Swing 2H,LONG,Swing Low,2026-02-03 14:00,1770145200000,220.72,Flip Short,2026-02-25 10:00,1772031600000,225.12,61,13463.92,118,241.2,1.7897,672.18,4.9874,830.86,6.1649,27.2,2026-07-25T00:30:11.518Z
flip-only|SPXL|2h|1772449200000|1775491200000,flip-only,SPXL,AMEX:SPXL,2h,Swing 2H,LONG,Swing Low,2026-03-02 06:00,1772449200000,213.14,Flip Short,2026-04-06 12:00,1775491200000,191.17,65,13854.1,195,-1454.33,-10.487,562.05,4.0528,2944.05,21.2292,26.28,2026-07-25T00:30:11.518Z
flip-only|SPXL|2h|1779206400000|1779789600000,flip-only,SPXL,AMEX:SPXL,2h,Swing 2H,LONG,Swing Low,2026-05-19 12:00,1779206400000,260.13,Flip Short,2026-05-26 06:00,1779789600000,278.19,47,12226.11,29,823.52,6.729,841.76,6.8781,48.89,0.3995,25.3,2026-07-25T00:30:11.518Z
flip-only|SPXL|2h|1780668000000|1781539200000,flip-only,SPXL,AMEX:SPXL,2h,Swing 2H,LONG,Swing Low,2026-06-05 10:00,1780668000000,275.38,Flip Short,2026-06-15 12:00,1781539200000,281.8,48,13218.24,49,281.42,2.1269,295.42,2.2327,1457.54,11.0157,26.74,2026-07-25T00:30:11.518Z
flip-only|SPXL|2h|1782208800000|1782849600000,flip-only,SPXL,AMEX:SPXL,2h,Swing 2H,LONG,Swing Low,2026-06-23 06:00,1782208800000,259.39,Flip Short,2026-06-30 16:00,1782849600000,270.98,52,13488.28,45,575.1,4.2594,671.87,4.9762,483.05,3.5777,27.58,2026-07-25T00:30:11.518Z
flip-only|TNA|2h|1758808800000|1759435200000,flip-only,TNA,AMEX:TNA,2h,Swing 2H,LONG,Swing Low,2025-09-25 10:00,1758808800000,43.36,Flip Short,2025-10-02 16:00,1759435200000,46.37,230,9972.8,43,671.66,6.7282,691.53,6.9272,88.17,0.8832,20.64,2026-07-25T00:30:19.440Z
flip-only|TNA|2h|1760112000000|1760472000000,flip-only,TNA,AMEX:TNA,2h,Swing 2H,LONG,Swing Low,2025-10-10 12:00,1760112000000,44.63,Flip Short,2025-10-14 16:00,1760472000000,48.1,238,10621.94,18,803.79,7.5597,1055.62,9.9282,1024.5,9.6355,22.07,2026-07-25T00:30:19.440Z
flip-only|TNA|2h|1761919200000|1762959600000,flip-only,TNA,AMEX:TNA,2h,Swing 2H,LONG,Swing Low,2025-10-31 10:00,1761919200000,46.6,Flip Short,2025-11-12 10:00,1762959600000,46.36,246,11463.6,64,-81.91,-0.7138,121.38,1.0577,1381.68,12.0407,22.87,2026-07-25T00:30:19.440Z
flip-only|TNA|2h|1763067600000|1764010800000,flip-only,TNA,AMEX:TNA,2h,Swing 2H,LONG,Swing Low,2025-11-13 16:00,1763067600000,41.2,Flip Short,2025-11-24 14:00,1764010800000,42.36,276,11371.2,55,297.1,2.6101,328.11,2.8826,1264.41,11.1083,23.06,2026-07-25T00:30:19.440Z
flip-only|TNA|2h|1765904400000|1767639600000,flip-only,TNA,AMEX:TNA,2h,Swing 2H,LONG,Swing Low,2025-12-16 12:00,1765904400000,47.83,Flip Short,2026-01-05 14:00,1767639600000,49.44,243,11622.69,96,367.59,3.1596,714.95,6.1452,623.98,5.3633,23.64,2026-07-25T00:30:19.440Z
flip-only|TNA|2h|1771866000000|1775584800000,flip-only,TNA,AMEX:TNA,2h,Swing 2H,LONG,Swing Low,2026-02-23 12:00,1771866000000,51.44,Flip Short,2026-04-07 14:00,1775584800000,46.42,234,12036.96,241,-1197.58,-9.9392,1010.54,8.3869,2829.4,23.4824,22.9,2026-07-25T00:30:19.440Z
flip-only|TNA|2h|1777478400000|1777586400000,flip-only,TNA,AMEX:TNA,2h,Swing 2H,LONG,Swing Low,2026-04-29 12:00,1777478400000,57.21,Flip Short,2026-04-30 18:00,1777586400000,61.55,189,10812.69,11,797.81,7.3711,849.14,7.8453,150.67,1.3921,22.45,2026-07-25T00:30:19.440Z
flip-only|TNA|2h|1778853600000|1779472800000,flip-only,TNA,AMEX:TNA,2h,Swing 2H,LONG,Swing Low,2026-05-15 10:00,1778853600000,61,Flip Short,2026-05-22 14:00,1779472800000,65.5,190,11590,42,830.97,7.1625,970.71,8.367,969.19,8.3539,24.04,2026-07-25T00:30:19.440Z
flip-only|TNA|2h|1780668000000|1781280000000,flip-only,TNA,AMEX:TNA,2h,Swing 2H,LONG,Swing Low,2026-06-05 10:00,1780668000000,65.38,Flip Short,2026-06-12 12:00,1781280000000,69.53,190,12422.2,41,762.87,6.135,1175.08,9.45,1129.62,9.0845,25.63,2026-07-25T00:30:19.440Z
flip-only|UTSL|2h|1747231200000|1747396800000,flip-only,UTSL,AMEX:UTSL,2h,Swing 2H,LONG,Swing Low,2025-05-14 10:00,1747231200000,33.34,Flip Short,2025-05-16 08:00,1747396800000,36.77,299,9968.66,12,1004.61,10.0676,1018.59,10.2077,222.26,2.2273,20.96,2026-07-25T00:30:24.503Z
flip-only|UTSL|2h|1749571200000|1751047200000,flip-only,UTSL,AMEX:UTSL,2h,Swing 2H,LONG,Swing Low,2025-06-10 12:00,1749571200000,35.39,Flip Short,2025-06-27 14:00,1751047200000,36.87,310,10970.9,67,436.4,3.9738,618.33,5.6305,404.67,3.6849,22.4,2026-07-25T00:30:24.503Z
flip-only|UTSL|2h|1751983200000|1752163200000,flip-only,UTSL,AMEX:UTSL,2h,Swing 2H,LONG,Swing Low,2025-07-08 10:00,1751983200000,35.79,Flip Short,2025-07-10 12:00,1752163200000,37.75,315,11273.85,14,594.23,5.2656,625.03,5.5385,228.62,2.0259,23.17,2026-07-25T00:30:24.503Z
flip-only|UTSL|2h|1755266400000|1757592000000,flip-only,UTSL,AMEX:UTSL,2h,Swing 2H,LONG,Swing Low,2025-08-15 10:00,1755266400000,41.49,Flip Short,2025-09-11 08:00,1757592000000,40.25,289,11990.61,110,-381.98,-3.1825,513.99,4.2823,1355.84,11.2962,23.62,2026-07-25T00:30:24.503Z
flip-only|UTSL|2h|1761148800000|1763031600000,flip-only,UTSL,AMEX:UTSL,2h,Swing 2H,LONG,Swing Low,2025-10-22 12:00,1761148800000,48.38,Flip Short,2025-11-13 06:00,1763031600000,47.73,239,11562.82,102,-178.32,-1.5406,918.15,7.9326,879.13,7.5955,22.97,2026-07-25T00:30:24.503Z
flip-only|UTSL|2h|1769180400000|1769698800000,flip-only,UTSL,AMEX:UTSL,2h,Swing 2H,LONG,Swing Low,2026-01-23 10:00,1769180400000,39.45,Flip Short,2026-01-29 10:00,1769698800000,42.97,290,11440.5,26,996.9,8.7051,1018.06,8.8898,141.94,1.2394,23.9,2026-07-25T00:30:24.503Z
flip-only|UTSL|2h|1774022400000|1775138400000,flip-only,UTSL,AMEX:UTSL,2h,Swing 2H,LONG,Swing Low,2026-03-20 12:00,1774022400000,47.1,Flip Short,2026-04-02 10:00,1775138400000,50.17,261,12293.1,53,775.88,6.3052,841.18,6.8358,946.67,7.6932,25.39,2026-07-25T00:30:24.503Z
flip-only|UTSL|2h|1778162400000|1779458400000,flip-only,UTSL,AMEX:UTSL,2h,Swing 2H,LONG,Swing Low,2026-05-07 10:00,1778162400000,46.34,Flip Short,2026-05-22 10:00,1779458400000,45.4,285,13206.9,78,-294.05,-2.2242,32.39,0.245,1620.61,12.2587,26.15,2026-07-25T00:30:24.503Z
flip-only|UTSL|2h|1780315200000|1781539200000,flip-only,UTSL,AMEX:UTSL,2h,Swing 2H,LONG,Swing Low,2026-06-01 08:00,1780315200000,42.56,Flip Short,2026-06-15 12:00,1781539200000,43.51,304,12938.24,64,262.63,2.0279,324.5,2.5056,1061.74,8.198,26.17,2026-07-25T00:30:24.503Z
flip-only|YINN|2h|1756303200000|1757340000000,flip-only,YINN,AMEX:YINN,2h,Swing 2H,LONG,Swing Low,2025-08-27 10:00,1756303200000,44.18,Flip Short,2025-09-08 10:00,1757340000000,47.7,226,9984.68,56,774.76,7.7517,889.5,8.8997,100.38,1.0044,20.76,2026-07-25T00:30:29.499Z
flip-only|YINN|2h|1758578400000|1759226400000,flip-only,YINN,AMEX:YINN,2h,Swing 2H,LONG,Swing Low,2025-09-22 18:00,1758578400000,52.49,Flip Short,2025-09-30 06:00,1759226400000,55.01,205,10760.45,42,494.56,4.5915,518.14,4.8104,455.61,4.2299,22.04,2026-07-25T00:30:29.499Z
flip-only|YINN|2h|1759852800000|1760990400000,flip-only,YINN,AMEX:YINN,2h,Swing 2H,LONG,Swing Low,2025-10-07 12:00,1759852800000,53.38,Flip Short,2025-10-20 16:00,1760990400000,50.58,210,11209.8,74,-609.83,-5.4347,232.39,2.071,2732.81,24.3544,21.83,2026-07-25T00:30:29.499Z
flip-only|YINN|2h|1761904800000|1762772400000,flip-only,YINN,AMEX:YINN,2h,Swing 2H,LONG,Swing Low,2025-10-31 06:00,1761904800000,47.05,Flip Short,2025-11-10 06:00,1762772400000,50.48,226,10633.3,48,753.14,7.0758,845.91,7.9473,347.37,3.2636,22.04,2026-07-25T00:30:29.499Z
flip-only|YINN|2h|1763413200000|1764932400000,flip-only,YINN,AMEX:YINN,2h,Swing 2H,LONG,Swing Low,2025-11-17 16:00,1763413200000,46.86,Flip Short,2025-12-05 06:00,1764932400000,47.1,243,11386.98,96,35.49,0.3113,85.81,0.7529,1435.37,12.5927,22.83,2026-07-25T00:30:29.499Z
flip-only|YINN|2h|1765278000000|1765278000000,flip-only,YINN,AMEX:YINN,2h,Swing 2H,LONG,Swing Low,2025-12-09 06:00,1765278000000,43.35,Margin call,2025-12-09 06:00,1765278000000,43.35,1,43.35,0,-0.09,-0.1998,0,0,0.04,0.0999,0.09,2026-07-25T00:30:29.499Z
flip-only|YINN|2h|1765278000000|1766761200000,flip-only,YINN,AMEX:YINN,2h,Swing 2H,LONG,Swing Low,2025-12-09 06:00,1765278000000,43.35,Flip Short,2025-12-26 10:00,1766761200000,44.43,263,11401.05,97,260.95,2.2866,625.06,5.477,624.19,5.4694,23.09,2026-07-25T00:30:29.499Z
flip-only|YINN|2h|1767020400000|1767351600000,flip-only,YINN,AMEX:YINN,2h,Swing 2H,LONG,Swing Low,2025-12-29 10:00,1767020400000,42.89,Flip Short,2026-01-02 06:00,1767351600000,46.4,272,11666.08,22,930.43,7.9676,1040.97,8.9142,166.71,1.4276,24.29,2026-07-25T00:30:29.499Z
flip-only|YINN|2h|1768906800000|1768906800000,flip-only,YINN,AMEX:YINN,2h,Swing 2H,LONG,Swing Low,2026-01-20 06:00,1768906800000,44.32,Margin call,2026-01-20 06:00,1768906800000,44.32,1,44.32,0,-0.09,-0.1998,0,0,0.04,0.0999,0.09,2026-07-25T00:30:29.499Z
flip-only|YINN|2h|1768906800000|1769518800000,flip-only,YINN,AMEX:YINN,2h,Swing 2H,LONG,Swing Low,2026-01-20 06:00,1768906800000,44.32,Flip Short,2026-01-27 08:00,1769518800000,47.54,284,12586.88,41,888.39,7.051,913.25,7.2483,185.83,1.4749,26.09,2026-07-25T00:30:29.499Z
flip-only|YINN|2h|1773928800000|1775635200000,flip-only,YINN,AMEX:YINN,2h,Swing 2H,LONG,Swing Low,2026-03-19 10:00,1773928800000,33.84,Flip Short,2026-04-08 04:00,1775635200000,33.99,399,13502.16,101,32.79,0.2426,329.64,2.4389,1836.93,13.5911,27.06,2026-07-25T00:30:29.499Z
flip-only|YINN|2h|1776967200000|1777644000000,flip-only,YINN,AMEX:YINN,2h,Swing 2H,LONG,Swing Low,2026-04-23 14:00,1776967200000,34,Flip Short,2026-05-01 10:00,1777644000000,35.47,398,13532,46,557.41,4.1151,631.23,4.66,550.83,4.0665,27.65,2026-07-25T00:30:29.499Z
flip-only|YINN|2h|1778839200000|1780394400000,flip-only,YINN,AMEX:YINN,2h,Swing 2H,LONG,Swing Low,2026-05-15 06:00,1778839200000,33.73,Flip Short,2026-06-02 06:00,1780394400000,33.23,418,14099.14,88,-236.99,-1.6792,136.38,0.9663,2200.24,15.5899,27.99,2026-07-25T00:30:29.499Z
flip-only|YINN|2h|1780682400000|1781532000000,flip-only,YINN,AMEX:YINN,2h,Swing 2H,LONG,Swing Low,2026-06-05 14:00,1780682400000,28.79,Flip Short,2026-06-15 10:00,1781532000000,30.28,481,13847.99,46,688.28,4.9653,770.18,5.5561,711.3,5.1313,28.41,2026-07-25T00:30:29.499Z
flip-only|YINN|2h|1781726400000|1783432800000,flip-only,YINN,AMEX:YINN,2h,Swing 2H,LONG,Swing Low,2026-06-17 16:00,1781726400000,26.4,Flip Short,2026-07-07 10:00,1783432800000,23.5,550,14520,93,-1622.44,-11.1627,386.98,2.6625,3342.02,22.9937,27.45,2026-07-25T00:30:29.499Z
flip-only|QTUM|2h|1755691200000|1756281600000,flip-only,QTUM,NASDAQ:QTUM,2h,Swing 2H,LONG,Swing Low,2025-08-20 08:00,1755691200000,92.37,Flip Short,2025-08-27 04:00,1756281600000,94.86,108,9975.96,37,248.7,2.4905,260.02,2.6039,229.22,2.2954,20.22,2026-07-25T00:30:44.239Z
flip-only|QTUM|2h|1760112000000|1760112000000,flip-only,QTUM,NASDAQ:QTUM,2h,Swing 2H,LONG,Swing Low,2025-10-10 12:00,1760112000000,108.97,Margin call,2025-10-10 12:00,1760112000000,108.97,1,108.97,0,-0.22,-0.1998,0,0,0.11,0.0999,0.22,2026-07-25T00:30:44.239Z
flip-only|QTUM|2h|1760112000000|1761559200000,flip-only,QTUM,NASDAQ:QTUM,2h,Swing 2H,LONG,Swing Low,2025-10-10 12:00,1760112000000,108.97,Flip Short,2025-10-27 06:00,1761559200000,113.8,93,10134.21,85,428.47,4.2238,502.3,4.9515,471.41,4.6471,20.72,2026-07-25T00:30:44.239Z
flip-only|QTUM|2h|1762254000000|1764327600000,flip-only,QTUM,NASDAQ:QTUM,2h,Swing 2H,LONG,Swing Low,2025-11-04 06:00,1762254000000,111.02,Flip Short,2025-11-28 06:00,1764327600000,108.13,96,10657.92,135,-298.48,-2.7977,227.42,2.1317,1239.46,11.6178,21.04,2026-07-25T00:30:44.239Z
flip-only|QTUM|2h|1765558800000|1765558800000,flip-only,QTUM,NASDAQ:QTUM,2h,Swing 2H,LONG,Swing Low,2025-12-12 12:00,1765558800000,111.49,Margin call,2025-12-12 12:00,1765558800000,111.49,1,111.49,0,-0.22,-0.1998,0,0,0.11,0.0999,0.22,2026-07-25T00:30:44.239Z
flip-only|QTUM|2h|1765558800000|1767610800000,flip-only,QTUM,NASDAQ:QTUM,2h,Swing 2H,LONG,Swing Low,2025-12-12 12:00,1765558800000,111.49,Flip Short,2026-01-05 06:00,1767610800000,113.7,92,10257.08,106,182.6,1.7785,193.98,1.8893,419.66,4.0873,20.72,2026-07-25T00:30:44.239Z
flip-only|QTUM|2h|1769799600000|1770670800000,flip-only,QTUM,NASDAQ:QTUM,2h,Swing 2H,LONG,Swing Low,2026-01-30 14:00,1769799600000,116.61,Flip Short,2026-02-09 16:00,1770670800000,118.02,90,10494.9,48,105.78,1.0069,160.51,1.5278,756.59,7.202,21.12,2026-07-25T00:30:44.239Z
flip-only|QTUM|2h|1772449200000|1775635200000,flip-only,QTUM,NASDAQ:QTUM,2h,Swing 2H,LONG,Swing Low,2026-03-02 06:00,1772449200000,113.28,Flip Short,2026-04-08 04:00,1775635200000,114.83,94,10648.32,204,124.26,1.1658,311.77,2.925,1117.03,10.4797,21.44,2026-07-25T00:30:44.239Z
flip-only|QTUM|2h|1779127200000|1779386400000,flip-only,QTUM,NASDAQ:QTUM,2h,Swing 2H,LONG,Swing Low,2026-05-18 14:00,1779127200000,141.28,Flip Short,2026-05-21 14:00,1779386400000,149.4,76,10737.28,24,595.03,5.5362,628.42,5.8469,287.38,2.6738,22.09,2026-07-25T00:30:44.239Z
flip-only|QTUM|2h|1780682400000|1781517600000,flip-only,QTUM,NASDAQ:QTUM,2h,Swing 2H,LONG,Swing Low,2026-06-05 14:00,1780682400000,155.75,Flip Short,2026-06-15 06:00,1781517600000,166.67,73,11369.75,44,773.62,6.7974,869.01,7.6355,612.89,5.3851,23.54,2026-07-25T00:30:44.239Z
flip-only|MNST|2h|1752055200000|1753372800000,flip-only,MNST,NASDAQ:MNST,2h,Swing 2H,LONG,Swing Low,2025-07-09 06:00,1752055200000,60.8,Flip Short,2025-07-24 12:00,1753372800000,59.86,163,9910.4,84,-172.89,-1.7428,122.12,1.231,425.56,4.2898,19.67,2026-07-25T00:30:49.531Z
flip-only|MNST|2h|1753992000000|1754604000000,flip-only,MNST,NASDAQ:MNST,2h,Swing 2H,LONG,Swing Low,2025-07-31 16:00,1753992000000,58.41,Flip Short,2025-08-07 18:00,1754604000000,64.48,167,9754.47,34,993.17,10.1715,1334.6,13.6682,56.51,0.5788,20.52,2026-07-25T00:30:49.531Z
flip-only|MNST|2h|1755885600000|1756915200000,flip-only,MNST,NASDAQ:MNST,2h,Swing 2H,LONG,Swing Low,2025-08-22 14:00,1755885600000,62.99,Flip Short,2025-09-03 12:00,1756915200000,63.17,171,10771.29,49,9.21,0.0854,57.63,0.5345,354.48,3.2877,21.57,2026-07-25T00:30:49.531Z
flip-only|MNST|2h|1758549600000|1759154400000,flip-only,MNST,NASDAQ:MNST,2h,Swing 2H,LONG,Swing Low,2025-09-22 10:00,1758549600000,64.24,Flip Short,2025-09-29 10:00,1759154400000,66.2,168,10792.32,36,307.37,2.8452,343.69,3.1814,217.43,2.0127,21.91,2026-07-25T00:30:49.531Z
flip-only|MNST|2h|1761667200000|1762470000000,flip-only,MNST,NASDAQ:MNST,2h,Swing 2H,LONG,Swing Low,2025-10-28 12:00,1761667200000,68.8,Flip Short,2025-11-06 18:00,1762470000000,69.55,161,11076.8,55,98.48,0.8881,154.75,1.3957,611.61,5.516,22.27,2026-07-25T00:30:49.531Z
flip-only|MNST|2h|1765472400000|1765810800000,flip-only,MNST,NASDAQ:MNST,2h,Swing 2H,LONG,Swing Low,2025-12-11 12:00,1765472400000,73.24,Flip Short,2025-12-15 10:00,1765810800000,74.56,153,11205.72,13,179.35,1.5989,255.01,2.2735,159.62,1.423,22.61,2026-07-25T00:30:49.531Z
flip-only|MNST|2h|1767618000000|1768215600000,flip-only,MNST,NASDAQ:MNST,2h,Swing 2H,LONG,Swing Low,2026-01-05 08:00,1767618000000,75.84,Flip Short,2026-01-12 06:00,1768215600000,77.12,149,11300.16,36,167.93,1.4846,301.6,2.6663,154.34,1.3645,22.79,2026-07-25T00:30:49.531Z
flip-only|MNST|2h|1769763600000|1771340400000,flip-only,MNST,NASDAQ:MNST,2h,Swing 2H,LONG,Swing Low,2026-01-30 04:00,1769763600000,79.63,Flip Short,2026-02-17 10:00,1771340400000,82.52,144,11466.72,84,392.81,3.4222,493.97,4.3036,11.47,0.0999,23.35,2026-07-25T00:30:49.531Z
flip-only|MNST|2h|1772146800000|1772204400000,flip-only,MNST,NASDAQ:MNST,2h,Swing 2H,LONG,Swing Low,2026-02-26 18:00,1772146800000,84.6,Flip Short,2026-02-27 10:00,1772204400000,85.4,140,11844,4,88.2,0.7439,387.16,3.2655,154.64,1.3044,23.8,2026-07-25T00:30:49.531Z
flip-only|MNST|2h|1772485200000|1773669600000,flip-only,MNST,NASDAQ:MNST,2h,Swing 2H,LONG,Swing Low,2026-03-02 16:00,1772485200000,81.1,Flip Short,2026-03-16 10:00,1773669600000,78.38,148,12002.8,74,-426.16,-3.547,85.68,0.7131,1159,9.6465,23.6,2026-07-25T00:30:49.531Z
flip-only|MNST|2h|1773864000000|1775505600000,flip-only,MNST,NASDAQ:MNST,2h,Swing 2H,LONG,Swing Low,2026-03-18 16:00,1773864000000,74.17,Flip Short,2026-04-06 16:00,1775505600000,74.14,156,11570.52,83,-27.82,-0.2402,314.47,2.7151,527.93,4.5582,23.14,2026-07-25T00:30:49.531Z
flip-only|MNST|2h|1777903200000|1778191200000,flip-only,MNST,NASDAQ:MNST,2h,Swing 2H,LONG,Swing Low,2026-05-04 10:00,1777903200000,75.23,Flip Short,2026-05-07 18:00,1778191200000,82,154,11585.42,24,1018.37,8.7813,1030.99,8.8902,105.53,0.9099,24.21,2026-07-25T00:30:49.531Z
flip-only|MNST|2h|1783540800000|1784210400000,flip-only,MNST,NASDAQ:MNST,2h,Swing 2H,LONG,Swing Low,2026-07-08 16:00,1783540800000,95.19,Flip Short,2026-07-16 10:00,1784210400000,99.6,132,12565.08,41,556.41,4.4238,578.79,4.6018,102.33,0.8135,25.71,2026-07-25T00:30:49.531Z
flip-only|MNST|2h|1784577600000|1784577600000,flip-only,MNST,NASDAQ:MNST,2h,Swing 2H,LONG,Swing Low,2026-07-20 16:00,1784577600000,95.48,Margin call,2026-07-20 16:00,1784577600000,95.48,1,95.48,0,-0.19,-0.1998,0,0,0.1,0.0999,0.19,2026-07-25T00:30:49.531Z
flip-only|ASHR|2h|1748340000000|1749139200000,flip-only,ASHR,AMEX:ASHR,2h,Swing 2H,LONG,Swing Low,2025-05-27 06:00,1748340000000,26.65,Flip Short,2025-06-05 12:00,1749139200000,26.96,372,9913.8,48,95.38,0.9611,131.45,1.3246,214.51,2.1616,19.94,2026-07-25T00:30:59.555Z
flip-only|ASHR|2h|1753956000000|1754992800000,flip-only,ASHR,AMEX:ASHR,2h,Swing 2H,LONG,Swing Low,2025-07-31 06:00,1753956000000,28.47,Flip Short,2025-08-12 06:00,1754992800000,29.02,353,10049.91,51,173.86,1.7282,184.1,1.83,105.36,1.0473,20.29,2026-07-25T00:30:59.555Z
flip-only|ASHR|2h|1756980000000|1757584800000,flip-only,ASHR,AMEX:ASHR,2h,Swing 2H,LONG,Swing Low,2025-09-04 06:00,1756980000000,30.85,Flip Short,2025-09-11 06:00,1757584800000,32.28,332,10242.2,33,453.8,4.4263,471.16,4.5956,20.2,0.197,20.96,2026-07-25T00:30:59.555Z
flip-only|ASHR|2h|1759932000000|1760004000000,flip-only,ASHR,AMEX:ASHR,2h,Swing 2H,LONG,Swing Low,2025-10-08 10:00,1759932000000,32.73,Flip Short,2025-10-09 06:00,1760004000000,33.34,327,10702.71,4,177.87,1.6602,208.39,1.9451,13.97,0.1304,21.6,2026-07-25T00:30:59.555Z
flip-only|ASHR|2h|1760097600000|1761242400000,flip-only,ASHR,AMEX:ASHR,2h,Swing 2H,LONG,Swing Low,2025-10-10 08:00,1760097600000,32.69,Flip Short,2025-10-23 14:00,1761242400000,32.79,333,10885.77,59,11.5,0.1055,25.74,0.2363,537.03,4.9284,21.8,2026-07-25T00:30:59.555Z
flip-only|ASHR|2h|1762261200000|1763046000000,flip-only,ASHR,AMEX:ASHR,2h,Swing 2H,LONG,Swing Low,2025-11-04 08:00,1762261200000,32.64,Flip Short,2025-11-13 10:00,1763046000000,33.45,333,10869.12,46,247.72,2.2769,272.18,2.5017,114.1,1.0487,22.01,2026-07-25T00:30:59.555Z
flip-only|ASHR|2h|1763391600000|1763391600000,flip-only,ASHR,AMEX:ASHR,2h,Swing 2H,LONG,Swing Low,2025-11-17 10:00,1763391600000,32.7,Margin call,2025-11-17 10:00,1763391600000,32.7,1,32.7,0,-0.07,-0.1998,0,0,0.03,0.0999,0.07,2026-07-25T00:30:59.555Z
flip-only|ASHR|2h|1763391600000|1764608400000,flip-only,ASHR,AMEX:ASHR,2h,Swing 2H,LONG,Swing Low,2025-11-17 10:00,1763391600000,32.7,Flip Short,2025-12-01 12:00,1764608400000,32.8,340,11118,48,11.73,0.1054,36.48,0.3278,449.72,4.0409,22.27,2026-07-25T00:30:59.555Z
flip-only|ASHR|2h|1765911600000|1767092400000,flip-only,ASHR,AMEX:ASHR,2h,Swing 2H,LONG,Swing Low,2025-12-16 14:00,1765911600000,32.49,Flip Short,2025-12-30 06:00,1767092400000,33,343,11144.07,53,152.47,1.3668,235.82,2.114,103.75,0.9301,22.46,2026-07-25T00:30:59.555Z
flip-only|ASHR|2h|1768582800000|1768582800000,flip-only,ASHR,AMEX:ASHR,2h,Swing 2H,LONG,Swing Low,2026-01-16 12:00,1768582800000,33.57,Margin call,2026-01-16 12:00,1768582800000,33.57,1,33.57,0,-0.07,-0.1998,0,0,0.03,0.0999,0.07,2026-07-25T00:30:59.555Z
flip-only|ASHR|2h|1768582800000|1769684400000,flip-only,ASHR,AMEX:ASHR,2h,Swing 2H,LONG,Swing Low,2026-01-16 12:00,1768582800000,33.57,Flip Short,2026-01-29 06:00,1769684400000,34.03,336,11279.52,48,131.85,1.1677,153.36,1.3583,71.76,0.6356,22.71,2026-07-25T00:30:59.555Z
flip-only|ASHR|2h|1769799600000|1770670800000,flip-only,ASHR,AMEX:ASHR,2h,Swing 2H,LONG,Swing Low,2026-01-30 14:00,1769799600000,33.5,Flip Short,2026-02-09 16:00,1770670800000,34.03,341,11423.5,38,157.7,1.3791,203.41,1.7788,216.02,1.8892,23.03,2026-07-25T00:30:59.555Z
flip-only|ASHR|2h|1772535600000|1775642400000,flip-only,ASHR,AMEX:ASHR,2h,Swing 2H,LONG,Swing Low,2026-03-03 06:00,1772535600000,33.31,Flip Short,2026-04-08 06:00,1775642400000,33.45,348,11591.88,154,25.49,0.2197,232.01,1.9995,589.27,5.0784,23.23,2026-07-25T00:30:59.555Z
flip-only|ASHR|2h|1778839200000|1780048800000,flip-only,ASHR,AMEX:ASHR,2h,Swing 2H,LONG,Swing Low,2026-05-15 06:00,1778839200000,35.52,Flip Short,2026-05-29 06:00,1780048800000,36.03,327,11615.04,56,143.37,1.2331,217.28,1.8689,214.36,1.8437,23.4,2026-07-25T00:30:59.555Z
flip-only|EWY|2h|1753992000000|1755021600000,flip-only,EWY,AMEX:EWY,2h,Swing 2H,LONG,Swing Low,2025-07-31 16:00,1753992000000,72.56,Flip Short,2025-08-12 14:00,1755021600000,74.02,137,9940.72,60,179.94,1.8083,190.08,1.9102,489.44,4.9187,20.08,2026-07-25T00:32:07.069Z
flip-only|EWY|2h|1755525600000|1757080800000,flip-only,EWY,AMEX:EWY,2h,Swing 2H,LONG,Swing Low,2025-08-18 10:00,1755525600000,72.7,Flip Short,2025-09-05 10:00,1757080800000,73.89,139,10105.3,96,145.03,1.4338,156.69,1.5491,256.14,2.5321,20.38,2026-07-25T00:32:07.069Z
flip-only|EWY|2h|1758880800000|1759348800000,flip-only,EWY,AMEX:EWY,2h,Swing 2H,LONG,Swing Low,2025-09-26 06:00,1758880800000,78.21,Flip Short,2025-10-01 16:00,1759348800000,81.87,131,10245.51,27,458.49,4.4706,479.69,4.6773,33.83,0.3298,20.97,2026-07-25T00:32:07.069Z
flip-only|EWY|2h|1760112000000|1760522400000,flip-only,EWY,AMEX:EWY,2h,Swing 2H,LONG,Swing Low,2025-10-10 12:00,1760112000000,82.16,Flip Short,2025-10-15 06:00,1760522400000,84.99,131,10762.96,21,348.83,3.2378,374.38,3.4749,500.7,4.6474,21.9,2026-07-25T00:32:07.069Z
flip-only|EWY|2h|1765882800000|1766574000000,flip-only,EWY,AMEX:EWY,2h,Swing 2H,LONG,Swing Low,2025-12-16 06:00,1765882800000,89.37,Flip Short,2025-12-24 06:00,1766574000000,93.85,124,11081.88,45,532.8,4.8031,596.52,5.3774,131.36,1.1842,22.72,2026-07-25T00:32:07.069Z
flip-only|EWY|2h|1772535600000|1773828000000,flip-only,EWY,AMEX:EWY,2h,Swing 2H,LONG,Swing Low,2026-03-03 06:00,1772535600000,130,Flip Short,2026-03-18 06:00,1773828000000,138.62,89,11570,88,743.27,6.4177,938.06,8.0996,831.26,7.1774,23.91,2026-07-25T00:32:07.069Z
flip-only|EWY|2h|1774260000000|1775635200000,flip-only,EWY,AMEX:EWY,2h,Swing 2H,LONG,Swing Low,2026-03-23 06:00,1774260000000,122.81,Flip Short,2026-04-08 04:00,1775635200000,136.74,100,12281,87,1367.05,11.1203,1433.72,11.6626,980.28,7.9741,25.95,2026-07-25T00:32:07.069Z
flip-only|EWY|2h|1779134400000|1779789600000,flip-only,EWY,AMEX:EWY,2h,Swing 2H,LONG,Swing Low,2026-05-18 16:00,1779134400000,176,Flip Short,2026-05-26 06:00,1779789600000,193.79,78,13728,35,1358.78,9.888,1391.05,10.1228,702.47,5.1119,28.84,2026-07-25T00:32:07.069Z
flip-only|EWY|2h|1780653600000|1781517600000,flip-only,EWY,AMEX:EWY,2h,Swing 2H,LONG,Swing Low,2026-06-05 06:00,1780653600000,193.79,Flip Short,2026-06-15 06:00,1781517600000,205.62,78,15115.62,48,891.59,5.8925,994.2,6.5708,1588.38,10.4977,31.15,2026-07-25T00:32:07.069Z
flip-only|MU|2h|1755684000000|1756389600000,flip-only,MU,NASDAQ:MU,2h,Swing 2H,LONG,Swing Low,2025-08-20 06:00,1755684000000,118.14,Flip Short,2025-08-28 10:00,1756389600000,118.97,84,9923.76,50,49.8,0.5014,263.92,2.6568,403.04,4.0573,19.92,2026-07-25T00:32:12.040Z
flip-only|MU|2h|1756821600000|1757066400000,flip-only,MU,NASDAQ:MU,2h,Swing 2H,LONG,Swing Low,2025-09-02 10:00,1756821600000,116.05,Flip Short,2025-09-05 06:00,1757066400000,125.27,86,9980.3,22,772.17,7.7292,794.98,7.9575,46.96,0.4701,20.75,2026-07-25T00:32:12.040Z
flip-only|MU|2h|1758823200000|1759334400000,flip-only,MU,NASDAQ:MU,2h,Swing 2H,LONG,Swing Low,2025-09-25 14:00,1758823200000,155.33,Flip Short,2025-10-01 12:00,1759334400000,178.61,69,10717.77,31,1583.28,14.7577,1600.43,14.9176,56.26,0.5244,23.04,2026-07-25T00:32:12.040Z
flip-only|MU|2h|1760112000000|1760608800000,flip-only,MU,NASDAQ:MU,2h,Swing 2H,LONG,Swing Low,2025-10-10 12:00,1760112000000,184.37,Flip Short,2025-10-16 06:00,1760608800000,197.6,67,12352.79,29,860.82,6.9617,926.99,7.4968,632.77,5.1174,25.59,2026-07-25T00:32:12.040Z
flip-only|MU|2h|1763478000000|1764327600000,flip-only,MU,NASDAQ:MU,2h,Swing 2H,LONG,Swing Low,2025-11-18 10:00,1763478000000,230.43,Flip Short,2025-11-28 06:00,1764327600000,237.38,57,13134.51,54,369.48,2.8103,410.38,3.1213,2169.44,16.5006,26.67,2026-07-25T00:32:12.040Z
flip-only|MU|2h|1765875600000|1766156400000,flip-only,MU,NASDAQ:MU,2h,Swing 2H,LONG,Swing Low,2025-12-16 04:00,1765875600000,235.97,Flip Short,2025-12-19 10:00,1766156400000,266.62,57,13450.29,27,1718.4,12.7632,1835.06,13.6296,827.41,6.1455,28.65,2026-07-25T00:32:12.040Z
flip-only|MU|2h|1770217200000|1770894000000,flip-only,MU,NASDAQ:MU,2h,Swing 2H,LONG,Swing Low,2026-02-04 10:00,1770217200000,405.95,Flip Short,2026-02-12 06:00,1770894000000,423.48,37,15020.15,46,617.92,4.1098,782.33,5.2033,1574.57,10.4726,30.69,2026-07-25T00:32:12.040Z
flip-only|MU|2h|1772204400000|1773244800000,flip-only,MU,NASDAQ:MU,2h,Swing 2H,LONG,Swing Low,2026-02-27 10:00,1772204400000,410.67,Flip Short,2026-03-11 12:00,1773244800000,417.38,38,15605.46,65,223.51,1.4309,442.29,2.8314,2140.57,13.7031,31.47,2026-07-25T00:32:12.040Z
flip-only|MU|2h|1774281600000|1775469600000,flip-only,MU,NASDAQ:MU,2h,Swing 2H,LONG,Swing Low,2026-03-23 12:00,1774281600000,403.08,Flip Short,2026-04-06 06:00,1775469600000,378.32,40,16123.2,69,-1021.66,-6.3302,264.28,1.6375,3680.12,22.8022,31.26,2026-07-25T00:32:12.040Z
flip-only|MU|2h|1779127200000|1779789600000,flip-only,MU,NASDAQ:MU,2h,Swing 2H,LONG,Swing Low,2026-05-18 14:00,1779127200000,679.46,Flip Short,2026-05-26 06:00,1779789600000,795.22,22,14948.12,36,2514.28,16.8032,2553.11,17.0628,614.23,4.105,32.44,2026-07-25T00:32:12.040Z
flip-only|MU|2h|1780682400000|1781517600000,flip-only,MU,NASDAQ:MU,2h,Swing 2H,LONG,Swing Low,2026-06-05 14:00,1780682400000,905.36,Flip Short,2026-06-15 06:00,1781517600000,1054.1,19,17201.84,44,2788.83,16.1962,3038,17.6432,1067.14,6.1975,37.23,2026-07-25T00:32:12.040Z
flip-only|MU|2h|1782324000000|1782388800000,flip-only,MU,NASDAQ:MU,2h,Swing 2H,LONG,Swing Low,2026-06-24 14:00,1782324000000,1014.66,Flip Short,2026-06-25 08:00,1782388800000,1232.5,20,20293.2,5,4311.86,21.2266,4625.71,22.7716,491.49,2.4195,44.94,2026-07-25T00:32:12.040Z
flip-only|MU|2h|1782986400000|1784800800000,flip-only,MU,NASDAQ:MU,2h,Swing 2H,LONG,Swing Low,2026-07-02 06:00,1782986400000,1006.5,Flip Short,2026-07-23 06:00,1784800800000,989.69,24,24156,112,-451.35,-1.8666,1580.96,6.5383,4883.92,20.198,47.91,2026-07-25T00:32:12.040Z
flip-only|RY|2h|1727974800000|1728658800000,flip-only,RY,TSX:RY,2h,Swing 2H,LONG,Swing Low,2024-10-03 13:00,1727974800000,164.53,Flip Short,2024-10-11 11:00,1728658800000,169.21,60,9871.8,23,260.78,2.639,282.33,2.8571,53.07,0.5371,20.02,2026-07-25T00:32:17.032Z
flip-only|RY|2h|1730386800000|1731340800000,flip-only,RY,TSX:RY,2h,Swing 2H,LONG,Swing Low,2024-10-31 11:00,1730386800000,169.1,Flip Short,2024-11-11 11:00,1731340800000,173.58,60,10146,28,248.24,2.4442,259.25,2.5527,64.75,0.6375,20.56,2026-07-25T00:32:17.032Z
flip-only|RY|2h|1734552000000|1737741600000,flip-only,RY,TSX:RY,2h,Swing 2H,LONG,Swing Low,2024-12-18 15:00,1734552000000,174.46,Flip Short,2025-01-24 13:00,1737741600000,175.72,60,10467.6,93,54.59,0.521,106.53,1.0167,333.87,3.1863,21.01,2026-07-25T00:32:17.032Z
flip-only|RY|2h|1738598400000|1740499200000,flip-only,RY,TSX:RY,2h,Swing 2H,LONG,Swing Low,2025-02-03 11:00,1738598400000,174.82,Flip Short,2025-02-25 11:00,1740499200000,170.7,60,10489.2,60,-267.93,-2.5518,0,0,452.69,4.3115,20.73,2026-07-25T00:32:17.032Z
flip-only|RY|2h|1740672000000|1742835600000,flip-only,RY,TSX:RY,2h,Swing 2H,LONG,Swing Low,2025-02-27 11:00,1740672000000,167.17,Flip Short,2025-03-24 13:00,1742835600000,165.4,61,10197.37,69,-128.26,-1.2565,292.36,2.8642,634.84,6.2193,20.29,2026-07-25T00:32:17.032Z
flip-only|RY|2h|1743778800000|1745420400000,flip-only,RY,TSX:RY,2h,Swing 2H,LONG,Swing Low,2025-04-04 11:00,1743778800000,158.14,Flip Short,2025-04-23 11:00,1745420400000,164.97,64,10120.96,48,416.44,4.1105,487.16,4.8086,451.08,4.4524,20.68,2026-07-25T00:32:17.032Z
flip-only|RY|2h|1753729200000|1754672400000,flip-only,RY,TSX:RY,2h,Swing 2H,LONG,Swing Low,2025-07-28 15:00,1753729200000,179.1,Flip Short,2025-08-08 13:00,1754672400000,182.54,59,10566.9,31,181.62,1.7171,209.5,1.9807,222.97,2.1079,21.34,2026-07-25T00:32:17.032Z
flip-only|RY|2h|1759942800000|1760619600000,flip-only,RY,TSX:RY,2h,Swing 2H,LONG,Swing Low,2025-10-08 13:00,1759942800000,202.81,Flip Short,2025-10-16 09:00,1760619600000,206.08,53,10748.93,18,151.64,1.4093,176.34,1.6389,116.22,1.0801,21.67,2026-07-25T00:32:17.032Z
flip-only|RY|2h|1762531200000|1762970400000,flip-only,RY,TSX:RY,2h,Swing 2H,LONG,Swing Low,2025-11-07 11:00,1762531200000,203.25,Flip Short,2025-11-12 13:00,1762970400000,208.4,53,10772.25,13,251.13,2.329,265.36,2.4609,89.74,0.8323,21.82,2026-07-25T00:32:17.032Z
flip-only|RY|2h|1768406400000|1770652800000,flip-only,RY,TSX:RY,2h,Swing 2H,LONG,Swing Low,2026-01-14 11:00,1768406400000,233.14,Flip Short,2026-02-09 11:00,1770652800000,234.1,47,10957.58,72,23.16,0.2111,117.35,1.0699,432.55,3.9435,21.96,2026-07-25T00:32:17.032Z
flip-only|RY|2h|1772208000000|1775055600000,flip-only,RY,TSX:RY,2h,Swing 2H,LONG,Swing Low,2026-02-27 11:00,1772208000000,227.05,Flip Short,2026-04-01 11:00,1775055600000,227.32,49,11125.45,92,-9.03,-0.0811,176.05,1.5809,503.09,4.5174,22.26,2026-07-25T00:32:17.032Z
flip-only|BE|2h|1758722400000|1759327200000,flip-only,BE,NYSE:BE,2h,Swing 2H,LONG,Swing Low,2025-09-24 10:00,1758722400000,68.21,Flip Short,2025-10-01 10:00,1759327200000,84.19,146,9958.66,40,2310.83,23.181,2879.38,28.8845,1007.14,10.1031,22.25,2026-07-25T00:32:22.203Z
flip-only|BE|2h|1760133600000|1760133600000,flip-only,BE,NYSE:BE,2h,Swing 2H,LONG,Swing Low,2025-10-10 18:00,1760133600000,83.1,Margin call,2025-10-10 18:00,1760133600000,83.1,1,83.1,0,-0.17,-0.1998,0,0,0.08,0.0999,0.17,2026-07-25T00:32:22.203Z
flip-only|BE|2h|1760133600000|1760356800000,flip-only,BE,NYSE:BE,2h,Swing 2H,LONG,Swing Low,2025-10-10 18:00,1760133600000,83.1,Flip Short,2025-10-13 08:00,1760356800000,112.29,147,12215.7,3,4262.21,34.8564,5118.08,41.8557,12.22,0.0999,28.72,2026-07-25T00:32:22.203Z
flip-only|BE|2h|1761148800000|1761688800000,flip-only,BE,NYSE:BE,2h,Swing 2H,LONG,Swing Low,2025-10-22 12:00,1761148800000,91.94,Flip Short,2025-10-28 18:00,1761688800000,135.28,179,16457.26,35,7717.19,46.8455,7762.88,47.1228,680.55,4.1311,40.67,2026-07-25T00:32:22.203Z
flip-only|BE|2h|1762959600000|1764867600000,flip-only,BE,NYSE:BE,2h,Swing 2H,LONG,Swing Low,2025-11-12 10:00,1762959600000,122.45,Flip Short,2025-12-04 12:00,1764867600000,112.58,197,24122.65,120,-1990.69,-8.2441,1232.74,5.1052,9174.77,37.9959,46.3,2026-07-25T00:32:22.203Z
flip-only|BE|2h|1765407600000|1767366000000,flip-only,BE,NYSE:BE,2h,Swing 2H,LONG,Swing Low,2025-12-10 18:00,1765407600000,99.05,Flip Short,2026-01-02 10:00,1767366000000,93.42,224,22187.2,115,-1304.23,-5.8724,2475.41,11.1458,5250.35,23.6402,43.11,2026-07-25T00:32:22.203Z
flip-only|BE|2h|1769461200000|1769598000000,flip-only,BE,NYSE:BE,2h,Swing 2H,LONG,Swing Low,2026-01-26 16:00,1769461200000,139.54,Flip Short,2026-01-28 06:00,1769598000000,156.25,150,20931,11,2462.13,11.7513,2574.07,12.2856,509.93,2.4338,44.37,2026-07-25T00:32:22.203Z
flip-only|BE|2h|1770231600000|1771585200000,flip-only,BE,NYSE:BE,2h,Swing 2H,LONG,Swing Low,2026-02-04 14:00,1770231600000,139.41,Flip Short,2026-02-20 06:00,1771585200000,158.55,168,23420.88,84,3165.46,13.5021,4069.06,17.3563,1434.62,6.1193,50.06,2026-07-25T00:32:22.203Z
flip-only|BE|2h|1772809200000|1773950400000,flip-only,BE,NYSE:BE,2h,Swing 2H,LONG,Swing Low,2026-03-06 10:00,1772809200000,150.47,Flip Short,2026-03-19 16:00,1773950400000,166.76,176,26482.72,75,2811.21,10.6046,3051.76,11.5121,3608.08,13.6107,55.83,2026-07-25T00:32:22.203Z
flip-only|BE|2h|1778176800000|1778781600000,flip-only,BE,NYSE:BE,2h,Swing 2H,LONG,Swing Low,2026-05-07 14:00,1778176800000,263.44,Flip Short,2026-05-14 14:00,1778781600000,306.68,111,29241.84,40,4736.36,16.181,4805.92,16.4187,1615.43,5.5189,63.28,2026-07-25T00:32:22.203Z
flip-only|BE|2h|1779134400000|1779379200000,flip-only,BE,NYSE:BE,2h,Swing 2H,LONG,Swing Low,2026-05-18 16:00,1779134400000,258.74,Flip Short,2026-05-21 12:00,1779379200000,312.29,131,33894.94,22,6940.24,20.4553,7792.05,22.9658,2245.18,6.6173,74.8,2026-07-25T00:32:22.203Z
flip-only|BE|2h|1780675200000|1781618400000,flip-only,BE,NYSE:BE,2h,Swing 2H,LONG,Swing Low,2026-06-05 12:00,1780675200000,269.29,Flip Short,2026-06-16 10:00,1781618400000,292.24,152,40932.08,55,3403.05,8.3056,3790.99,9.2524,6955.41,16.9756,85.35,2026-07-25T00:32:22.203Z
flip-only|TD|2h|1728572400000|1730995200000,flip-only,TD,TSX:TD,2h,Swing 2H,LONG,Swing Low,2024-10-10 11:00,1728572400000,82.26,Flip Short,2024-11-07 11:00,1730995200000,79.26,121,9953.46,76,-382.54,-3.8395,106.21,1.066,779.51,7.8238,19.54,2026-07-25T00:32:27.085Z
flip-only|TD|2h|1733414400000|1735315200000,flip-only,TD,TSX:TD,2h,Swing 2H,LONG,Swing Low,2024-12-05 11:00,1733414400000,75.03,Flip Short,2024-12-27 11:00,1735315200000,76.45,128,9603.84,54,162.37,1.689,197.76,2.0571,241.28,2.5099,19.39,2026-07-25T00:32:27.085Z
flip-only|TD|2h|1738598400000|1739203200000,flip-only,TD,TSX:TD,2h,Swing 2H,LONG,Swing Low,2025-02-03 11:00,1738598400000,83.13,Flip Short,2025-02-10 11:00,1739203200000,85.8,117,9726.21,20,292.63,3.0056,320.21,3.289,161.83,1.6622,19.76,2026-07-25T00:32:27.085Z
flip-only|TD|2h|1741104000000|1742490000000,flip-only,TD,TSX:TD,2h,Swing 2H,LONG,Swing Low,2025-03-04 11:00,1741104000000,84.57,Flip Short,2025-03-20 13:00,1742490000000,85.95,118,9979.26,49,142.72,1.4287,188.26,1.8846,230.64,2.3089,20.12,2026-07-25T00:32:27.085Z
flip-only|TD|2h|1743606000000|1745341200000,flip-only,TD,TSX:TD,2h,Swing 2H,LONG,Swing Low,2025-04-02 11:00,1743606000000,85.11,Flip Short,2025-04-22 13:00,1745341200000,85.58,119,10128.09,53,35.62,0.3513,107.68,1.0621,849.08,8.375,20.31,2026-07-25T00:32:27.085Z
flip-only|TD|2h|1754060400000|1755183600000,flip-only,TD,TSX:TD,2h,Swing 2H,LONG,Swing Low,2025-08-01 11:00,1754060400000,99.93,Flip Short,2025-08-14 11:00,1755183600000,102.82,102,10192.86,32,274.1,2.6864,290.71,2.8492,39.77,0.3898,20.68,2026-07-25T00:32:27.085Z
flip-only|TD|2h|1756400400000|1758049200000,flip-only,TD,TSX:TD,2h,Swing 2H,LONG,Swing Low,2025-08-28 13:00,1756400400000,100.21,Flip Short,2025-09-16 15:00,1758049200000,107.03,104,10421.84,49,687.73,6.5923,715.5,6.8585,31.22,0.2993,21.55,2026-07-25T00:32:27.085Z
flip-only|TD|2h|1762538400000|1764000000000,flip-only,TD,TSX:TD,2h,Swing 2H,LONG,Swing Low,2025-11-07 13:00,1762538400000,112.46,Flip Short,2025-11-24 11:00,1764000000000,116.22,99,11133.54,43,349.6,3.1369,366.06,3.2846,11.13,0.0999,22.64,2026-07-25T00:32:27.085Z
flip-only|TD|2h|1769011200000|1770393600000,flip-only,TD,TSX:TD,2h,Swing 2H,LONG,Swing Low,2026-01-21 11:00,1769011200000,128.88,Flip Short,2026-02-06 11:00,1770393600000,131.6,89,11470.32,48,218.9,1.9065,230.61,2.0085,228.63,1.9912,23.18,2026-07-25T00:32:27.085Z
flip-only|TD|2h|1772812800000|1775156400000,flip-only,TD,TSX:TD,2h,Swing 2H,LONG,Swing Low,2026-03-06 11:00,1772812800000,130.34,Flip Short,2026-04-02 15:00,1775156400000,132.3,90,11730.6,78,152.76,1.301,170.97,1.456,426.63,3.6333,23.64,2026-07-25T00:32:27.085Z
flip-only|TD|2h|1783522800000|1784041200000,flip-only,TD,TSX:TD,2h,Swing 2H,LONG,Swing Low,2026-07-08 11:00,1783522800000,167.49,Flip Short,2026-07-14 11:00,1784041200000,172.69,71,11891.79,16,345.05,2.8987,403.46,3.3894,91.41,0.7679,24.15,2026-07-25T00:32:27.085Z
flip-only|GOOGL|2h|1755705600000|1755885600000,flip-only,GOOGL,NASDAQ:GOOGL,2h,Swing 2H,LONG,Swing Low,2025-08-20 12:00,1755705600000,198.59,Flip Short,2025-08-22 14:00,1755885600000,207.57,50,9929.5,17,428.69,4.313,464.07,4.669,33.43,0.3363,20.31,2026-07-25T00:32:31.948Z
flip-only|GOOGL|2h|1758794400000|1759780800000,flip-only,GOOGL,NASDAQ:GOOGL,2h,Swing 2H,LONG,Swing Low,2025-09-25 06:00,1758794400000,244.93,Flip Short,2025-10-06 16:00,1759780800000,250.45,42,10287.06,61,211.03,2.0494,258.09,2.5064,275.31,2.6736,20.81,2026-07-25T00:32:31.948Z
flip-only|GOOGL|2h|1760112000000|1760544000000,flip-only,GOOGL,NASDAQ:GOOGL,2h,Swing 2H,LONG,Swing Low,2025-10-10 12:00,1760112000000,238.76,Flip Short,2025-10-15 12:00,1760544000000,249.21,44,10505.44,24,438.33,4.1682,576.45,5.4817,252.07,2.397,21.47,2026-07-25T00:32:31.948Z
flip-only|GOOGL|2h|1763125200000|1763564400000,flip-only,GOOGL,NASDAQ:GOOGL,2h,Swing 2H,LONG,Swing Low,2025-11-14 08:00,1763125200000,271.35,Flip Short,2025-11-19 10:00,1763564400000,300.5,40,10854,25,1143.13,10.5213,1211.15,11.1474,40.85,0.376,22.87,2026-07-25T00:32:31.948Z
flip-only|GOOGL|2h|1765220400000|1766502000000,flip-only,GOOGL,NASDAQ:GOOGL,2h,Swing 2H,LONG,Swing Low,2025-12-08 14:00,1765220400000,313.18,Flip Short,2025-12-23 10:00,1766502000000,313.49,38,11900.84,86,-12.03,-0.101,296.66,2.4903,675.38,5.6694,23.81,2026-07-25T00:32:31.948Z
flip-only|GOOGL|2h|1768906800000|1769518800000,flip-only,GOOGL,NASDAQ:GOOGL,2h,Swing 2H,LONG,Swing Low,2026-01-20 06:00,1768906800000,319.88,Flip Short,2026-01-27 08:00,1769518800000,337.06,38,12155.44,41,627.88,5.1602,690.08,5.6715,76.76,0.6308,24.96,2026-07-25T00:32:31.948Z
flip-only|GOOGL|2h|1770246000000|1771844400000,flip-only,GOOGL,NASDAQ:GOOGL,2h,Swing 2H,LONG,Swing Low,2026-02-04 18:00,1770246000000,328.14,Flip Short,2026-02-23 06:00,1771844400000,316.16,39,12797.46,90,-492.35,-3.8434,221.59,1.7298,1256.51,9.8086,25.13,2026-07-25T00:32:31.948Z
flip-only|GOOGL|2h|1772463600000|1773151200000,flip-only,GOOGL,NASDAQ:GOOGL,2h,Swing 2H,LONG,Swing Low,2026-03-02 10:00,1772463600000,304.63,Flip Short,2026-03-10 10:00,1773151200000,305.91,40,12185.2,48,26.78,0.2195,147.81,1.2119,575.39,4.7173,24.42,2026-07-25T00:32:31.948Z
flip-only|GOOGL|2h|1774029600000|1775066400000,flip-only,GOOGL,NASDAQ:GOOGL,2h,Swing 2H,LONG,Swing Low,2026-03-20 14:00,1774029600000,300.44,Flip Short,2026-04-01 14:00,1775066400000,298.83,41,12318.04,64,-90.58,-0.7346,288.21,2.3374,1178.36,9.5566,24.57,2026-07-25T00:32:31.948Z
flip-only|GOOGL|2h|1779480000000|1781532000000,flip-only,GOOGL,NASDAQ:GOOGL,2h,Swing 2H,LONG,Swing Low,2026-05-22 16:00,1779480000000,382.97,Flip Short,2026-06-15 10:00,1781532000000,369.2,32,12255.04,117,-464.71,-3.7882,336.54,2.7434,1183.46,9.6472,24.07,2026-07-25T00:32:31.948Z
flip-only|GOOGL|2h|1782144000000|1782842400000,flip-only,GOOGL,NASDAQ:GOOGL,2h,Swing 2H,LONG,Swing Low,2026-06-22 12:00,1782144000000,345.99,Flip Short,2026-06-30 14:00,1782842400000,356.35,34,11763.66,49,328.36,2.7885,417.66,3.5468,436.76,3.7091,23.88,2026-07-25T00:32:31.948Z
flip-only|GOOGL|2h|1784023200000|1784138400000,flip-only,GOOGL,NASDAQ:GOOGL,2h,Swing 2H,LONG,Swing Low,2026-07-14 06:00,1784023200000,350.98,Flip Short,2026-07-15 14:00,1784138400000,372.11,34,11933.32,12,693.83,5.8085,758.51,6.3499,62.25,0.5212,24.59,2026-07-25T00:32:31.948Z
flip-only|TQQQ|2h|1755619200000|1756324800000,flip-only,TQQQ,NASDAQ:TQQQ,2h,Swing 2H,LONG,Swing Low,2025-08-19 12:00,1755619200000,45.19,Flip Short,2025-08-27 16:00,1756324800000,45.52,221,9986.99,50,52.88,0.529,107.14,1.0718,672.99,6.7319,20.05,2026-07-25T00:32:36.850Z
flip-only|TQQQ|2h|1756821600000|1757080800000,flip-only,TQQQ,NASDAQ:TQQQ,2h,Swing 2H,LONG,Swing Low,2025-09-02 10:00,1756821600000,43.28,Flip Short,2025-09-05 10:00,1757080800000,46.84,231,9997.68,24,801.54,8.0093,877.04,8.7637,275.65,2.7544,20.82,2026-07-25T00:32:36.850Z
flip-only|TQQQ|2h|1760112000000|1760990400000,flip-only,TQQQ,NASDAQ:TQQQ,2h,Swing 2H,LONG,Swing Low,2025-10-10 12:00,1760112000000,51.25,Flip Short,2025-10-20 16:00,1760990400000,53.95,211,10813.75,50,547.5,5.058,624.3,5.7674,964.53,8.9106,22.2,2026-07-25T00:32:36.850Z
flip-only|TQQQ|2h|1762282800000|1764176400000,flip-only,TQQQ,NASDAQ:TQQQ,2h,Swing 2H,LONG,Swing Low,2025-11-04 14:00,1762282800000,56.18,Flip Short,2025-11-26 12:00,1764176400000,53.73,202,11348.36,127,-517.1,-4.5521,255.29,2.2473,2245.47,19.767,22.2,2026-07-25T00:32:36.850Z
flip-only|TQQQ|2h|1765465200000|1766523600000,flip-only,TQQQ,NASDAQ:TQQQ,2h,Swing 2H,LONG,Swing Low,2025-12-11 10:00,1765465200000,54.14,Flip Short,2025-12-23 16:00,1766523600000,55.02,200,10828,67,154.17,1.4224,571.17,5.2697,964.83,8.9016,21.83,2026-07-25T00:32:36.850Z
flip-only|TQQQ|2h|1767178800000|1767798000000,flip-only,TQQQ,NASDAQ:TQQQ,2h,Swing 2H,LONG,Swing Low,2025-12-31 06:00,1767178800000,53.55,Flip Short,2026-01-07 10:00,1767798000000,55.32,205,10977.75,34,340.53,3.0989,378.52,3.4446,406.63,3.7004,22.32,2026-07-25T00:32:36.850Z
flip-only|TQQQ|2h|1768410000000|1769511600000,flip-only,TQQQ,NASDAQ:TQQQ,2h,Swing 2H,LONG,Swing Low,2026-01-14 12:00,1768410000000,52.75,Flip Short,2026-01-27 06:00,1769511600000,56.12,215,11341.25,61,701.14,6.1761,715.36,6.3013,589.69,5.1943,23.41,2026-07-25T00:32:36.850Z
flip-only|TQQQ|2h|1770030000000|1772024400000,flip-only,TQQQ,NASDAQ:TQQQ,2h,Swing 2H,LONG,Swing Low,2026-02-02 06:00,1770030000000,52.31,Flip Short,2026-02-25 08:00,1772024400000,50.41,230,12031.3,129,-460.63,-3.8247,864.27,7.1763,1622.03,13.4683,23.63,2026-07-25T00:32:36.850Z
flip-only|TQQQ|2h|1772449200000|1775484000000,flip-only,TQQQ,NASDAQ:TQQQ,2h,Swing 2H,LONG,Swing Low,2026-03-02 06:00,1772449200000,47.52,Flip Short,2026-04-06 10:00,1775484000000,44.36,244,11594.88,194,-793.46,-6.8363,822.89,7.0899,2500.39,21.5431,22.42,2026-07-25T00:32:36.850Z
flip-only|TQQQ|2h|1779206400000|1779206400000,flip-only,TQQQ,NASDAQ:TQQQ,2h,Swing 2H,LONG,Swing Low,2026-05-19 12:00,1779206400000,72.13,Margin call,2026-05-19 12:00,1779206400000,72.13,1,72.13,0,-0.14,-0.1998,0,0,0.07,0.0999,0.14,2026-07-25T00:32:36.850Z
flip-only|TQQQ|2h|1779206400000|1779789600000,flip-only,TQQQ,NASDAQ:TQQQ,2h,Swing 2H,LONG,Swing Low,2026-05-19 12:00,1779206400000,72.13,Flip Short,2026-05-26 06:00,1779789600000,80.16,149,10747.37,29,1173.78,10.9106,1185.72,11.0217,37.57,0.3492,22.69,2026-07-25T00:32:36.850Z
flip-only|TQQQ|2h|1780668000000|1781532000000,flip-only,TQQQ,NASDAQ:TQQQ,2h,Swing 2H,LONG,Swing Low,2026-06-05 10:00,1780668000000,79.36,Flip Short,2026-06-15 10:00,1781532000000,83.39,151,11983.36,48,583.95,4.8682,711.31,5.9299,1910.05,15.9233,24.58,2026-07-25T00:32:36.850Z
flip-only|KARURVYSYA|2h|1725427800000|1729222200000,flip-only,KARURVYSYA,BSE:KARURVYSYA,2h,Swing 2H,LONG,Swing Low,2024-09-04 01:30,1725427800000,183.65,Flip Short,2024-10-17 23:30,1729222200000,177.5,54,9917.1,123,-351.6,-3.5419,219.58,2.212,1233.02,12.4208,19.5,2026-07-25T00:32:41.828Z
flip-only|KARURVYSYA|2h|1731483000000|1732779000000,flip-only,KARURVYSYA,BSE:KARURVYSYA,2h,Swing 2H,LONG,Swing Low,2024-11-13 02:30,1731483000000,177.45,Flip Short,2024-11-28 02:30,1732779000000,196.4,54,9582.3,36,1003.11,10.4579,1092.02,11.3848,198.58,2.0703,20.19,2026-07-25T00:32:41.828Z
flip-only|KARURVYSYA|2h|1734499800000|1737365400000,flip-only,KARURVYSYA,BSE:KARURVYSYA,2h,Swing 2H,LONG,Swing Low,2024-12-18 00:30,1734499800000,189.35,Flip Short,2025-01-20 04:30,1737365400000,187.25,56,10603.6,90,-138.69,-1.3066,213.4,2.0105,1074.6,10.1242,21.09,2026-07-25T00:32:41.828Z
flip-only|KARURVYSYA|2h|1739777400000|1742542200000,flip-only,KARURVYSYA,BSE:KARURVYSYA,2h,Swing 2H,LONG,Swing Low,2025-02-17 02:30,1739777400000,184.45,Flip Short,2025-03-21 03:30,1742542200000,173.9,56,10329.2,88,-610.87,-5.9081,65.27,0.6313,1735.13,16.7815,20.07,2026-07-25T00:32:41.828Z
flip-only|KARURVYSYA|2h|1744003800000|1744795800000,flip-only,KARURVYSYA,BSE:KARURVYSYA,2h,Swing 2H,LONG,Swing Low,2025-04-07 01:30,1744003800000,167.5,Flip Short,2025-04-16 05:30,1744795800000,181.15,59,9882.5,22,784.78,7.9332,848.57,8.578,33.48,0.3385,20.57,2026-07-25T00:32:41.828Z
flip-only|KARURVYSYA|2h|1746595800000|1747200600000,flip-only,KARURVYSYA,BSE:KARURVYSYA,2h,Swing 2H,LONG,Swing Low,2025-05-07 01:30,1746595800000,175.75,Flip Short,2025-05-14 01:30,1747200600000,184,60,10545,20,473.42,4.485,589.46,5.5843,544.54,5.1589,21.59,2026-07-25T00:32:41.828Z
flip-only|KARURVYSYA|2h|1753421400000|1756186200000,flip-only,KARURVYSYA,BSE:KARURVYSYA,2h,Swing 2H,LONG,Swing Low,2025-07-25 01:30,1753421400000,219.95,Flip Short,2025-08-26 01:30,1756186200000,217.5,50,10997.5,84,-144.37,-1.3115,441.5,4.0106,1981,17.9952,21.87,2026-07-25T00:32:41.828Z
flip-only|KARURVYSYA|2h|1758879000000|1759735800000,flip-only,KARURVYSYA,BSE:KARURVYSYA,2h,Swing 2H,LONG,Swing Low,2025-09-26 05:30,1758879000000,205.55,Flip Short,2025-10-06 03:30,1759735800000,219,53,10894.15,19,690.35,6.3305,757.61,6.9473,40.04,0.3672,22.5,2026-07-25T00:32:41.828Z
flip-only|KARURVYSYA|2h|1764041400000|1766136600000,flip-only,KARURVYSYA,BSE:KARURVYSYA,2h,Swing 2H,LONG,Swing Low,2025-11-24 22:30,1764041400000,243.25,Flip Short,2025-12-19 04:30,1766136600000,251.85,48,11676,75,389.04,3.3286,624.32,5.3417,318.88,2.7283,23.76,2026-07-25T00:32:41.828Z
flip-only|KARURVYSYA|2h|1768966200000|1769491800000,flip-only,KARURVYSYA,BSE:KARURVYSYA,2h,Swing 2H,LONG,Swing Low,2026-01-20 22:30,1768966200000,254.45,Flip Short,2026-01-27 00:30,1769491800000,292.05,46,11704.7,13,1704.46,14.5476,1823.7,15.5653,188.8,1.6115,25.14,2026-07-25T00:32:41.828Z
flip-only|KARURVYSYA|2h|1772429400000|1776835800000,flip-only,KARURVYSYA,BSE:KARURVYSYA,2h,Swing 2H,LONG,Swing Low,2026-03-02 00:30,1772429400000,319.9,Flip Short,2026-04-22 01:30,1776835800000,295.3,43,13755.7,128,-1084.25,-7.8743,9.89,0.0719,2782.96,20.2111,26.45,2026-07-25T00:32:41.828Z
flip-only|KARURVYSYA|2h|1778563800000|1781501400000,flip-only,KARURVYSYA,BSE:KARURVYSYA,2h,Swing 2H,LONG,Swing Low,2026-05-12 01:30,1778563800000,285.6,Flip Short,2026-06-15 01:30,1781501400000,291.9,44,12566.4,92,251.79,2.0017,662.83,5.2694,745.17,5.9239,25.41,2026-07-25T00:32:41.828Z
flip-only|ICICIBANK|2h|1727947800000|1729575000000,flip-only,ICICIBANK,BSE:ICICIBANK,2h,Swing 2H,LONG,Swing Low,2024-10-03 05:30,1727947800000,1257.45,Flip Short,2024-10-22 01:30,1729575000000,1281.7,7,8802.15,50,151.98,1.7249,170.05,1.93,284.95,3.2341,17.77,2026-07-25T00:32:46.623Z
flip-only|ICICIBANK|2h|1731569400000|1733290200000,flip-only,ICICIBANK,BSE:ICICIBANK,2h,Swing 2H,LONG,Swing Low,2024-11-14 02:30,1731569400000,1256,Flip Short,2024-12-04 00:30,1733290200000,1316.45,8,10048,47,463.02,4.6035,485.55,4.8275,194.05,1.9293,20.58,2026-07-25T00:32:46.623Z
flip-only|ICICIBANK|2h|1734586200000|1738647000000,flip-only,ICICIBANK,BSE:ICICIBANK,2h,Swing 2H,LONG,Swing Low,2024-12-19 00:30,1734586200000,1290.8,Flip Short,2025-02-04 00:30,1738647000000,1268,8,10326.4,132,-202.87,-1.9626,278.47,2.694,840.73,8.1334,20.47,2026-07-25T00:32:46.623Z
flip-only|ICICIBANK|2h|1739770200000|1741843800000,flip-only,ICICIBANK,BSE:ICICIBANK,2h,Swing 2H,LONG,Swing Low,2025-02-17 00:30,1739770200000,1238.9,Flip Short,2025-03-13 01:30,1741843800000,1253.8,8,9911.2,68,99.26,1.0005,184.49,1.8596,319.51,3.2205,19.94,2026-07-25T00:32:46.623Z
flip-only|ICICIBANK|2h|1744003800000|1744781400000,flip-only,ICICIBANK,BSE:ICICIBANK,2h,Swing 2H,LONG,Swing Low,2025-04-07 01:30,1744003800000,1282.3,Flip Short,2025-04-16 01:30,1744781400000,1346.2,8,10258.4,20,490.17,4.7735,611.34,5.9535,143.06,1.3932,21.03,2026-07-25T00:32:46.623Z
flip-only|ICICIBANK|2h|1746783000000|1747107000000,flip-only,ICICIBANK,BSE:ICICIBANK,2h,Swing 2H,LONG,Swing Low,2025-05-09 05:30,1746783000000,1389.65,Flip Short,2025-05-12 23:30,1747107000000,1441.95,7,9727.55,5,346.28,3.5562,430.92,4.4255,29.68,0.3048,19.82,2026-07-25T00:32:46.623Z
flip-only|ICICIBANK|2h|1749015000000|1750923000000,flip-only,ICICIBANK,BSE:ICICIBANK,2h,Swing 2H,LONG,Swing Low,2025-06-04 01:30,1749015000000,1430.2,Flip Short,2025-06-26 03:30,1750923000000,1434.4,7,10011.4,65,9.35,0.0933,251.09,2.5055,214.06,2.136,20.05,2026-07-25T00:32:46.623Z
flip-only|ICICIBANK|2h|1752211800000|1752211800000,flip-only,ICICIBANK,BSE:ICICIBANK,2h,Swing 2H,LONG,Swing Low,2025-07-11 01:30,1752211800000,1418.25,Margin call,2025-07-11 01:30,1752211800000,1418.25,1,1418.25,0,-2.84,-0.1998,0,0,1.42,0.0999,2.84,2026-07-25T00:32:46.623Z
flip-only|ICICIBANK|2h|1752211800000|1753075800000,flip-only,ICICIBANK,BSE:ICICIBANK,2h,Swing 2H,LONG,Swing Low,2025-07-11 01:30,1752211800000,1418.25,Flip Short,2025-07-21 01:30,1753075800000,1463.75,7,9927.75,24,298.33,3.002,323.62,3.2565,79.23,0.7972,20.17,2026-07-25T00:32:46.623Z
flip-only|ICICIBANK|2h|1754544600000|1757914200000,flip-only,ICICIBANK,BSE:ICICIBANK,2h,Swing 2H,LONG,Swing Low,2025-08-07 01:30,1754544600000,1433.7,Flip Short,2025-09-15 01:30,1757914200000,1424.7,8,11469.6,100,-94.87,-0.8263,134.53,1.1718,409.87,3.57,22.87,2026-07-25T00:32:46.623Z
flip-only|ICICIBANK|2h|1758691800000|1760506200000,flip-only,ICICIBANK,BSE:ICICIBANK,2h,Swing 2H,LONG,Swing Low,2025-09-24 01:30,1758691800000,1378.65,Flip Short,2025-10-15 01:30,1760506200000,1393.3,8,11029.2,56,95.02,0.8607,112.17,1.016,296.23,2.6832,22.18,2026-07-25T00:32:46.623Z
flip-only|ICICIBANK|2h|1761629400000|1763019000000,flip-only,ICICIBANK,BSE:ICICIBANK,2h,Swing 2H,LONG,Swing Low,2025-10-28 01:30,1761629400000,1359,Flip Short,2025-11-13 02:30,1763019000000,1389.6,8,10872,45,222.81,2.0474,238.73,2.1936,342.87,3.1506,21.99,2026-07-25T00:32:46.623Z
flip-only|ICICIBANK|2h|1765431000000|1767591000000,flip-only,ICICIBANK,BSE:ICICIBANK,2h,Swing 2H,LONG,Swing Low,2025-12-11 00:30,1765431000000,1360.6,Flip Short,2026-01-05 00:30,1767591000000,1374.4,8,10884.8,64,88.52,0.8124,102.72,0.9427,210.88,1.9355,21.88,2026-07-25T00:32:46.623Z
flip-only|ICICIBANK|2h|1769067000000|1770874200000,flip-only,ICICIBANK,BSE:ICICIBANK,2h,Swing 2H,LONG,Swing Low,2026-01-22 02:30,1769067000000,1340.05,Flip Short,2026-02-12 00:30,1770874200000,1423.55,8,10720.4,59,645.89,6.0189,692.88,6.4567,121.12,1.1287,22.11,2026-07-25T00:32:46.623Z
flip-only|ICICIBANK|2h|1771558200000|1775626200000,flip-only,ICICIBANK,BSE:ICICIBANK,2h,Swing 2H,LONG,Swing Low,2026-02-19 22:30,1771558200000,1385.75,Flip Short,2026-04-08 01:30,1775626200000,1310.1,9,12471.75,117,-705.11,-5.648,205.33,1.6447,1796.27,14.3883,24.26,2026-07-25T00:32:46.623Z
flip-only|ICICIBANK|2h|1777455000000|1779766200000,flip-only,ICICIBANK,BSE:ICICIBANK,2h,Swing 2H,LONG,Swing Low,2026-04-29 05:30,1777455000000,1282.6,Flip Short,2026-05-25 23:30,1779766200000,1291.9,9,11543.4,69,60.53,0.5238,90.61,0.7841,547.04,4.7343,23.17,2026-07-25T00:32:46.623Z
flip-only|ICICIBANK|2h|1780385400000|1781076600000,flip-only,ICICIBANK,BSE:ICICIBANK,2h,Swing 2H,LONG,Swing Low,2026-06-02 03:30,1780385400000,1234,Flip Short,2026-06-10 03:30,1781076600000,1299.45,9,11106,24,566.25,5.0935,633.74,5.7006,192.01,1.7271,22.8,2026-07-25T00:32:46.623Z
ts60|JNUG|2h|1758204000000|1758535200000,ts60,JNUG,AMEX:JNUG,2h,Swing 2H,LONG,Swing Low,2025-09-18 10:00,1758204000000,126.6,Flip Short,2025-09-22 06:00,1758535200000,147.98,75,9495,14,1582.91,16.6543,1604.51,16.8815,155,1.6308,20.59,2026-07-25T05:19:34.753Z
ts60|JNUG|2h|1761048000000|1761861600000,ts60,JNUG,AMEX:JNUG,2h,Swing 2H,LONG,Swing Low,2025-10-21 08:00,1761048000000,164.43,Time Stop,2025-10-30 18:00,1761861600000,143.6,66,10852.38,61,-1395.11,-12.8425,0,0,2727.41,25.1068,20.33,2026-07-25T05:19:34.753Z
ts60|JNUG|2h|1763679600000|1764097200000,ts60,JNUG,AMEX:JNUG,2h,Swing 2H,LONG,Swing Low,2025-11-20 18:00,1763679600000,137.07,Flip Short,2025-11-25 14:00,1764097200000,160.14,70,9594.9,20,1594.1,16.5974,1683.01,17.5231,364.49,3.795,20.8,2026-07-25T05:19:34.753Z
ts60|JNUG|2h|1767373200000|1767978000000,ts60,JNUG,AMEX:JNUG,2h,Swing 2H,LONG,Swing Low,2026-01-02 12:00,1767373200000,196,Flip Short,2026-01-09 12:00,1767978000000,238,57,11172,40,2369.26,21.186,2439.83,21.817,186.16,1.6647,24.74,2026-07-25T05:19:34.753Z
ts60|JNUG|2h|1769770800000|1770670800000,ts60,JNUG,AMEX:JNUG,2h,Swing 2H,LONG,Swing Low,2026-01-30 06:00,1769770800000,275.98,Flip Short,2026-02-09 16:00,1770670800000,281.2,48,13247.04,53,223.82,1.6879,611.23,4.6095,3708.29,27.9654,26.74,2026-07-25T05:19:34.753Z
ts60|JNUG|2h|1772550000000|1773388800000,ts60,JNUG,AMEX:JNUG,2h,Swing 2H,LONG,Swing Low,2026-03-03 10:00,1772550000000,279,Time Stop,2026-03-13 04:00,1773388800000,250,49,13671,61,-1446.92,-10.5733,1726.32,12.615,2146.15,15.6829,25.92,2026-07-25T05:19:34.753Z
ts60|JNUG|2h|1776787200000|1777644000000,ts60,JNUG,AMEX:JNUG,2h,Swing 2H,LONG,Swing Low,2026-04-21 12:00,1776787200000,218.1,Time Stop,2026-05-01 10:00,1777644000000,186,56,12213.6,61,-1820.23,-14.8884,150.19,1.2284,2493.01,20.3914,22.63,2026-07-25T05:19:34.753Z
ts60|JNUG|2h|1778839200000|1779955200000,ts60,JNUG,AMEX:JNUG,2h,Swing 2H,LONG,Swing Low,2026-05-15 06:00,1778839200000,195.89,Time Stop,2026-05-28 04:00,1779955200000,163,54,10578.06,61,-1795.44,-16.9563,183.28,1.7309,1999.94,18.8876,19.38,2026-07-25T05:19:34.753Z
ts60|JNUG|2h|1780653600000|1781532000000,ts60,JNUG,AMEX:JNUG,2h,Swing 2H,LONG,Swing Low,2026-06-05 06:00,1780653600000,159.7,Flip Short,2026-06-15 10:00,1781532000000,163.9,56,8943.2,50,217.08,2.4249,364.58,4.0725,2685.18,29.9949,18.12,2026-07-25T05:19:34.753Z
ts60|JNUG|2h|1782223200000|1783000800000,ts60,JNUG,AMEX:JNUG,2h,Swing 2H,LONG,Swing Low,2026-06-23 10:00,1782223200000,133,Flip Short,2026-07-02 10:00,1783000800000,135.47,68,9044,53,149.7,1.6536,292.88,3.2351,1350.68,14.9197,18.26,2026-07-25T05:19:34.753Z
ts60|JNUG|2h|1783504800000|1784534400000,ts60,JNUG,AMEX:JNUG,2h,Swing 2H,LONG,Swing Low,2026-07-08 06:00,1783504800000,114.33,Time Stop,2026-07-20 04:00,1784534400000,105.97,80,9146.4,61,-686.42,-7.4974,864.45,9.4419,1201.95,13.1281,17.62,2026-07-25T05:19:34.753Z
ts60|SOXL|2h|1755684000000|1756389600000,ts60,SOXL,AMEX:SOXL,2h,Swing 2H,LONG,Swing Low,2025-08-20 06:00,1755684000000,26.04,Flip Short,2025-08-28 10:00,1756389600000,28.14,364,9478.56,50,744.68,7.8486,1108,11.6779,875.8,9.2306,19.72,2026-07-25T05:19:41.130Z
ts60|SOXL|2h|1756807200000|1757455200000,ts60,SOXL,AMEX:SOXL,2h,Swing 2H,LONG,Swing Low,2025-09-02 06:00,1756807200000,25.06,Flip Short,2025-09-09 18:00,1757455200000,27.65,406,10174.36,46,1030.14,10.1147,1045.43,10.2648,529.85,5.2025,21.4,2026-07-25T05:19:41.130Z
ts60|SOXL|2h|1760112000000|1760976000000,ts60,SOXL,AMEX:SOXL,2h,Swing 2H,LONG,Swing Low,2025-10-10 12:00,1760112000000,37.63,Flip Short,2025-10-20 12:00,1760976000000,42.55,296,11138.48,48,1432.59,12.8488,1587.26,14.236,1884.82,16.9048,23.73,2026-07-25T05:19:41.130Z
ts60|SOXL|2h|1761156000000|1761314400000,ts60,SOXL,AMEX:SOXL,2h,Swing 2H,LONG,Swing Low,2025-10-22 14:00,1761156000000,36.52,Flip Short,2025-10-24 10:00,1761314400000,43.41,343,12526.36,14,2335.85,18.6289,2607.99,20.7992,153.16,1.2215,27.42,2026-07-25T05:19:41.130Z
ts60|SOXL|2h|1762268400000|1763110800000,ts60,SOXL,AMEX:SOXL,2h,Swing 2H,LONG,Swing Low,2025-11-04 10:00,1762268400000,46.84,Time Stop,2025-11-14 04:00,1763110800000,37.67,314,14707.76,61,-2905.92,-19.738,481.41,3.2699,3088.77,20.98,26.54,2026-07-25T05:19:41.130Z
ts60|SOXL|2h|1765558800000|1766574000000,ts60,SOXL,AMEX:SOXL,2h,Swing 2H,LONG,Swing Low,2025-12-12 12:00,1765558800000,42.32,Time Stop,2025-12-24 06:00,1766574000000,43.86,283,11976.56,61,411.43,3.4319,621.94,5.1878,1885.44,15.727,24.39,2026-07-25T05:19:41.130Z
ts60|SOXL|2h|1767214800000|1767358800000,ts60,SOXL,AMEX:SOXL,2h,Swing 2H,LONG,Swing Low,2025-12-31 16:00,1767214800000,42.04,Flip Short,2026-01-02 08:00,1767358800000,44.83,294,12359.76,4,794.72,6.4235,852,6.8865,65.28,0.5276,25.54,2026-07-25T05:19:41.130Z
ts60|SOXL|2h|1770030000000|1770822000000,ts60,SOXL,AMEX:SOXL,2h,Swing 2H,LONG,Swing Low,2026-02-02 06:00,1770030000000,58.06,Flip Short,2026-02-11 10:00,1770822000000,67.38,226,13121.56,58,2077.97,15.8205,2479.66,18.8787,1986.1,15.121,28.35,2026-07-25T05:19:41.130Z
ts60|SOXL|2h|1772125200000|1773136800000,ts60,SOXL,AMEX:SOXL,2h,Swing 2H,LONG,Swing Low,2026-02-26 12:00,1772125200000,63.81,Time Stop,2026-03-10 06:00,1773136800000,55.06,236,15059.16,61,-2093.05,-13.885,381.42,2.5303,4822.38,31.9909,28.05,2026-07-25T05:19:41.130Z
ts60|SOXL|2h|1774612800000|1775484000000,ts60,SOXL,AMEX:SOXL,2h,Swing 2H,LONG,Swing Low,2026-03-27 08:00,1774612800000,47.6,Flip Short,2026-04-06 10:00,1775484000000,54.48,275,13090,41,1863.93,14.2251,2186.91,16.69,2281.84,17.4145,28.07,2026-07-25T05:19:41.130Z
ts60|SOXL|2h|1779120000000|1779458400000,ts60,SOXL,AMEX:SOXL,2h,Swing 2H,LONG,Swing Low,2026-05-18 12:00,1779120000000,151.98,Flip Short,2026-05-22 10:00,1779458400000,189.61,98,14894.04,31,3654.26,24.5106,3673.83,24.6418,1675.99,11.2415,33.48,2026-07-25T05:19:41.130Z
ts60|SOXL|2h|1780682400000|1781517600000,ts60,SOXL,AMEX:SOXL,2h,Swing 2H,LONG,Swing Low,2026-06-05 14:00,1780682400000,204.3,Flip Short,2026-06-15 06:00,1781517600000,263.95,89,18182.7,44,5267.18,28.9391,5641.33,30.9948,4178.93,22.9601,41.67,2026-07-25T05:19:41.130Z
ts60|SOXL|2h|1782244800000|1783346400000,ts60,SOXL,AMEX:SOXL,2h,Swing 2H,LONG,Swing Low,2026-06-23 16:00,1782244800000,230.97,Time Stop,2026-07-06 10:00,1783346400000,205.11,101,23327.97,61,-2655.9,-11.3737,4120.7,17.6466,6294.42,26.9553,44.04,2026-07-25T05:19:41.130Z
ts60|SPXL|2h|1755698400000|1756310400000,ts60,SPXL,AMEX:SPXL,2h,Swing 2H,LONG,Swing Low,2025-08-20 10:00,1755698400000,185.14,Flip Short,2025-08-27 12:00,1756310400000,194.65,51,9442.14,41,465.64,4.9266,481.69,5.0964,116.03,1.2276,19.37,2026-07-25T05:19:46.004Z
ts60|SPXL|2h|1756821600000|1757066400000,ts60,SPXL,AMEX:SPXL,2h,Swing 2H,LONG,Swing Low,2025-09-02 10:00,1756821600000,187.6,Flip Short,2025-09-05 06:00,1757066400000,197.41,53,9942.8,22,499.52,5.019,524.83,5.2732,208.69,2.0968,20.41,2026-07-25T05:19:46.004Z
ts60|SPXL|2h|1760112000000|1760990400000,ts60,SPXL,AMEX:SPXL,2h,Swing 2H,LONG,Swing Low,2025-10-10 12:00,1760112000000,206.47,Flip Short,2025-10-20 16:00,1760990400000,214.8,50,10323.5,50,395.44,3.8266,449.68,4.3515,708.32,6.8544,21.06,2026-07-25T05:19:46.004Z
ts60|SPXL|2h|1762254000000|1762945200000,ts60,SPXL,AMEX:SPXL,2h,Swing 2H,LONG,Swing Low,2025-11-04 06:00,1762254000000,218.69,Flip Short,2025-11-12 06:00,1762945200000,226.3,49,10715.81,48,351.09,3.2731,390.59,3.6414,748.17,6.9749,21.8,2026-07-25T05:19:46.004Z
ts60|SPXL|2h|1763470800000|1764104400000,ts60,SPXL,AMEX:SPXL,2h,Swing 2H,LONG,Swing Low,2025-11-18 08:00,1763470800000,203.18,Flip Short,2025-11-25 16:00,1764104400000,214.95,54,10971.72,44,613,5.5815,684.55,6.233,628.19,5.7198,22.58,2026-07-25T05:19:46.004Z
ts60|SPXL|2h|1765558800000|1766487600000,ts60,SPXL,AMEX:SPXL,2h,Swing 2H,LONG,Swing Low,2025-12-12 12:00,1765558800000,218.78,Flip Short,2025-12-23 06:00,1766487600000,224.36,53,11595.34,53,272.25,2.3456,305.87,2.6353,493.37,4.2506,23.49,2026-07-25T05:19:46.004Z
ts60|SPXL|2h|1767214800000|1767726000000,ts60,SPXL,AMEX:SPXL,2h,Swing 2H,LONG,Swing Low,2025-12-31 16:00,1767214800000,220.6,Flip Short,2026-01-06 14:00,1767726000000,229.88,54,11912.4,23,476.79,3.9985,490.29,4.1117,128.01,1.0735,24.33,2026-07-25T05:19:46.004Z
ts60|SPXL|2h|1768410000000|1769511600000,ts60,SPXL,AMEX:SPXL,2h,Swing 2H,LONG,Swing Low,2026-01-14 12:00,1768410000000,224.01,Time Stop,2026-01-27 06:00,1769511600000,230.87,55,12320.55,61,352.28,2.8564,478.83,3.8825,605.77,4.9118,25.02,2026-07-25T05:19:46.004Z
ts60|SPXL|2h|1770145200000|1770987600000,ts60,SPXL,AMEX:SPXL,2h,Swing 2H,LONG,Swing Low,2026-02-03 14:00,1770145200000,220.72,Time Stop,2026-02-13 08:00,1770987600000,214.83,57,12581.04,61,-360.56,-2.863,628.1,4.9874,776.38,6.1649,24.83,2026-07-25T05:19:46.004Z
ts60|SPXL|2h|1772449200000|1773259200000,ts60,SPXL,AMEX:SPXL,2h,Swing 2H,LONG,Swing Low,2026-03-02 06:00,1772449200000,213.14,Time Stop,2026-03-11 16:00,1773259200000,209.51,58,12362.12,61,-235.05,-1.8995,501.52,4.0528,988.5,7.9882,24.51,2026-07-25T05:19:46.004Z
ts60|SPXL|2h|1779206400000|1779789600000,ts60,SPXL,AMEX:SPXL,2h,Swing 2H,LONG,Swing Low,2026-05-19 12:00,1779206400000,260.13,Flip Short,2026-05-26 06:00,1779789600000,278.19,46,11965.98,29,806,6.729,823.85,6.8781,47.85,0.3995,24.76,2026-07-25T05:19:46.004Z
ts60|SPXL|2h|1780668000000|1781539200000,ts60,SPXL,AMEX:SPXL,2h,Swing 2H,LONG,Swing Low,2026-06-05 10:00,1780668000000,275.38,Flip Short,2026-06-15 12:00,1781539200000,281.8,46,12667.48,49,269.69,2.1269,283.11,2.2327,1396.81,11.0157,25.63,2026-07-25T05:19:46.004Z
ts60|SPXL|2h|1782208800000|1782849600000,ts60,SPXL,AMEX:SPXL,2h,Swing 2H,LONG,Swing Low,2026-06-23 06:00,1782208800000,259.39,Flip Short,2026-06-30 16:00,1782849600000,270.98,50,12969.5,45,552.98,4.2594,646.03,4.9762,464.47,3.5777,26.52,2026-07-25T05:19:46.004Z
ts60|TNA|2h|1758808800000|1759435200000,ts60,TNA,AMEX:TNA,2h,Swing 2H,LONG,Swing Low,2025-09-25 10:00,1758808800000,43.36,Flip Short,2025-10-02 16:00,1759435200000,46.37,218,9452.48,43,636.62,6.7282,655.45,6.9272,83.57,0.8832,19.56,2026-07-25T05:19:50.917Z
ts60|TNA|2h|1760112000000|1760472000000,ts60,TNA,AMEX:TNA,2h,Swing 2H,LONG,Swing Low,2025-10-10 12:00,1760112000000,44.63,Flip Short,2025-10-14 16:00,1760472000000,48.1,225,10041.75,18,759.89,7.5597,997.96,9.9282,968.54,9.6355,20.86,2026-07-25T05:19:50.917Z
ts60|TNA|2h|1761919200000|1762938000000,ts60,TNA,AMEX:TNA,2h,Swing 2H,LONG,Swing Low,2025-10-31 10:00,1761919200000,46.6,Time Stop,2025-11-12 04:00,1762938000000,45.42,232,10811.2,61,-295.11,-2.7269,114.47,1.0577,1303.05,12.0407,21.35,2026-07-25T05:19:50.917Z
ts60|TNA|2h|1763067600000|1764010800000,ts60,TNA,AMEX:TNA,2h,Swing 2H,LONG,Swing Low,2025-11-13 16:00,1763067600000,41.2,Flip Short,2025-11-24 14:00,1764010800000,42.36,255,10506,55,274.49,2.6101,303.14,2.8826,1168.21,11.1083,21.31,2026-07-25T05:19:50.917Z
ts60|TNA|2h|1765904400000|1767013200000,ts60,TNA,AMEX:TNA,2h,Swing 2H,LONG,Swing Low,2025-12-16 12:00,1765904400000,47.83,Time Stop,2025-12-29 08:00,1767013200000,48.06,225,10761.75,61,30.17,0.2801,661.99,6.1452,400.01,3.7133,21.58,2026-07-25T05:19:50.917Z
ts60|TNA|2h|1769677200000|1770411600000,ts60,TNA,AMEX:TNA,2h,Swing 2H,LONG,Swing Low,2026-01-29 04:00,1769677200000,54.59,Flip Short,2026-02-06 16:00,1770411600000,55.54,198,10808.82,54,166.29,1.537,270.35,2.4987,1091.89,10.0917,21.81,2026-07-25T05:19:50.917Z
ts60|TNA|2h|1771866000000|1772708400000,ts60,TNA,AMEX:TNA,2h,Swing 2H,LONG,Swing Low,2026-02-23 12:00,1771866000000,51.44,Time Stop,2026-03-05 06:00,1772708400000,52.34,213,10956.72,61,169.59,1.5463,919.85,8.3869,799.06,7.2856,22.11,2026-07-25T05:19:50.917Z
ts60|TNA|2h|1777478400000|1777586400000,ts60,TNA,AMEX:TNA,2h,Swing 2H,LONG,Swing Low,2026-04-29 12:00,1777478400000,57.21,Flip Short,2026-04-30 18:00,1777586400000,61.55,194,11098.74,11,818.92,7.3711,871.6,7.8453,154.66,1.3921,23.04,2026-07-25T05:19:50.917Z
ts60|TNA|2h|1778853600000|1779472800000,ts60,TNA,AMEX:TNA,2h,Swing 2H,LONG,Swing Low,2026-05-15 10:00,1778853600000,61,Flip Short,2026-05-22 14:00,1779472800000,65.5,195,11895,42,852.83,7.1625,996.25,8.367,994.7,8.3539,24.67,2026-07-25T05:19:50.917Z
ts60|TNA|2h|1780668000000|1781280000000,ts60,TNA,AMEX:TNA,2h,Swing 2H,LONG,Swing Low,2026-06-05 10:00,1780668000000,65.38,Flip Short,2026-06-12 12:00,1781280000000,69.53,194,12683.72,41,778.93,6.135,1199.82,9.45,1153.4,9.0845,26.17,2026-07-25T05:19:50.917Z
ts60|TNA|2h|1783504800000|1784318400000,ts60,TNA,AMEX:TNA,2h,Swing 2H,LONG,Swing Low,2026-07-08 06:00,1783504800000,68.7,Time Stop,2026-07-17 16:00,1784318400000,69.91,196,13465.2,61,209.99,1.558,986.13,7.3163,180.07,1.3359,27.17,2026-07-25T05:19:50.917Z
ts60|UTSL|2h|1747231200000|1747396800000,ts60,UTSL,AMEX:UTSL,2h,Swing 2H,LONG,Swing Low,2025-05-14 10:00,1747231200000,33.34,Flip Short,2025-05-16 08:00,1747396800000,36.77,284,9468.56,12,954.21,10.0676,967.49,10.2077,211.11,2.2273,19.91,2026-07-25T05:19:55.941Z
ts60|UTSL|2h|1749571200000|1750953600000,ts60,UTSL,AMEX:UTSL,2h,Swing 2H,LONG,Swing Low,2025-06-10 12:00,1749571200000,35.39,Time Stop,2025-06-26 12:00,1750953600000,35.97,293,10369.27,61,149.03,1.4358,560.98,5.4046,382.48,3.6849,20.91,2026-07-25T05:19:55.941Z
ts60|UTSL|2h|1751983200000|1752163200000,ts60,UTSL,AMEX:UTSL,2h,Swing 2H,LONG,Swing Low,2025-07-08 10:00,1751983200000,35.79,Flip Short,2025-07-10 12:00,1752163200000,37.75,291,10414.89,14,548.96,5.2656,577.41,5.5385,211.2,2.0259,21.4,2026-07-25T05:19:55.941Z
ts60|UTSL|2h|1755266400000|1756800000000,ts60,UTSL,AMEX:UTSL,2h,Swing 2H,LONG,Swing Low,2025-08-15 10:00,1755266400000,41.49,Time Stop,2025-09-02 04:00,1756800000000,39.54,266,11036.34,61,-540.25,-4.8903,473.08,4.2823,537.72,4.8674,21.55,2026-07-25T05:19:55.941Z
ts60|UTSL|2h|1761148800000|1762210800000,ts60,UTSL,AMEX:UTSL,2h,Swing 2H,LONG,Swing Low,2025-10-22 12:00,1761148800000,48.38,Time Stop,2025-11-03 18:00,1762210800000,46.7,217,10498.46,61,-385.19,-3.6654,833.63,7.9326,791.7,7.5336,20.63,2026-07-25T05:19:55.941Z
ts60|UTSL|2h|1763643600000|1764327600000,ts60,UTSL,AMEX:UTSL,2h,Swing 2H,LONG,Swing Low,2025-11-20 08:00,1763643600000,46.33,Flip Short,2025-11-28 06:00,1764327600000,47.5,224,10377.92,30,241.06,2.3205,251.7,2.4229,621.9,5.9865,21.02,2026-07-25T05:19:55.941Z
ts60|UTSL|2h|1764781200000|1765998000000,ts60,UTSL,AMEX:UTSL,2h,Swing 2H,LONG,Swing Low,2025-12-03 12:00,1764781200000,43.5,Time Stop,2025-12-17 14:00,1765998000000,39.84,239,10396.5,61,-894.66,-8.5968,118.66,1.1402,1014.2,9.7454,19.92,2026-07-25T05:19:55.941Z
ts60|UTSL|2h|1767632400000|1768424400000,ts60,UTSL,AMEX:UTSL,2h,Swing 2H,LONG,Swing Low,2026-01-05 12:00,1767632400000,39.14,Flip Short,2026-01-14 16:00,1768424400000,41.61,245,9589.3,50,585.37,6.0983,678.86,7.0723,357.49,3.7243,19.78,2026-07-25T05:19:55.941Z
ts60|UTSL|2h|1769180400000|1769698800000,ts60,UTSL,AMEX:UTSL,2h,Swing 2H,LONG,Swing Low,2026-01-23 10:00,1769180400000,39.45,Flip Short,2026-01-29 10:00,1769698800000,42.97,256,10099.2,26,880.02,8.7051,898.7,8.8898,125.3,1.2394,21.1,2026-07-25T05:19:55.941Z
ts60|UTSL|2h|1772557200000|1773669600000,ts60,UTSL,AMEX:UTSL,2h,Swing 2H,LONG,Swing Low,2026-03-03 12:00,1772557200000,51.6,Flip Short,2026-03-16 10:00,1773669600000,53.15,213,10990.8,55,307.84,2.7981,461.87,4.1981,564.79,5.1336,22.31,2026-07-25T05:19:55.941Z
ts60|UTSL|2h|1774022400000|1775138400000,ts60,UTSL,AMEX:UTSL,2h,Swing 2H,LONG,Swing Low,2026-03-20 12:00,1774022400000,47.1,Flip Short,2026-04-02 10:00,1775138400000,50.17,236,11115.6,53,701.56,6.3052,760.6,6.8358,856,7.6932,22.96,2026-07-25T05:19:55.941Z
ts60|UTSL|2h|1776362400000|1777564800000,ts60,UTSL,AMEX:UTSL,2h,Swing 2H,LONG,Swing Low,2026-04-16 14:00,1776362400000,49.23,Flip Short,2026-04-30 12:00,1777564800000,50.5,243,11962.89,59,284.38,2.3748,418.15,3.4919,1066.58,8.9069,24.23,2026-07-25T05:19:55.941Z
ts60|UTSL|2h|1778162400000|1779228000000,ts60,UTSL,AMEX:UTSL,2h,Swing 2H,LONG,Swing Low,2026-05-07 10:00,1778162400000,46.34,Time Stop,2026-05-19 18:00,1779228000000,42.8,263,12187.42,61,-954.46,-7.8237,29.89,0.245,1495.51,12.2587,23.44,2026-07-25T05:19:55.941Z
ts60|UTSL|2h|1780315200000|1781517600000,ts60,UTSL,AMEX:UTSL,2h,Swing 2H,LONG,Swing Low,2026-06-01 08:00,1780315200000,42.56,Time Stop,2026-06-15 06:00,1781517600000,43.02,264,11235.84,61,98.85,0.8789,186.76,1.6606,922.04,8.198,22.59,2026-07-25T05:19:55.941Z
ts60|UTSL|2h|1784318400000|1784829600000,ts60,UTSL,AMEX:UTSL,2h,Swing 2H,LONG,Swing Low,2026-07-17 16:00,1784318400000,45,Flip Short,2026-07-23 14:00,1784829600000,47.55,254,11430,22,624.19,5.4555,783.59,6.8487,448.31,3.9183,23.51,2026-07-25T05:19:55.941Z
ts60|YINN|2h|1756303200000|1757340000000,ts60,YINN,AMEX:YINN,2h,Swing 2H,LONG,Swing Low,2025-08-27 10:00,1756303200000,44.18,Flip Short,2025-09-08 10:00,1757340000000,47.7,214,9454.52,56,733.62,7.7517,842.27,8.8997,95.05,1.0044,19.66,2026-07-25T05:20:00.785Z
ts60|YINN|2h|1758578400000|1759226400000,ts60,YINN,AMEX:YINN,2h,Swing 2H,LONG,Swing Low,2025-09-22 18:00,1758578400000,52.49,Flip Short,2025-09-30 06:00,1759226400000,55.01,194,10183.06,42,468.02,4.5915,490.34,4.8104,431.16,4.2299,20.85,2026-07-25T05:20:00.785Z
ts60|YINN|2h|1759852800000|1760695200000,ts60,YINN,AMEX:YINN,2h,Swing 2H,LONG,Swing Low,2025-10-07 12:00,1759852800000,53.38,Time Stop,2025-10-17 06:00,1760695200000,44.91,199,10622.62,61,-1705.09,-16.0355,220.22,2.071,2589.66,24.3544,19.56,2026-07-25T05:20:00.785Z
ts60|YINN|2h|1761904800000|1762772400000,ts60,YINN,AMEX:YINN,2h,Swing 2H,LONG,Swing Low,2025-10-31 06:00,1761904800000,47.05,Flip Short,2025-11-10 06:00,1762772400000,50.48,191,8986.55,48,636.5,7.0758,714.9,7.9473,293.58,3.2636,18.63,2026-07-25T05:20:00.785Z
ts60|YINN|2h|1763413200000|1764342000000,ts60,YINN,AMEX:YINN,2h,Swing 2H,LONG,Swing Low,2025-11-17 16:00,1763413200000,46.86,Time Stop,2025-11-28 10:00,1764342000000,46.13,205,9606.3,61,-168.71,-1.7545,51.89,0.5397,1210.91,12.5927,19.06,2026-07-25T05:20:00.785Z
ts60|YINN|2h|1765278000000|1766091600000,ts60,YINN,AMEX:YINN,2h,Swing 2H,LONG,Swing Low,2025-12-09 06:00,1765278000000,43.35,Time Stop,2025-12-18 16:00,1766091600000,42.8,218,9450.3,61,-138.68,-1.466,518.11,5.477,517.39,5.4694,18.78,2026-07-25T05:20:00.785Z
ts60|YINN|2h|1767020400000|1767351600000,ts60,YINN,AMEX:YINN,2h,Swing 2H,LONG,Swing Low,2025-12-29 10:00,1767020400000,42.89,Flip Short,2026-01-02 06:00,1767351600000,46.4,217,9307.13,22,742.29,7.9676,830.48,8.9142,133,1.4276,19.38,2026-07-25T05:20:00.785Z
ts60|YINN|2h|1768906800000|1769518800000,ts60,YINN,AMEX:YINN,2h,Swing 2H,LONG,Swing Low,2026-01-20 06:00,1768906800000,44.32,Flip Short,2026-01-27 08:00,1769518800000,47.54,226,10016.32,41,706.96,7.051,726.74,7.2483,147.88,1.4749,20.76,2026-07-25T05:20:00.785Z
ts60|YINN|2h|1770030000000|1770750000000,ts60,YINN,AMEX:YINN,2h,Swing 2H,LONG,Swing Low,2026-02-02 06:00,1770030000000,44.41,Flip Short,2026-02-10 14:00,1770750000000,45.45,241,10702.81,52,228.98,2.1373,360.44,3.3643,993.98,9.2778,21.66,2026-07-25T05:20:00.785Z
ts60|YINN|2h|1770994800000|1772096400000,ts60,YINN,AMEX:YINN,2h,Swing 2H,LONG,Swing Low,2026-02-13 10:00,1770994800000,41.05,Time Stop,2026-02-26 04:00,1772096400000,38.28,267,10960.35,61,-760.77,-6.9342,731.3,6.6656,750.55,6.841,21.18,2026-07-25T05:20:00.785Z
ts60|YINN|2h|1773928800000|1774944000000,ts60,YINN,AMEX:YINN,2h,Swing 2H,LONG,Swing Low,2026-03-19 10:00,1773928800000,33.84,Time Stop,2026-03-31 04:00,1774944000000,30.5,301,10185.84,61,-1024.71,-10.0501,248.67,2.4389,1385.76,13.5911,19.37,2026-07-25T05:20:00.785Z
ts60|YINN|2h|1776967200000|1777644000000,ts60,YINN,AMEX:YINN,2h,Swing 2H,LONG,Swing Low,2026-04-23 14:00,1776967200000,34,Flip Short,2026-05-01 10:00,1777644000000,35.47,271,9214,46,379.54,4.1151,429.81,4.66,375.06,4.0665,18.83,2026-07-25T05:20:00.785Z
ts60|YINN|2h|1778839200000|1779912000000,ts60,YINN,AMEX:YINN,2h,Swing 2H,LONG,Swing Low,2026-05-15 06:00,1778839200000,33.73,Time Stop,2026-05-27 16:00,1779912000000,30.38,284,9579.32,61,-969.61,-10.1118,92.66,0.9663,1364.26,14.2275,18.21,2026-07-25T05:20:00.785Z
ts60|YINN|2h|1780682400000|1781532000000,ts60,YINN,AMEX:YINN,2h,Swing 2H,LONG,Swing Low,2026-06-05 14:00,1780682400000,28.79,Flip Short,2026-06-15 10:00,1781532000000,30.28,300,8637,46,429.28,4.9653,480.36,5.5561,443.64,5.1313,17.72,2026-07-25T05:20:00.785Z
ts60|YINN|2h|1781726400000|1782828000000,ts60,YINN,AMEX:YINN,2h,Swing 2H,LONG,Swing Low,2026-06-17 16:00,1781726400000,26.4,Time Stop,2026-06-30 10:00,1782828000000,21.25,343,9055.2,61,-1782.79,-19.6684,241.33,2.6625,2084.2,22.9937,16.34,2026-07-25T05:20:00.785Z
ts60|QTUM|2h|1755691200000|1756281600000,ts60,QTUM,NASDAQ:QTUM,2h,Swing 2H,LONG,Swing Low,2025-08-20 08:00,1755691200000,92.37,Flip Short,2025-08-27 04:00,1756281600000,94.86,103,9514.11,37,237.19,2.4905,247.99,2.6039,218.6,2.2954,19.28,2026-07-25T05:20:15.642Z
ts60|QTUM|2h|1760112000000|1761127200000,ts60,QTUM,NASDAQ:QTUM,2h,Swing 2H,LONG,Swing Low,2025-10-10 12:00,1760112000000,108.97,Time Stop,2025-10-22 06:00,1761127200000,109.71,89,9698.33,61,46.4,0.4779,480.69,4.9515,451.14,4.6471,19.46,2026-07-25T05:20:15.642Z
ts60|QTUM|2h|1762254000000|1763074800000,ts60,QTUM,NASDAQ:QTUM,2h,Swing 2H,LONG,Swing Low,2025-11-04 06:00,1762254000000,111.02,Time Stop,2025-11-13 18:00,1763074800000,107.03,87,9658.74,61,-366.1,-3.7866,206.1,2.1317,424.65,4.3921,18.97,2026-07-25T05:20:15.642Z
ts60|QTUM|2h|1765558800000|1766581200000,ts60,QTUM,NASDAQ:QTUM,2h,Swing 2H,LONG,Swing Low,2025-12-12 12:00,1765558800000,111.49,Time Stop,2025-12-24 08:00,1766581200000,112.45,84,9365.16,61,61.83,0.6595,129.23,1.3786,383.17,4.0873,18.81,2026-07-25T05:20:15.642Z
ts60|QTUM|2h|1769799600000|1770670800000,ts60,QTUM,NASDAQ:QTUM,2h,Swing 2H,LONG,Swing Low,2026-01-30 14:00,1769799600000,116.61,Flip Short,2026-02-09 16:00,1770670800000,118.02,81,9445.41,48,95.2,1.0069,144.45,1.5278,680.94,7.202,19.01,2026-07-25T05:20:15.642Z
ts60|QTUM|2h|1772449200000|1773259200000,ts60,QTUM,NASDAQ:QTUM,2h,Swing 2H,LONG,Swing Low,2026-03-02 06:00,1772449200000,113.28,Time Stop,2026-03-11 16:00,1773259200000,112.67,84,9515.52,61,-70.22,-0.7372,278.6,2.925,652.12,6.8463,18.98,2026-07-25T05:20:15.642Z
ts60|QTUM|2h|1779127200000|1779386400000,ts60,QTUM,NASDAQ:QTUM,2h,Swing 2H,LONG,Swing Low,2026-05-18 14:00,1779127200000,141.28,Flip Short,2026-05-21 14:00,1779386400000,149.4,67,9465.76,24,524.56,5.5362,554,5.8469,253.35,2.6738,19.48,2026-07-25T05:20:15.642Z
ts60|QTUM|2h|1780682400000|1781517600000,ts60,QTUM,NASDAQ:QTUM,2h,Swing 2H,LONG,Swing Low,2026-06-05 14:00,1780682400000,155.75,Flip Short,2026-06-15 06:00,1781517600000,166.67,64,9968,44,678.25,6.7974,761.87,7.6355,537.33,5.3851,20.63,2026-07-25T05:20:15.642Z
ts60|QTUM|2h|1782309600000|1783411200000,ts60,QTUM,NASDAQ:QTUM,2h,Swing 2H,LONG,Swing Low,2026-06-24 10:00,1782309600000,160.39,Time Stop,2026-07-07 04:00,1783411200000,156.4,66,10585.74,61,-284.25,-2.6825,341.85,3.2262,454.77,4.2917,20.91,2026-07-25T05:20:15.642Z
ts60|MNST|2h|1752055200000|1753106400000,ts60,MNST,NASDAQ:MNST,2h,Swing 2H,LONG,Swing Low,2025-07-09 06:00,1752055200000,60.8,Time Stop,2025-07-21 10:00,1753106400000,59.17,155,9424,61,-271.25,-2.8754,116.13,1.231,404.67,4.2898,18.6,2026-07-25T05:20:20.634Z
ts60|MNST|2h|1753992000000|1754604000000,ts60,MNST,NASDAQ:MNST,2h,Swing 2H,LONG,Swing Low,2025-07-31 16:00,1753992000000,58.41,Flip Short,2025-08-07 18:00,1754604000000,64.48,157,9170.37,34,933.7,10.1715,1254.68,13.6682,53.13,0.5788,19.29,2026-07-25T05:20:20.634Z
ts60|MNST|2h|1755885600000|1756915200000,ts60,MNST,NASDAQ:MNST,2h,Swing 2H,LONG,Swing Low,2025-08-22 14:00,1755885600000,62.99,Flip Short,2025-09-03 12:00,1756915200000,63.17,160,10078.4,49,8.61,0.0854,53.92,0.5345,331.68,3.2877,20.19,2026-07-25T05:20:20.634Z
ts60|MNST|2h|1758549600000|1759154400000,ts60,MNST,NASDAQ:MNST,2h,Swing 2H,LONG,Swing Low,2025-09-22 10:00,1758549600000,64.24,Flip Short,2025-09-29 10:00,1759154400000,66.2,157,10085.68,36,287.24,2.8452,321.18,3.1814,203.2,2.0127,20.48,2026-07-25T05:20:20.634Z
ts60|MNST|2h|1761667200000|1762470000000,ts60,MNST,NASDAQ:MNST,2h,Swing 2H,LONG,Swing Low,2025-10-28 12:00,1761667200000,68.8,Flip Short,2025-11-06 18:00,1762470000000,69.55,151,10388.8,55,92.36,0.8881,145.14,1.3957,573.62,5.516,20.89,2026-07-25T05:20:20.634Z
ts60|MNST|2h|1765472400000|1765810800000,ts60,MNST,NASDAQ:MNST,2h,Swing 2H,LONG,Swing Low,2025-12-11 12:00,1765472400000,73.24,Flip Short,2025-12-15 10:00,1765810800000,74.56,143,10473.32,13,167.62,1.5989,238.35,2.2735,149.18,1.423,21.14,2026-07-25T05:20:20.634Z
ts60|MNST|2h|1767618000000|1768215600000,ts60,MNST,NASDAQ:MNST,2h,Swing 2H,LONG,Swing Low,2026-01-05 08:00,1767618000000,75.84,Flip Short,2026-01-12 06:00,1768215600000,77.12,140,10617.6,36,157.79,1.4846,283.38,2.6663,145.02,1.3645,21.41,2026-07-25T05:20:20.634Z
ts60|MNST|2h|1769763600000|1770807600000,ts60,MNST,NASDAQ:MNST,2h,Swing 2H,LONG,Swing Low,2026-01-30 04:00,1769763600000,79.63,Time Stop,2026-02-11 06:00,1770807600000,80.23,134,10670.42,61,58.98,0.5522,459.67,4.3036,10.67,0.0999,21.42,2026-07-25T05:20:20.634Z
ts60|MNST|2h|1772146800000|1772204400000,ts60,MNST,NASDAQ:MNST,2h,Swing 2H,LONG,Swing Low,2026-02-26 18:00,1772146800000,84.6,Flip Short,2026-02-27 10:00,1772204400000,85.4,127,10744.2,4,80.01,0.7439,351.21,3.2655,140.28,1.3044,21.59,2026-07-25T05:20:20.634Z
ts60|MNST|2h|1772485200000|1773331200000,ts60,MNST,NASDAQ:MNST,2h,Swing 2H,LONG,Swing Low,2026-03-02 16:00,1772485200000,81.1,Time Stop,2026-03-12 12:00,1773331200000,77.85,134,10867.4,61,-456.8,-4.1992,77.57,0.7131,1049.37,9.6465,21.3,2026-07-25T05:20:20.634Z
ts60|MNST|2h|1773864000000|1774951200000,ts60,MNST,NASDAQ:MNST,2h,Swing 2H,LONG,Swing Low,2026-03-18 16:00,1773864000000,74.17,Time Stop,2026-03-31 06:00,1774951200000,71.57,141,10457.97,61,-387.15,-3.6983,284.23,2.7151,461.66,4.41,20.55,2026-07-25T05:20:20.634Z
ts60|MNST|2h|1777903200000|1778191200000,ts60,MNST,NASDAQ:MNST,2h,Swing 2H,LONG,Swing Low,2026-05-04 10:00,1777903200000,75.23,Flip Short,2026-05-07 18:00,1778191200000,82,134,10080.82,24,886.11,8.7813,897.1,8.8902,91.82,0.9099,21.07,2026-07-25T05:20:20.634Z
ts60|MNST|2h|1783540800000|1784210400000,ts60,MNST,NASDAQ:MNST,2h,Swing 2H,LONG,Swing Low,2026-07-08 16:00,1783540800000,95.19,Flip Short,2026-07-16 10:00,1784210400000,99.6,115,10946.85,41,484.75,4.4238,504.25,4.6018,89.15,0.8135,22.4,2026-07-25T05:20:20.634Z
ts60|ASHR|2h|1748340000000|1749139200000,ts60,ASHR,AMEX:ASHR,2h,Swing 2H,LONG,Swing Low,2025-05-27 06:00,1748340000000,26.65,Flip Short,2025-06-05 12:00,1749139200000,26.96,354,9434.1,48,90.76,0.9611,125.09,1.3246,204.13,2.1616,18.98,2026-07-25T05:20:30.520Z
ts60|ASHR|2h|1750665600000|1750759200000,ts60,ASHR,AMEX:ASHR,2h,Swing 2H,LONG,Swing Low,2025-06-23 04:00,1750665600000,26.74,Flip Short,2025-06-24 06:00,1750759200000,27.12,359,9599.66,8,117.08,1.2185,137.59,1.4319,16.78,0.1746,19.34,2026-07-25T05:20:30.520Z
ts60|ASHR|2h|1753956000000|1754992800000,ts60,ASHR,AMEX:ASHR,2h,Swing 2H,LONG,Swing Low,2025-07-31 06:00,1753956000000,28.47,Flip Short,2025-08-12 06:00,1754992800000,29.02,339,9651.33,51,166.96,1.7282,176.8,1.83,101.18,1.0473,19.49,2026-07-25T05:20:30.520Z
ts60|ASHR|2h|1756980000000|1757584800000,ts60,ASHR,AMEX:ASHR,2h,Swing 2H,LONG,Swing Low,2025-09-04 06:00,1756980000000,30.85,Flip Short,2025-09-11 06:00,1757584800000,32.28,318,9810.3,33,434.66,4.4263,451.29,4.5956,19.35,0.197,20.08,2026-07-25T05:20:30.520Z
ts60|ASHR|2h|1759932000000|1760004000000,ts60,ASHR,AMEX:ASHR,2h,Swing 2H,LONG,Swing Low,2025-10-08 10:00,1759932000000,32.73,Flip Short,2025-10-09 06:00,1760004000000,33.34,313,10244.49,4,170.25,1.6602,199.47,1.9451,13.37,0.1304,20.68,2026-07-25T05:20:30.520Z
ts60|ASHR|2h|1760097600000|1761242400000,ts60,ASHR,AMEX:ASHR,2h,Swing 2H,LONG,Swing Low,2025-10-10 08:00,1760097600000,32.69,Flip Short,2025-10-23 14:00,1761242400000,32.79,318,10395.42,59,10.98,0.1055,24.58,0.2363,512.84,4.9284,20.82,2026-07-25T05:20:30.520Z
ts60|ASHR|2h|1762261200000|1763046000000,ts60,ASHR,AMEX:ASHR,2h,Swing 2H,LONG,Swing Low,2025-11-04 08:00,1762261200000,32.64,Flip Short,2025-11-13 10:00,1763046000000,33.45,319,10412.16,46,237.31,2.2769,260.74,2.5017,109.3,1.0487,21.08,2026-07-25T05:20:30.520Z
ts60|ASHR|2h|1763391600000|1764608400000,ts60,ASHR,AMEX:ASHR,2h,Swing 2H,LONG,Swing Low,2025-11-17 10:00,1763391600000,32.7,Flip Short,2025-12-01 12:00,1764608400000,32.8,325,10627.5,48,11.21,0.1054,34.87,0.3278,429.88,4.0409,21.29,2026-07-25T05:20:30.520Z
ts60|ASHR|2h|1765911600000|1767092400000,ts60,ASHR,AMEX:ASHR,2h,Swing 2H,LONG,Swing Low,2025-12-16 14:00,1765911600000,32.49,Flip Short,2025-12-30 06:00,1767092400000,33,328,10656.72,53,145.8,1.3668,225.5,2.114,99.22,0.9301,21.48,2026-07-25T05:20:30.520Z
ts60|ASHR|2h|1768582800000|1769684400000,ts60,ASHR,AMEX:ASHR,2h,Swing 2H,LONG,Swing Low,2026-01-16 12:00,1768582800000,33.57,Flip Short,2026-01-29 06:00,1769684400000,34.03,321,10775.97,48,125.96,1.1677,146.51,1.3583,68.56,0.6356,21.7,2026-07-25T05:20:30.520Z
ts60|ASHR|2h|1769799600000|1770670800000,ts60,ASHR,AMEX:ASHR,2h,Swing 2H,LONG,Swing Low,2026-01-30 14:00,1769799600000,33.5,Flip Short,2026-02-09 16:00,1770670800000,34.03,326,10921,38,150.77,1.3791,194.46,1.7788,206.52,1.8892,22.01,2026-07-25T05:20:30.520Z
ts60|ASHR|2h|1772535600000|1773748800000,ts60,ASHR,AMEX:ASHR,2h,Swing 2H,LONG,Swing Low,2026-03-03 06:00,1772535600000,33.31,Time Stop,2026-03-17 08:00,1773748800000,33.6,332,11058.92,61,74.07,0.6691,221.34,1.9995,256.74,2.3192,22.21,2026-07-25T05:20:30.520Z
ts60|ASHR|2h|1778839200000|1780048800000,ts60,ASHR,AMEX:ASHR,2h,Swing 2H,LONG,Swing Low,2026-05-15 06:00,1778839200000,35.52,Flip Short,2026-05-29 06:00,1780048800000,36.03,313,11117.76,56,137.23,1.2331,207.98,1.8689,205.18,1.8437,22.4,2026-07-25T05:20:30.520Z
ts60|ASHR|2h|1780653600000|1781704800000,ts60,ASHR,AMEX:ASHR,2h,Swing 2H,LONG,Swing Low,2026-06-05 06:00,1780653600000,35.61,Flip Short,2026-06-17 10:00,1781704800000,36.26,318,11323.98,50,183.85,1.6219,211.28,1.8639,396.1,3.4944,22.85,2026-07-25T05:20:30.520Z
ts60|ASHR|2h|1782482400000|1783944000000,ts60,ASHR,AMEX:ASHR,2h,Swing 2H,LONG,Swing Low,2026-06-26 10:00,1782482400000,35.77,Time Stop,2026-07-13 08:00,1783944000000,34.52,319,11410.63,61,-421.17,-3.6874,285.26,2.4974,416.54,3.6468,22.42,2026-07-25T05:20:30.520Z
ts60|EWY|2h|1753992000000|1755021600000,ts60,EWY,AMEX:EWY,2h,Swing 2H,LONG,Swing Low,2025-07-31 16:00,1753992000000,72.56,Flip Short,2025-08-12 14:00,1755021600000,74.02,130,9432.8,60,170.74,1.8083,180.37,1.9102,464.43,4.9187,19.06,2026-07-25T05:20:35.462Z
ts60|EWY|2h|1755525600000|1756396800000,ts60,EWY,AMEX:EWY,2h,Swing 2H,LONG,Swing Low,2025-08-18 10:00,1755525600000,72.7,Time Stop,2025-08-28 12:00,1756396800000,73.44,132,9596.4,61,78.39,0.816,126.36,1.3155,243.24,2.5321,19.29,2026-07-25T05:20:35.462Z
ts60|EWY|2h|1758880800000|1759348800000,ts60,EWY,AMEX:EWY,2h,Swing 2H,LONG,Swing Low,2025-09-26 06:00,1758880800000,78.21,Flip Short,2025-10-01 16:00,1759348800000,81.87,124,9698.04,27,433.99,4.4706,454.06,4.6773,32.02,0.3298,19.85,2026-07-25T05:20:35.462Z
ts60|EWY|2h|1760112000000|1760522400000,ts60,EWY,AMEX:EWY,2h,Swing 2H,LONG,Swing Low,2025-10-10 12:00,1760112000000,82.16,Flip Short,2025-10-15 06:00,1760522400000,84.99,123,10105.68,21,327.53,3.2378,351.51,3.4749,470.13,4.6474,20.56,2026-07-25T05:20:35.462Z
ts60|EWY|2h|1762333200000|1763154000000,ts60,EWY,AMEX:EWY,2h,Swing 2H,LONG,Swing Low,2025-11-05 04:00,1762333200000,93.2,Time Stop,2025-11-14 16:00,1763154000000,94.16,113,10531.6,61,87.31,0.8282,531.87,5.0452,393.6,3.7336,21.17,2026-07-25T05:20:35.462Z
ts60|EWY|2h|1765882800000|1766574000000,ts60,EWY,AMEX:EWY,2h,Swing 2H,LONG,Swing Low,2025-12-16 06:00,1765882800000,89.37,Flip Short,2025-12-24 06:00,1766574000000,93.85,118,10545.66,45,507.02,4.8031,567.65,5.3774,125.01,1.1842,21.62,2026-07-25T05:20:35.462Z
ts60|EWY|2h|1770368400000|1770822000000,ts60,EWY,AMEX:EWY,2h,Swing 2H,LONG,Swing Low,2026-02-06 04:00,1770368400000,118.62,Flip Short,2026-02-11 10:00,1770822000000,128.03,94,11150.28,27,861.35,7.7172,894.07,8.0104,77.89,0.6979,23.19,2026-07-25T05:20:35.462Z
ts60|EWY|2h|1772535600000|1773345600000,ts60,EWY,AMEX:EWY,2h,Swing 2H,LONG,Swing Low,2026-03-03 06:00,1772535600000,130,Time Stop,2026-03-12 16:00,1773345600000,123.53,91,11830,61,-611.84,-5.1668,959.14,8.0996,849.94,7.1774,23.07,2026-07-25T05:20:35.462Z
ts60|EWY|2h|1774260000000|1775073600000,ts60,EWY,AMEX:EWY,2h,Swing 2H,LONG,Swing Low,2026-03-23 06:00,1774260000000,122.81,Time Stop,2026-04-01 16:00,1775073600000,126.11,91,11175.71,61,277.65,2.4819,1070.81,9.5721,892.06,7.9741,22.65,2026-07-25T05:20:35.462Z
ts60|EWY|2h|1779134400000|1779789600000,ts60,EWY,AMEX:EWY,2h,Swing 2H,LONG,Swing Low,2026-05-18 16:00,1779134400000,176,Flip Short,2026-05-26 06:00,1779789600000,193.79,65,11440,35,1132.31,9.888,1159.21,10.1228,585.39,5.1119,24.04,2026-07-25T05:20:35.462Z
ts60|EWY|2h|1780653600000|1781517600000,ts60,EWY,AMEX:EWY,2h,Swing 2H,LONG,Swing Low,2026-06-05 06:00,1780653600000,193.79,Flip Short,2026-06-15 06:00,1781517600000,205.62,64,12402.56,48,731.56,5.8925,815.76,6.5708,1303.28,10.4977,25.56,2026-07-25T05:20:35.462Z
ts60|EWY|2h|1782223200000|1783324800000,ts60,EWY,AMEX:EWY,2h,Swing 2H,LONG,Swing Low,2026-06-23 10:00,1782223200000,197.74,Time Stop,2026-07-06 04:00,1783324800000,190.25,67,13248.58,61,-527.83,-3.98,1094.93,8.2563,1574.35,11.8713,26,2026-07-25T05:20:35.462Z
ts60|MU|2h|1755684000000|1756389600000,ts60,MU,NASDAQ:MU,2h,Swing 2H,LONG,Swing Low,2025-08-20 06:00,1755684000000,118.14,Flip Short,2025-08-28 10:00,1756389600000,118.97,80,9451.2,50,47.43,0.5014,251.35,2.6568,383.85,4.0573,18.97,2026-07-25T05:20:40.529Z
ts60|MU|2h|1756821600000|1757066400000,ts60,MU,NASDAQ:MU,2h,Swing 2H,LONG,Swing Low,2025-09-02 10:00,1756821600000,116.05,Flip Short,2025-09-05 06:00,1757066400000,125.27,82,9516.1,22,736.25,7.7292,758,7.9575,44.78,0.4701,19.79,2026-07-25T05:20:40.529Z
ts60|MU|2h|1758823200000|1759334400000,ts60,MU,NASDAQ:MU,2h,Swing 2H,LONG,Swing Low,2025-09-25 14:00,1758823200000,155.33,Flip Short,2025-10-01 12:00,1759334400000,178.61,65,10096.45,31,1491.49,14.7577,1507.65,14.9176,53,0.5244,21.71,2026-07-25T05:20:40.529Z
ts60|MU|2h|1760112000000|1760608800000,ts60,MU,NASDAQ:MU,2h,Swing 2H,LONG,Swing Low,2025-10-10 12:00,1760112000000,184.37,Flip Short,2025-10-16 06:00,1760608800000,197.6,63,11615.31,29,809.43,6.9617,871.64,7.4968,595,5.1174,24.06,2026-07-25T05:20:40.529Z
ts60|MU|2h|1762333200000|1762369200000,ts60,MU,NASDAQ:MU,2h,Swing 2H,LONG,Swing Low,2025-11-05 04:00,1762333200000,218.99,Flip Short,2025-11-05 14:00,1762369200000,237.26,58,12701.42,5,1033.2,8.1264,1083.5,8.522,108.4,0.8526,26.46,2026-07-25T05:20:40.529Z
ts60|MU|2h|1763478000000|1764327600000,ts60,MU,NASDAQ:MU,2h,Swing 2H,LONG,Swing Low,2025-11-18 10:00,1763478000000,230.43,Flip Short,2025-11-28 06:00,1764327600000,237.38,58,13364.94,54,375.97,2.8103,417.58,3.1213,2207.51,16.5006,27.13,2026-07-25T05:20:40.529Z
ts60|MU|2h|1765875600000|1766156400000,ts60,MU,NASDAQ:MU,2h,Swing 2H,LONG,Swing Low,2025-12-16 04:00,1765875600000,235.97,Flip Short,2025-12-19 10:00,1766156400000,266.62,58,13686.26,27,1748.55,12.7632,1867.25,13.6296,841.93,6.1455,29.15,2026-07-25T05:20:40.529Z
ts60|MU|2h|1770217200000|1770894000000,ts60,MU,NASDAQ:MU,2h,Swing 2H,LONG,Swing Low,2026-02-04 10:00,1770217200000,405.95,Flip Short,2026-02-12 06:00,1770894000000,423.48,37,15020.15,46,617.92,4.1098,782.33,5.2033,1574.57,10.4726,30.69,2026-07-25T05:20:40.529Z
ts60|MU|2h|1772204400000|1773216000000,ts60,MU,NASDAQ:MU,2h,Swing 2H,LONG,Swing Low,2026-02-27 10:00,1772204400000,410.67,Time Stop,2026-03-11 04:00,1773216000000,407.76,38,15605.46,61,-141.68,-0.907,261.41,1.6735,2140.57,13.7031,31.1,2026-07-25T05:20:40.529Z
ts60|MU|2h|1774281600000|1775124000000,ts60,MU,NASDAQ:MU,2h,Swing 2H,LONG,Swing Low,2026-03-23 12:00,1774281600000,403.08,Time Stop,2026-04-02 06:00,1775124000000,351.88,39,15720.12,61,-2026.24,-12.8766,257.67,1.6375,3588.12,22.8022,29.44,2026-07-25T05:20:40.529Z
ts60|MU|2h|1779127200000|1779789600000,ts60,MU,NASDAQ:MU,2h,Swing 2H,LONG,Swing Low,2026-05-18 14:00,1779127200000,679.46,Flip Short,2026-05-26 06:00,1779789600000,795.22,20,13589.2,36,2285.71,16.8032,2321.01,17.0628,558.39,4.105,29.49,2026-07-25T05:20:40.529Z
ts60|MU|2h|1780682400000|1781517600000,ts60,MU,NASDAQ:MU,2h,Swing 2H,LONG,Swing Low,2026-06-05 14:00,1780682400000,905.36,Flip Short,2026-06-15 06:00,1781517600000,1054.1,17,15391.12,44,2495.27,16.1962,2718.21,17.6432,954.81,6.1975,33.31,2026-07-25T05:20:40.529Z
ts60|MU|2h|1782324000000|1782388800000,ts60,MU,NASDAQ:MU,2h,Swing 2H,LONG,Swing Low,2026-06-24 14:00,1782324000000,1014.66,Flip Short,2026-06-25 08:00,1782388800000,1232.5,18,18263.88,5,3880.67,21.2266,4163.14,22.7716,442.34,2.4195,40.45,2026-07-25T05:20:40.529Z
ts60|MU|2h|1782986400000|1784059200000,ts60,MU,NASDAQ:MU,2h,Swing 2H,LONG,Swing Low,2026-07-02 06:00,1782986400000,1006.5,Time Stop,2026-07-14 16:00,1784059200000,982.46,22,22143,61,-572.64,-2.5835,1449.22,6.5383,2914.92,13.1509,43.76,2026-07-25T05:20:40.529Z
ts60|RY|2h|1727974800000|1728658800000,ts60,RY,TSX:RY,2h,Swing 2H,LONG,Swing Low,2024-10-03 13:00,1727974800000,164.53,Flip Short,2024-10-11 11:00,1728658800000,169.21,57,9378.21,23,247.74,2.639,268.21,2.8571,50.42,0.5371,19.02,2026-07-25T05:20:45.440Z
ts60|RY|2h|1730386800000|1731340800000,ts60,RY,TSX:RY,2h,Swing 2H,LONG,Swing Low,2024-10-31 11:00,1730386800000,169.1,Flip Short,2024-11-11 11:00,1731340800000,173.58,57,9638.7,28,235.83,2.4442,246.29,2.5527,61.51,0.6375,19.53,2026-07-25T05:20:45.440Z
ts60|RY|2h|1734552000000|1736877600000,ts60,RY,TSX:RY,2h,Swing 2H,LONG,Swing Low,2024-12-18 15:00,1734552000000,174.46,Time Stop,2025-01-14 13:00,1736877600000,169.92,57,9944.22,61,-278.41,-2.7969,101.21,1.0167,317.17,3.1863,19.63,2026-07-25T05:20:45.440Z
ts60|RY|2h|1738598400000|1740499200000,ts60,RY,TSX:RY,2h,Swing 2H,LONG,Swing Low,2025-02-03 11:00,1738598400000,174.82,Flip Short,2025-02-25 11:00,1740499200000,170.7,55,9615.1,60,-245.6,-2.5518,0,0,414.97,4.3115,19,2026-07-25T05:20:45.440Z
ts60|RY|2h|1740672000000|1742490000000,ts60,RY,TSX:RY,2h,Swing 2H,LONG,Swing Low,2025-02-27 11:00,1740672000000,167.17,Time Stop,2025-03-20 13:00,1742490000000,162.86,56,9361.52,61,-259.84,-2.7729,268.4,2.8642,582.8,6.2193,18.48,2026-07-25T05:20:45.440Z
ts60|RY|2h|1743778800000|1745420400000,ts60,RY,TSX:RY,2h,Swing 2H,LONG,Swing Low,2025-04-04 11:00,1743778800000,158.14,Flip Short,2025-04-23 11:00,1745420400000,164.97,58,9172.12,48,377.4,4.1105,441.49,4.8086,408.79,4.4524,18.74,2026-07-25T05:20:45.440Z
ts60|RY|2h|1753729200000|1754672400000,ts60,RY,TSX:RY,2h,Swing 2H,LONG,Swing Low,2025-07-28 15:00,1753729200000,179.1,Flip Short,2025-08-08 13:00,1754672400000,182.54,53,9492.3,31,163.15,1.7171,188.2,1.9807,200.29,2.1079,19.17,2026-07-25T05:20:45.440Z
ts60|RY|2h|1759942800000|1760619600000,ts60,RY,TSX:RY,2h,Swing 2H,LONG,Swing Low,2025-10-08 13:00,1759942800000,202.81,Flip Short,2025-10-16 09:00,1760619600000,206.08,47,9532.07,18,134.47,1.4093,156.38,1.6389,103.06,1.0801,19.22,2026-07-25T05:20:45.440Z
ts60|RY|2h|1762531200000|1762970400000,ts60,RY,TSX:RY,2h,Swing 2H,LONG,Swing Low,2025-11-07 11:00,1762531200000,203.25,Flip Short,2025-11-12 13:00,1762970400000,208.4,48,9756,13,227.44,2.329,240.32,2.4609,81.28,0.8323,19.76,2026-07-25T05:20:45.440Z
ts60|RY|2h|1768406400000|1770228000000,ts60,RY,TSX:RY,2h,Swing 2H,LONG,Swing Low,2026-01-14 11:00,1768406400000,233.14,Time Stop,2026-02-04 13:00,1770228000000,232.68,43,10025.02,61,-39.81,-0.3967,107.36,1.0699,395.74,3.9435,20.03,2026-07-25T05:20:45.440Z
ts60|RY|2h|1772208000000|1774026000000,ts60,RY,TSX:RY,2h,Swing 2H,LONG,Swing Low,2026-02-27 11:00,1772208000000,227.05,Time Stop,2026-03-20 13:00,1774026000000,218.46,44,9990.2,61,-397.56,-3.9755,158.09,1.5809,407.75,4.0774,19.6,2026-07-25T05:20:45.440Z
ts60|BE|2h|1758722400000|1759327200000,ts60,BE,NYSE:BE,2h,Swing 2H,LONG,Swing Low,2025-09-24 10:00,1758722400000,68.21,Flip Short,2025-10-01 10:00,1759327200000,84.19,139,9481.19,40,2200.04,23.181,2741.33,28.8845,958.85,10.1031,21.18,2026-07-25T05:20:50.412Z
ts60|BE|2h|1760133600000|1760356800000,ts60,BE,NYSE:BE,2h,Swing 2H,LONG,Swing Low,2025-10-10 18:00,1760133600000,83.1,Flip Short,2025-10-13 08:00,1760356800000,112.29,139,11550.9,3,4030.25,34.8564,4839.55,41.8557,11.55,0.0999,27.16,2026-07-25T05:20:50.412Z
ts60|BE|2h|1761148800000|1761688800000,ts60,BE,NYSE:BE,2h,Swing 2H,LONG,Swing Low,2025-10-22 12:00,1761148800000,91.94,Flip Short,2025-10-28 18:00,1761688800000,135.28,167,15353.98,35,7199.83,46.8455,7242.47,47.1228,634.92,4.1311,37.95,2026-07-25T05:20:50.412Z
ts60|BE|2h|1762959600000|1763974800000,ts60,BE,NYSE:BE,2h,Swing 2H,LONG,Swing Low,2025-11-12 10:00,1762959600000,122.45,Time Stop,2025-11-24 04:00,1763974800000,92.35,181,22163.45,61,-5486.98,-24.7321,1132.62,5.1052,8429.61,37.9959,38.88,2026-07-25T05:20:50.412Z
ts60|BE|2h|1765407600000|1766422800000,ts60,BE,NYSE:BE,2h,Swing 2H,LONG,Swing Low,2025-12-10 18:00,1765407600000,99.05,Time Stop,2025-12-22 12:00,1766422800000,92.49,171,16937.55,61,-1154.51,-6.8095,1889.71,11.1458,4008.08,23.6402,32.75,2026-07-25T05:20:50.412Z
ts60|BE|2h|1769461200000|1769598000000,ts60,BE,NYSE:BE,2h,Swing 2H,LONG,Swing Low,2026-01-26 16:00,1769461200000,139.54,Flip Short,2026-01-28 06:00,1769598000000,156.25,114,15907.56,11,1871.22,11.7513,1956.29,12.2856,387.55,2.4338,33.72,2026-07-25T05:20:50.412Z
ts60|BE|2h|1770231600000|1771333200000,ts60,BE,NYSE:BE,2h,Swing 2H,LONG,Swing Low,2026-02-04 14:00,1770231600000,139.41,Time Stop,2026-02-17 08:00,1771333200000,136.55,127,17705.07,61,-398.27,-2.2472,3076.01,17.3563,1084.51,6.1193,35.05,2026-07-25T05:20:50.412Z
ts60|BE|2h|1772809200000|1773820800000,ts60,BE,NYSE:BE,2h,Swing 2H,LONG,Swing Low,2026-03-06 10:00,1772809200000,150.47,Time Stop,2026-03-18 04:00,1773820800000,161.68,115,17304.05,61,1253.25,7.2353,1692.75,9.7726,2357.55,13.6107,35.9,2026-07-25T05:20:50.412Z
ts60|BE|2h|1774036800000|1775052000000,ts60,BE,NYSE:BE,2h,Swing 2H,LONG,Swing Low,2026-03-20 16:00,1774036800000,150.97,Time Stop,2026-04-01 10:00,1775052000000,134.59,123,18569.31,61,-2049.86,-11.028,823.98,4.4329,4258.38,22.9094,35.12,2026-07-25T05:20:50.412Z
ts60|BE|2h|1778176800000|1778781600000,ts60,BE,NYSE:BE,2h,Swing 2H,LONG,Swing Low,2026-05-07 14:00,1778176800000,263.44,Flip Short,2026-05-14 14:00,1778781600000,306.68,62,16333.28,40,2645.53,16.181,2684.39,16.4187,902.31,5.5189,35.35,2026-07-25T05:20:50.412Z
ts60|BE|2h|1779134400000|1779379200000,ts60,BE,NYSE:BE,2h,Swing 2H,LONG,Swing Low,2026-05-18 16:00,1779134400000,258.74,Flip Short,2026-05-21 12:00,1779379200000,312.29,73,18888.02,22,3867.46,20.4553,4342.13,22.9658,1251.13,6.6173,41.69,2026-07-25T05:20:50.412Z
ts60|BE|2h|1780675200000|1781618400000,ts60,BE,NYSE:BE,2h,Swing 2H,LONG,Swing Low,2026-06-05 12:00,1780675200000,269.29,Flip Short,2026-06-16 10:00,1781618400000,292.24,84,22620.36,55,1880.63,8.3056,2095.02,9.2524,3843.78,16.9756,47.17,2026-07-25T05:20:50.412Z
ts60|BE|2h|1782482400000|1783584000000,ts60,BE,NYSE:BE,2h,Swing 2H,LONG,Swing Low,2026-06-26 10:00,1782482400000,281.44,Time Stop,2026-07-09 04:00,1783584000000,257.81,87,24485.28,61,-2102.72,-8.5791,5929.8,24.1936,4032.58,16.4529,46.91,2026-07-25T05:20:50.412Z
ts60|TD|2h|1728572400000|1730480400000,ts60,TD,TSX:TD,2h,Swing 2H,LONG,Swing Low,2024-10-10 11:00,1728572400000,82.26,Time Stop,2024-11-01 13:00,1730480400000,76.89,115,9459.9,61,-635.85,-6.7148,100.94,1.066,660.36,6.9736,18.3,2026-07-25T05:20:55.321Z
ts60|TD|2h|1733414400000|1735315200000,ts60,TD,TSX:TD,2h,Swing 2H,LONG,Swing Low,2024-12-05 11:00,1733414400000,75.03,Flip Short,2024-12-27 11:00,1735315200000,76.45,118,8853.54,54,149.69,1.689,182.31,2.0571,222.43,2.5099,17.87,2026-07-25T05:20:55.321Z
ts60|TD|2h|1738598400000|1739203200000,ts60,TD,TSX:TD,2h,Swing 2H,LONG,Swing Low,2025-02-03 11:00,1738598400000,83.13,Flip Short,2025-02-10 11:00,1739203200000,85.8,108,8978.04,20,270.12,3.0056,295.58,3.289,149.38,1.6622,18.24,2026-07-25T05:20:55.321Z
ts60|TD|2h|1741104000000|1742490000000,ts60,TD,TSX:TD,2h,Swing 2H,LONG,Swing Low,2025-03-04 11:00,1741104000000,84.57,Flip Short,2025-03-20 13:00,1742490000000,85.95,109,9218.13,49,131.83,1.4287,173.9,1.8846,213.05,2.3089,18.59,2026-07-25T05:20:55.321Z
ts60|TD|2h|1743606000000|1745341200000,ts60,TD,TSX:TD,2h,Swing 2H,LONG,Swing Low,2025-04-02 11:00,1743606000000,85.11,Flip Short,2025-04-22 13:00,1745341200000,85.58,110,9362.1,53,32.92,0.3513,99.54,1.0621,784.86,8.375,18.78,2026-07-25T05:20:55.321Z
ts60|TD|2h|1754060400000|1755183600000,ts60,TD,TSX:TD,2h,Swing 2H,LONG,Swing Low,2025-08-01 11:00,1754060400000,99.93,Flip Short,2025-08-14 11:00,1755183600000,102.82,94,9393.42,32,252.6,2.6864,267.91,2.8492,36.65,0.3898,19.06,2026-07-25T05:20:55.321Z
ts60|TD|2h|1756400400000|1758049200000,ts60,TD,TSX:TD,2h,Swing 2H,LONG,Swing Low,2025-08-28 13:00,1756400400000,100.21,Flip Short,2025-09-16 15:00,1758049200000,107.03,96,9620.16,49,634.82,6.5923,660.46,6.8585,28.82,0.2993,19.9,2026-07-25T05:20:55.321Z
ts60|TD|2h|1762538400000|1764000000000,ts60,TD,TSX:TD,2h,Swing 2H,LONG,Swing Low,2025-11-07 13:00,1762538400000,112.46,Flip Short,2025-11-24 11:00,1764000000000,116.22,91,10233.86,43,321.35,3.1369,336.48,3.2846,10.23,0.0999,20.81,2026-07-25T05:20:55.321Z
ts60|TD|2h|1769011200000|1770393600000,ts60,TD,TSX:TD,2h,Swing 2H,LONG,Swing Low,2026-01-21 11:00,1769011200000,128.88,Flip Short,2026-02-06 11:00,1770393600000,131.6,82,10568.16,48,201.68,1.9065,212.47,2.0085,210.65,1.9912,21.36,2026-07-25T05:20:55.321Z
ts60|TD|2h|1772812800000|1774630800000,ts60,TD,TSX:TD,2h,Swing 2H,LONG,Swing Low,2026-03-06 11:00,1772812800000,130.34,Time Stop,2026-03-27 13:00,1774630800000,127.11,82,10687.88,61,-285.97,-2.673,149.21,1.3947,388.71,3.6333,21.11,2026-07-25T05:20:55.321Z
ts60|TD|2h|1783522800000|1784041200000,ts60,TD,TSX:TD,2h,Swing 2H,LONG,Swing Low,2026-07-08 11:00,1783522800000,167.49,Flip Short,2026-07-14 11:00,1784041200000,172.69,62,10384.38,16,301.31,2.8987,352.32,3.3894,79.82,0.7679,21.09,2026-07-25T05:20:55.321Z
ts60|GOOGL|2h|1755705600000|1755885600000,ts60,GOOGL,NASDAQ:GOOGL,2h,Swing 2H,LONG,Swing Low,2025-08-20 12:00,1755705600000,198.59,Flip Short,2025-08-22 14:00,1755885600000,207.57,47,9333.73,17,402.97,4.313,436.23,4.669,31.42,0.3363,19.09,2026-07-25T05:21:00.192Z
ts60|GOOGL|2h|1758794400000|1759780800000,ts60,GOOGL,NASDAQ:GOOGL,2h,Swing 2H,LONG,Swing Low,2025-09-25 06:00,1758794400000,244.93,Flip Short,2025-10-06 16:00,1759780800000,250.45,40,9797.2,61,200.98,2.0494,245.8,2.5064,262.2,2.6736,19.82,2026-07-25T05:21:00.192Z
ts60|GOOGL|2h|1760112000000|1760544000000,ts60,GOOGL,NASDAQ:GOOGL,2h,Swing 2H,LONG,Swing Low,2025-10-10 12:00,1760112000000,238.76,Flip Short,2025-10-15 12:00,1760544000000,249.21,42,10027.92,24,418.41,4.1682,550.25,5.4817,240.61,2.397,20.49,2026-07-25T05:21:00.192Z
ts60|GOOGL|2h|1763125200000|1763564400000,ts60,GOOGL,NASDAQ:GOOGL,2h,Swing 2H,LONG,Swing Low,2025-11-14 08:00,1763125200000,271.35,Flip Short,2025-11-19 10:00,1763564400000,300.5,38,10311.3,25,1085.97,10.5213,1150.59,11.1474,38.81,0.376,21.73,2026-07-25T05:21:00.192Z
ts60|GOOGL|2h|1765220400000|1766062800000,ts60,GOOGL,NASDAQ:GOOGL,2h,Swing 2H,LONG,Swing Low,2025-12-08 14:00,1765220400000,313.18,Time Stop,2025-12-18 08:00,1766062800000,299.81,36,11274.48,61,-503.39,-4.4604,281.05,2.4903,639.83,5.6694,22.07,2026-07-25T05:21:00.192Z
ts60|GOOGL|2h|1768906800000|1769518800000,ts60,GOOGL,NASDAQ:GOOGL,2h,Swing 2H,LONG,Swing Low,2026-01-20 06:00,1768906800000,319.88,Flip Short,2026-01-27 08:00,1769518800000,337.06,34,10875.92,41,561.78,5.1602,617.44,5.6715,68.68,0.6308,22.34,2026-07-25T05:21:00.192Z
ts60|GOOGL|2h|1770246000000|1771347600000,ts60,GOOGL,NASDAQ:GOOGL,2h,Swing 2H,LONG,Swing Low,2026-02-04 18:00,1770246000000,328.14,Time Stop,2026-02-17 12:00,1771347600000,301.7,35,11484.9,61,-947.44,-8.2412,198.87,1.7298,1127.63,9.8086,22.04,2026-07-25T05:21:00.192Z
ts60|GOOGL|2h|1772463600000|1773151200000,ts60,GOOGL,NASDAQ:GOOGL,2h,Swing 2H,LONG,Swing Low,2026-03-02 10:00,1772463600000,304.63,Flip Short,2026-03-10 10:00,1773151200000,305.91,34,10357.42,48,22.76,0.2195,125.64,1.2119,489.08,4.7173,20.76,2026-07-25T05:21:00.192Z
ts60|GOOGL|2h|1774029600000|1775044800000,ts60,GOOGL,NASDAQ:GOOGL,2h,Swing 2H,LONG,Swing Low,2026-03-20 14:00,1774029600000,300.44,Time Stop,2026-04-01 08:00,1775044800000,291.16,35,10515.4,61,-345.51,-3.2824,246.03,2.3374,1005.92,9.5566,20.71,2026-07-25T05:21:00.192Z
ts60|GOOGL|2h|1779480000000|1780581600000,ts60,GOOGL,NASDAQ:GOOGL,2h,Swing 2H,LONG,Swing Low,2026-05-22 16:00,1779480000000,382.97,Time Stop,2026-06-04 10:00,1780581600000,366.04,26,9957.22,61,-459.65,-4.6117,273.44,2.7434,714.3,7.1665,19.47,2026-07-25T05:21:00.192Z
ts60|GOOGL|2h|1782144000000|1782842400000,ts60,GOOGL,NASDAQ:GOOGL,2h,Swing 2H,LONG,Swing Low,2026-06-22 12:00,1782144000000,345.99,Flip Short,2026-06-30 14:00,1782842400000,356.35,28,9687.72,49,270.41,2.7885,343.95,3.5468,359.69,3.7091,19.67,2026-07-25T05:21:00.192Z
ts60|GOOGL|2h|1784023200000|1784138400000,ts60,GOOGL,NASDAQ:GOOGL,2h,Swing 2H,LONG,Swing Low,2026-07-14 06:00,1784023200000,350.98,Flip Short,2026-07-15 14:00,1784138400000,372.11,28,9827.44,12,571.39,5.8085,624.65,6.3499,51.27,0.5212,20.25,2026-07-25T05:21:00.192Z
ts60|TQQQ|2h|1755619200000|1756324800000,ts60,TQQQ,NASDAQ:TQQQ,2h,Swing 2H,LONG,Swing Low,2025-08-19 12:00,1755619200000,45.19,Flip Short,2025-08-27 16:00,1756324800000,45.52,210,9489.9,50,50.25,0.529,101.81,1.0718,639.49,6.7319,19.05,2026-07-25T05:21:05.025Z
ts60|TQQQ|2h|1756821600000|1757080800000,ts60,TQQQ,NASDAQ:TQQQ,2h,Swing 2H,LONG,Swing Low,2025-09-02 10:00,1756821600000,43.28,Flip Short,2025-09-05 10:00,1757080800000,46.84,220,9521.6,24,763.37,8.0093,835.28,8.7637,262.52,2.7544,19.83,2026-07-25T05:21:05.025Z
ts60|TQQQ|2h|1760112000000|1760990400000,ts60,TQQQ,NASDAQ:TQQQ,2h,Swing 2H,LONG,Swing Low,2025-10-10 12:00,1760112000000,51.25,Flip Short,2025-10-20 16:00,1760990400000,53.95,200,10250,50,518.96,5.058,591.75,5.7674,914.25,8.9106,21.04,2026-07-25T05:21:05.025Z
ts60|TQQQ|2h|1762282800000|1763125200000,ts60,TQQQ,NASDAQ:TQQQ,2h,Swing 2H,LONG,Swing Low,2025-11-04 14:00,1762282800000,56.18,Time Stop,2025-11-14 08:00,1763125200000,49.98,191,10730.38,61,-1204.48,-11.2137,241.39,2.2473,1256.05,11.6939,20.28,2026-07-25T05:21:05.025Z
ts60|TQQQ|2h|1765465200000|1766480400000,ts60,TQQQ,NASDAQ:TQQQ,2h,Swing 2H,LONG,Swing Low,2025-12-11 10:00,1765465200000,54.14,Time Stop,2025-12-23 04:00,1766480400000,54.26,177,9582.78,61,2.05,0.0214,505.49,5.2697,853.87,8.9016,19.19,2026-07-25T05:21:05.025Z
ts60|TQQQ|2h|1767178800000|1767798000000,ts60,TQQQ,NASDAQ:TQQQ,2h,Swing 2H,LONG,Swing Low,2025-12-31 06:00,1767178800000,53.55,Flip Short,2026-01-07 10:00,1767798000000,55.32,179,9585.45,34,297.34,3.0989,330.51,3.4446,355.06,3.7004,19.49,2026-07-25T05:21:05.025Z
ts60|TQQQ|2h|1768410000000|1769511600000,ts60,TQQQ,NASDAQ:TQQQ,2h,Swing 2H,LONG,Swing Low,2026-01-14 12:00,1768410000000,52.75,Flip Short,2026-01-27 06:00,1769511600000,56.12,187,9864.25,61,609.83,6.1761,622.2,6.3013,512.89,5.1943,20.36,2026-07-25T05:21:05.025Z
ts60|TQQQ|2h|1770030000000|1770843600000,ts60,TQQQ,NASDAQ:TQQQ,2h,Swing 2H,LONG,Swing Low,2026-02-02 06:00,1770030000000,52.31,Time Stop,2026-02-11 16:00,1770843600000,51.39,200,10462,61,-204.74,-1.955,751.54,7.1763,1410.46,13.4683,20.74,2026-07-25T05:21:05.025Z
ts60|TQQQ|2h|1772449200000|1773259200000,ts60,TQQQ,NASDAQ:TQQQ,2h,Swing 2H,LONG,Swing Low,2026-03-02 06:00,1772449200000,47.52,Time Stop,2026-03-11 16:00,1773259200000,49.36,216,10264.32,61,376.51,3.6645,728.46,7.0899,541.62,5.2715,20.93,2026-07-25T05:21:05.025Z
ts60|TQQQ|2h|1779206400000|1779789600000,ts60,TQQQ,NASDAQ:TQQQ,2h,Swing 2H,LONG,Swing Low,2026-05-19 12:00,1779206400000,72.13,Flip Short,2026-05-26 06:00,1779789600000,80.16,147,10603.11,29,1158.02,10.9106,1169.81,11.0217,37.06,0.3492,22.39,2026-07-25T05:21:05.025Z
ts60|TQQQ|2h|1780668000000|1781532000000,ts60,TQQQ,NASDAQ:TQQQ,2h,Swing 2H,LONG,Swing Low,2026-06-05 10:00,1780668000000,79.36,Flip Short,2026-06-15 10:00,1781532000000,83.39,147,11665.92,48,568.49,4.8682,692.46,5.9299,1859.46,15.9233,23.92,2026-07-25T05:21:05.025Z
ts60|TQQQ|2h|1782223200000|1783324800000,ts60,TQQQ,NASDAQ:TQQQ,2h,Swing 2H,LONG,Swing Low,2026-06-23 10:00,1782223200000,76.77,Time Stop,2026-07-06 04:00,1783324800000,75.7,159,12206.43,61,-194.37,-1.5908,744.63,6.0942,974.16,7.9727,24.24,2026-07-25T05:21:05.025Z
ts60|KARURVYSYA|2h|1725427800000|1727249400000,ts60,KARURVYSYA,BSE:KARURVYSYA,2h,Swing 2H,LONG,Swing Low,2024-09-04 01:30,1725427800000,183.65,Time Stop,2024-09-25 03:30,1727249400000,183.55,51,9366.15,61,-23.83,-0.2541,207.38,2.212,613.72,6.5459,18.73,2026-07-25T05:21:09.923Z
ts60|KARURVYSYA|2h|1731483000000|1732779000000,ts60,KARURVYSYA,BSE:KARURVYSYA,2h,Swing 2H,LONG,Swing Low,2024-11-13 02:30,1731483000000,177.45,Flip Short,2024-11-28 02:30,1732779000000,196.4,53,9404.85,36,984.54,10.4579,1071.8,11.3848,194.9,2.0703,19.81,2026-07-25T05:21:09.923Z
ts60|KARURVYSYA|2h|1734499800000|1736407800000,ts60,KARURVYSYA,BSE:KARURVYSYA,2h,Swing 2H,LONG,Swing Low,2024-12-18 00:30,1734499800000,189.35,Time Stop,2025-01-09 02:30,1736407800000,175.1,54,10224.9,61,-789.18,-7.7105,205.78,2.0105,874.22,8.5414,19.68,2026-07-25T05:21:09.923Z
ts60|KARURVYSYA|2h|1739777400000|1741685400000,ts60,KARURVYSYA,BSE:KARURVYSYA,2h,Swing 2H,LONG,Swing Low,2025-02-17 02:30,1739777400000,184.45,Time Stop,2025-03-11 05:30,1741685400000,164.35,52,9591.4,61,-1063.34,-11.0753,60.61,0.6313,1236.79,12.8819,18.14,2026-07-25T05:21:09.923Z
ts60|KARURVYSYA|2h|1744003800000|1744795800000,ts60,KARURVYSYA,BSE:KARURVYSYA,2h,Swing 2H,LONG,Swing Low,2025-04-07 01:30,1744003800000,167.5,Flip Short,2025-04-16 05:30,1744795800000,181.15,51,8542.5,22,678.37,7.9332,733.51,8.578,28.94,0.3385,17.78,2026-07-25T05:21:09.923Z
ts60|KARURVYSYA|2h|1746595800000|1747200600000,ts60,KARURVYSYA,BSE:KARURVYSYA,2h,Swing 2H,LONG,Swing Low,2025-05-07 01:30,1746595800000,175.75,Flip Short,2025-05-14 01:30,1747200600000,184,52,9139,20,410.29,4.485,510.86,5.5843,471.94,5.1589,18.71,2026-07-25T05:21:09.923Z
ts60|KARURVYSYA|2h|1753421400000|1755502200000,ts60,KARURVYSYA,BSE:KARURVYSYA,2h,Swing 2H,LONG,Swing Low,2025-07-25 01:30,1753421400000,219.95,Time Stop,2025-08-18 03:30,1755502200000,219.35,43,9457.85,61,-44.69,-0.472,115.24,1.2173,336.26,3.5518,18.89,2026-07-25T05:21:09.923Z
ts60|KARURVYSYA|2h|1758879000000|1759735800000,ts60,KARURVYSYA,BSE:KARURVYSYA,2h,Swing 2H,LONG,Swing Low,2025-09-26 05:30,1758879000000,205.55,Flip Short,2025-10-06 03:30,1759735800000,219,46,9455.3,19,599.17,6.3305,657.54,6.9473,34.76,0.3672,19.53,2026-07-25T05:21:09.923Z
ts60|KARURVYSYA|2h|1764041400000|1765863000000,ts60,KARURVYSYA,BSE:KARURVYSYA,2h,Swing 2H,LONG,Swing Low,2025-11-24 22:30,1764041400000,243.25,Time Stop,2025-12-16 00:30,1765863000000,245.95,41,9973.25,61,90.64,0.908,533.28,5.3417,272.37,2.7283,20.06,2026-07-25T05:21:09.923Z
ts60|KARURVYSYA|2h|1768966200000|1769491800000,ts60,KARURVYSYA,BSE:KARURVYSYA,2h,Swing 2H,LONG,Swing Low,2026-01-20 22:30,1768966200000,254.45,Flip Short,2026-01-27 00:30,1769491800000,292.05,39,9923.55,13,1445.09,14.5476,1546.18,15.5653,160.07,1.6115,21.31,2026-07-25T05:21:09.923Z
ts60|KARURVYSYA|2h|1772429400000|1774337400000,ts60,KARURVYSYA,BSE:KARURVYSYA,2h,Swing 2H,LONG,Swing Low,2026-03-02 00:30,1772429400000,319.9,Time Stop,2026-03-24 03:30,1774337400000,272.8,36,11516.4,61,-1716.94,-14.8937,8.28,0.0719,2329.92,20.2111,21.34,2026-07-25T05:21:09.923Z
ts60|KARURVYSYA|2h|1778563800000|1780471800000,ts60,KARURVYSYA,BSE:KARURVYSYA,2h,Swing 2H,LONG,Swing Low,2026-05-12 01:30,1778563800000,285.6,Time Stop,2026-06-03 03:30,1780471800000,287.65,35,9996,61,51.69,0.5166,527.25,5.2694,360,3.5978,20.06,2026-07-25T05:21:09.923Z
ts60|ICICIBANK|2h|1727947800000|1729575000000,ts60,ICICIBANK,BSE:ICICIBANK,2h,Swing 2H,LONG,Swing Low,2024-10-03 05:30,1727947800000,1257.45,Flip Short,2024-10-22 01:30,1729575000000,1281.7,7,8802.15,50,151.98,1.7249,170.05,1.93,284.95,3.2341,17.77,2026-07-25T05:21:14.909Z
ts60|ICICIBANK|2h|1731569400000|1733290200000,ts60,ICICIBANK,BSE:ICICIBANK,2h,Swing 2H,LONG,Swing Low,2024-11-14 02:30,1731569400000,1256,Flip Short,2024-12-04 00:30,1733290200000,1316.45,7,8792,47,405.14,4.6035,424.86,4.8275,169.79,1.9293,18.01,2026-07-25T05:21:14.909Z
ts60|ICICIBANK|2h|1734586200000|1736494200000,ts60,ICICIBANK,BSE:ICICIBANK,2h,Swing 2H,LONG,Swing Low,2024-12-19 00:30,1734586200000,1290.8,Time Stop,2025-01-10 02:30,1736494200000,1248.3,7,9035.6,61,-315.27,-3.4858,243.66,2.694,319.14,3.5285,17.77,2026-07-25T05:21:14.909Z
ts60|ICICIBANK|2h|1739770200000|1741678200000,ts60,ICICIBANK,BSE:ICICIBANK,2h,Swing 2H,LONG,Swing Low,2025-02-17 00:30,1739770200000,1238.9,Time Stop,2025-03-11 03:30,1741678200000,1241,7,8672.3,61,-2.66,-0.0306,161.43,1.8596,279.57,3.2205,17.36,2026-07-25T05:21:14.909Z
ts60|ICICIBANK|2h|1744003800000|1744781400000,ts60,ICICIBANK,BSE:ICICIBANK,2h,Swing 2H,LONG,Swing Low,2025-04-07 01:30,1744003800000,1282.3,Flip Short,2025-04-16 01:30,1744781400000,1346.2,7,8976.1,20,428.9,4.7735,534.92,5.9535,125.18,1.3932,18.4,2026-07-25T05:21:14.909Z
ts60|ICICIBANK|2h|1746783000000|1747107000000,ts60,ICICIBANK,BSE:ICICIBANK,2h,Swing 2H,LONG,Swing Low,2025-05-09 05:30,1746783000000,1389.65,Flip Short,2025-05-12 23:30,1747107000000,1441.95,7,9727.55,5,346.28,3.5562,430.92,4.4255,29.68,0.3048,19.82,2026-07-25T05:21:14.909Z
ts60|ICICIBANK|2h|1749015000000|1750836600000,ts60,ICICIBANK,BSE:ICICIBANK,2h,Swing 2H,LONG,Swing Low,2025-06-04 01:30,1749015000000,1430.2,Time Stop,2025-06-25 03:30,1750836600000,1421.85,7,10011.4,61,-78.41,-0.7825,251.09,2.5055,214.06,2.136,19.96,2026-07-25T05:21:14.909Z
ts60|ICICIBANK|2h|1752211800000|1753075800000,ts60,ICICIBANK,BSE:ICICIBANK,2h,Swing 2H,LONG,Swing Low,2025-07-11 01:30,1752211800000,1418.25,Flip Short,2025-07-21 01:30,1753075800000,1463.75,7,9927.75,24,298.33,3.002,323.62,3.2565,79.23,0.7972,20.17,2026-07-25T05:21:14.909Z
ts60|ICICIBANK|2h|1754544600000|1756711800000,ts60,ICICIBANK,BSE:ICICIBANK,2h,Swing 2H,LONG,Swing Low,2025-08-07 01:30,1754544600000,1433.7,Time Stop,2025-09-01 03:30,1756711800000,1408,7,10035.9,61,-199.79,-1.9888,117.71,1.1718,304.04,3.0265,19.89,2026-07-25T05:21:14.909Z
ts60|ICICIBANK|2h|1758691800000|1760506200000,ts60,ICICIBANK,BSE:ICICIBANK,2h,Swing 2H,LONG,Swing Low,2025-09-24 01:30,1758691800000,1378.65,Flip Short,2025-10-15 01:30,1760506200000,1393.3,7,9650.55,56,83.15,0.8607,98.15,1.016,259.2,2.6832,19.4,2026-07-25T05:21:14.909Z
ts60|ICICIBANK|2h|1761629400000|1763019000000,ts60,ICICIBANK,BSE:ICICIBANK,2h,Swing 2H,LONG,Swing Low,2025-10-28 01:30,1761629400000,1359,Flip Short,2025-11-13 02:30,1763019000000,1389.6,7,9513,45,194.96,2.0474,208.89,2.1936,300.01,3.1506,19.24,2026-07-25T05:21:14.909Z
ts60|ICICIBANK|2h|1765431000000|1767339000000,ts60,ICICIBANK,BSE:ICICIBANK,2h,Swing 2H,LONG,Swing Low,2025-12-11 00:30,1765431000000,1360.6,Time Stop,2026-01-02 02:30,1767339000000,1351.5,7,9524.2,61,-82.68,-0.8673,63.28,0.6637,184.52,1.9355,18.98,2026-07-25T05:21:14.909Z
ts60|ICICIBANK|2h|1769067000000|1770874200000,ts60,ICICIBANK,BSE:ICICIBANK,2h,Swing 2H,LONG,Swing Low,2026-01-22 02:30,1769067000000,1340.05,Flip Short,2026-02-12 00:30,1770874200000,1423.55,7,9380.35,59,565.15,6.0189,606.27,6.4567,105.98,1.1287,19.35,2026-07-25T05:21:14.909Z
ts60|ICICIBANK|2h|1771558200000|1773639000000,ts60,ICICIBANK,BSE:ICICIBANK,2h,Swing 2H,LONG,Swing Low,2026-02-19 22:30,1771558200000,1385.75,Time Stop,2026-03-16 01:30,1773639000000,1242.7,8,11086,61,-1165.43,-10.5021,182.51,1.6447,1175.89,10.5963,21.03,2026-07-25T05:21:14.909Z
ts60|ICICIBANK|2h|1777455000000|1779420600000,ts60,ICICIBANK,BSE:ICICIBANK,2h,Swing 2H,LONG,Swing Low,2026-04-29 05:30,1777455000000,1282.6,Time Stop,2026-05-21 23:30,1779420600000,1242.9,7,8978.2,61,-295.58,-3.2889,70.47,0.7841,425.48,4.7343,17.68,2026-07-25T05:21:14.909Z
ts60|ICICIBANK|2h|1780385400000|1781076600000,ts60,ICICIBANK,BSE:ICICIBANK,2h,Swing 2H,LONG,Swing Low,2026-06-02 03:30,1780385400000,1234,Flip Short,2026-06-10 03:30,1781076600000,1299.45,7,8638,24,440.42,5.0935,492.91,5.7006,149.34,1.7271,17.73,2026-07-25T05:21:14.909Z
sl-auto|JNUG|2h|1758204000000|1758535200000,sl-auto,JNUG,AMEX:JNUG,2h,Swing 2H,LONG,Swing Low,2025-09-18 10:00,1758204000000,126.6,Flip Short,2025-09-22 06:00,1758535200000,147.98,75,9495,14,1582.91,16.6543,1604.51,16.8815,155,1.6308,20.59,2026-07-25T13:30:41.745Z
sl-auto|JNUG|2h|1761048000000|1761120000000,sl-auto,JNUG,AMEX:JNUG,2h,Swing 2H,LONG,Swing Low,2025-10-21 08:00,1761048000000,164.43,Stop Loss,2025-10-22 04:00,1761120000000,138.61,66,10852.38,6,-1724.12,-15.8712,0,0,1714.97,15.7869,20,2026-07-25T13:30:41.745Z
sl-auto|JNUG|2h|1763679600000|1764097200000,sl-auto,JNUG,AMEX:JNUG,2h,Swing 2H,LONG,Swing Low,2025-11-20 18:00,1763679600000,137.07,Flip Short,2025-11-25 14:00,1764097200000,160.14,67,9183.69,20,1525.78,16.5974,1610.88,17.5231,348.87,3.795,19.91,2026-07-25T13:30:41.745Z
sl-auto|JNUG|2h|1767373200000|1767978000000,sl-auto,JNUG,AMEX:JNUG,2h,Swing 2H,LONG,Swing Low,2026-01-02 12:00,1767373200000,196,Flip Short,2026-01-09 12:00,1767978000000,238,55,10780,40,2286.13,21.186,2354.22,21.817,179.63,1.6647,23.87,2026-07-25T13:30:41.745Z
sl-auto|JNUG|2h|1769770800000|1769792400000,sl-auto,JNUG,AMEX:JNUG,2h,Swing 2H,LONG,Swing Low,2026-01-30 06:00,1769770800000,275.98,Stop Loss,2026-01-30 12:00,1769792400000,232.65,47,12971.06,3,-2060.42,-15.8688,598.5,4.6095,2049.48,15.7846,23.91,2026-07-25T13:30:41.745Z
sl-auto|JNUG|2h|1772550000000|1773410400000,sl-auto,JNUG,AMEX:JNUG,2h,Swing 2H,LONG,Swing Low,2026-03-03 10:00,1772550000000,279,Stop Loss,2026-03-13 10:00,1773410400000,235.19,39,10881,64,-1728.64,-15.8709,1374.01,12.615,1719.47,15.7867,20.05,2026-07-25T13:30:41.745Z
sl-auto|JNUG|2h|1776787200000|1777384800000,sl-auto,JNUG,AMEX:JNUG,2h,Swing 2H,LONG,Swing Low,2026-04-21 12:00,1776787200000,218.1,Stop Loss,2026-04-28 10:00,1777384800000,183.85,43,9378.3,37,-1490.03,-15.8722,115.32,1.2284,1482.13,15.788,17.28,2026-07-25T13:30:41.745Z
sl-auto|JNUG|2h|1778839200000|1779192000000,sl-auto,JNUG,AMEX:JNUG,2h,Swing 2H,LONG,Swing Low,2026-05-15 06:00,1778839200000,195.89,Stop Loss,2026-05-19 08:00,1779192000000,165.13,41,8031.49,17,-1275.96,-15.8711,139.16,1.7309,1269.19,15.7869,14.8,2026-07-25T13:30:41.745Z
sl-auto|JNUG|2h|1780653600000|1780682400000,sl-auto,JNUG,AMEX:JNUG,2h,Swing 2H,LONG,Swing Low,2026-06-05 06:00,1780653600000,159.7,Stop Loss,2026-06-05 14:00,1780682400000,134.62,42,6707.4,4,-1065.72,-15.8729,65.95,0.9823,1060.07,15.7887,12.36,2026-07-25T13:30:41.745Z
sl-auto|JNUG|2h|1782223200000|1783000800000,sl-auto,JNUG,AMEX:JNUG,2h,Swing 2H,LONG,Swing Low,2026-06-23 10:00,1782223200000,133,Flip Short,2026-07-02 10:00,1783000800000,135.47,43,5719,53,94.67,1.6536,185.2,3.2351,854.11,14.9197,11.54,2026-07-25T13:30:41.745Z
sl-auto|JNUG|2h|1783504800000|1784728800000,sl-auto,JNUG,AMEX:JNUG,2h,Swing 2H,LONG,Swing Low,2026-07-08 06:00,1783504800000,114.33,Flip Short,2026-07-22 10:00,1784728800000,127.48,51,5830.83,78,658.32,11.279,677.06,11.6001,766.24,13.1281,12.33,2026-07-25T13:30:41.745Z
sl-auto|SOXL|2h|1755684000000|1756389600000,sl-auto,SOXL,AMEX:SOXL,2h,Swing 2H,LONG,Swing Low,2025-08-20 06:00,1755684000000,26.04,Flip Short,2025-08-28 10:00,1756389600000,28.14,364,9478.56,50,744.68,7.8486,1108,11.6779,875.8,9.2306,19.72,2026-07-25T13:30:46.805Z
sl-auto|SOXL|2h|1756807200000|1757455200000,sl-auto,SOXL,AMEX:SOXL,2h,Swing 2H,LONG,Swing Low,2025-09-02 06:00,1756807200000,25.06,Flip Short,2025-09-09 18:00,1757455200000,27.65,406,10174.36,46,1030.14,10.1147,1045.43,10.2648,529.85,5.2025,21.4,2026-07-25T13:30:46.805Z
sl-auto|SOXL|2h|1760112000000|1760126400000,sl-auto,SOXL,AMEX:SOXL,2h,Swing 2H,LONG,Swing Low,2025-10-10 12:00,1760112000000,37.63,Stop Loss,2025-10-10 16:00,1760126400000,31.72,296,11138.48,2,-1769.89,-15.874,39.18,0.3514,1760.5,15.7898,20.53,2026-07-25T13:30:46.805Z
sl-auto|SOXL|2h|1761156000000|1761314400000,sl-auto,SOXL,AMEX:SOXL,2h,Swing 2H,LONG,Swing Low,2025-10-22 14:00,1761156000000,36.52,Flip Short,2025-10-24 10:00,1761314400000,43.41,260,9495.2,14,1770.62,18.6289,1976.9,20.7992,116.1,1.2215,20.78,2026-07-25T13:30:46.805Z
sl-auto|SOXL|2h|1762268400000|1762520400000,sl-auto,SOXL,AMEX:SOXL,2h,Swing 2H,LONG,Swing Low,2025-11-04 10:00,1762268400000,46.84,Stop Loss,2025-11-07 08:00,1762520400000,39.48,238,11147.92,23,-1772.22,-15.8815,364.89,3.2699,1762.83,15.7973,20.54,2026-07-25T13:30:46.805Z
sl-auto|SOXL|2h|1765558800000|1766746800000,sl-auto,SOXL,AMEX:SOXL,2h,Swing 2H,LONG,Swing Low,2025-12-12 12:00,1765558800000,42.32,Flip Short,2025-12-26 06:00,1766746800000,44.72,224,9479.68,68,518.1,5.4599,552.76,5.8252,1492.36,15.727,19.5,2026-07-25T13:30:46.805Z
sl-auto|SOXL|2h|1767214800000|1767358800000,sl-auto,SOXL,AMEX:SOXL,2h,Swing 2H,LONG,Swing Low,2025-12-31 16:00,1767214800000,42.04,Flip Short,2026-01-02 08:00,1767358800000,44.83,237,9963.48,4,640.64,6.4235,686.82,6.8865,52.62,0.5276,20.59,2026-07-25T13:30:46.805Z
sl-auto|SOXL|2h|1770030000000|1770822000000,sl-auto,SOXL,AMEX:SOXL,2h,Swing 2H,LONG,Swing Low,2026-02-02 06:00,1770030000000,58.06,Flip Short,2026-02-11 10:00,1770822000000,67.38,182,10566.92,58,1673.41,15.8205,1996.89,18.8787,1599.43,15.121,22.83,2026-07-25T13:30:46.805Z
sl-auto|SOXL|2h|1772125200000|1772542800000,sl-auto,SOXL,AMEX:SOXL,2h,Swing 2H,LONG,Swing Low,2026-02-26 12:00,1772125200000,63.81,Stop Loss,2026-03-03 08:00,1772542800000,53.79,190,12123.9,22,-1926.14,-15.8713,307.08,2.5303,1915.92,15.7871,22.34,2026-07-25T13:30:46.805Z
sl-auto|SOXL|2h|1774612800000|1774893600000,sl-auto,SOXL,AMEX:SOXL,2h,Swing 2H,LONG,Swing Low,2026-03-27 08:00,1774612800000,47.6,Stop Loss,2026-03-30 14:00,1774893600000,40.12,217,10329.2,11,-1642.2,-15.8827,375.93,3.6359,1633.49,15.7985,19.04,2026-07-25T13:30:46.805Z
sl-auto|SOXL|2h|1779120000000|1779458400000,sl-auto,SOXL,AMEX:SOXL,2h,Swing 2H,LONG,Swing Low,2026-05-18 12:00,1779120000000,151.98,Flip Short,2026-05-22 10:00,1779458400000,189.61,57,8662.86,31,2125.44,24.5106,2136.82,24.6418,974.81,11.2415,19.47,2026-07-25T13:30:46.805Z
sl-auto|SOXL|2h|1780682400000|1781020800000,sl-auto,SOXL,AMEX:SOXL,2h,Swing 2H,LONG,Swing Low,2026-06-05 14:00,1780682400000,204.3,Stop Loss,2026-06-09 12:00,1781020800000,172.22,52,10623.6,15,-1687.74,-15.8708,1380.38,12.9805,1678.78,15.7866,19.58,2026-07-25T13:30:46.805Z
sl-auto|SOXL|2h|1782244800000|1782741600000,sl-auto,SOXL,AMEX:SOXL,2h,Swing 2H,LONG,Swing Low,2026-06-23 16:00,1782244800000,230.97,Stop Loss,2026-06-29 10:00,1782741600000,194.7,39,9007.83,29,-1431.13,-15.8718,1475.72,16.3663,1423.54,15.7876,16.6,2026-07-25T13:30:46.805Z
sl-auto|SPXL|2h|1755698400000|1756310400000,sl-auto,SPXL,AMEX:SPXL,2h,Swing 2H,LONG,Swing Low,2025-08-20 10:00,1755698400000,185.14,Flip Short,2025-08-27 12:00,1756310400000,194.65,51,9442.14,41,465.64,4.9266,481.69,5.0964,116.03,1.2276,19.37,2026-07-25T13:30:52.307Z
sl-auto|SPXL|2h|1756821600000|1757066400000,sl-auto,SPXL,AMEX:SPXL,2h,Swing 2H,LONG,Swing Low,2025-09-02 10:00,1756821600000,187.6,Flip Short,2025-09-05 06:00,1757066400000,197.41,53,9942.8,22,499.52,5.019,524.83,5.2732,208.69,2.0968,20.41,2026-07-25T13:30:52.307Z
sl-auto|SPXL|2h|1760112000000|1760990400000,sl-auto,SPXL,AMEX:SPXL,2h,Swing 2H,LONG,Swing Low,2025-10-10 12:00,1760112000000,206.47,Flip Short,2025-10-20 16:00,1760990400000,214.8,50,10323.5,50,395.44,3.8266,449.68,4.3515,708.32,6.8544,21.06,2026-07-25T13:30:52.307Z
sl-auto|SPXL|2h|1762254000000|1762945200000,sl-auto,SPXL,AMEX:SPXL,2h,Swing 2H,LONG,Swing Low,2025-11-04 06:00,1762254000000,218.69,Flip Short,2025-11-12 06:00,1762945200000,226.3,49,10715.81,48,351.09,3.2731,390.59,3.6414,748.17,6.9749,21.8,2026-07-25T13:30:52.307Z
sl-auto|SPXL|2h|1763470800000|1764104400000,sl-auto,SPXL,AMEX:SPXL,2h,Swing 2H,LONG,Swing Low,2025-11-18 08:00,1763470800000,203.18,Flip Short,2025-11-25 16:00,1764104400000,214.95,54,10971.72,44,613,5.5815,684.55,6.233,628.19,5.7198,22.58,2026-07-25T13:30:52.307Z
sl-auto|SPXL|2h|1765558800000|1766487600000,sl-auto,SPXL,AMEX:SPXL,2h,Swing 2H,LONG,Swing Low,2025-12-12 12:00,1765558800000,218.78,Flip Short,2025-12-23 06:00,1766487600000,224.36,53,11595.34,53,272.25,2.3456,305.87,2.6353,493.37,4.2506,23.49,2026-07-25T13:30:52.307Z
sl-auto|SPXL|2h|1767214800000|1767726000000,sl-auto,SPXL,AMEX:SPXL,2h,Swing 2H,LONG,Swing Low,2025-12-31 16:00,1767214800000,220.6,Flip Short,2026-01-06 14:00,1767726000000,229.88,54,11912.4,23,476.79,3.9985,490.29,4.1117,128.01,1.0735,24.33,2026-07-25T13:30:52.307Z
sl-auto|SPXL|2h|1768410000000|1769526000000,sl-auto,SPXL,AMEX:SPXL,2h,Swing 2H,LONG,Swing Low,2026-01-14 12:00,1768410000000,224.01,Flip Short,2026-01-27 10:00,1769526000000,231.53,55,12320.55,63,388.55,3.1505,478.83,3.8825,605.77,4.9118,25.05,2026-07-25T13:30:52.307Z
sl-auto|SPXL|2h|1770145200000|1772031600000,sl-auto,SPXL,AMEX:SPXL,2h,Swing 2H,LONG,Swing Low,2026-02-03 14:00,1770145200000,220.72,Flip Short,2026-02-25 10:00,1772031600000,225.12,57,12581.04,118,225.39,1.7897,628.1,4.9874,776.38,6.1649,25.41,2026-07-25T13:30:52.307Z
sl-auto|SPXL|2h|1772449200000|1774260000000,sl-auto,SPXL,AMEX:SPXL,2h,Swing 2H,LONG,Swing Low,2026-03-02 06:00,1772449200000,213.14,Stop Loss,2026-03-23 06:00,1774260000000,179.67,60,12788.4,120,-2031.77,-15.8717,518.81,4.0528,2020.99,15.7875,23.57,2026-07-25T13:30:52.307Z
sl-auto|SPXL|2h|1779206400000|1779789600000,sl-auto,SPXL,AMEX:SPXL,2h,Swing 2H,LONG,Swing Low,2026-05-19 12:00,1779206400000,260.13,Flip Short,2026-05-26 06:00,1779789600000,278.19,42,10925.46,29,735.91,6.729,752.21,6.8781,43.69,0.3995,22.61,2026-07-25T13:30:52.307Z
sl-auto|SPXL|2h|1780668000000|1781539200000,sl-auto,SPXL,AMEX:SPXL,2h,Swing 2H,LONG,Swing Low,2026-06-05 10:00,1780668000000,275.38,Flip Short,2026-06-15 12:00,1781539200000,281.8,42,11565.96,49,246.24,2.1269,258.49,2.2327,1275.35,11.0157,23.4,2026-07-25T13:30:52.307Z
sl-auto|SPXL|2h|1782208800000|1782849600000,sl-auto,SPXL,AMEX:SPXL,2h,Swing 2H,LONG,Swing Low,2026-06-23 06:00,1782208800000,259.39,Flip Short,2026-06-30 16:00,1782849600000,270.98,46,11931.94,45,508.74,4.2594,594.35,4.9762,427.31,3.5777,24.4,2026-07-25T13:30:52.307Z
sl-auto|TNA|2h|1758808800000|1759435200000,sl-auto,TNA,AMEX:TNA,2h,Swing 2H,LONG,Swing Low,2025-09-25 10:00,1758808800000,43.36,Flip Short,2025-10-02 16:00,1759435200000,46.37,218,9452.48,43,636.62,6.7282,655.45,6.9272,83.57,0.8832,19.56,2026-07-25T13:30:57.849Z
sl-auto|TNA|2h|1760112000000|1760472000000,sl-auto,TNA,AMEX:TNA,2h,Swing 2H,LONG,Swing Low,2025-10-10 12:00,1760112000000,44.63,Flip Short,2025-10-14 16:00,1760472000000,48.1,225,10041.75,18,759.89,7.5597,997.96,9.9282,968.54,9.6355,20.86,2026-07-25T13:30:57.849Z
sl-auto|TNA|2h|1761919200000|1762959600000,sl-auto,TNA,AMEX:TNA,2h,Swing 2H,LONG,Swing Low,2025-10-31 10:00,1761919200000,46.6,Flip Short,2025-11-12 10:00,1762959600000,46.36,232,10811.2,64,-77.25,-0.7138,114.47,1.0577,1303.05,12.0407,21.57,2026-07-25T13:30:57.849Z
sl-auto|TNA|2h|1763067600000|1764010800000,sl-auto,TNA,AMEX:TNA,2h,Swing 2H,LONG,Swing Low,2025-11-13 16:00,1763067600000,41.2,Flip Short,2025-11-24 14:00,1764010800000,42.36,260,10712,55,279.87,2.6101,309.09,2.8826,1191.11,11.1083,21.73,2026-07-25T13:30:57.849Z
sl-auto|TNA|2h|1765904400000|1767639600000,sl-auto,TNA,AMEX:TNA,2h,Swing 2H,LONG,Swing Low,2025-12-16 12:00,1765904400000,47.83,Flip Short,2026-01-05 14:00,1767639600000,49.44,229,10953.07,96,346.42,3.1596,673.76,6.1452,588.03,5.3633,22.27,2026-07-25T13:30:57.849Z
sl-auto|TNA|2h|1769677200000|1770411600000,sl-auto,TNA,AMEX:TNA,2h,Swing 2H,LONG,Swing Low,2026-01-29 04:00,1769677200000,54.59,Flip Short,2026-02-06 16:00,1770411600000,55.54,208,11354.72,54,174.69,1.537,284.01,2.4987,1147.03,10.0917,22.91,2026-07-25T13:30:57.849Z
sl-auto|TNA|2h|1771866000000|1773043200000,sl-auto,TNA,AMEX:TNA,2h,Swing 2H,LONG,Swing Low,2026-02-23 12:00,1771866000000,51.44,Stop Loss,2026-03-09 04:00,1773043200000,42.79,223,11471.12,76,-1949.96,-16.9819,963.04,8.3869,1940.42,16.8988,21.01,2026-07-25T13:30:57.849Z
sl-auto|TNA|2h|1777478400000|1777586400000,sl-auto,TNA,AMEX:TNA,2h,Swing 2H,LONG,Swing Low,2026-04-29 12:00,1777478400000,57.21,Flip Short,2026-04-30 18:00,1777586400000,61.55,168,9611.28,11,709.17,7.3711,754.79,7.8453,133.93,1.3921,19.95,2026-07-25T13:30:57.849Z
sl-auto|TNA|2h|1778853600000|1779472800000,sl-auto,TNA,AMEX:TNA,2h,Swing 2H,LONG,Swing Low,2026-05-15 10:00,1778853600000,61,Flip Short,2026-05-22 14:00,1779472800000,65.5,169,10309,42,739.12,7.1625,863.42,8.367,862.07,8.3539,21.38,2026-07-25T13:30:57.849Z
sl-auto|TNA|2h|1780668000000|1781280000000,sl-auto,TNA,AMEX:TNA,2h,Swing 2H,LONG,Swing Low,2026-06-05 10:00,1780668000000,65.38,Flip Short,2026-06-12 12:00,1781280000000,69.53,168,10983.84,41,674.54,6.135,1039.02,9.45,998.82,9.0845,22.66,2026-07-25T13:30:57.849Z
sl-auto|UTSL|2h|1747231200000|1747396800000,sl-auto,UTSL,AMEX:UTSL,2h,Swing 2H,LONG,Swing Low,2025-05-14 10:00,1747231200000,33.34,Flip Short,2025-05-16 08:00,1747396800000,36.77,284,9468.56,12,954.21,10.0676,967.49,10.2077,211.11,2.2273,19.91,2026-07-25T13:31:02.864Z
sl-auto|UTSL|2h|1749571200000|1751047200000,sl-auto,UTSL,AMEX:UTSL,2h,Swing 2H,LONG,Swing Low,2025-06-10 12:00,1749571200000,35.39,Flip Short,2025-06-27 14:00,1751047200000,36.87,293,10369.27,67,412.47,3.9738,584.42,5.6305,382.48,3.6849,21.17,2026-07-25T13:31:02.864Z
sl-auto|UTSL|2h|1751983200000|1752163200000,sl-auto,UTSL,AMEX:UTSL,2h,Swing 2H,LONG,Swing Low,2025-07-08 10:00,1751983200000,35.79,Flip Short,2025-07-10 12:00,1752163200000,37.75,298,10665.42,14,562.17,5.2656,591.29,5.5385,216.29,2.0259,21.91,2026-07-25T13:31:02.864Z
sl-auto|UTSL|2h|1755266400000|1757592000000,sl-auto,UTSL,AMEX:UTSL,2h,Swing 2H,LONG,Swing Low,2025-08-15 10:00,1755266400000,41.49,Flip Short,2025-09-11 08:00,1757592000000,40.25,272,11285.28,110,-359.51,-3.1825,483.75,4.2823,1276.09,11.2962,22.23,2026-07-25T13:31:02.864Z
sl-auto|UTSL|2h|1761148800000|1763031600000,sl-auto,UTSL,AMEX:UTSL,2h,Swing 2H,LONG,Swing Low,2025-10-22 12:00,1761148800000,48.38,Flip Short,2025-11-13 06:00,1763031600000,47.73,226,10933.88,102,-168.62,-1.5406,868.21,7.9326,831.31,7.5955,21.72,2026-07-25T13:31:02.864Z
sl-auto|UTSL|2h|1763643600000|1764327600000,sl-auto,UTSL,AMEX:UTSL,2h,Swing 2H,LONG,Swing Low,2025-11-20 08:00,1763643600000,46.33,Flip Short,2025-11-28 06:00,1764327600000,47.5,238,11026.54,30,256.13,2.3205,267.43,2.4229,660.77,5.9865,22.33,2026-07-25T13:31:02.864Z
sl-auto|UTSL|2h|1764781200000|1767373200000,sl-auto,UTSL,AMEX:UTSL,2h,Swing 2H,LONG,Swing Low,2025-12-03 12:00,1764781200000,43.5,Flip Short,2026-01-02 12:00,1767373200000,41.74,254,11049,119,-468.69,-4.2377,126.11,1.1402,1148.97,10.3885,21.65,2026-07-25T13:31:02.864Z
sl-auto|UTSL|2h|1767632400000|1768424400000,sl-auto,UTSL,AMEX:UTSL,2h,Swing 2H,LONG,Swing Low,2026-01-05 12:00,1767632400000,39.14,Flip Short,2026-01-14 16:00,1768424400000,41.61,272,10646.08,50,649.88,6.0983,753.67,7.0723,396.89,3.7243,21.96,2026-07-25T13:31:02.864Z
sl-auto|UTSL|2h|1769180400000|1769698800000,sl-auto,UTSL,AMEX:UTSL,2h,Swing 2H,LONG,Swing Low,2026-01-23 10:00,1769180400000,39.45,Flip Short,2026-01-29 10:00,1769698800000,42.97,285,11243.25,26,979.71,8.7051,1000.51,8.8898,139.49,1.2394,23.49,2026-07-25T13:31:02.864Z
sl-auto|UTSL|2h|1772557200000|1773669600000,sl-auto,UTSL,AMEX:UTSL,2h,Swing 2H,LONG,Swing Low,2026-03-03 12:00,1772557200000,51.6,Flip Short,2026-03-16 10:00,1773669600000,53.15,237,12229.2,55,342.52,2.7981,513.91,4.1981,628.43,5.1336,24.83,2026-07-25T13:31:02.864Z
sl-auto|UTSL|2h|1774022400000|1775138400000,sl-auto,UTSL,AMEX:UTSL,2h,Swing 2H,LONG,Swing Low,2026-03-20 12:00,1774022400000,47.1,Flip Short,2026-04-02 10:00,1775138400000,50.17,262,12340.2,53,778.86,6.3052,844.4,6.8358,950.3,7.6932,25.48,2026-07-25T13:31:02.864Z
sl-auto|UTSL|2h|1776362400000|1777564800000,sl-auto,UTSL,AMEX:UTSL,2h,Swing 2H,LONG,Swing Low,2026-04-16 14:00,1776362400000,49.23,Flip Short,2026-04-30 12:00,1777564800000,50.5,270,13292.1,59,315.97,2.3748,464.61,3.4919,1185.09,8.9069,26.93,2026-07-25T13:31:02.864Z
sl-auto|UTSL|2h|1778162400000|1779458400000,sl-auto,UTSL,AMEX:UTSL,2h,Swing 2H,LONG,Swing Low,2026-05-07 10:00,1778162400000,46.34,Flip Short,2026-05-22 10:00,1779458400000,45.4,292,13531.28,78,-301.27,-2.2242,33.19,0.245,1660.41,12.2587,26.79,2026-07-25T13:31:02.864Z
sl-auto|UTSL|2h|1780315200000|1781539200000,sl-auto,UTSL,AMEX:UTSL,2h,Swing 2H,LONG,Swing Low,2026-06-01 08:00,1780315200000,42.56,Flip Short,2026-06-15 12:00,1781539200000,43.51,311,13236.16,64,268.68,2.0279,331.97,2.5056,1086.19,8.198,26.77,2026-07-25T13:31:02.864Z
sl-auto|UTSL|2h|1784318400000|1784829600000,sl-auto,UTSL,AMEX:UTSL,2h,Swing 2H,LONG,Swing Low,2026-07-17 16:00,1784318400000,45,Flip Short,2026-07-23 14:00,1784829600000,47.55,302,13590,22,742.15,5.4555,931.67,6.8487,533.03,3.9183,27.95,2026-07-25T13:31:02.864Z
sl-auto|YINN|2h|1756303200000|1757340000000,sl-auto,YINN,AMEX:YINN,2h,Swing 2H,LONG,Swing Low,2025-08-27 10:00,1756303200000,44.18,Flip Short,2025-09-08 10:00,1757340000000,47.7,214,9454.52,56,733.62,7.7517,842.27,8.8997,95.05,1.0044,19.66,2026-07-25T13:31:07.806Z
sl-auto|YINN|2h|1758578400000|1759226400000,sl-auto,YINN,AMEX:YINN,2h,Swing 2H,LONG,Swing Low,2025-09-22 18:00,1758578400000,52.49,Flip Short,2025-09-30 06:00,1759226400000,55.01,194,10183.06,42,468.02,4.5915,490.34,4.8104,431.16,4.2299,20.85,2026-07-25T13:31:07.806Z
sl-auto|YINN|2h|1759852800000|1760104800000,sl-auto,YINN,AMEX:YINN,2h,Swing 2H,LONG,Swing Low,2025-10-07 12:00,1759852800000,53.38,Stop Loss,2025-10-10 10:00,1760104800000,44.99,199,10622.62,23,-1689.19,-15.8859,220.22,2.071,1680.23,15.8017,19.58,2026-07-25T13:31:07.806Z
sl-auto|YINN|2h|1761904800000|1762772400000,sl-auto,YINN,AMEX:YINN,2h,Swing 2H,LONG,Swing Low,2025-10-31 06:00,1761904800000,47.05,Flip Short,2025-11-10 06:00,1762772400000,50.48,192,9033.6,48,639.83,7.0758,718.65,7.9473,295.11,3.2636,18.73,2026-07-25T13:31:07.806Z
sl-auto|YINN|2h|1763413200000|1764932400000,sl-auto,YINN,AMEX:YINN,2h,Swing 2H,LONG,Swing Low,2025-11-17 16:00,1763413200000,46.86,Flip Short,2025-12-05 06:00,1764932400000,47.1,205,9606.3,96,29.94,0.3113,72.39,0.7529,1210.91,12.5927,19.26,2026-07-25T13:31:07.806Z
sl-auto|YINN|2h|1765278000000|1766761200000,sl-auto,YINN,AMEX:YINN,2h,Swing 2H,LONG,Swing Low,2025-12-09 06:00,1765278000000,43.35,Flip Short,2025-12-26 10:00,1766761200000,44.43,223,9667.05,97,221.27,2.2866,529.99,5.477,529.26,5.4694,19.57,2026-07-25T13:31:07.806Z
sl-auto|YINN|2h|1767020400000|1767351600000,sl-auto,YINN,AMEX:YINN,2h,Swing 2H,LONG,Swing Low,2025-12-29 10:00,1767020400000,42.89,Flip Short,2026-01-02 06:00,1767351600000,46.4,230,9864.7,22,786.76,7.9676,880.24,8.9142,140.96,1.4276,20.54,2026-07-25T13:31:07.806Z
sl-auto|YINN|2h|1768906800000|1769518800000,sl-auto,YINN,AMEX:YINN,2h,Swing 2H,LONG,Swing Low,2026-01-20 06:00,1768906800000,44.32,Flip Short,2026-01-27 08:00,1769518800000,47.54,239,10592.48,41,747.63,7.051,768.55,7.2483,156.38,1.4749,21.95,2026-07-25T13:31:07.806Z
sl-auto|YINN|2h|1770030000000|1770750000000,sl-auto,YINN,AMEX:YINN,2h,Swing 2H,LONG,Swing Low,2026-02-02 06:00,1770030000000,44.41,Flip Short,2026-02-10 14:00,1770750000000,45.45,255,11324.55,52,242.29,2.1373,381.38,3.3643,1051.72,9.2778,22.91,2026-07-25T13:31:07.806Z
sl-auto|YINN|2h|1770994800000|1772528400000,sl-auto,YINN,AMEX:YINN,2h,Swing 2H,LONG,Swing Low,2026-02-13 10:00,1770994800000,41.05,Stop Loss,2026-03-03 04:00,1772528400000,34.6,282,11576.1,85,-1840.23,-15.881,772.38,6.6656,1830.48,15.7968,21.33,2026-07-25T13:31:07.806Z
sl-auto|YINN|2h|1773928800000|1775635200000,sl-auto,YINN,AMEX:YINN,2h,Swing 2H,LONG,Swing Low,2026-03-19 10:00,1773928800000,33.84,Flip Short,2026-04-08 04:00,1775635200000,33.99,290,9813.6,101,23.83,0.2426,239.59,2.4389,1335.11,13.5911,19.67,2026-07-25T13:31:07.806Z
sl-auto|YINN|2h|1776967200000|1777644000000,sl-auto,YINN,AMEX:YINN,2h,Swing 2H,LONG,Swing Low,2026-04-23 14:00,1776967200000,34,Flip Short,2026-05-01 10:00,1777644000000,35.47,289,9826,46,404.75,4.1151,458.35,4.66,399.98,4.0665,20.08,2026-07-25T13:31:07.806Z
sl-auto|YINN|2h|1778839200000|1780394400000,sl-auto,YINN,AMEX:YINN,2h,Swing 2H,LONG,Swing Low,2026-05-15 06:00,1778839200000,33.73,Flip Short,2026-06-02 06:00,1780394400000,33.23,302,10186.46,88,-171.22,-1.6792,98.53,0.9663,1589.65,15.5899,20.22,2026-07-25T13:31:07.806Z
sl-auto|YINN|2h|1780682400000|1781532000000,sl-auto,YINN,AMEX:YINN,2h,Swing 2H,LONG,Swing Low,2026-06-05 14:00,1780682400000,28.79,Flip Short,2026-06-15 10:00,1781532000000,30.28,349,10047.71,46,499.39,4.9653,558.82,5.5561,516.1,5.1313,20.62,2026-07-25T13:31:07.806Z
sl-auto|YINN|2h|1781726400000|1782374400000,sl-auto,YINN,AMEX:YINN,2h,Swing 2H,LONG,Swing Low,2026-06-17 16:00,1781726400000,26.4,Stop Loss,2026-06-25 04:00,1782374400000,22.25,398,10507.2,34,-1671.06,-15.8881,280.03,2.6625,1662.21,15.8039,19.36,2026-07-25T13:31:07.806Z
sl-auto|QTUM|2h|1755691200000|1756281600000,sl-auto,QTUM,NASDAQ:QTUM,2h,Swing 2H,LONG,Swing Low,2025-08-20 08:00,1755691200000,92.37,Flip Short,2025-08-27 04:00,1756281600000,94.86,103,9514.11,37,237.19,2.4905,247.99,2.6039,218.6,2.2954,19.28,2026-07-25T13:31:22.870Z
sl-auto|QTUM|2h|1760112000000|1761559200000,sl-auto,QTUM,NASDAQ:QTUM,2h,Swing 2H,LONG,Swing Low,2025-10-10 12:00,1760112000000,108.97,Flip Short,2025-10-27 06:00,1761559200000,113.8,89,9698.33,85,410.04,4.2238,480.69,4.9515,451.14,4.6471,19.83,2026-07-25T13:31:22.870Z
sl-auto|QTUM|2h|1762254000000|1764327600000,sl-auto,QTUM,NASDAQ:QTUM,2h,Swing 2H,LONG,Swing Low,2025-11-04 06:00,1762254000000,111.02,Flip Short,2025-11-28 06:00,1764327600000,108.13,91,10102.82,135,-282.93,-2.7977,215.58,2.1317,1174.9,11.6178,19.94,2026-07-25T13:31:22.870Z
sl-auto|QTUM|2h|1765558800000|1767610800000,sl-auto,QTUM,NASDAQ:QTUM,2h,Swing 2H,LONG,Swing Low,2025-12-12 12:00,1765558800000,111.49,Flip Short,2026-01-05 06:00,1767610800000,113.7,88,9811.12,106,174.66,1.7785,185.55,1.8893,401.41,4.0873,19.82,2026-07-25T13:31:22.870Z
sl-auto|QTUM|2h|1769799600000|1770670800000,sl-auto,QTUM,NASDAQ:QTUM,2h,Swing 2H,LONG,Swing Low,2026-01-30 14:00,1769799600000,116.61,Flip Short,2026-02-09 16:00,1770670800000,118.02,85,9911.85,48,99.91,1.0069,151.59,1.5278,714.56,7.202,19.94,2026-07-25T13:31:22.870Z
sl-auto|QTUM|2h|1772449200000|1775635200000,sl-auto,QTUM,NASDAQ:QTUM,2h,Swing 2H,LONG,Swing Low,2026-03-02 06:00,1772449200000,113.28,Flip Short,2026-04-08 04:00,1775635200000,114.83,89,10081.92,204,117.65,1.1658,295.19,2.925,1057.61,10.4797,20.3,2026-07-25T13:31:22.870Z
sl-auto|QTUM|2h|1779127200000|1779386400000,sl-auto,QTUM,NASDAQ:QTUM,2h,Swing 2H,LONG,Swing Low,2026-05-18 14:00,1779127200000,141.28,Flip Short,2026-05-21 14:00,1779386400000,149.4,72,10172.16,24,563.71,5.5362,595.35,5.8469,272.25,2.6738,20.93,2026-07-25T13:31:22.870Z
sl-auto|QTUM|2h|1780682400000|1781517600000,sl-auto,QTUM,NASDAQ:QTUM,2h,Swing 2H,LONG,Swing Low,2026-06-05 14:00,1780682400000,155.75,Flip Short,2026-06-15 06:00,1781517600000,166.67,69,10746.75,44,731.23,6.7974,821.39,7.6355,579.31,5.3851,22.25,2026-07-25T13:31:22.870Z
sl-auto|MNST|2h|1752055200000|1753372800000,sl-auto,MNST,NASDAQ:MNST,2h,Swing 2H,LONG,Swing Low,2025-07-09 06:00,1752055200000,60.8,Flip Short,2025-07-24 12:00,1753372800000,59.86,155,9424,84,-164.4,-1.7428,116.13,1.231,404.67,4.2898,18.7,2026-07-25T13:31:27.871Z
sl-auto|MNST|2h|1753992000000|1754604000000,sl-auto,MNST,NASDAQ:MNST,2h,Swing 2H,LONG,Swing Low,2025-07-31 16:00,1753992000000,58.41,Flip Short,2025-08-07 18:00,1754604000000,64.48,158,9228.78,34,939.64,10.1715,1262.67,13.6682,53.47,0.5788,19.42,2026-07-25T13:31:27.871Z
sl-auto|MNST|2h|1755885600000|1756915200000,sl-auto,MNST,NASDAQ:MNST,2h,Swing 2H,LONG,Swing Low,2025-08-22 14:00,1755885600000,62.99,Flip Short,2025-09-03 12:00,1756915200000,63.17,162,10204.38,49,8.72,0.0854,54.6,0.5345,335.82,3.2877,20.44,2026-07-25T13:31:27.871Z
sl-auto|MNST|2h|1758549600000|1759154400000,sl-auto,MNST,NASDAQ:MNST,2h,Swing 2H,LONG,Swing Low,2025-09-22 10:00,1758549600000,64.24,Flip Short,2025-09-29 10:00,1759154400000,66.2,159,10214.16,36,290.9,2.8452,325.28,3.1814,205.78,2.0127,20.74,2026-07-25T13:31:27.871Z
sl-auto|MNST|2h|1761667200000|1762470000000,sl-auto,MNST,NASDAQ:MNST,2h,Swing 2H,LONG,Swing Low,2025-10-28 12:00,1761667200000,68.8,Flip Short,2025-11-06 18:00,1762470000000,69.55,152,10457.6,55,92.97,0.8881,146.1,1.3957,577.42,5.516,21.03,2026-07-25T13:31:27.871Z
sl-auto|MNST|2h|1765472400000|1765810800000,sl-auto,MNST,NASDAQ:MNST,2h,Swing 2H,LONG,Swing Low,2025-12-11 12:00,1765472400000,73.24,Flip Short,2025-12-15 10:00,1765810800000,74.56,144,10546.56,13,168.8,1.5989,240.01,2.2735,150.23,1.423,21.28,2026-07-25T13:31:27.871Z
sl-auto|MNST|2h|1767618000000|1768215600000,sl-auto,MNST,NASDAQ:MNST,2h,Swing 2H,LONG,Swing Low,2026-01-05 08:00,1767618000000,75.84,Flip Short,2026-01-12 06:00,1768215600000,77.12,141,10693.44,36,158.91,1.4846,285.41,2.6663,146.05,1.3645,21.57,2026-07-25T13:31:27.871Z
sl-auto|MNST|2h|1769763600000|1771340400000,sl-auto,MNST,NASDAQ:MNST,2h,Swing 2H,LONG,Swing Low,2026-01-30 04:00,1769763600000,79.63,Flip Short,2026-02-17 10:00,1771340400000,82.52,136,10829.68,84,370.99,3.4222,466.53,4.3036,10.83,0.0999,22.05,2026-07-25T13:31:27.871Z
sl-auto|MNST|2h|1772146800000|1772204400000,sl-auto,MNST,NASDAQ:MNST,2h,Swing 2H,LONG,Swing Low,2026-02-26 18:00,1772146800000,84.6,Flip Short,2026-02-27 10:00,1772204400000,85.4,132,11167.2,4,83.16,0.7439,365.03,3.2655,145.81,1.3044,22.44,2026-07-25T13:31:27.871Z
sl-auto|MNST|2h|1772485200000|1773669600000,sl-auto,MNST,NASDAQ:MNST,2h,Swing 2H,LONG,Swing Low,2026-03-02 16:00,1772485200000,81.1,Flip Short,2026-03-16 10:00,1773669600000,78.38,139,11272.9,74,-400.25,-3.547,80.47,0.7131,1088.52,9.6465,22.17,2026-07-25T13:31:27.871Z
sl-auto|MNST|2h|1773864000000|1775505600000,sl-auto,MNST,NASDAQ:MNST,2h,Swing 2H,LONG,Swing Low,2026-03-18 16:00,1773864000000,74.17,Flip Short,2026-04-06 16:00,1775505600000,74.14,147,10902.99,83,-26.21,-0.2402,296.33,2.7151,497.47,4.5582,21.8,2026-07-25T13:31:27.871Z
sl-auto|MNST|2h|1777903200000|1778191200000,sl-auto,MNST,NASDAQ:MNST,2h,Swing 2H,LONG,Swing Low,2026-05-04 10:00,1777903200000,75.23,Flip Short,2026-05-07 18:00,1778191200000,82,145,10908.35,24,958.85,8.7813,970.74,8.8902,99.36,0.9099,22.8,2026-07-25T13:31:27.871Z
sl-auto|MNST|2h|1783540800000|1784210400000,sl-auto,MNST,NASDAQ:MNST,2h,Swing 2H,LONG,Swing Low,2026-07-08 16:00,1783540800000,95.19,Flip Short,2026-07-16 10:00,1784210400000,99.6,124,11803.56,41,522.69,4.4238,543.72,4.6018,96.12,0.8135,24.15,2026-07-25T13:31:27.871Z
sl-auto|ASHR|2h|1748340000000|1749139200000,sl-auto,ASHR,AMEX:ASHR,2h,Swing 2H,LONG,Swing Low,2025-05-27 06:00,1748340000000,26.65,Flip Short,2025-06-05 12:00,1749139200000,26.96,354,9434.1,48,90.76,0.9611,125.09,1.3246,204.13,2.1616,18.98,2026-07-25T13:31:41.853Z
sl-auto|ASHR|2h|1750665600000|1750759200000,sl-auto,ASHR,AMEX:ASHR,2h,Swing 2H,LONG,Swing Low,2025-06-23 04:00,1750665600000,26.74,Flip Short,2025-06-24 06:00,1750759200000,27.12,359,9599.66,8,117.08,1.2185,137.59,1.4319,16.78,0.1746,19.34,2026-07-25T13:31:41.853Z
sl-auto|ASHR|2h|1753956000000|1754992800000,sl-auto,ASHR,AMEX:ASHR,2h,Swing 2H,LONG,Swing Low,2025-07-31 06:00,1753956000000,28.47,Flip Short,2025-08-12 06:00,1754992800000,29.02,339,9651.33,51,166.96,1.7282,176.8,1.83,101.18,1.0473,19.49,2026-07-25T13:31:41.853Z
sl-auto|ASHR|2h|1756980000000|1757584800000,sl-auto,ASHR,AMEX:ASHR,2h,Swing 2H,LONG,Swing Low,2025-09-04 06:00,1756980000000,30.85,Flip Short,2025-09-11 06:00,1757584800000,32.28,318,9810.3,33,434.66,4.4263,451.29,4.5956,19.35,0.197,20.08,2026-07-25T13:31:41.853Z
sl-auto|ASHR|2h|1759932000000|1760004000000,sl-auto,ASHR,AMEX:ASHR,2h,Swing 2H,LONG,Swing Low,2025-10-08 10:00,1759932000000,32.73,Flip Short,2025-10-09 06:00,1760004000000,33.34,313,10244.49,4,170.25,1.6602,199.47,1.9451,13.37,0.1304,20.68,2026-07-25T13:31:41.853Z
sl-auto|ASHR|2h|1760097600000|1761242400000,sl-auto,ASHR,AMEX:ASHR,2h,Swing 2H,LONG,Swing Low,2025-10-10 08:00,1760097600000,32.69,Flip Short,2025-10-23 14:00,1761242400000,32.79,318,10395.42,59,10.98,0.1055,24.58,0.2363,512.84,4.9284,20.82,2026-07-25T13:31:41.853Z
sl-auto|ASHR|2h|1762261200000|1763046000000,sl-auto,ASHR,AMEX:ASHR,2h,Swing 2H,LONG,Swing Low,2025-11-04 08:00,1762261200000,32.64,Flip Short,2025-11-13 10:00,1763046000000,33.45,319,10412.16,46,237.31,2.2769,260.74,2.5017,109.3,1.0487,21.08,2026-07-25T13:31:41.853Z
sl-auto|ASHR|2h|1763391600000|1764608400000,sl-auto,ASHR,AMEX:ASHR,2h,Swing 2H,LONG,Swing Low,2025-11-17 10:00,1763391600000,32.7,Flip Short,2025-12-01 12:00,1764608400000,32.8,325,10627.5,48,11.21,0.1054,34.87,0.3278,429.88,4.0409,21.29,2026-07-25T13:31:41.853Z
sl-auto|ASHR|2h|1765911600000|1767092400000,sl-auto,ASHR,AMEX:ASHR,2h,Swing 2H,LONG,Swing Low,2025-12-16 14:00,1765911600000,32.49,Flip Short,2025-12-30 06:00,1767092400000,33,328,10656.72,53,145.8,1.3668,225.5,2.114,99.22,0.9301,21.48,2026-07-25T13:31:41.853Z
sl-auto|ASHR|2h|1768582800000|1769684400000,sl-auto,ASHR,AMEX:ASHR,2h,Swing 2H,LONG,Swing Low,2026-01-16 12:00,1768582800000,33.57,Flip Short,2026-01-29 06:00,1769684400000,34.03,321,10775.97,48,125.96,1.1677,146.51,1.3583,68.56,0.6356,21.7,2026-07-25T13:31:41.853Z
sl-auto|ASHR|2h|1769799600000|1770670800000,sl-auto,ASHR,AMEX:ASHR,2h,Swing 2H,LONG,Swing Low,2026-01-30 14:00,1769799600000,33.5,Flip Short,2026-02-09 16:00,1770670800000,34.03,326,10921,38,150.77,1.3791,194.46,1.7788,206.52,1.8892,22.01,2026-07-25T13:31:41.853Z
sl-auto|ASHR|2h|1772535600000|1775642400000,sl-auto,ASHR,AMEX:ASHR,2h,Swing 2H,LONG,Swing Low,2026-03-03 06:00,1772535600000,33.31,Flip Short,2026-04-08 06:00,1775642400000,33.45,332,11058.92,154,24.32,0.2197,221.34,1.9995,562.18,5.0784,22.16,2026-07-25T13:31:41.853Z
sl-auto|ASHR|2h|1778839200000|1780048800000,sl-auto,ASHR,AMEX:ASHR,2h,Swing 2H,LONG,Swing Low,2026-05-15 06:00,1778839200000,35.52,Flip Short,2026-05-29 06:00,1780048800000,36.03,312,11082.24,56,136.8,1.2331,207.32,1.8689,204.52,1.8437,22.32,2026-07-25T13:31:41.853Z
sl-auto|ASHR|2h|1780653600000|1781704800000,sl-auto,ASHR,AMEX:ASHR,2h,Swing 2H,LONG,Swing Low,2026-06-05 06:00,1780653600000,35.61,Flip Short,2026-06-17 10:00,1781704800000,36.26,317,11288.37,50,183.27,1.6219,210.61,1.8639,394.86,3.4944,22.78,2026-07-25T13:31:41.853Z
sl-auto|EWY|2h|1753992000000|1755021600000,sl-auto,EWY,AMEX:EWY,2h,Swing 2H,LONG,Swing Low,2025-07-31 16:00,1753992000000,72.56,Flip Short,2025-08-12 14:00,1755021600000,74.02,130,9432.8,60,170.74,1.8083,180.37,1.9102,464.43,4.9187,19.06,2026-07-25T13:31:47.612Z
sl-auto|EWY|2h|1755525600000|1757080800000,sl-auto,EWY,AMEX:EWY,2h,Swing 2H,LONG,Swing Low,2025-08-18 10:00,1755525600000,72.7,Flip Short,2025-09-05 10:00,1757080800000,73.89,132,9596.4,96,137.73,1.4338,148.8,1.5491,243.24,2.5321,19.35,2026-07-25T13:31:47.612Z
sl-auto|EWY|2h|1758880800000|1759348800000,sl-auto,EWY,AMEX:EWY,2h,Swing 2H,LONG,Swing Low,2025-09-26 06:00,1758880800000,78.21,Flip Short,2025-10-01 16:00,1759348800000,81.87,125,9776.25,27,437.49,4.4706,457.72,4.6773,32.28,0.3298,20.01,2026-07-25T13:31:47.612Z
sl-auto|EWY|2h|1760112000000|1760522400000,sl-auto,EWY,AMEX:EWY,2h,Swing 2H,LONG,Swing Low,2025-10-10 12:00,1760112000000,82.16,Flip Short,2025-10-15 06:00,1760522400000,84.99,124,10187.84,21,330.19,3.2378,354.37,3.4749,473.95,4.6474,20.73,2026-07-25T13:31:47.612Z
sl-auto|EWY|2h|1762333200000|1764673200000,sl-auto,EWY,AMEX:EWY,2h,Swing 2H,LONG,Swing Low,2025-11-05 04:00,1762333200000,93.2,Flip Short,2025-12-02 06:00,1764673200000,92.25,113,10531.6,142,-128.31,-1.2171,531.87,5.0452,766.5,7.2708,20.96,2026-07-25T13:31:47.612Z
sl-auto|EWY|2h|1765882800000|1766574000000,sl-auto,EWY,AMEX:EWY,2h,Swing 2H,LONG,Swing Low,2025-12-16 06:00,1765882800000,89.37,Flip Short,2025-12-24 06:00,1766574000000,93.85,116,10366.92,45,498.43,4.8031,558.03,5.3774,122.89,1.1842,21.25,2026-07-25T13:31:47.612Z
sl-auto|EWY|2h|1770368400000|1770822000000,sl-auto,EWY,AMEX:EWY,2h,Swing 2H,LONG,Swing Low,2026-02-06 04:00,1770368400000,118.62,Flip Short,2026-02-11 10:00,1770822000000,128.03,93,11031.66,27,852.19,7.7172,884.56,8.0104,77.06,0.6979,22.94,2026-07-25T13:31:47.612Z
sl-auto|EWY|2h|1772535600000|1773828000000,sl-auto,EWY,AMEX:EWY,2h,Swing 2H,LONG,Swing Low,2026-03-03 06:00,1772535600000,130,Flip Short,2026-03-18 06:00,1773828000000,138.62,89,11570,88,743.27,6.4177,938.06,8.0996,831.26,7.1774,23.91,2026-07-25T13:31:47.612Z
sl-auto|EWY|2h|1774260000000|1775635200000,sl-auto,EWY,AMEX:EWY,2h,Swing 2H,LONG,Swing Low,2026-03-23 06:00,1774260000000,122.81,Flip Short,2026-04-08 04:00,1775635200000,136.74,100,12281,87,1367.05,11.1203,1433.72,11.6626,980.28,7.9741,25.95,2026-07-25T13:31:47.612Z
sl-auto|EWY|2h|1779134400000|1779789600000,sl-auto,EWY,AMEX:EWY,2h,Swing 2H,LONG,Swing Low,2026-05-18 16:00,1779134400000,176,Flip Short,2026-05-26 06:00,1779789600000,193.79,77,13552,35,1341.36,9.888,1373.22,10.1228,693.46,5.1119,28.47,2026-07-25T13:31:47.612Z
sl-auto|EWY|2h|1780653600000|1781517600000,sl-auto,EWY,AMEX:EWY,2h,Swing 2H,LONG,Swing Low,2026-06-05 06:00,1780653600000,193.79,Flip Short,2026-06-15 06:00,1781517600000,205.62,77,14921.83,48,880.16,5.8925,981.46,6.5708,1568.01,10.4977,30.75,2026-07-25T13:31:47.612Z
sl-auto|EWY|2h|1782223200000|1783980000000,sl-auto,EWY,AMEX:EWY,2h,Swing 2H,LONG,Swing Low,2026-06-23 10:00,1782223200000,197.74,Stop Loss,2026-07-13 18:00,1783980000000,166.69,79,15621.46,108,-2481.74,-15.8709,1291.04,8.2563,2468.57,15.7867,28.79,2026-07-25T13:31:47.612Z
sl-auto|MU|2h|1755684000000|1756389600000,sl-auto,MU,NASDAQ:MU,2h,Swing 2H,LONG,Swing Low,2025-08-20 06:00,1755684000000,118.14,Flip Short,2025-08-28 10:00,1756389600000,118.97,80,9451.2,50,47.43,0.5014,251.35,2.6568,383.85,4.0573,18.97,2026-07-25T13:31:56.065Z
sl-auto|MU|2h|1756821600000|1757066400000,sl-auto,MU,NASDAQ:MU,2h,Swing 2H,LONG,Swing Low,2025-09-02 10:00,1756821600000,116.05,Flip Short,2025-09-05 06:00,1757066400000,125.27,82,9516.1,22,736.25,7.7292,758,7.9575,44.78,0.4701,19.79,2026-07-25T13:31:56.065Z
sl-auto|MU|2h|1758823200000|1759334400000,sl-auto,MU,NASDAQ:MU,2h,Swing 2H,LONG,Swing Low,2025-09-25 14:00,1758823200000,155.33,Flip Short,2025-10-01 12:00,1759334400000,178.61,65,10096.45,31,1491.49,14.7577,1507.65,14.9176,53,0.5244,21.71,2026-07-25T13:31:56.065Z
sl-auto|MU|2h|1760112000000|1760608800000,sl-auto,MU,NASDAQ:MU,2h,Swing 2H,LONG,Swing Low,2025-10-10 12:00,1760112000000,184.37,Flip Short,2025-10-16 06:00,1760608800000,197.6,63,11615.31,29,809.43,6.9617,871.64,7.4968,595,5.1174,24.06,2026-07-25T13:31:56.065Z
sl-auto|MU|2h|1762333200000|1762369200000,sl-auto,MU,NASDAQ:MU,2h,Swing 2H,LONG,Swing Low,2025-11-05 04:00,1762333200000,218.99,Flip Short,2025-11-05 14:00,1762369200000,237.26,58,12701.42,5,1033.2,8.1264,1083.5,8.522,108.4,0.8526,26.46,2026-07-25T13:31:56.065Z
sl-auto|MU|2h|1763478000000|1763737200000,sl-auto,MU,NASDAQ:MU,2h,Swing 2H,LONG,Swing Low,2025-11-18 10:00,1763478000000,230.43,Stop Loss,2025-11-21 10:00,1763737200000,194.25,58,13364.94,24,-2123.07,-15.8695,415.84,3.1083,2111.8,15.7853,24.63,2026-07-25T13:31:56.065Z
sl-auto|MU|2h|1765875600000|1766156400000,sl-auto,MU,NASDAQ:MU,2h,Swing 2H,LONG,Swing Low,2025-12-16 04:00,1765875600000,235.97,Flip Short,2025-12-19 10:00,1766156400000,266.62,48,11326.56,27,1447.08,12.7632,1545.31,13.6296,696.77,6.1455,24.12,2026-07-25T13:31:56.065Z
sl-auto|MU|2h|1770217200000|1770894000000,sl-auto,MU,NASDAQ:MU,2h,Swing 2H,LONG,Swing Low,2026-02-04 10:00,1770217200000,405.95,Flip Short,2026-02-12 06:00,1770894000000,423.48,31,12584.45,46,517.72,4.1098,655.47,5.2033,1319.23,10.4726,25.71,2026-07-25T13:31:56.065Z
sl-auto|MU|2h|1772204400000|1773244800000,sl-auto,MU,NASDAQ:MU,2h,Swing 2H,LONG,Swing Low,2026-02-27 10:00,1772204400000,410.67,Flip Short,2026-03-11 12:00,1773244800000,417.38,32,13141.44,65,188.22,1.4309,372.46,2.8314,1802.58,13.7031,26.5,2026-07-25T13:31:56.065Z
sl-auto|MU|2h|1774281600000|1774879200000,sl-auto,MU,NASDAQ:MU,2h,Swing 2H,LONG,Swing Low,2026-03-23 12:00,1774281600000,403.08,Stop Loss,2026-03-30 10:00,1774879200000,339.79,33,13301.64,39,-2113.08,-15.87,218.03,1.6375,2101.87,15.7858,24.51,2026-07-25T13:31:56.065Z
sl-auto|MU|2h|1779127200000|1779789600000,sl-auto,MU,NASDAQ:MU,2h,Swing 2H,LONG,Swing Low,2026-05-18 14:00,1779127200000,679.46,Flip Short,2026-05-26 06:00,1779789600000,795.22,16,10871.36,36,1828.57,16.8032,1856.81,17.0628,446.71,4.105,23.59,2026-07-25T13:31:56.065Z
sl-auto|MU|2h|1780682400000|1781517600000,sl-auto,MU,NASDAQ:MU,2h,Swing 2H,LONG,Swing Low,2026-06-05 14:00,1780682400000,905.36,Flip Short,2026-06-15 06:00,1781517600000,1054.1,14,12675.04,44,2054.93,16.1962,2238.53,17.6432,786.32,6.1975,27.43,2026-07-25T13:31:56.065Z
sl-auto|MU|2h|1782324000000|1782388800000,sl-auto,MU,NASDAQ:MU,2h,Swing 2H,LONG,Swing Low,2026-06-24 14:00,1782324000000,1014.66,Flip Short,2026-06-25 08:00,1782388800000,1232.5,14,14205.24,5,3018.3,21.2266,3237.99,22.7716,344.05,2.4195,31.46,2026-07-25T13:31:56.065Z
sl-auto|MU|2h|1782986400000|1784210400000,sl-auto,MU,NASDAQ:MU,2h,Swing 2H,LONG,Swing Low,2026-07-02 06:00,1782986400000,1006.5,Stop Loss,2026-07-16 10:00,1784210400000,848.47,17,17110.5,74,-2718.04,-15.8694,1119.85,6.5383,2703.62,15.7852,31.53,2026-07-25T13:31:56.065Z
sl-auto|RY|2h|1727974800000|1728658800000,sl-auto,RY,TSX:RY,2h,Swing 2H,LONG,Swing Low,2024-10-03 13:00,1727974800000,164.53,Flip Short,2024-10-11 11:00,1728658800000,169.21,57,9378.21,23,247.74,2.639,268.21,2.8571,50.42,0.5371,19.02,2026-07-25T13:32:13.020Z
sl-auto|RY|2h|1730386800000|1731340800000,sl-auto,RY,TSX:RY,2h,Swing 2H,LONG,Swing Low,2024-10-31 11:00,1730386800000,169.1,Flip Short,2024-11-11 11:00,1731340800000,173.58,57,9638.7,28,235.83,2.4442,246.29,2.5527,61.51,0.6375,19.53,2026-07-25T13:32:13.020Z
sl-auto|RY|2h|1734552000000|1737741600000,sl-auto,RY,TSX:RY,2h,Swing 2H,LONG,Swing Low,2024-12-18 15:00,1734552000000,174.46,Flip Short,2025-01-24 13:00,1737741600000,175.72,57,9944.22,93,51.86,0.521,101.21,1.0167,317.17,3.1863,19.96,2026-07-25T13:32:13.020Z
sl-auto|RY|2h|1738598400000|1740499200000,sl-auto,RY,TSX:RY,2h,Swing 2H,LONG,Swing Low,2025-02-03 11:00,1738598400000,174.82,Flip Short,2025-02-25 11:00,1740499200000,170.7,57,9964.74,60,-254.53,-2.5518,0,0,430.05,4.3115,19.69,2026-07-25T13:32:13.020Z
sl-auto|RY|2h|1740672000000|1742835600000,sl-auto,RY,TSX:RY,2h,Swing 2H,LONG,Swing Low,2025-02-27 11:00,1740672000000,167.17,Flip Short,2025-03-24 13:00,1742835600000,165.4,58,9695.86,69,-121.95,-1.2565,277.98,2.8642,603.62,6.2193,19.29,2026-07-25T13:32:13.020Z
sl-auto|RY|2h|1743778800000|1745420400000,sl-auto,RY,TSX:RY,2h,Swing 2H,LONG,Swing Low,2025-04-04 11:00,1743778800000,158.14,Flip Short,2025-04-23 11:00,1745420400000,164.97,60,9488.4,48,390.41,4.1105,456.71,4.8086,422.89,4.4524,19.39,2026-07-25T13:32:13.020Z
sl-auto|RY|2h|1753729200000|1754672400000,sl-auto,RY,TSX:RY,2h,Swing 2H,LONG,Swing Low,2025-07-28 15:00,1753729200000,179.1,Flip Short,2025-08-08 13:00,1754672400000,182.54,55,9850.5,31,169.31,1.7171,195.3,1.9807,207.85,2.1079,19.89,2026-07-25T13:32:13.020Z
sl-auto|RY|2h|1759942800000|1760619600000,sl-auto,RY,TSX:RY,2h,Swing 2H,LONG,Swing Low,2025-10-08 13:00,1759942800000,202.81,Flip Short,2025-10-16 09:00,1760619600000,206.08,50,10140.5,18,143.06,1.4093,166.36,1.6389,109.64,1.0801,20.44,2026-07-25T13:32:13.020Z
sl-auto|RY|2h|1762531200000|1762970400000,sl-auto,RY,TSX:RY,2h,Swing 2H,LONG,Swing Low,2025-11-07 11:00,1762531200000,203.25,Flip Short,2025-11-12 13:00,1762970400000,208.4,50,10162.5,13,236.92,2.329,250.34,2.4609,84.66,0.8323,20.58,2026-07-25T13:32:13.020Z
sl-auto|RY|2h|1768406400000|1770652800000,sl-auto,RY,TSX:RY,2h,Swing 2H,LONG,Swing Low,2026-01-14 11:00,1768406400000,233.14,Flip Short,2026-02-09 11:00,1770652800000,234.1,45,10491.3,72,22.17,0.2111,112.36,1.0699,414.14,3.9435,21.03,2026-07-25T13:32:13.020Z
sl-auto|RY|2h|1772208000000|1775055600000,sl-auto,RY,TSX:RY,2h,Swing 2H,LONG,Swing Low,2026-02-27 11:00,1772208000000,227.05,Flip Short,2026-04-01 11:00,1775055600000,227.32,46,10444.3,92,-8.48,-0.0811,165.28,1.5809,472.28,4.5174,20.9,2026-07-25T13:32:13.020Z
sl-auto|BE|2h|1758722400000|1759327200000,sl-auto,BE,NYSE:BE,2h,Swing 2H,LONG,Swing Low,2025-09-24 10:00,1758722400000,68.21,Flip Short,2025-10-01 10:00,1759327200000,84.19,139,9481.19,40,2200.04,23.181,2741.33,28.8845,958.85,10.1031,21.18,2026-07-25T13:32:20.296Z
sl-auto|BE|2h|1760133600000|1760356800000,sl-auto,BE,NYSE:BE,2h,Swing 2H,LONG,Swing Low,2025-10-10 18:00,1760133600000,83.1,Flip Short,2025-10-13 08:00,1760356800000,112.29,139,11550.9,3,4030.25,34.8564,4839.55,41.8557,11.55,0.0999,27.16,2026-07-25T13:32:20.296Z
sl-auto|BE|2h|1761148800000|1761688800000,sl-auto,BE,NYSE:BE,2h,Swing 2H,LONG,Swing Low,2025-10-22 12:00,1761148800000,91.94,Flip Short,2025-10-28 18:00,1761688800000,135.28,167,15353.98,35,7199.83,46.8455,7242.47,47.1228,634.92,4.1311,37.95,2026-07-25T13:32:20.296Z
sl-auto|BE|2h|1762959600000|1763046000000,sl-auto,BE,NYSE:BE,2h,Swing 2H,LONG,Swing Low,2025-11-12 10:00,1762959600000,122.45,Stop Loss,2025-11-13 10:00,1763046000000,103.22,181,22163.45,8,-3521.48,-15.8728,1132.62,5.1052,3502.79,15.7886,40.85,2026-07-25T13:32:20.296Z
sl-auto|BE|2h|1765407600000|1765897200000,sl-auto,BE,NYSE:BE,2h,Swing 2H,LONG,Swing Low,2025-12-10 18:00,1765407600000,99.05,Stop Loss,2025-12-16 10:00,1765897200000,83.49,190,18819.5,28,-2991.08,-15.8776,2099.68,11.1458,2975.22,15.7934,34.68,2026-07-25T13:32:20.296Z
sl-auto|BE|2h|1769461200000|1769598000000,sl-auto,BE,NYSE:BE,2h,Swing 2H,LONG,Swing Low,2026-01-26 16:00,1769461200000,139.54,Flip Short,2026-01-28 06:00,1769598000000,156.25,115,16047.1,11,1887.63,11.7513,1973.45,12.2856,390.95,2.4338,34.02,2026-07-25T13:32:20.296Z
sl-auto|BE|2h|1770231600000|1771585200000,sl-auto,BE,NYSE:BE,2h,Swing 2H,LONG,Swing Low,2026-02-04 14:00,1770231600000,139.41,Flip Short,2026-02-20 06:00,1771585200000,158.55,128,17844.48,84,2411.78,13.5021,3100.24,17.3563,1093.04,6.1193,38.14,2026-07-25T13:32:20.296Z
sl-auto|BE|2h|1772809200000|1773950400000,sl-auto,BE,NYSE:BE,2h,Swing 2H,LONG,Swing Low,2026-03-06 10:00,1772809200000,150.47,Flip Short,2026-03-19 16:00,1773950400000,166.76,133,20012.51,75,2124.38,10.6046,2306.16,11.5121,2726.56,13.6107,42.19,2026-07-25T13:32:20.296Z
sl-auto|BE|2h|1774036800000|1774872000000,sl-auto,BE,NYSE:BE,2h,Swing 2H,LONG,Swing Low,2026-03-20 16:00,1774036800000,150.97,Stop Loss,2026-03-30 08:00,1774872000000,127.26,147,22192.59,44,-3526.27,-15.8735,984.76,4.4329,3507.56,15.7893,40.9,2026-07-25T13:32:20.296Z
sl-auto|BE|2h|1778176800000|1778781600000,sl-auto,BE,NYSE:BE,2h,Swing 2H,LONG,Swing Low,2026-05-07 14:00,1778176800000,263.44,Flip Short,2026-05-14 14:00,1778781600000,306.68,71,18704.24,40,3029.56,16.181,3074.06,16.4187,1033.29,5.5189,40.48,2026-07-25T13:32:20.296Z
sl-auto|BE|2h|1779134400000|1779379200000,sl-auto,BE,NYSE:BE,2h,Swing 2H,LONG,Swing Low,2026-05-18 16:00,1779134400000,258.74,Flip Short,2026-05-21 12:00,1779379200000,312.29,83,21475.42,22,4397.25,20.4553,4936.94,22.9658,1422.52,6.6173,47.4,2026-07-25T13:32:20.296Z
sl-auto|BE|2h|1780675200000|1781128800000,sl-auto,BE,NYSE:BE,2h,Swing 2H,LONG,Swing Low,2026-06-05 12:00,1780675200000,269.29,Stop Loss,2026-06-10 18:00,1781128800000,227.01,95,25582.55,27,-4063.75,-15.869,1058.37,4.1329,4042.18,15.7848,47.15,2026-07-25T13:32:20.296Z
sl-auto|BE|2h|1782482400000|1783526400000,sl-auto,BE,NYSE:BE,2h,Swing 2H,LONG,Swing Low,2026-06-26 10:00,1782482400000,281.44,Stop Loss,2026-07-08 12:00,1783526400000,237.25,78,21952.32,57,-3487.28,-15.8698,5316.37,24.1936,3468.77,15.7856,40.46,2026-07-25T13:32:20.296Z
sl-auto|TD|2h|1728572400000|1730995200000,sl-auto,TD,TSX:TD,2h,Swing 2H,LONG,Swing Low,2024-10-10 11:00,1728572400000,82.26,Flip Short,2024-11-07 11:00,1730995200000,79.26,115,9459.9,76,-363.57,-3.8395,100.94,1.066,740.86,7.8238,18.57,2026-07-25T13:32:26.980Z
sl-auto|TD|2h|1733414400000|1735315200000,sl-auto,TD,TSX:TD,2h,Swing 2H,LONG,Swing Low,2024-12-05 11:00,1733414400000,75.03,Flip Short,2024-12-27 11:00,1735315200000,76.45,121,9078.63,54,153.49,1.689,186.94,2.0571,228.09,2.5099,18.33,2026-07-25T13:32:26.980Z
sl-auto|TD|2h|1738598400000|1739203200000,sl-auto,TD,TSX:TD,2h,Swing 2H,LONG,Swing Low,2025-02-03 11:00,1738598400000,83.13,Flip Short,2025-02-10 11:00,1739203200000,85.8,111,9227.43,20,277.62,3.0056,303.79,3.289,153.53,1.6622,18.75,2026-07-25T13:32:26.980Z
sl-auto|TD|2h|1741104000000|1742490000000,sl-auto,TD,TSX:TD,2h,Swing 2H,LONG,Swing Low,2025-03-04 11:00,1741104000000,84.57,Flip Short,2025-03-20 13:00,1742490000000,85.95,112,9471.84,49,135.46,1.4287,178.69,1.8846,218.91,2.3089,19.1,2026-07-25T13:32:26.980Z
sl-auto|TD|2h|1743606000000|1745341200000,sl-auto,TD,TSX:TD,2h,Swing 2H,LONG,Swing Low,2025-04-02 11:00,1743606000000,85.11,Flip Short,2025-04-22 13:00,1745341200000,85.58,113,9617.43,53,33.82,0.3513,102.25,1.0621,806.27,8.375,19.29,2026-07-25T13:32:26.980Z
sl-auto|TD|2h|1754060400000|1755183600000,sl-auto,TD,TSX:TD,2h,Swing 2H,LONG,Swing Low,2025-08-01 11:00,1754060400000,99.93,Flip Short,2025-08-14 11:00,1755183600000,102.82,97,9693.21,32,260.66,2.6864,276.46,2.8492,37.82,0.3898,19.67,2026-07-25T13:32:26.980Z
sl-auto|TD|2h|1756400400000|1758049200000,sl-auto,TD,TSX:TD,2h,Swing 2H,LONG,Swing Low,2025-08-28 13:00,1756400400000,100.21,Flip Short,2025-09-16 15:00,1758049200000,107.03,99,9920.79,49,654.66,6.5923,681.1,6.8585,29.72,0.2993,20.52,2026-07-25T13:32:26.980Z
sl-auto|TD|2h|1762538400000|1764000000000,sl-auto,TD,TSX:TD,2h,Swing 2H,LONG,Swing Low,2025-11-07 13:00,1762538400000,112.46,Flip Short,2025-11-24 11:00,1764000000000,116.22,94,10571.24,43,331.94,3.1369,347.57,3.2846,10.57,0.0999,21.5,2026-07-25T13:32:26.980Z
sl-auto|TD|2h|1769011200000|1770393600000,sl-auto,TD,TSX:TD,2h,Swing 2H,LONG,Swing Low,2026-01-21 11:00,1769011200000,128.88,Flip Short,2026-02-06 11:00,1770393600000,131.6,84,10825.92,48,206.6,1.9065,217.65,2.0085,215.79,1.9912,21.88,2026-07-25T13:32:26.980Z
sl-auto|TD|2h|1772812800000|1775156400000,sl-auto,TD,TSX:TD,2h,Swing 2H,LONG,Swing Low,2026-03-06 11:00,1772812800000,130.34,Flip Short,2026-04-02 15:00,1775156400000,132.3,85,11078.9,78,144.28,1.301,161.47,1.456,402.93,3.6333,22.32,2026-07-25T13:32:26.980Z
sl-auto|TD|2h|1783522800000|1784041200000,sl-auto,TD,TSX:TD,2h,Swing 2H,LONG,Swing Low,2026-07-08 11:00,1783522800000,167.49,Flip Short,2026-07-14 11:00,1784041200000,172.69,67,11221.83,16,325.61,2.8987,380.73,3.3894,86.26,0.7679,22.79,2026-07-25T13:32:26.980Z
sl-auto|GOOGL|2h|1755705600000|1755885600000,sl-auto,GOOGL,NASDAQ:GOOGL,2h,Swing 2H,LONG,Swing Low,2025-08-20 12:00,1755705600000,198.59,Flip Short,2025-08-22 14:00,1755885600000,207.57,47,9333.73,17,402.97,4.313,436.23,4.669,31.42,0.3363,19.09,2026-07-25T13:32:31.945Z
sl-auto|GOOGL|2h|1758794400000|1759780800000,sl-auto,GOOGL,NASDAQ:GOOGL,2h,Swing 2H,LONG,Swing Low,2025-09-25 06:00,1758794400000,244.93,Flip Short,2025-10-06 16:00,1759780800000,250.45,40,9797.2,61,200.98,2.0494,245.8,2.5064,262.2,2.6736,19.82,2026-07-25T13:32:31.945Z
sl-auto|GOOGL|2h|1760112000000|1760544000000,sl-auto,GOOGL,NASDAQ:GOOGL,2h,Swing 2H,LONG,Swing Low,2025-10-10 12:00,1760112000000,238.76,Flip Short,2025-10-15 12:00,1760544000000,249.21,42,10027.92,24,418.41,4.1682,550.25,5.4817,240.61,2.397,20.49,2026-07-25T13:32:31.945Z
sl-auto|GOOGL|2h|1763125200000|1763564400000,sl-auto,GOOGL,NASDAQ:GOOGL,2h,Swing 2H,LONG,Swing Low,2025-11-14 08:00,1763125200000,271.35,Flip Short,2025-11-19 10:00,1763564400000,300.5,38,10311.3,25,1085.97,10.5213,1150.59,11.1474,38.81,0.376,21.73,2026-07-25T13:32:31.945Z
sl-auto|GOOGL|2h|1765220400000|1766502000000,sl-auto,GOOGL,NASDAQ:GOOGL,2h,Swing 2H,LONG,Swing Low,2025-12-08 14:00,1765220400000,313.18,Flip Short,2025-12-23 10:00,1766502000000,313.49,36,11274.48,86,-11.4,-0.101,281.05,2.4903,639.83,5.6694,22.56,2026-07-25T13:32:31.945Z
sl-auto|GOOGL|2h|1768906800000|1769518800000,sl-auto,GOOGL,NASDAQ:GOOGL,2h,Swing 2H,LONG,Swing Low,2026-01-20 06:00,1768906800000,319.88,Flip Short,2026-01-27 08:00,1769518800000,337.06,35,11195.8,41,578.31,5.1602,635.6,5.6715,70.7,0.6308,22.99,2026-07-25T13:32:31.945Z
sl-auto|GOOGL|2h|1770246000000|1771844400000,sl-auto,GOOGL,NASDAQ:GOOGL,2h,Swing 2H,LONG,Swing Low,2026-02-04 18:00,1770246000000,328.14,Flip Short,2026-02-23 06:00,1771844400000,316.16,36,11813.04,90,-454.47,-3.8434,204.55,1.7298,1159.85,9.8086,23.19,2026-07-25T13:32:31.945Z
sl-auto|GOOGL|2h|1772463600000|1773151200000,sl-auto,GOOGL,NASDAQ:GOOGL,2h,Swing 2H,LONG,Swing Low,2026-03-02 10:00,1772463600000,304.63,Flip Short,2026-03-10 10:00,1773151200000,305.91,38,11575.94,48,25.44,0.2195,140.42,1.2119,546.62,4.7173,23.2,2026-07-25T13:32:31.945Z
sl-auto|GOOGL|2h|1774029600000|1775066400000,sl-auto,GOOGL,NASDAQ:GOOGL,2h,Swing 2H,LONG,Swing Low,2026-03-20 14:00,1774029600000,300.44,Flip Short,2026-04-01 14:00,1775066400000,298.83,38,11416.72,64,-83.95,-0.7346,267.12,2.3374,1092.14,9.5566,22.77,2026-07-25T13:32:31.945Z
sl-auto|GOOGL|2h|1779480000000|1781532000000,sl-auto,GOOGL,NASDAQ:GOOGL,2h,Swing 2H,LONG,Swing Low,2026-05-22 16:00,1779480000000,382.97,Flip Short,2026-06-15 10:00,1781532000000,369.2,30,11489.1,117,-435.67,-3.7882,315.51,2.7434,1109.49,9.6472,22.57,2026-07-25T13:32:31.945Z
sl-auto|GOOGL|2h|1782144000000|1782842400000,sl-auto,GOOGL,NASDAQ:GOOGL,2h,Swing 2H,LONG,Swing Low,2026-06-22 12:00,1782144000000,345.99,Flip Short,2026-06-30 14:00,1782842400000,356.35,32,11071.68,49,309.05,2.7885,393.09,3.5468,411.07,3.7091,22.47,2026-07-25T13:32:31.945Z
sl-auto|GOOGL|2h|1784023200000|1784138400000,sl-auto,GOOGL,NASDAQ:GOOGL,2h,Swing 2H,LONG,Swing Low,2026-07-14 06:00,1784023200000,350.98,Flip Short,2026-07-15 14:00,1784138400000,372.11,32,11231.36,12,653.02,5.8085,713.89,6.3499,58.59,0.5212,23.14,2026-07-25T13:32:31.945Z
sl-auto|TQQQ|2h|1755619200000|1756324800000,sl-auto,TQQQ,NASDAQ:TQQQ,2h,Swing 2H,LONG,Swing Low,2025-08-19 12:00,1755619200000,45.19,Flip Short,2025-08-27 16:00,1756324800000,45.52,210,9489.9,50,50.25,0.529,101.81,1.0718,639.49,6.7319,19.05,2026-07-25T13:32:37.676Z
sl-auto|TQQQ|2h|1756821600000|1757080800000,sl-auto,TQQQ,NASDAQ:TQQQ,2h,Swing 2H,LONG,Swing Low,2025-09-02 10:00,1756821600000,43.28,Flip Short,2025-09-05 10:00,1757080800000,46.84,220,9521.6,24,763.37,8.0093,835.28,8.7637,262.52,2.7544,19.83,2026-07-25T13:32:37.676Z
sl-auto|TQQQ|2h|1760112000000|1760990400000,sl-auto,TQQQ,NASDAQ:TQQQ,2h,Swing 2H,LONG,Swing Low,2025-10-10 12:00,1760112000000,51.25,Flip Short,2025-10-20 16:00,1760990400000,53.95,200,10250,50,518.96,5.058,591.75,5.7674,914.25,8.9106,21.04,2026-07-25T13:32:37.676Z
sl-auto|TQQQ|2h|1762282800000|1763658000000,sl-auto,TQQQ,NASDAQ:TQQQ,2h,Swing 2H,LONG,Swing Low,2025-11-04 14:00,1762282800000,56.18,Stop Loss,2025-11-20 12:00,1763658000000,47.35,191,10730.38,95,-1706.3,-15.8857,241.39,2.2473,1697.26,15.8015,19.77,2026-07-25T13:32:37.676Z
sl-auto|TQQQ|2h|1765465200000|1766523600000,sl-auto,TQQQ,NASDAQ:TQQQ,2h,Swing 2H,LONG,Swing Low,2025-12-11 10:00,1765465200000,54.14,Flip Short,2025-12-23 16:00,1766523600000,55.02,168,9095.52,67,129.5,1.4224,479.78,5.2697,810.46,8.9016,18.34,2026-07-25T13:32:37.676Z
sl-auto|TQQQ|2h|1767178800000|1767798000000,sl-auto,TQQQ,NASDAQ:TQQQ,2h,Swing 2H,LONG,Swing Low,2025-12-31 06:00,1767178800000,53.55,Flip Short,2026-01-07 10:00,1767798000000,55.32,172,9210.6,34,285.71,3.0989,317.59,3.4446,341.17,3.7004,18.73,2026-07-25T13:32:37.676Z
sl-auto|TQQQ|2h|1768410000000|1769511600000,sl-auto,TQQQ,NASDAQ:TQQQ,2h,Swing 2H,LONG,Swing Low,2026-01-14 12:00,1768410000000,52.75,Flip Short,2026-01-27 06:00,1769511600000,56.12,180,9495,61,587,6.1761,598.9,6.3013,493.69,5.1943,19.6,2026-07-25T13:32:37.676Z
sl-auto|TQQQ|2h|1770030000000|1772024400000,sl-auto,TQQQ,NASDAQ:TQQQ,2h,Swing 2H,LONG,Swing Low,2026-02-02 06:00,1770030000000,52.31,Flip Short,2026-02-25 08:00,1772024400000,50.41,192,10043.52,129,-384.52,-3.8247,721.48,7.1763,1354.04,13.4683,19.72,2026-07-25T13:32:37.676Z
sl-auto|TQQQ|2h|1772449200000|1774612800000,sl-auto,TQQQ,NASDAQ:TQQQ,2h,Swing 2H,LONG,Swing Low,2026-03-02 06:00,1772449200000,47.52,Stop Loss,2026-03-27 08:00,1774612800000,40.05,204,9694.08,153,-1541.74,-15.8881,687.99,7.0899,1533.57,15.8039,17.86,2026-07-25T13:32:37.676Z
sl-auto|TQQQ|2h|1779206400000|1779789600000,sl-auto,TQQQ,NASDAQ:TQQQ,2h,Swing 2H,LONG,Swing Low,2026-05-19 12:00,1779206400000,72.13,Flip Short,2026-05-26 06:00,1779789600000,80.16,114,8222.82,29,898.06,10.9106,907.2,11.0217,28.74,0.3492,17.36,2026-07-25T13:32:37.676Z
sl-auto|TQQQ|2h|1780668000000|1781020800000,sl-auto,TQQQ,NASDAQ:TQQQ,2h,Swing 2H,LONG,Swing Low,2026-06-05 10:00,1780668000000,79.36,Stop Loss,2026-06-09 12:00,1781020800000,66.9,114,9047.04,17,-1437.11,-15.869,151.69,1.675,1429.49,15.7848,16.67,2026-07-25T13:32:37.676Z
sl-auto|TQQQ|2h|1782223200000|1784894400000,sl-auto,TQQQ,NASDAQ:TQQQ,2h,Swing 2H,LONG,Swing Low,2026-06-23 10:00,1782223200000,76.77,Stop Loss,2026-07-24 08:00,1784894400000,64.71,100,7677,175,-1220.15,-15.8777,468.32,6.0942,1213.68,15.7935,14.15,2026-07-25T13:32:37.676Z
sl-auto|KARURVYSYA|2h|1725427800000|1729222200000,sl-auto,KARURVYSYA,BSE:KARURVYSYA,2h,Swing 2H,LONG,Swing Low,2024-09-04 01:30,1725427800000,183.65,Flip Short,2024-10-17 23:30,1729222200000,177.5,51,9366.15,123,-332.07,-3.5419,207.38,2.212,1164.52,12.4208,18.42,2026-07-25T13:32:42.647Z
sl-auto|KARURVYSYA|2h|1731483000000|1732779000000,sl-auto,KARURVYSYA,BSE:KARURVYSYA,2h,Swing 2H,LONG,Swing Low,2024-11-13 02:30,1731483000000,177.45,Flip Short,2024-11-28 02:30,1732779000000,196.4,51,9049.95,36,947.38,10.4579,1031.35,11.3848,187.55,2.0703,19.07,2026-07-25T13:32:42.647Z
sl-auto|KARURVYSYA|2h|1734499800000|1737365400000,sl-auto,KARURVYSYA,BSE:KARURVYSYA,2h,Swing 2H,LONG,Swing Low,2024-12-18 00:30,1734499800000,189.35,Flip Short,2025-01-20 04:30,1737365400000,187.25,53,10035.55,90,-131.26,-1.3066,201.96,2.0105,1017.04,10.1242,19.96,2026-07-25T13:32:42.647Z
sl-auto|KARURVYSYA|2h|1739777400000|1741851000000,sl-auto,KARURVYSYA,BSE:KARURVYSYA,2h,Swing 2H,LONG,Swing Low,2025-02-17 02:30,1739777400000,184.45,Stop Loss,2025-03-13 03:30,1741851000000,155.45,53,9775.85,68,-1555.01,-15.8908,61.77,0.6313,1546.78,15.8066,18.01,2026-07-25T13:32:42.647Z
sl-auto|KARURVYSYA|2h|1744003800000|1744795800000,sl-auto,KARURVYSYA,BSE:KARURVYSYA,2h,Swing 2H,LONG,Swing Low,2025-04-07 01:30,1744003800000,167.5,Flip Short,2025-04-16 05:30,1744795800000,181.15,50,8375,22,665.07,7.9332,719.13,8.578,28.38,0.3385,17.43,2026-07-25T13:32:42.647Z
sl-auto|KARURVYSYA|2h|1746595800000|1747200600000,sl-auto,KARURVYSYA,BSE:KARURVYSYA,2h,Swing 2H,LONG,Swing Low,2025-05-07 01:30,1746595800000,175.75,Flip Short,2025-05-14 01:30,1747200600000,184,51,8963.25,20,402.4,4.485,501.04,5.5843,462.86,5.1589,18.35,2026-07-25T13:32:42.647Z
sl-auto|KARURVYSYA|2h|1753421400000|1756092600000,sl-auto,KARURVYSYA,BSE:KARURVYSYA,2h,Swing 2H,LONG,Swing Low,2025-07-25 01:30,1753421400000,219.95,Stop Loss,2025-08-24 23:30,1756092600000,180.6,43,9457.85,79,-1709.27,-18.0545,115.24,1.2173,1701.51,17.9725,17.22,2026-07-25T13:32:42.647Z
sl-auto|KARURVYSYA|2h|1758879000000|1759735800000,sl-auto,KARURVYSYA,BSE:KARURVYSYA,2h,Swing 2H,LONG,Swing Low,2025-09-26 05:30,1758879000000,205.55,Flip Short,2025-10-06 03:30,1759735800000,219,38,7810.9,19,494.97,6.3305,543.19,6.9473,28.71,0.3672,16.13,2026-07-25T13:32:42.647Z
sl-auto|KARURVYSYA|2h|1764041400000|1766136600000,sl-auto,KARURVYSYA,BSE:KARURVYSYA,2h,Swing 2H,LONG,Swing Low,2025-11-24 22:30,1764041400000,243.25,Flip Short,2025-12-19 04:30,1766136600000,251.85,34,8270.5,75,275.57,3.3286,442.23,5.3417,225.87,2.7283,16.83,2026-07-25T13:32:42.647Z
sl-auto|KARURVYSYA|2h|1768966200000|1769491800000,sl-auto,KARURVYSYA,BSE:KARURVYSYA,2h,Swing 2H,LONG,Swing Low,2026-01-20 22:30,1768966200000,254.45,Flip Short,2026-01-27 00:30,1769491800000,292.05,33,8396.85,13,1222.77,14.5476,1308.3,15.5653,135.45,1.6115,18.03,2026-07-25T13:32:42.647Z
sl-auto|KARURVYSYA|2h|1772429400000|1773977400000,sl-auto,KARURVYSYA,BSE:KARURVYSYA,2h,Swing 2H,LONG,Swing Low,2026-03-02 00:30,1772429400000,319.9,Stop Loss,2026-03-19 23:30,1773977400000,269.65,30,9597,51,-1525.19,-15.8765,6.9,0.0719,1517.1,15.7922,17.69,2026-07-25T13:32:42.647Z
sl-auto|KARURVYSYA|2h|1778563800000|1781501400000,sl-auto,KARURVYSYA,BSE:KARURVYSYA,2h,Swing 2H,LONG,Swing Low,2026-05-12 01:30,1778563800000,285.6,Flip Short,2026-06-15 01:30,1781501400000,291.9,29,8282.4,92,165.95,2.0017,436.87,5.2694,491.13,5.9239,16.75,2026-07-25T13:32:42.647Z
sl-auto|ICICIBANK|2h|1727947800000|1729575000000,sl-auto,ICICIBANK,BSE:ICICIBANK,2h,Swing 2H,LONG,Swing Low,2024-10-03 05:30,1727947800000,1257.45,Flip Short,2024-10-22 01:30,1729575000000,1281.7,7,8802.15,50,151.98,1.7249,170.05,1.93,284.95,3.2341,17.77,2026-07-25T13:32:48.346Z
sl-auto|ICICIBANK|2h|1731569400000|1733290200000,sl-auto,ICICIBANK,BSE:ICICIBANK,2h,Swing 2H,LONG,Swing Low,2024-11-14 02:30,1731569400000,1256,Flip Short,2024-12-04 00:30,1733290200000,1316.45,7,8792,47,405.14,4.6035,424.86,4.8275,169.79,1.9293,18.01,2026-07-25T13:32:48.346Z
sl-auto|ICICIBANK|2h|1734586200000|1738647000000,sl-auto,ICICIBANK,BSE:ICICIBANK,2h,Swing 2H,LONG,Swing Low,2024-12-19 00:30,1734586200000,1290.8,Flip Short,2025-02-04 00:30,1738647000000,1268,7,9035.6,132,-177.51,-1.9626,243.66,2.694,735.64,8.1334,17.91,2026-07-25T13:32:48.346Z
sl-auto|ICICIBANK|2h|1739770200000|1741843800000,sl-auto,ICICIBANK,BSE:ICICIBANK,2h,Swing 2H,LONG,Swing Low,2025-02-17 00:30,1739770200000,1238.9,Flip Short,2025-03-13 01:30,1741843800000,1253.8,7,8672.3,68,86.85,1.0005,161.43,1.8596,279.57,3.2205,17.45,2026-07-25T13:32:48.346Z
sl-auto|ICICIBANK|2h|1744003800000|1744781400000,sl-auto,ICICIBANK,BSE:ICICIBANK,2h,Swing 2H,LONG,Swing Low,2025-04-07 01:30,1744003800000,1282.3,Flip Short,2025-04-16 01:30,1744781400000,1346.2,7,8976.1,20,428.9,4.7735,534.92,5.9535,125.18,1.3932,18.4,2026-07-25T13:32:48.346Z
sl-auto|ICICIBANK|2h|1746783000000|1747107000000,sl-auto,ICICIBANK,BSE:ICICIBANK,2h,Swing 2H,LONG,Swing Low,2025-05-09 05:30,1746783000000,1389.65,Flip Short,2025-05-12 23:30,1747107000000,1441.95,7,9727.55,5,346.28,3.5562,430.92,4.4255,29.68,0.3048,19.82,2026-07-25T13:32:48.346Z
sl-auto|ICICIBANK|2h|1749015000000|1750923000000,sl-auto,ICICIBANK,BSE:ICICIBANK,2h,Swing 2H,LONG,Swing Low,2025-06-04 01:30,1749015000000,1430.2,Flip Short,2025-06-26 03:30,1750923000000,1434.4,7,10011.4,65,9.35,0.0933,251.09,2.5055,214.06,2.136,20.05,2026-07-25T13:32:48.346Z
sl-auto|ICICIBANK|2h|1752211800000|1753075800000,sl-auto,ICICIBANK,BSE:ICICIBANK,2h,Swing 2H,LONG,Swing Low,2025-07-11 01:30,1752211800000,1418.25,Flip Short,2025-07-21 01:30,1753075800000,1463.75,7,9927.75,24,298.33,3.002,323.62,3.2565,79.23,0.7972,20.17,2026-07-25T13:32:48.346Z
sl-auto|ICICIBANK|2h|1754544600000|1757914200000,sl-auto,ICICIBANK,BSE:ICICIBANK,2h,Swing 2H,LONG,Swing Low,2025-08-07 01:30,1754544600000,1433.7,Flip Short,2025-09-15 01:30,1757914200000,1424.7,7,10035.9,100,-83.01,-0.8263,117.71,1.1718,358.64,3.57,20.01,2026-07-25T13:32:48.346Z
sl-auto|ICICIBANK|2h|1758691800000|1760506200000,sl-auto,ICICIBANK,BSE:ICICIBANK,2h,Swing 2H,LONG,Swing Low,2025-09-24 01:30,1758691800000,1378.65,Flip Short,2025-10-15 01:30,1760506200000,1393.3,7,9650.55,56,83.15,0.8607,98.15,1.016,259.2,2.6832,19.4,2026-07-25T13:32:48.346Z
sl-auto|ICICIBANK|2h|1761629400000|1763019000000,sl-auto,ICICIBANK,BSE:ICICIBANK,2h,Swing 2H,LONG,Swing Low,2025-10-28 01:30,1761629400000,1359,Flip Short,2025-11-13 02:30,1763019000000,1389.6,8,10872,45,222.81,2.0474,238.73,2.1936,342.87,3.1506,21.99,2026-07-25T13:32:48.346Z
sl-auto|ICICIBANK|2h|1765431000000|1767591000000,sl-auto,ICICIBANK,BSE:ICICIBANK,2h,Swing 2H,LONG,Swing Low,2025-12-11 00:30,1765431000000,1360.6,Flip Short,2026-01-05 00:30,1767591000000,1374.4,8,10884.8,64,88.52,0.8124,102.72,0.9427,210.88,1.9355,21.88,2026-07-25T13:32:48.346Z
sl-auto|ICICIBANK|2h|1769067000000|1770874200000,sl-auto,ICICIBANK,BSE:ICICIBANK,2h,Swing 2H,LONG,Swing Low,2026-01-22 02:30,1769067000000,1340.05,Flip Short,2026-02-12 00:30,1770874200000,1423.55,8,10720.4,59,645.89,6.0189,692.88,6.4567,121.12,1.1287,22.11,2026-07-25T13:32:48.346Z
sl-auto|ICICIBANK|2h|1771558200000|1775626200000,sl-auto,ICICIBANK,BSE:ICICIBANK,2h,Swing 2H,LONG,Swing Low,2026-02-19 22:30,1771558200000,1385.75,Flip Short,2026-04-08 01:30,1775626200000,1310.1,8,11086,117,-626.77,-5.648,182.51,1.6447,1596.69,14.3883,21.57,2026-07-25T13:32:48.346Z
sl-auto|ICICIBANK|2h|1777455000000|1779766200000,sl-auto,ICICIBANK,BSE:ICICIBANK,2h,Swing 2H,LONG,Swing Low,2026-04-29 05:30,1777455000000,1282.6,Flip Short,2026-05-25 23:30,1779766200000,1291.9,8,10260.8,69,53.8,0.5238,80.54,0.7841,486.26,4.7343,20.6,2026-07-25T13:32:48.346Z
sl-auto|ICICIBANK|2h|1780385400000|1781076600000,sl-auto,ICICIBANK,BSE:ICICIBANK,2h,Swing 2H,LONG,Swing Low,2026-06-02 03:30,1780385400000,1234,Flip Short,2026-06-10 03:30,1781076600000,1299.45,9,11106,24,566.25,5.0935,633.74,5.7006,192.01,1.7271,22.8,2026-07-25T13:32:48.346Z
pyr25|JNUG|2h|1758204000000|1758535200000,pyr25,JNUG,AMEX:JNUG,2h,Swing 2H,LONG,Swing Low,2025-09-18 10:00,1758204000000,126.6,Flip Short,2025-09-22 06:00,1758535200000,147.98,60,7596,14,1266.33,16.6543,1283.6,16.8815,124,1.6308,16.47,2026-07-25T14:21:51.244Z
pyr25|JNUG|2h|1761048000000|1762772400000,pyr25,JNUG,AMEX:JNUG,2h,Swing 2H,LONG,Swing Low,2025-10-21 08:00,1761048000000,164.43,Flip Short,2025-11-10 06:00,1762772400000,147.03,52,8550.36,110,-921,-10.7607,0,0,2227.91,26.0303,16.2,2026-07-25T14:21:51.244Z
pyr25|JNUG|2h|1761127200000|1762772400000,pyr25,JNUG,AMEX:JNUG,2h,Swing 2H,LONG,Pyramid Add,2025-10-22 06:00,1761127200000,137.4,Flip Short,2025-11-10 06:00,1762772400000,147.03,13,1786.2,103,121.49,6.7949,208.94,11.686,205.24,11.4786,3.7,2026-07-25T14:21:51.244Z
pyr25|JNUG|2h|1763679600000|1764097200000,pyr25,JNUG,AMEX:JNUG,2h,Swing 2H,LONG,Swing Low,2025-11-20 18:00,1763679600000,137.07,Flip Short,2025-11-25 14:00,1764097200000,160.14,57,7812.99,20,1298.05,16.5974,1370.45,17.5231,296.8,3.795,16.94,2026-07-25T14:21:51.244Z
pyr25|JNUG|2h|1767373200000|1767978000000,pyr25,JNUG,AMEX:JNUG,2h,Swing 2H,LONG,Swing Low,2026-01-02 12:00,1767373200000,196,Flip Short,2026-01-09 12:00,1767978000000,238,45,8820,40,1870.47,21.186,1926.18,21.817,146.97,1.6647,19.53,2026-07-25T14:21:51.244Z
pyr25|JNUG|2h|1769770800000|1770670800000,pyr25,JNUG,AMEX:JNUG,2h,Swing 2H,LONG,Swing Low,2026-01-30 06:00,1769770800000,275.98,Flip Short,2026-02-09 16:00,1770670800000,281.2,37,10211.26,53,172.52,1.6879,471.16,4.6095,2858.47,27.9654,20.62,2026-07-25T14:21:51.244Z
pyr25|JNUG|2h|1769799600000|1770670800000,pyr25,JNUG,AMEX:JNUG,2h,Swing 2H,LONG,Pyramid Add,2026-01-30 14:00,1769799600000,250.8,Flip Short,2026-02-09 16:00,1770670800000,281.2,9,2257.2,49,268.81,11.8972,273.59,12.1088,468.46,20.7332,4.79,2026-07-25T14:21:51.244Z
pyr25|JNUG|2h|1772550000000|1774972800000,pyr25,JNUG,AMEX:JNUG,2h,Swing 2H,LONG,Swing Low,2026-03-03 10:00,1772550000000,279,Flip Short,2026-03-31 12:00,1774972800000,187.2,38,10602,161,-3506.12,-33.0373,1338.78,12.615,5538.08,52.184,17.72,2026-07-25T14:21:51.244Z
pyr25|JNUG|2h|1773417600000|1774972800000,pyr25,JNUG,AMEX:JNUG,2h,Swing 2H,LONG,Pyramid Add,2026-03-13 12:00,1773417600000,224.17,Flip Short,2026-03-31 12:00,1774972800000,187.2,9,2017.53,96,-336.43,-16.6588,104.45,5.1721,817.69,40.4886,3.7,2026-07-25T14:21:51.244Z
pyr25|JNUG|2h|1776787200000|1778076000000,pyr25,JNUG,AMEX:JNUG,2h,Swing 2H,LONG,Swing Low,2026-04-21 12:00,1776787200000,218.1,Flip Short,2026-05-06 10:00,1778076000000,204,35,7633.5,84,-508.27,-6.6518,93.87,1.2284,1617.63,21.1701,14.77,2026-07-25T14:21:51.244Z
pyr25|JNUG|2h|1777392000000|1778076000000,pyr25,JNUG,AMEX:JNUG,2h,Swing 2H,LONG,Pyramid Add,2026-04-28 12:00,1777392000000,184.32,Flip Short,2026-05-06 10:00,1778076000000,204,8,1474.56,46,154.33,10.4559,163.97,11.1085,99.23,6.7231,3.11,2026-07-25T14:21:51.244Z
pyr25|JNUG|2h|1778839200000|1780070400000,pyr25,JNUG,AMEX:JNUG,2h,Swing 2H,LONG,Swing Low,2026-05-15 06:00,1778839200000,195.89,Flip Short,2026-05-29 12:00,1780070400000,184.21,39,7639.71,72,-470.34,-6.1504,132.37,1.7309,1495.49,19.5557,14.82,2026-07-25T14:21:51.244Z
pyr25|JNUG|2h|1779199200000|1780070400000,pyr25,JNUG,AMEX:JNUG,2h,Swing 2H,LONG,Pyramid Add,2026-05-19 10:00,1779199200000,163.53,Flip Short,2026-05-29 12:00,1780070400000,184.21,9,1471.77,54,182.99,12.4209,232.17,15.759,53.58,3.637,3.13,2026-07-25T14:21:51.244Z
pyr25|JNUG|2h|1780653600000|1781532000000,pyr25,JNUG,AMEX:JNUG,2h,Swing 2H,LONG,Swing Low,2026-06-05 06:00,1780653600000,159.7,Flip Short,2026-06-15 10:00,1781532000000,163.9,46,7346.2,50,178.31,2.4249,299.47,4.0725,2205.69,29.9949,14.89,2026-07-25T14:21:51.244Z
pyr25|JNUG|2h|1780689600000|1781532000000,pyr25,JNUG,AMEX:JNUG,2h,Swing 2H,LONG,Pyramid Add,2026-06-05 16:00,1780689600000,131.25,Flip Short,2026-06-15 10:00,1781532000000,163.9,11,1443.75,45,355.9,24.6267,384.88,26.6315,214.18,14.8204,3.25,2026-07-25T14:21:51.244Z
pyr25|JNUG|2h|1782223200000|1783000800000,pyr25,JNUG,AMEX:JNUG,2h,Swing 2H,LONG,Swing Low,2026-06-23 10:00,1782223200000,133,Flip Short,2026-07-02 10:00,1783000800000,135.47,58,7714,53,127.69,1.6536,249.81,3.2351,1152.05,14.9197,15.57,2026-07-25T14:21:51.244Z
pyr25|JNUG|2h|1783504800000|1784728800000,pyr25,JNUG,AMEX:JNUG,2h,Swing 2H,LONG,Swing Low,2026-07-08 06:00,1783504800000,114.33,Flip Short,2026-07-22 10:00,1784728800000,127.48,68,7774.44,78,877.76,11.279,902.75,11.6001,1021.65,13.1281,16.44,2026-07-25T14:21:51.244Z
pyr25|SOXL|2h|1755684000000|1756389600000,pyr25,SOXL,AMEX:SOXL,2h,Swing 2H,LONG,Swing Low,2025-08-20 06:00,1755684000000,26.04,Flip Short,2025-08-28 10:00,1756389600000,28.14,291,7577.64,50,595.33,7.8486,885.79,11.6779,700.16,9.2306,15.77,2026-07-25T14:21:56.946Z
pyr25|SOXL|2h|1756807200000|1757455200000,pyr25,SOXL,AMEX:SOXL,2h,Swing 2H,LONG,Swing Low,2025-09-02 06:00,1756807200000,25.06,Flip Short,2025-09-09 18:00,1757455200000,27.65,321,8044.26,46,814.47,10.1147,826.56,10.2648,418.92,5.2025,16.92,2026-07-25T14:21:56.946Z
pyr25|SOXL|2h|1760112000000|1760976000000,pyr25,SOXL,AMEX:SOXL,2h,Swing 2H,LONG,Swing Low,2025-10-10 12:00,1760112000000,37.63,Flip Short,2025-10-20 12:00,1760976000000,42.55,230,8654.9,48,1113.16,12.8488,1233.35,14.236,1464.55,16.9048,18.44,2026-07-25T14:21:56.946Z
pyr25|SOXL|2h|1760133600000|1760976000000,pyr25,SOXL,AMEX:SOXL,2h,Swing 2H,LONG,Pyramid Add,2025-10-10 18:00,1760133600000,32.83,Flip Short,2025-10-20 12:00,1760976000000,42.55,57,1871.31,45,549.74,29.3481,579.53,30.9382,2.44,0.1303,4.3,2026-07-25T14:21:56.946Z
pyr25|SOXL|2h|1761156000000|1761314400000,pyr25,SOXL,AMEX:SOXL,2h,Swing 2H,LONG,Swing Low,2025-10-22 14:00,1761156000000,36.52,Flip Short,2025-10-24 10:00,1761314400000,43.41,272,9933.44,14,1852.34,18.6289,2068.15,20.7992,121.45,1.2215,21.74,2026-07-25T14:21:56.946Z
pyr25|SOXL|2h|1762268400000|1764176400000,pyr25,SOXL,AMEX:SOXL,2h,Swing 2H,LONG,Swing Low,2025-11-04 10:00,1762268400000,46.84,Flip Short,2025-11-26 12:00,1764176400000,39.13,242,11335.28,129,-1886.62,-16.6272,371.02,3.2699,4541.57,40.0258,20.8,2026-07-25T14:21:56.946Z
pyr25|SOXL|2h|1762527600000|1764176400000,pyr25,SOXL,AMEX:SOXL,2h,Swing 2H,LONG,Pyramid Add,2025-11-07 10:00,1762527600000,41.12,Flip Short,2025-11-26 12:00,1764176400000,39.13,60,2467.2,105,-124.22,-5.0296,261.53,10.5898,782.47,31.6831,4.81,2026-07-25T14:21:56.946Z
pyr25|SOXL|2h|1765558800000|1766746800000,pyr25,SOXL,AMEX:SOXL,2h,Swing 2H,LONG,Swing Low,2025-12-12 12:00,1765558800000,42.32,Flip Short,2025-12-26 06:00,1766746800000,44.72,231,9775.92,68,534.29,5.4599,570.03,5.8252,1539,15.727,20.11,2026-07-25T14:21:56.946Z
pyr25|SOXL|2h|1767214800000|1767358800000,pyr25,SOXL,AMEX:SOXL,2h,Swing 2H,LONG,Swing Low,2025-12-31 16:00,1767214800000,42.04,Flip Short,2026-01-02 08:00,1767358800000,44.83,243,10215.72,4,656.86,6.4235,704.2,6.8865,53.96,0.5276,21.11,2026-07-25T14:21:56.946Z
pyr25|SOXL|2h|1770030000000|1770822000000,pyr25,SOXL,AMEX:SOXL,2h,Swing 2H,LONG,Swing Low,2026-02-02 06:00,1770030000000,58.06,Flip Short,2026-02-11 10:00,1770822000000,67.38,184,10683.04,58,1691.8,15.8205,2018.84,18.8787,1617,15.121,23.08,2026-07-25T14:21:56.946Z
pyr25|SOXL|2h|1772125200000|1774389600000,pyr25,SOXL,AMEX:SOXL,2h,Swing 2H,LONG,Swing Low,2026-02-26 12:00,1772125200000,63.81,Flip Short,2026-03-24 18:00,1774389600000,56.93,188,11996.28,147,-1316.14,-10.9603,303.84,2.5303,3841.56,31.9909,22.7,2026-07-25T14:21:56.946Z
pyr25|SOXL|2h|1772550000000|1774389600000,pyr25,SOXL,AMEX:SOXL,2h,Swing 2H,LONG,Pyramid Add,2026-03-03 10:00,1772550000000,53.48,Flip Short,2026-03-24 18:00,1774389600000,56.93,47,2513.56,124,156.96,6.2383,233.9,9.2961,474.39,18.8545,5.19,2026-07-25T14:21:56.946Z
pyr25|SOXL|2h|1774612800000|1775484000000,pyr25,SOXL,AMEX:SOXL,2h,Swing 2H,LONG,Swing Low,2026-03-27 08:00,1774612800000,47.6,Flip Short,2026-04-06 10:00,1775484000000,54.48,233,11090.8,41,1579.26,14.2251,1852.91,16.69,1933.34,17.4145,23.78,2026-07-25T14:21:56.946Z
pyr25|SOXL|2h|1774900800000|1775484000000,pyr25,SOXL,AMEX:SOXL,2h,Swing 2H,LONG,Pyramid Add,2026-03-30 16:00,1774900800000,40.62,Flip Short,2026-04-06 10:00,1775484000000,54.48,58,2355.96,29,798.36,33.8531,866.48,36.7416,76.02,3.2233,5.52,2026-07-25T14:21:56.946Z
pyr25|SOXL|2h|1779120000000|1779458400000,pyr25,SOXL,AMEX:SOXL,2h,Swing 2H,LONG,Swing Low,2026-05-18 12:00,1779120000000,151.98,Flip Short,2026-05-22 10:00,1779458400000,189.61,85,12918.3,31,3169.51,24.5106,3186.48,24.6418,1453.67,11.2415,29.04,2026-07-25T14:21:56.946Z
pyr25|SOXL|2h|1780682400000|1781517600000,pyr25,SOXL,AMEX:SOXL,2h,Swing 2H,LONG,Swing Low,2026-06-05 14:00,1780682400000,204.3,Flip Short,2026-06-15 06:00,1781517600000,263.95,75,15322.5,44,4438.63,28.9391,4753.93,30.9948,3521.57,22.9601,35.12,2026-07-25T14:21:56.946Z
pyr25|SOXL|2h|1781028000000|1781517600000,pyr25,SOXL,AMEX:SOXL,2h,Swing 2H,LONG,Pyramid Add,2026-06-09 14:00,1781028000000,184.99,Flip Short,2026-06-15 06:00,1781517600000,263.95,18,3329.82,28,1413.2,42.3983,1488.87,44.6686,280.89,8.4272,8.08,2026-07-25T14:21:56.946Z
pyr25|SOXL|2h|1782244800000|1784930400000,pyr25,SOXL,AMEX:SOXL,2h,Swing 2H,LONG,Swing Low,2026-06-23 16:00,1782244800000,230.97,,2026-07-24 18:00,1784930400000,136.46,85,19632.45,177,-8064.58,-41.0368,3467.92,17.6466,9749.58,49.6109,19.63,2026-07-25T14:21:56.946Z
pyr25|SPXL|2h|1755698400000|1756310400000,pyr25,SPXL,AMEX:SPXL,2h,Swing 2H,LONG,Swing Low,2025-08-20 10:00,1755698400000,185.14,Flip Short,2025-08-27 12:00,1756310400000,194.65,41,7590.74,41,374.34,4.9266,387.24,5.0964,93.28,1.2276,15.57,2026-07-25T14:22:01.855Z
pyr25|SPXL|2h|1756821600000|1757066400000,pyr25,SPXL,AMEX:SPXL,2h,Swing 2H,LONG,Swing Low,2025-09-02 10:00,1756821600000,187.6,Flip Short,2025-09-05 06:00,1757066400000,197.41,42,7879.2,22,395.85,5.019,415.9,5.2732,165.38,2.0968,16.17,2026-07-25T14:22:01.855Z
pyr25|SPXL|2h|1760112000000|1760990400000,pyr25,SPXL,AMEX:SPXL,2h,Swing 2H,LONG,Swing Low,2025-10-10 12:00,1760112000000,206.47,Flip Short,2025-10-20 16:00,1760990400000,214.8,39,8052.33,50,308.44,3.8266,350.75,4.3515,552.49,6.8544,16.43,2026-07-25T14:22:01.855Z
pyr25|SPXL|2h|1762254000000|1762945200000,pyr25,SPXL,AMEX:SPXL,2h,Swing 2H,LONG,Swing Low,2025-11-04 06:00,1762254000000,218.69,Flip Short,2025-11-12 06:00,1762945200000,226.3,38,8310.22,48,272.27,3.2731,302.91,3.6414,580.21,6.9749,16.91,2026-07-25T14:22:01.855Z
pyr25|SPXL|2h|1763470800000|1764104400000,pyr25,SPXL,AMEX:SPXL,2h,Swing 2H,LONG,Swing Low,2025-11-18 08:00,1763470800000,203.18,Flip Short,2025-11-25 16:00,1764104400000,214.95,42,8533.56,44,476.78,5.5815,532.43,6.233,488.59,5.7198,17.56,2026-07-25T14:22:01.855Z
pyr25|SPXL|2h|1765558800000|1766487600000,pyr25,SPXL,AMEX:SPXL,2h,Swing 2H,LONG,Swing Low,2025-12-12 12:00,1765558800000,218.78,Flip Short,2025-12-23 06:00,1766487600000,224.36,41,8969.98,53,210.61,2.3456,236.62,2.6353,381.66,4.2506,18.17,2026-07-25T14:22:01.855Z
pyr25|SPXL|2h|1767214800000|1767726000000,pyr25,SPXL,AMEX:SPXL,2h,Swing 2H,LONG,Swing Low,2025-12-31 16:00,1767214800000,220.6,Flip Short,2026-01-06 14:00,1767726000000,229.88,41,9044.6,23,362.01,3.9985,372.26,4.1117,97.19,1.0735,18.47,2026-07-25T14:22:01.855Z
pyr25|SPXL|2h|1768410000000|1769526000000,pyr25,SPXL,AMEX:SPXL,2h,Swing 2H,LONG,Swing Low,2026-01-14 12:00,1768410000000,224.01,Flip Short,2026-01-27 10:00,1769526000000,231.53,42,9408.42,63,296.71,3.1505,365.65,3.8825,462.59,4.9118,19.13,2026-07-25T14:22:01.855Z
pyr25|SPXL|2h|1770145200000|1772031600000,pyr25,SPXL,AMEX:SPXL,2h,Swing 2H,LONG,Swing Low,2026-02-03 14:00,1770145200000,220.72,Flip Short,2026-02-25 10:00,1772031600000,225.12,43,9490.96,118,170.03,1.7897,473.83,4.9874,585.69,6.1649,19.17,2026-07-25T14:22:01.855Z
pyr25|SPXL|2h|1772449200000|1775491200000,pyr25,SPXL,AMEX:SPXL,2h,Swing 2H,LONG,Swing Low,2026-03-02 06:00,1772449200000,213.14,Flip Short,2026-04-06 12:00,1775491200000,191.17,45,9591.3,195,-1006.84,-10.487,389.11,4.0528,2038.19,21.2292,18.19,2026-07-25T14:22:01.855Z
pyr25|SPXL|2h|1774267200000|1775491200000,pyr25,SPXL,AMEX:SPXL,2h,Swing 2H,LONG,Pyramid Add,2026-03-23 08:00,1774267200000,191.65,Flip Short,2026-04-06 12:00,1775491200000,191.17,11,2108.15,74,-9.49,-0.4498,58.94,2.7931,261.6,12.3965,4.21,2026-07-25T14:22:01.855Z
pyr25|SPXL|2h|1779206400000|1779789600000,pyr25,SPXL,AMEX:SPXL,2h,Swing 2H,LONG,Swing Low,2026-05-19 12:00,1779206400000,260.13,Flip Short,2026-05-26 06:00,1779789600000,278.19,34,8844.42,29,595.74,6.729,608.94,6.8781,35.36,0.3995,18.3,2026-07-25T14:22:01.855Z
pyr25|SPXL|2h|1780668000000|1781539200000,pyr25,SPXL,AMEX:SPXL,2h,Swing 2H,LONG,Swing Low,2026-06-05 10:00,1780668000000,275.38,Flip Short,2026-06-15 12:00,1781539200000,281.8,34,9362.92,49,199.34,2.1269,209.26,2.2327,1032.42,11.0157,18.94,2026-07-25T14:22:01.855Z
pyr25|SPXL|2h|1782208800000|1782849600000,pyr25,SPXL,AMEX:SPXL,2h,Swing 2H,LONG,Swing Low,2026-06-23 06:00,1782208800000,259.39,Flip Short,2026-06-30 16:00,1782849600000,270.98,37,9597.43,45,409.21,4.2594,478.06,4.9762,343.71,3.5777,19.62,2026-07-25T14:22:01.855Z
pyr25|TNA|2h|1758808800000|1759435200000,pyr25,TNA,AMEX:TNA,2h,Swing 2H,LONG,Swing Low,2025-09-25 10:00,1758808800000,43.36,Flip Short,2025-10-02 16:00,1759435200000,46.37,175,7588,43,511.05,6.7282,526.16,6.9272,67.09,0.8832,15.7,2026-07-25T14:22:06.959Z
pyr25|TNA|2h|1760112000000|1760472000000,pyr25,TNA,AMEX:TNA,2h,Swing 2H,LONG,Swing Low,2025-10-10 12:00,1760112000000,44.63,Flip Short,2025-10-14 16:00,1760472000000,48.1,178,7944.14,18,601.15,7.5597,789.5,9.9282,766.22,9.6355,16.51,2026-07-25T14:22:06.959Z
pyr25|TNA|2h|1761919200000|1762959600000,pyr25,TNA,AMEX:TNA,2h,Swing 2H,LONG,Swing Low,2025-10-31 10:00,1761919200000,46.6,Flip Short,2025-11-12 10:00,1762959600000,46.36,181,8434.6,64,-60.27,-0.7138,89.31,1.0577,1016.6,12.0407,16.83,2026-07-25T14:22:06.959Z
pyr25|TNA|2h|1763067600000|1764010800000,pyr25,TNA,AMEX:TNA,2h,Swing 2H,LONG,Swing Low,2025-11-13 16:00,1763067600000,41.2,Flip Short,2025-11-24 14:00,1764010800000,42.36,203,8363.6,55,218.52,2.6101,241.33,2.8826,929.98,11.1083,16.96,2026-07-25T14:22:06.959Z
pyr25|TNA|2h|1765904400000|1767639600000,pyr25,TNA,AMEX:TNA,2h,Swing 2H,LONG,Swing Low,2025-12-16 12:00,1765904400000,47.83,Flip Short,2026-01-05 14:00,1767639600000,49.44,178,8513.74,96,269.27,3.1596,523.71,6.1452,457.07,5.3633,17.31,2026-07-25T14:22:06.959Z
pyr25|TNA|2h|1769677200000|1770411600000,pyr25,TNA,AMEX:TNA,2h,Swing 2H,LONG,Swing Low,2026-01-29 04:00,1769677200000,54.59,Flip Short,2026-02-06 16:00,1770411600000,55.54,161,8788.99,54,135.22,1.537,219.83,2.4987,887.85,10.0917,17.73,2026-07-25T14:22:06.959Z
pyr25|TNA|2h|1771866000000|1775584800000,pyr25,TNA,AMEX:TNA,2h,Swing 2H,LONG,Swing Low,2026-02-23 12:00,1771866000000,51.44,Flip Short,2026-04-07 14:00,1775584800000,46.42,172,8847.68,241,-880.27,-9.9392,742.79,8.3869,2079.73,23.4824,16.83,2026-07-25T14:22:06.959Z
pyr25|TNA|2h|1773050400000|1775584800000,pyr25,TNA,AMEX:TNA,2h,Swing 2H,LONG,Pyramid Add,2026-03-09 06:00,1773050400000,43.81,Flip Short,2026-04-07 14:00,1775584800000,46.42,43,1883.83,164,108.35,5.7458,269.02,14.266,191.51,10.156,3.88,2026-07-25T14:22:06.959Z
pyr25|TNA|2h|1777478400000|1777586400000,pyr25,TNA,AMEX:TNA,2h,Swing 2H,LONG,Swing Low,2026-04-29 12:00,1777478400000,57.21,Flip Short,2026-04-30 18:00,1777586400000,61.55,144,8238.24,11,607.86,7.3711,646.96,7.8453,114.8,1.3921,17.1,2026-07-25T14:22:06.959Z
pyr25|TNA|2h|1778853600000|1779472800000,pyr25,TNA,AMEX:TNA,2h,Swing 2H,LONG,Swing Low,2026-05-15 10:00,1778853600000,61,Flip Short,2026-05-22 14:00,1779472800000,65.5,143,8723,42,625.41,7.1625,730.59,8.367,729.44,8.3539,18.09,2026-07-25T14:22:06.959Z
pyr25|TNA|2h|1780668000000|1781280000000,pyr25,TNA,AMEX:TNA,2h,Swing 2H,LONG,Swing Low,2026-06-05 10:00,1780668000000,65.38,Flip Short,2026-06-12 12:00,1781280000000,69.53,141,9218.58,41,566.13,6.135,872.03,9.45,838.3,9.0845,19.02,2026-07-25T14:22:06.959Z
pyr25|UTSL|2h|1747231200000|1747396800000,pyr25,UTSL,AMEX:UTSL,2h,Swing 2H,LONG,Swing Low,2025-05-14 10:00,1747231200000,33.34,Flip Short,2025-05-16 08:00,1747396800000,36.77,227,7568.18,12,762.7,10.0676,773.31,10.2077,168.74,2.2273,15.91,2026-07-25T14:22:11.936Z
pyr25|UTSL|2h|1749571200000|1751047200000,pyr25,UTSL,AMEX:UTSL,2h,Swing 2H,LONG,Swing Low,2025-06-10 12:00,1749571200000,35.39,Flip Short,2025-06-27 14:00,1751047200000,36.87,230,8139.7,67,323.78,3.9738,458.76,5.6305,300.24,3.6849,16.62,2026-07-25T14:22:11.936Z
pyr25|UTSL|2h|1751983200000|1752163200000,pyr25,UTSL,AMEX:UTSL,2h,Swing 2H,LONG,Swing Low,2025-07-08 10:00,1751983200000,35.79,Flip Short,2025-07-10 12:00,1752163200000,37.75,232,8303.28,14,437.66,5.2656,460.34,5.5385,168.38,2.0259,17.06,2026-07-25T14:22:11.936Z
pyr25|UTSL|2h|1755266400000|1757592000000,pyr25,UTSL,AMEX:UTSL,2h,Swing 2H,LONG,Swing Low,2025-08-15 10:00,1755266400000,41.49,Flip Short,2025-09-11 08:00,1757592000000,40.25,210,8712.9,110,-277.57,-3.1825,373.49,4.2823,985.21,11.2962,17.17,2026-07-25T14:22:11.936Z
pyr25|UTSL|2h|1761148800000|1763031600000,pyr25,UTSL,AMEX:UTSL,2h,Swing 2H,LONG,Swing Low,2025-10-22 12:00,1761148800000,48.38,Flip Short,2025-11-13 06:00,1763031600000,47.73,176,8514.88,102,-131.32,-1.5406,676.13,7.9326,647.39,7.5955,16.92,2026-07-25T14:22:11.936Z
pyr25|UTSL|2h|1763643600000|1764327600000,pyr25,UTSL,AMEX:UTSL,2h,Swing 2H,LONG,Swing Low,2025-11-20 08:00,1763643600000,46.33,Flip Short,2025-11-28 06:00,1764327600000,47.5,186,8617.38,30,200.17,2.3205,209,2.4229,516.4,5.9865,17.45,2026-07-25T14:22:11.936Z
pyr25|UTSL|2h|1764781200000|1767373200000,pyr25,UTSL,AMEX:UTSL,2h,Swing 2H,LONG,Swing Low,2025-12-03 12:00,1764781200000,43.5,Flip Short,2026-01-02 12:00,1767373200000,41.74,198,8613,119,-365.36,-4.2377,98.31,1.1402,895.65,10.3885,16.88,2026-07-25T14:22:11.936Z
pyr25|UTSL|2h|1767632400000|1768424400000,pyr25,UTSL,AMEX:UTSL,2h,Swing 2H,LONG,Swing Low,2026-01-05 12:00,1767632400000,39.14,Flip Short,2026-01-14 16:00,1768424400000,41.61,213,8336.82,50,508.91,6.0983,590.19,7.0723,310.8,3.7243,17.2,2026-07-25T14:22:11.936Z
pyr25|UTSL|2h|1769180400000|1769698800000,pyr25,UTSL,AMEX:UTSL,2h,Swing 2H,LONG,Swing Low,2026-01-23 10:00,1769180400000,39.45,Flip Short,2026-01-29 10:00,1769698800000,42.97,221,8718.45,26,759.71,8.7051,775.83,8.8898,108.17,1.2394,18.21,2026-07-25T14:22:11.936Z
pyr25|UTSL|2h|1772557200000|1773669600000,pyr25,UTSL,AMEX:UTSL,2h,Swing 2H,LONG,Swing Low,2026-03-03 12:00,1772557200000,51.6,Flip Short,2026-03-16 10:00,1773669600000,53.15,181,9339.6,55,261.59,2.7981,392.48,4.1981,479.94,5.1336,18.96,2026-07-25T14:22:11.936Z
pyr25|UTSL|2h|1774022400000|1775138400000,pyr25,UTSL,AMEX:UTSL,2h,Swing 2H,LONG,Swing Low,2026-03-20 12:00,1774022400000,47.1,Flip Short,2026-04-02 10:00,1775138400000,50.17,199,9372.9,53,591.57,6.3052,641.36,6.8358,721.79,7.6932,19.36,2026-07-25T14:22:11.936Z
pyr25|UTSL|2h|1776362400000|1777564800000,pyr25,UTSL,AMEX:UTSL,2h,Swing 2H,LONG,Swing Low,2026-04-16 14:00,1776362400000,49.23,Flip Short,2026-04-30 12:00,1777564800000,50.5,202,9944.46,59,236.39,2.3748,347.6,3.4919,886.62,8.9069,20.15,2026-07-25T14:22:11.936Z
pyr25|UTSL|2h|1778162400000|1779458400000,pyr25,UTSL,AMEX:UTSL,2h,Swing 2H,LONG,Swing Low,2026-05-07 10:00,1778162400000,46.34,Flip Short,2026-05-22 10:00,1779458400000,45.4,218,10102.12,78,-224.92,-2.2242,24.78,0.245,1239.62,12.2587,20,2026-07-25T14:22:11.936Z
pyr25|UTSL|2h|1780315200000|1781539200000,pyr25,UTSL,AMEX:UTSL,2h,Swing 2H,LONG,Swing Low,2026-06-01 08:00,1780315200000,42.56,Flip Short,2026-06-15 12:00,1781539200000,43.51,233,9916.48,64,201.3,2.0279,248.71,2.5056,813.77,8.198,20.05,2026-07-25T14:22:11.936Z
pyr25|UTSL|2h|1784318400000|1784829600000,pyr25,UTSL,AMEX:UTSL,2h,Swing 2H,LONG,Swing Low,2026-07-17 16:00,1784318400000,45,Flip Short,2026-07-23 14:00,1784829600000,47.55,226,10170,22,555.38,5.4555,697.21,6.8487,398.89,3.9183,20.92,2026-07-25T14:22:11.936Z
pyr25|YINN|2h|1756303200000|1757340000000,pyr25,YINN,AMEX:YINN,2h,Swing 2H,LONG,Swing Low,2025-08-27 10:00,1756303200000,44.18,Flip Short,2025-09-08 10:00,1757340000000,47.7,172,7598.96,56,589.64,7.7517,676.96,8.8997,76.4,1.0044,15.8,2026-07-25T14:22:16.803Z
pyr25|YINN|2h|1758578400000|1759226400000,pyr25,YINN,AMEX:YINN,2h,Swing 2H,LONG,Swing Low,2025-09-22 18:00,1758578400000,52.49,Flip Short,2025-09-30 06:00,1759226400000,55.01,153,8030.97,42,369.11,4.5915,386.71,4.8104,340.04,4.2299,16.45,2026-07-25T14:22:16.803Z
pyr25|YINN|2h|1759852800000|1760990400000,pyr25,YINN,AMEX:YINN,2h,Swing 2H,LONG,Swing Low,2025-10-07 12:00,1759852800000,53.38,Flip Short,2025-10-20 16:00,1760990400000,50.58,155,8273.9,74,-450.11,-5.4347,171.53,2.071,2017.07,24.3544,16.11,2026-07-25T14:22:16.803Z
pyr25|YINN|2h|1760112000000|1760990400000,pyr25,YINN,AMEX:YINN,2h,Swing 2H,LONG,Pyramid Add,2025-10-10 12:00,1760112000000,46.05,Flip Short,2025-10-20 16:00,1760990400000,50.58,38,1749.9,50,168.47,9.6177,182.55,10.4216,215.69,12.3135,3.67,2026-07-25T14:22:16.803Z
pyr25|YINN|2h|1761904800000|1762772400000,pyr25,YINN,AMEX:YINN,2h,Swing 2H,LONG,Swing Low,2025-10-31 06:00,1761904800000,47.05,Flip Short,2025-11-10 06:00,1762772400000,50.48,172,8092.6,48,573.18,7.0758,643.79,7.9473,264.37,3.2636,16.78,2026-07-25T14:22:16.803Z
pyr25|YINN|2h|1763413200000|1764932400000,pyr25,YINN,AMEX:YINN,2h,Swing 2H,LONG,Swing Low,2025-11-17 16:00,1763413200000,46.86,Flip Short,2025-12-05 06:00,1764932400000,47.1,182,8528.52,96,26.58,0.3113,64.27,0.7529,1075.05,12.5927,17.1,2026-07-25T14:22:16.803Z
pyr25|YINN|2h|1765278000000|1766761200000,pyr25,YINN,AMEX:YINN,2h,Swing 2H,LONG,Swing Low,2025-12-09 06:00,1765278000000,43.35,Flip Short,2025-12-26 10:00,1766761200000,44.43,197,8539.95,97,195.47,2.2866,468.2,5.477,467.55,5.4694,17.29,2026-07-25T14:22:16.803Z
pyr25|YINN|2h|1767020400000|1767351600000,pyr25,YINN,AMEX:YINN,2h,Swing 2H,LONG,Swing Low,2025-12-29 10:00,1767020400000,42.89,Flip Short,2026-01-02 06:00,1767351600000,46.4,203,8706.67,22,694.4,7.9676,776.9,8.9142,124.42,1.4276,18.13,2026-07-25T14:22:16.803Z
pyr25|YINN|2h|1768906800000|1769518800000,pyr25,YINN,AMEX:YINN,2h,Swing 2H,LONG,Swing Low,2026-01-20 06:00,1768906800000,44.32,Flip Short,2026-01-27 08:00,1769518800000,47.54,208,9218.56,41,650.65,7.051,668.86,7.2483,136.1,1.4749,19.11,2026-07-25T14:22:16.803Z
pyr25|YINN|2h|1770030000000|1770750000000,pyr25,YINN,AMEX:YINN,2h,Swing 2H,LONG,Swing Low,2026-02-02 06:00,1770030000000,44.41,Flip Short,2026-02-10 14:00,1770750000000,45.45,220,9770.2,52,209.03,2.1373,329.03,3.3643,907.37,9.2778,19.77,2026-07-25T14:22:16.803Z
pyr25|YINN|2h|1770994800000|1773828000000,pyr25,YINN,AMEX:YINN,2h,Swing 2H,LONG,Swing Low,2026-02-13 10:00,1770994800000,41.05,Flip Short,2026-03-18 06:00,1773828000000,36.75,242,9934.1,174,-1059.43,-10.6539,662.83,6.6656,2197.61,22.0998,18.83,2026-07-25T14:22:16.803Z
pyr25|YINN|2h|1772535600000|1773828000000,pyr25,YINN,AMEX:YINN,2h,Swing 2H,LONG,Pyramid Add,2026-03-03 06:00,1772535600000,33.77,Flip Short,2026-03-18 06:00,1773828000000,36.75,60,2026.2,88,174.57,8.607,183.37,9.0411,107.63,5.3064,4.23,2026-07-25T14:22:16.803Z
pyr25|YINN|2h|1773928800000|1775635200000,pyr25,YINN,AMEX:YINN,2h,Swing 2H,LONG,Swing Low,2026-03-19 10:00,1773928800000,33.84,Flip Short,2026-04-08 04:00,1775635200000,33.99,272,9204.48,101,22.35,0.2426,224.72,2.4389,1252.24,13.5911,18.45,2026-07-25T14:22:16.803Z
pyr25|YINN|2h|1776967200000|1777644000000,pyr25,YINN,AMEX:YINN,2h,Swing 2H,LONG,Swing Low,2026-04-23 14:00,1776967200000,34,Flip Short,2026-05-01 10:00,1777644000000,35.47,271,9214,46,379.54,4.1151,429.81,4.66,375.06,4.0665,18.83,2026-07-25T14:22:16.803Z
pyr25|YINN|2h|1778839200000|1780394400000,pyr25,YINN,AMEX:YINN,2h,Swing 2H,LONG,Swing Low,2026-05-15 06:00,1778839200000,33.73,Flip Short,2026-06-02 06:00,1780394400000,33.23,282,9511.86,88,-159.88,-1.6792,92.01,0.9663,1484.37,15.5899,18.88,2026-07-25T14:22:16.803Z
pyr25|YINN|2h|1780682400000|1781532000000,pyr25,YINN,AMEX:YINN,2h,Swing 2H,LONG,Swing Low,2026-06-05 14:00,1780682400000,28.79,Flip Short,2026-06-15 10:00,1781532000000,30.28,326,9385.54,46,466.48,4.9653,521.99,5.5561,482.09,5.1313,19.26,2026-07-25T14:22:16.803Z
pyr25|YINN|2h|1781726400000|1783432800000,pyr25,YINN,AMEX:YINN,2h,Swing 2H,LONG,Swing Low,2026-06-17 16:00,1781726400000,26.4,Flip Short,2026-07-07 10:00,1783432800000,23.5,369,9741.6,93,-1088.51,-11.1627,259.63,2.6625,2242.19,22.9937,18.41,2026-07-25T14:22:16.803Z
pyr25|YINN|2h|1782381600000|1783432800000,pyr25,YINN,AMEX:YINN,2h,Swing 2H,LONG,Pyramid Add,2026-06-25 06:00,1782381600000,21.92,Flip Short,2026-07-07 10:00,1783432800000,23.5,92,2016.64,58,141.18,6.9938,167.26,8.2859,146.46,7.2552,4.18,2026-07-25T14:22:16.803Z
pyr25|QTUM|2h|1755691200000|1756281600000,pyr25,QTUM,NASDAQ:QTUM,2h,Swing 2H,LONG,Swing Low,2025-08-20 08:00,1755691200000,92.37,Flip Short,2025-08-27 04:00,1756281600000,94.86,82,7574.34,37,188.83,2.4905,197.43,2.6039,174.03,2.2954,15.35,2026-07-25T14:22:31.658Z
pyr25|QTUM|2h|1760112000000|1761559200000,pyr25,QTUM,NASDAQ:QTUM,2h,Swing 2H,LONG,Swing Low,2025-10-10 12:00,1760112000000,108.97,Flip Short,2025-10-27 06:00,1761559200000,113.8,71,7736.87,85,327.11,4.2238,383.47,4.9515,359.9,4.6471,15.82,2026-07-25T14:22:31.658Z
pyr25|QTUM|2h|1762254000000|1764327600000,pyr25,QTUM,NASDAQ:QTUM,2h,Swing 2H,LONG,Swing Low,2025-11-04 06:00,1762254000000,111.02,Flip Short,2025-11-28 06:00,1764327600000,108.13,72,7993.44,135,-223.86,-2.7977,170.57,2.1317,929.59,11.6178,15.78,2026-07-25T14:22:31.658Z
pyr25|QTUM|2h|1765558800000|1767610800000,pyr25,QTUM,NASDAQ:QTUM,2h,Swing 2H,LONG,Swing Low,2025-12-12 12:00,1765558800000,111.49,Flip Short,2026-01-05 06:00,1767610800000,113.7,70,7804.3,106,138.94,1.7785,147.6,1.8893,319.3,4.0873,15.76,2026-07-25T14:22:31.658Z
pyr25|QTUM|2h|1769799600000|1770670800000,pyr25,QTUM,NASDAQ:QTUM,2h,Swing 2H,LONG,Swing Low,2026-01-30 14:00,1769799600000,116.61,Flip Short,2026-02-09 16:00,1770670800000,118.02,67,7812.87,48,78.75,1.0069,119.49,1.5278,563.24,7.202,15.72,2026-07-25T14:22:31.658Z
pyr25|QTUM|2h|1772449200000|1775635200000,pyr25,QTUM,NASDAQ:QTUM,2h,Swing 2H,LONG,Swing Low,2026-03-02 06:00,1772449200000,113.28,Flip Short,2026-04-08 04:00,1775635200000,114.83,70,7929.6,204,92.53,1.1658,232.17,2.925,831.83,10.4797,15.97,2026-07-25T14:22:31.658Z
pyr25|QTUM|2h|1779127200000|1779386400000,pyr25,QTUM,NASDAQ:QTUM,2h,Swing 2H,LONG,Swing Low,2026-05-18 14:00,1779127200000,141.28,Flip Short,2026-05-21 14:00,1779386400000,149.4,57,8052.96,24,446.27,5.5362,471.32,5.8469,215.53,2.6738,16.57,2026-07-25T14:22:31.658Z
pyr25|QTUM|2h|1780682400000|1781517600000,pyr25,QTUM,NASDAQ:QTUM,2h,Swing 2H,LONG,Swing Low,2026-06-05 14:00,1780682400000,155.75,Flip Short,2026-06-15 06:00,1781517600000,166.67,54,8410.5,44,572.27,6.7974,642.83,7.6355,453.37,5.3851,17.41,2026-07-25T14:22:31.658Z
pyr25|MNST|2h|1752055200000|1753372800000,pyr25,MNST,NASDAQ:MNST,2h,Swing 2H,LONG,Swing Low,2025-07-09 06:00,1752055200000,60.8,Flip Short,2025-07-24 12:00,1753372800000,59.86,124,7539.2,84,-131.52,-1.7428,92.9,1.231,323.74,4.2898,14.96,2026-07-25T14:22:36.624Z
pyr25|MNST|2h|1753992000000|1754604000000,pyr25,MNST,NASDAQ:MNST,2h,Swing 2H,LONG,Swing Low,2025-07-31 16:00,1753992000000,58.41,Flip Short,2025-08-07 18:00,1754604000000,64.48,127,7418.07,34,755.28,10.1715,1014.93,13.6682,42.98,0.5788,15.61,2026-07-25T14:22:36.624Z
pyr25|MNST|2h|1755885600000|1756915200000,pyr25,MNST,NASDAQ:MNST,2h,Swing 2H,LONG,Swing Low,2025-08-22 14:00,1755885600000,62.99,Flip Short,2025-09-03 12:00,1756915200000,63.17,128,8062.72,49,6.89,0.0854,43.14,0.5345,265.34,3.2877,16.15,2026-07-25T14:22:36.624Z
pyr25|MNST|2h|1758549600000|1759154400000,pyr25,MNST,NASDAQ:MNST,2h,Swing 2H,LONG,Swing Low,2025-09-22 10:00,1758549600000,64.24,Flip Short,2025-09-29 10:00,1759154400000,66.2,125,8030,36,228.69,2.8452,255.72,3.1814,161.78,2.0127,16.3,2026-07-25T14:22:36.624Z
pyr25|MNST|2h|1761667200000|1762470000000,pyr25,MNST,NASDAQ:MNST,2h,Swing 2H,LONG,Swing Low,2025-10-28 12:00,1761667200000,68.8,Flip Short,2025-11-06 18:00,1762470000000,69.55,119,8187.2,55,72.79,0.8881,114.38,1.3957,452.06,5.516,16.46,2026-07-25T14:22:36.624Z
pyr25|MNST|2h|1765472400000|1765810800000,pyr25,MNST,NASDAQ:MNST,2h,Swing 2H,LONG,Swing Low,2025-12-11 12:00,1765472400000,73.24,Flip Short,2025-12-15 10:00,1765810800000,74.56,113,8276.12,13,132.46,1.5989,188.34,2.2735,117.89,1.423,16.7,2026-07-25T14:22:36.624Z
pyr25|MNST|2h|1767618000000|1768215600000,pyr25,MNST,NASDAQ:MNST,2h,Swing 2H,LONG,Swing Low,2026-01-05 08:00,1767618000000,75.84,Flip Short,2026-01-12 06:00,1768215600000,77.12,110,8342.4,36,123.97,1.4846,222.66,2.6663,113.94,1.3645,16.83,2026-07-25T14:22:36.624Z
pyr25|MNST|2h|1769763600000|1771340400000,pyr25,MNST,NASDAQ:MNST,2h,Swing 2H,LONG,Swing Low,2026-01-30 04:00,1769763600000,79.63,Flip Short,2026-02-17 10:00,1771340400000,82.52,106,8440.78,84,289.15,3.4222,363.62,4.3036,8.44,0.0999,17.19,2026-07-25T14:22:36.624Z
pyr25|MNST|2h|1772146800000|1772204400000,pyr25,MNST,NASDAQ:MNST,2h,Swing 2H,LONG,Swing Low,2026-02-26 18:00,1772146800000,84.6,Flip Short,2026-02-27 10:00,1772204400000,85.4,102,8629.2,4,64.26,0.7439,282.07,3.2655,112.67,1.3044,17.34,2026-07-25T14:22:36.624Z
pyr25|MNST|2h|1772485200000|1773669600000,pyr25,MNST,NASDAQ:MNST,2h,Swing 2H,LONG,Swing Low,2026-03-02 16:00,1772485200000,81.1,Flip Short,2026-03-16 10:00,1773669600000,78.38,108,8758.8,74,-310.98,-3.547,62.52,0.7131,845.76,9.6465,17.22,2026-07-25T14:22:36.624Z
pyr25|MNST|2h|1773864000000|1775505600000,pyr25,MNST,NASDAQ:MNST,2h,Swing 2H,LONG,Swing Low,2026-03-18 16:00,1773864000000,74.17,Flip Short,2026-04-06 16:00,1775505600000,74.14,115,8529.55,83,-20.51,-0.2402,231.82,2.7151,389.18,4.5582,17.06,2026-07-25T14:22:36.624Z
pyr25|MNST|2h|1777903200000|1778191200000,pyr25,MNST,NASDAQ:MNST,2h,Swing 2H,LONG,Swing Low,2026-05-04 10:00,1777903200000,75.23,Flip Short,2026-05-07 18:00,1778191200000,82,113,8500.99,24,747.24,8.7813,756.51,8.8902,77.43,0.9099,17.77,2026-07-25T14:22:36.624Z
pyr25|MNST|2h|1783540800000|1784210400000,pyr25,MNST,NASDAQ:MNST,2h,Swing 2H,LONG,Swing Low,2026-07-08 16:00,1783540800000,95.19,Flip Short,2026-07-16 10:00,1784210400000,99.6,95,9043.05,41,400.44,4.4238,416.56,4.6018,73.64,0.8135,18.51,2026-07-25T14:22:36.624Z
pyr25|ASHR|2h|1748340000000|1749139200000,pyr25,ASHR,AMEX:ASHR,2h,Swing 2H,LONG,Swing Low,2025-05-27 06:00,1748340000000,26.65,Flip Short,2025-06-05 12:00,1749139200000,26.96,283,7541.95,48,72.56,0.9611,100,1.3246,163.19,2.1616,15.17,2026-07-25T14:22:46.442Z
pyr25|ASHR|2h|1750665600000|1750759200000,pyr25,ASHR,AMEX:ASHR,2h,Swing 2H,LONG,Swing Low,2025-06-23 04:00,1750665600000,26.74,Flip Short,2025-06-24 06:00,1750759200000,27.12,287,7674.38,8,93.6,1.2185,110,1.4319,13.41,0.1746,15.46,2026-07-25T14:22:46.442Z
pyr25|ASHR|2h|1753956000000|1754992800000,pyr25,ASHR,AMEX:ASHR,2h,Swing 2H,LONG,Swing Low,2025-07-31 06:00,1753956000000,28.47,Flip Short,2025-08-12 06:00,1754992800000,29.02,270,7686.9,51,132.98,1.7282,140.81,1.83,80.59,1.0473,15.52,2026-07-25T14:22:46.442Z
pyr25|ASHR|2h|1756980000000|1757584800000,pyr25,ASHR,AMEX:ASHR,2h,Swing 2H,LONG,Swing Low,2025-09-04 06:00,1756980000000,30.85,Flip Short,2025-09-11 06:00,1757584800000,32.28,253,7805.05,33,345.82,4.4263,359.04,4.5956,15.4,0.197,15.97,2026-07-25T14:22:46.442Z
pyr25|ASHR|2h|1759932000000|1760004000000,pyr25,ASHR,AMEX:ASHR,2h,Swing 2H,LONG,Swing Low,2025-10-08 10:00,1759932000000,32.73,Flip Short,2025-10-09 06:00,1760004000000,33.34,247,8084.31,4,134.35,1.6602,157.41,1.9451,10.55,0.1304,16.32,2026-07-25T14:22:46.442Z
pyr25|ASHR|2h|1760097600000|1761242400000,pyr25,ASHR,AMEX:ASHR,2h,Swing 2H,LONG,Swing Low,2025-10-10 08:00,1760097600000,32.69,Flip Short,2025-10-23 14:00,1761242400000,32.79,250,8172.5,59,8.63,0.1055,19.33,0.2363,403.17,4.9284,16.37,2026-07-25T14:22:46.442Z
pyr25|ASHR|2h|1762261200000|1763046000000,pyr25,ASHR,AMEX:ASHR,2h,Swing 2H,LONG,Swing Low,2025-11-04 08:00,1762261200000,32.64,Flip Short,2025-11-13 10:00,1763046000000,33.45,251,8192.64,46,186.72,2.2769,205.16,2.5017,86,1.0487,16.59,2026-07-25T14:22:46.442Z
pyr25|ASHR|2h|1763391600000|1764608400000,pyr25,ASHR,AMEX:ASHR,2h,Swing 2H,LONG,Swing Low,2025-11-17 10:00,1763391600000,32.7,Flip Short,2025-12-01 12:00,1764608400000,32.8,255,8338.5,48,8.8,0.1054,27.36,0.3278,337.29,4.0409,16.7,2026-07-25T14:22:46.442Z
pyr25|ASHR|2h|1765911600000|1767092400000,pyr25,ASHR,AMEX:ASHR,2h,Swing 2H,LONG,Swing Low,2025-12-16 14:00,1765911600000,32.49,Flip Short,2025-12-30 06:00,1767092400000,33,256,8317.44,53,113.79,1.3668,176,2.114,77.44,0.9301,16.77,2026-07-25T14:22:46.442Z
pyr25|ASHR|2h|1768582800000|1769684400000,pyr25,ASHR,AMEX:ASHR,2h,Swing 2H,LONG,Swing Low,2026-01-16 12:00,1768582800000,33.57,Flip Short,2026-01-29 06:00,1769684400000,34.03,251,8426.07,48,98.49,1.1677,114.56,1.3583,53.61,0.6356,16.97,2026-07-25T14:22:46.442Z
pyr25|ASHR|2h|1769799600000|1770670800000,pyr25,ASHR,AMEX:ASHR,2h,Swing 2H,LONG,Swing Low,2026-01-30 14:00,1769799600000,33.5,Flip Short,2026-02-09 16:00,1770670800000,34.03,253,8475.5,38,117,1.3791,150.91,1.7788,160.28,1.8892,17.09,2026-07-25T14:22:46.442Z
pyr25|ASHR|2h|1772535600000|1775642400000,pyr25,ASHR,AMEX:ASHR,2h,Swing 2H,LONG,Swing Low,2026-03-03 06:00,1772535600000,33.31,Flip Short,2026-04-08 06:00,1775642400000,33.45,258,8593.98,154,18.9,0.2197,172.01,1.9995,436.87,5.0784,17.22,2026-07-25T14:22:46.442Z
pyr25|ASHR|2h|1778839200000|1780048800000,pyr25,ASHR,AMEX:ASHR,2h,Swing 2H,LONG,Swing Low,2026-05-15 06:00,1778839200000,35.52,Flip Short,2026-05-29 06:00,1780048800000,36.03,242,8595.84,56,106.1,1.2331,160.8,1.8689,158.64,1.8437,17.32,2026-07-25T14:22:46.442Z
pyr25|ASHR|2h|1780653600000|1781704800000,pyr25,ASHR,AMEX:ASHR,2h,Swing 2H,LONG,Swing Low,2026-06-05 06:00,1780653600000,35.61,Flip Short,2026-06-17 10:00,1781704800000,36.26,246,8760.06,50,142.22,1.6219,163.44,1.8639,306.42,3.4944,17.68,2026-07-25T14:22:46.442Z
pyr25|EWY|2h|1753992000000|1755021600000,pyr25,EWY,AMEX:EWY,2h,Swing 2H,LONG,Swing Low,2025-07-31 16:00,1753992000000,72.56,Flip Short,2025-08-12 14:00,1755021600000,74.02,104,7546.24,60,136.6,1.8083,144.29,1.9102,371.55,4.9187,15.24,2026-07-25T14:22:51.479Z
pyr25|EWY|2h|1755525600000|1757080800000,pyr25,EWY,AMEX:EWY,2h,Swing 2H,LONG,Swing Low,2025-08-18 10:00,1755525600000,72.7,Flip Short,2025-09-05 10:00,1757080800000,73.89,105,7633.5,96,109.56,1.4338,118.37,1.5491,193.48,2.5321,15.39,2026-07-25T14:22:51.479Z
pyr25|EWY|2h|1758880800000|1759348800000,pyr25,EWY,AMEX:EWY,2h,Swing 2H,LONG,Swing Low,2025-09-26 06:00,1758880800000,78.21,Flip Short,2025-10-01 16:00,1759348800000,81.87,99,7742.79,27,346.49,4.4706,362.52,4.6773,25.56,0.3298,15.85,2026-07-25T14:22:51.479Z
pyr25|EWY|2h|1760112000000|1760522400000,pyr25,EWY,AMEX:EWY,2h,Swing 2H,LONG,Swing Low,2025-10-10 12:00,1760112000000,82.16,Flip Short,2025-10-15 06:00,1760522400000,84.99,97,7969.52,21,258.3,3.2378,277.21,3.4749,370.75,4.6474,16.21,2026-07-25T14:22:51.479Z
pyr25|EWY|2h|1762333200000|1764673200000,pyr25,EWY,AMEX:EWY,2h,Swing 2H,LONG,Swing Low,2025-11-05 04:00,1762333200000,93.2,Flip Short,2025-12-02 06:00,1764673200000,92.25,89,8294.8,142,-101.06,-1.2171,418.91,5.0452,603.7,7.2708,16.51,2026-07-25T14:22:51.479Z
pyr25|EWY|2h|1765882800000|1766574000000,pyr25,EWY,AMEX:EWY,2h,Swing 2H,LONG,Swing Low,2025-12-16 06:00,1765882800000,89.37,Flip Short,2025-12-24 06:00,1766574000000,93.85,91,8132.67,45,391.01,4.8031,437.77,5.3774,96.4,1.1842,16.67,2026-07-25T14:22:51.479Z
pyr25|EWY|2h|1770368400000|1770822000000,pyr25,EWY,AMEX:EWY,2h,Swing 2H,LONG,Swing Low,2026-02-06 04:00,1770368400000,118.62,Flip Short,2026-02-11 10:00,1770822000000,128.03,73,8659.26,27,668.92,7.7172,694.33,8.0104,60.49,0.6979,18.01,2026-07-25T14:22:51.479Z
pyr25|EWY|2h|1772535600000|1773828000000,pyr25,EWY,AMEX:EWY,2h,Swing 2H,LONG,Swing Low,2026-03-03 06:00,1772535600000,130,Flip Short,2026-03-18 06:00,1773828000000,138.62,69,8970,88,576.25,6.4177,727.26,8.0996,644.46,7.1774,18.53,2026-07-25T14:22:51.479Z
pyr25|EWY|2h|1774260000000|1775635200000,pyr25,EWY,AMEX:EWY,2h,Swing 2H,LONG,Swing Low,2026-03-23 06:00,1774260000000,122.81,Flip Short,2026-04-08 04:00,1775635200000,136.74,76,9333.56,87,1038.95,11.1203,1089.63,11.6626,745.01,7.9741,19.73,2026-07-25T14:22:51.479Z
pyr25|EWY|2h|1779134400000|1779789600000,pyr25,EWY,AMEX:EWY,2h,Swing 2H,LONG,Swing Low,2026-05-18 16:00,1779134400000,176,Flip Short,2026-05-26 06:00,1779789600000,193.79,57,10032,35,992.95,9.888,1016.54,10.1228,513.34,5.1119,21.08,2026-07-25T14:22:51.479Z
pyr25|EWY|2h|1780653600000|1781517600000,pyr25,EWY,AMEX:EWY,2h,Swing 2H,LONG,Swing Low,2026-06-05 06:00,1780653600000,193.79,Flip Short,2026-06-15 06:00,1781517600000,205.62,56,10852.24,48,640.11,5.8925,713.79,6.5708,1140.37,10.4977,22.37,2026-07-25T14:22:51.479Z
pyr25|EWY|2h|1782223200000|1784930400000,pyr25,EWY,AMEX:EWY,2h,Swing 2H,LONG,Swing Low,2026-06-23 10:00,1782223200000,197.74,,2026-07-24 18:00,1784930400000,162.21,57,11271.18,180,-2045.73,-18.1319,931.51,8.2563,2493.62,22.1018,11.27,2026-07-25T14:22:51.479Z
pyr25|MU|2h|1755684000000|1756389600000,pyr25,MU,NASDAQ:MU,2h,Swing 2H,LONG,Swing Low,2025-08-20 06:00,1755684000000,118.14,Flip Short,2025-08-28 10:00,1756389600000,118.97,64,7560.96,50,37.94,0.5014,201.08,2.6568,307.08,4.0573,15.18,2026-07-25T14:22:56.413Z
pyr25|MU|2h|1756821600000|1757066400000,pyr25,MU,NASDAQ:MU,2h,Swing 2H,LONG,Swing Low,2025-09-02 10:00,1756821600000,116.05,Flip Short,2025-09-05 06:00,1757066400000,125.27,65,7543.25,22,583.61,7.7292,600.86,7.9575,35.49,0.4701,15.69,2026-07-25T14:22:56.413Z
pyr25|MU|2h|1758823200000|1759334400000,pyr25,MU,NASDAQ:MU,2h,Swing 2H,LONG,Swing Low,2025-09-25 14:00,1758823200000,155.33,Flip Short,2025-10-01 12:00,1759334400000,178.61,51,7921.83,31,1170.25,14.7577,1182.93,14.9176,41.58,0.5244,17.03,2026-07-25T14:22:56.413Z
pyr25|MU|2h|1760112000000|1760608800000,pyr25,MU,NASDAQ:MU,2h,Swing 2H,LONG,Swing Low,2025-10-10 12:00,1760112000000,184.37,Flip Short,2025-10-16 06:00,1760608800000,197.6,48,8849.76,29,616.71,6.9617,664.11,7.4968,453.33,5.1174,18.33,2026-07-25T14:22:56.413Z
pyr25|MU|2h|1762333200000|1762369200000,pyr25,MU,NASDAQ:MU,2h,Swing 2H,LONG,Swing Low,2025-11-05 04:00,1762333200000,218.99,Flip Short,2025-11-05 14:00,1762369200000,237.26,44,9635.56,5,783.8,8.1264,821.96,8.522,82.24,0.8526,20.07,2026-07-25T14:22:56.413Z
pyr25|MU|2h|1763478000000|1764327600000,pyr25,MU,NASDAQ:MU,2h,Swing 2H,LONG,Swing Low,2025-11-18 10:00,1763478000000,230.43,Flip Short,2025-11-28 06:00,1764327600000,237.38,43,9908.49,54,278.73,2.8103,309.58,3.1213,1636.6,16.5006,20.12,2026-07-25T14:22:56.413Z
pyr25|MU|2h|1763744400000|1764327600000,pyr25,MU,NASDAQ:MU,2h,Swing 2H,LONG,Pyramid Add,2025-11-21 12:00,1763744400000,205.25,Flip Short,2025-11-28 06:00,1764327600000,237.38,10,2052.5,29,316.87,15.423,324.05,15.7722,33.55,1.6331,4.43,2026-07-25T14:22:56.413Z
pyr25|MU|2h|1765875600000|1766156400000,pyr25,MU,NASDAQ:MU,2h,Swing 2H,LONG,Swing Low,2025-12-16 04:00,1765875600000,235.97,Flip Short,2025-12-19 10:00,1766156400000,266.62,44,10382.68,27,1326.49,12.7632,1416.54,13.6296,638.7,6.1455,22.11,2026-07-25T14:22:56.413Z
pyr25|MU|2h|1770217200000|1770894000000,pyr25,MU,NASDAQ:MU,2h,Swing 2H,LONG,Swing Low,2026-02-04 10:00,1770217200000,405.95,Flip Short,2026-02-12 06:00,1770894000000,423.48,28,11366.6,46,467.62,4.1098,592.03,5.2033,1191.57,10.4726,23.22,2026-07-25T14:22:56.413Z
pyr25|MU|2h|1772204400000|1773244800000,pyr25,MU,NASDAQ:MU,2h,Swing 2H,LONG,Swing Low,2026-02-27 10:00,1772204400000,410.67,Flip Short,2026-03-11 12:00,1773244800000,417.38,28,11498.76,65,164.69,1.4309,325.9,2.8314,1577.26,13.7031,23.19,2026-07-25T14:22:56.413Z
pyr25|MU|2h|1774281600000|1775469600000,pyr25,MU,NASDAQ:MU,2h,Swing 2H,LONG,Swing Low,2026-03-23 12:00,1774281600000,403.08,Flip Short,2026-04-06 06:00,1775469600000,378.32,29,11689.32,69,-740.7,-6.3302,191.6,1.6375,2668.09,22.8022,22.66,2026-07-25T14:22:56.413Z
pyr25|MU|2h|1774886400000|1775469600000,pyr25,MU,NASDAQ:MU,2h,Swing 2H,LONG,Pyramid Add,2026-03-30 12:00,1774886400000,333.32,Flip Short,2026-04-06 06:00,1775469600000,378.32,7,2333.24,29,310.02,13.2738,345.5,14.7928,155.21,6.6456,4.98,2026-07-25T14:22:56.413Z
pyr25|MU|2h|1779127200000|1779789600000,pyr25,MU,NASDAQ:MU,2h,Swing 2H,LONG,Swing Low,2026-05-18 14:00,1779127200000,679.46,Flip Short,2026-05-26 06:00,1779789600000,795.22,17,11550.82,36,1942.85,16.8032,1972.86,17.0628,474.63,4.105,25.07,2026-07-25T14:22:56.413Z
pyr25|MU|2h|1780682400000|1781517600000,pyr25,MU,NASDAQ:MU,2h,Swing 2H,LONG,Swing Low,2026-06-05 14:00,1780682400000,905.36,Flip Short,2026-06-15 06:00,1781517600000,1054.1,14,12675.04,44,2054.93,16.1962,2238.53,17.6432,786.32,6.1975,27.43,2026-07-25T14:22:56.413Z
pyr25|MU|2h|1782324000000|1782388800000,pyr25,MU,NASDAQ:MU,2h,Swing 2H,LONG,Swing Low,2026-06-24 14:00,1782324000000,1014.66,Flip Short,2026-06-25 08:00,1782388800000,1232.5,14,14205.24,5,3018.3,21.2266,3237.99,22.7716,344.05,2.4195,31.46,2026-07-25T14:22:56.413Z
pyr25|MU|2h|1782986400000|1784800800000,pyr25,MU,NASDAQ:MU,2h,Swing 2H,LONG,Swing Low,2026-07-02 06:00,1782986400000,1006.5,Flip Short,2026-07-23 06:00,1784800800000,989.69,16,16104,112,-300.9,-1.8666,1053.98,6.5383,3255.94,20.198,31.94,2026-07-25T14:22:56.413Z
pyr25|MU|2h|1784217600000|1784800800000,pyr25,MU,NASDAQ:MU,2h,Swing 2H,LONG,Pyramid Add,2026-07-16 12:00,1784217600000,853.68,Flip Short,2026-07-23 06:00,1784800800000,989.69,4,3414.72,37,536.67,15.7006,572.07,16.7362,202.09,5.9124,7.37,2026-07-25T14:22:56.413Z
pyr25|RY|2h|1727974800000|1728658800000,pyr25,RY,TSX:RY,2h,Swing 2H,LONG,Swing Low,2024-10-03 13:00,1727974800000,164.53,Flip Short,2024-10-11 11:00,1728658800000,169.21,46,7568.38,23,199.93,2.639,216.45,2.8571,40.69,0.5371,15.35,2026-07-25T14:23:01.516Z
pyr25|RY|2h|1730386800000|1731340800000,pyr25,RY,TSX:RY,2h,Swing 2H,LONG,Swing Low,2024-10-31 11:00,1730386800000,169.1,Flip Short,2024-11-11 11:00,1731340800000,173.58,45,7609.5,28,186.18,2.4442,194.44,2.5527,48.56,0.6375,15.42,2026-07-25T14:23:01.516Z
pyr25|RY|2h|1734552000000|1737741600000,pyr25,RY,TSX:RY,2h,Swing 2H,LONG,Swing Low,2024-12-18 15:00,1734552000000,174.46,Flip Short,2025-01-24 13:00,1737741600000,175.72,45,7850.7,93,40.94,0.521,79.9,1.0167,250.4,3.1863,15.76,2026-07-25T14:23:01.516Z
pyr25|RY|2h|1738598400000|1740499200000,pyr25,RY,TSX:RY,2h,Swing 2H,LONG,Swing Low,2025-02-03 11:00,1738598400000,174.82,Flip Short,2025-02-25 11:00,1740499200000,170.7,45,7866.9,60,-200.95,-2.5518,0,0,339.52,4.3115,15.55,2026-07-25T14:23:01.516Z
pyr25|RY|2h|1740672000000|1742835600000,pyr25,RY,TSX:RY,2h,Swing 2H,LONG,Swing Low,2025-02-27 11:00,1740672000000,167.17,Flip Short,2025-03-24 13:00,1742835600000,165.4,46,7689.82,69,-96.72,-1.2565,220.47,2.8642,478.73,6.2193,15.3,2026-07-25T14:23:01.516Z
pyr25|RY|2h|1743778800000|1745420400000,pyr25,RY,TSX:RY,2h,Swing 2H,LONG,Swing Low,2025-04-04 11:00,1743778800000,158.14,Flip Short,2025-04-23 11:00,1745420400000,164.97,48,7590.72,48,312.33,4.1105,365.37,4.8086,338.31,4.4524,15.51,2026-07-25T14:23:01.516Z
pyr25|RY|2h|1753729200000|1754672400000,pyr25,RY,TSX:RY,2h,Swing 2H,LONG,Swing Low,2025-07-28 15:00,1753729200000,179.1,Flip Short,2025-08-08 13:00,1754672400000,182.54,44,7880.4,31,135.45,1.7171,156.24,1.9807,166.28,2.1079,15.91,2026-07-25T14:23:01.516Z
pyr25|RY|2h|1759942800000|1760619600000,pyr25,RY,TSX:RY,2h,Swing 2H,LONG,Swing Low,2025-10-08 13:00,1759942800000,202.81,Flip Short,2025-10-16 09:00,1760619600000,206.08,39,7909.59,18,111.58,1.4093,129.76,1.6389,85.52,1.0801,15.95,2026-07-25T14:23:01.516Z
pyr25|RY|2h|1762531200000|1762970400000,pyr25,RY,TSX:RY,2h,Swing 2H,LONG,Swing Low,2025-11-07 11:00,1762531200000,203.25,Flip Short,2025-11-12 13:00,1762970400000,208.4,39,7926.75,13,184.8,2.329,195.26,2.4609,66.04,0.8323,16.05,2026-07-25T14:23:01.516Z
pyr25|RY|2h|1768406400000|1770652800000,pyr25,RY,TSX:RY,2h,Swing 2H,LONG,Swing Low,2026-01-14 11:00,1768406400000,233.14,Flip Short,2026-02-09 11:00,1770652800000,234.1,35,8159.9,72,17.25,0.2111,87.39,1.0699,322.11,3.9435,16.35,2026-07-25T14:23:01.516Z
pyr25|RY|2h|1772208000000|1775055600000,pyr25,RY,TSX:RY,2h,Swing 2H,LONG,Swing Low,2026-02-27 11:00,1772208000000,227.05,Flip Short,2026-04-01 11:00,1775055600000,227.32,36,8173.8,92,-6.64,-0.0811,129.35,1.5809,369.61,4.5174,16.36,2026-07-25T14:23:01.516Z
pyr25|BE|2h|1758722400000|1759327200000,pyr25,BE,NYSE:BE,2h,Swing 2H,LONG,Swing Low,2025-09-24 10:00,1758722400000,68.21,Flip Short,2025-10-01 10:00,1759327200000,84.19,111,7571.31,40,1756.86,23.181,2189.12,28.8845,765.7,10.1031,16.92,2026-07-25T14:23:06.607Z
pyr25|BE|2h|1760133600000|1760356800000,pyr25,BE,NYSE:BE,2h,Swing 2H,LONG,Swing Low,2025-10-10 18:00,1760133600000,83.1,Flip Short,2025-10-13 08:00,1760356800000,112.29,107,8891.7,3,3102.42,34.8564,3725.41,41.8557,8.89,0.0999,20.91,2026-07-25T14:23:06.607Z
pyr25|BE|2h|1761148800000|1761688800000,pyr25,BE,NYSE:BE,2h,Swing 2H,LONG,Swing Low,2025-10-22 12:00,1761148800000,91.94,Flip Short,2025-10-28 18:00,1761688800000,135.28,122,11216.68,35,5259.76,46.8455,5290.9,47.1228,463.84,4.1311,27.72,2026-07-25T14:23:06.607Z
pyr25|BE|2h|1762959600000|1764867600000,pyr25,BE,NYSE:BE,2h,Swing 2H,LONG,Swing Low,2025-11-12 10:00,1762959600000,122.45,Flip Short,2025-12-04 12:00,1764867600000,112.58,124,15183.8,120,-1253.02,-8.2441,775.94,5.1052,5774.98,37.9959,29.14,2026-07-25T14:23:06.607Z
pyr25|BE|2h|1763053200000|1764867600000,pyr25,BE,NYSE:BE,2h,Swing 2H,LONG,Pyramid Add,2025-11-13 12:00,1763053200000,103.39,Flip Short,2025-12-04 12:00,1764867600000,112.58,31,3205.09,111,278.19,8.6711,469.23,14.6257,852.3,26.5654,6.7,2026-07-25T14:23:06.607Z
pyr25|BE|2h|1765407600000|1767366000000,pyr25,BE,NYSE:BE,2h,Swing 2H,LONG,Swing Low,2025-12-10 18:00,1765407600000,99.05,Flip Short,2026-01-02 10:00,1767366000000,93.42,146,14461.3,115,-850.08,-5.8724,1613.44,11.1458,3422.1,23.6402,28.1,2026-07-25T14:23:06.607Z
pyr25|BE|2h|1765904400000|1767366000000,pyr25,BE,NYSE:BE,2h,Swing 2H,LONG,Pyramid Add,2025-12-16 12:00,1765904400000,85.28,Flip Short,2026-01-02 10:00,1767366000000,93.42,36,3070.08,86,286.61,9.3262,395.09,12.8562,347.59,11.3105,6.43,2026-07-25T14:23:06.607Z
pyr25|BE|2h|1769461200000|1769598000000,pyr25,BE,NYSE:BE,2h,Swing 2H,LONG,Swing Low,2026-01-26 16:00,1769461200000,139.54,Flip Short,2026-01-28 06:00,1769598000000,156.25,101,14093.54,11,1657.84,11.7513,1733.21,12.2856,343.35,2.4338,29.87,2026-07-25T14:23:06.607Z
pyr25|BE|2h|1770231600000|1771585200000,pyr25,BE,NYSE:BE,2h,Swing 2H,LONG,Swing Low,2026-02-04 14:00,1770231600000,139.41,Flip Short,2026-02-20 06:00,1771585200000,158.55,110,15335.1,84,2072.62,13.5021,2664.26,17.3563,939.34,6.1193,32.78,2026-07-25T14:23:06.607Z
pyr25|BE|2h|1772809200000|1773950400000,pyr25,BE,NYSE:BE,2h,Swing 2H,LONG,Swing Low,2026-03-06 10:00,1772809200000,150.47,Flip Short,2026-03-19 16:00,1773950400000,166.76,112,16852.64,75,1788.95,10.6046,1942.03,11.5121,2296.05,13.6107,35.53,2026-07-25T14:23:06.607Z
pyr25|BE|2h|1774036800000|1775635200000,pyr25,BE,NYSE:BE,2h,Swing 2H,LONG,Swing Low,2026-03-20 16:00,1774036800000,150.97,Flip Short,2026-04-08 04:00,1775635200000,146.14,122,18418.34,90,-625.51,-3.3927,817.28,4.4329,4223.76,22.9094,36.25,2026-07-25T14:23:06.607Z
pyr25|BE|2h|1774879200000|1775635200000,pyr25,BE,NYSE:BE,2h,Swing 2H,LONG,Pyramid Add,2026-03-30 10:00,1774879200000,121.91,Flip Short,2026-04-08 04:00,1775635200000,146.14,30,3657.3,45,718.86,19.6358,734.04,20.0506,165.96,4.5332,8.04,2026-07-25T14:23:06.607Z
pyr25|BE|2h|1778176800000|1778781600000,pyr25,BE,NYSE:BE,2h,Swing 2H,LONG,Swing Low,2026-05-07 14:00,1778176800000,263.44,Flip Short,2026-05-14 14:00,1778781600000,306.68,69,18177.36,40,2944.22,16.181,2987.46,16.4187,1004.19,5.5189,39.34,2026-07-25T14:23:06.607Z
pyr25|BE|2h|1779134400000|1779379200000,pyr25,BE,NYSE:BE,2h,Swing 2H,LONG,Swing Low,2026-05-18 16:00,1779134400000,258.74,Flip Short,2026-05-21 12:00,1779379200000,312.29,79,20440.46,22,4185.34,20.4553,4699.02,22.9658,1353.96,6.6173,45.11,2026-07-25T14:23:06.607Z
pyr25|BE|2h|1780675200000|1781618400000,pyr25,BE,NYSE:BE,2h,Swing 2H,LONG,Swing Low,2026-06-05 12:00,1780675200000,269.29,Flip Short,2026-06-16 10:00,1781618400000,292.24,88,23697.52,55,1970.19,8.3056,2194.78,9.2524,4026.82,16.9756,49.41,2026-07-25T14:23:06.607Z
pyr25|BE|2h|1781164800000|1781618400000,pyr25,BE,NYSE:BE,2h,Swing 2H,LONG,Pyramid Add,2026-06-11 04:00,1781164800000,238.99,Flip Short,2026-06-16 10:00,1781618400000,292.24,22,5257.78,27,1159.81,22.0369,1215.96,23.1038,139.46,2.6498,11.69,2026-07-25T14:23:06.607Z
pyr25|BE|2h|1782482400000|1784930400000,pyr25,BE,NYSE:BE,2h,Swing 2H,LONG,Swing Low,2026-06-26 10:00,1782482400000,281.44,,2026-07-24 18:00,1784930400000,186.1,93,26173.92,156,-8910.1,-34.0079,6338.75,24.1936,9159.7,34.9606,26.17,2026-07-25T14:23:06.607Z
pyr25|TD|2h|1728572400000|1730995200000,pyr25,TD,TSX:TD,2h,Swing 2H,LONG,Swing Low,2024-10-10 11:00,1728572400000,82.26,Flip Short,2024-11-07 11:00,1730995200000,79.26,92,7567.92,76,-290.86,-3.8395,80.75,1.066,592.69,7.8238,14.86,2026-07-25T14:23:11.567Z
pyr25|TD|2h|1733414400000|1735315200000,pyr25,TD,TSX:TD,2h,Swing 2H,LONG,Swing Low,2024-12-05 11:00,1733414400000,75.03,Flip Short,2024-12-27 11:00,1735315200000,76.45,98,7352.94,54,124.31,1.689,151.41,2.0571,184.73,2.5099,14.85,2026-07-25T14:23:11.567Z
pyr25|TD|2h|1738598400000|1739203200000,pyr25,TD,TSX:TD,2h,Swing 2H,LONG,Swing Low,2025-02-03 11:00,1738598400000,83.13,Flip Short,2025-02-10 11:00,1739203200000,85.8,89,7398.57,20,222.6,3.0056,243.58,3.289,123.1,1.6622,15.03,2026-07-25T14:23:11.567Z
pyr25|TD|2h|1741104000000|1742490000000,pyr25,TD,TSX:TD,2h,Swing 2H,LONG,Swing Low,2025-03-04 11:00,1741104000000,84.57,Flip Short,2025-03-20 13:00,1742490000000,85.95,90,7611.3,49,108.85,1.4287,143.59,1.8846,175.91,2.3089,15.35,2026-07-25T14:23:11.567Z
pyr25|TD|2h|1743606000000|1745341200000,pyr25,TD,TSX:TD,2h,Swing 2H,LONG,Swing Low,2025-04-02 11:00,1743606000000,85.11,Flip Short,2025-04-22 13:00,1745341200000,85.58,90,7659.9,53,26.94,0.3513,81.44,1.0621,642.16,8.375,15.36,2026-07-25T14:23:11.567Z
pyr25|TD|2h|1754060400000|1755183600000,pyr25,TD,TSX:TD,2h,Swing 2H,LONG,Swing Low,2025-08-01 11:00,1754060400000,99.93,Flip Short,2025-08-14 11:00,1755183600000,102.82,77,7694.61,32,206.92,2.6864,219.46,2.8492,30.02,0.3898,15.61,2026-07-25T14:23:11.567Z
pyr25|TD|2h|1756400400000|1758049200000,pyr25,TD,TSX:TD,2h,Swing 2H,LONG,Swing Low,2025-08-28 13:00,1756400400000,100.21,Flip Short,2025-09-16 15:00,1758049200000,107.03,78,7816.38,49,515.8,6.5923,536.62,6.8585,23.42,0.2993,16.16,2026-07-25T14:23:11.567Z
pyr25|TD|2h|1762538400000|1764000000000,pyr25,TD,TSX:TD,2h,Swing 2H,LONG,Swing Low,2025-11-07 13:00,1762538400000,112.46,Flip Short,2025-11-24 11:00,1764000000000,116.22,73,8209.58,43,257.79,3.1369,269.92,3.2846,8.21,0.0999,16.69,2026-07-25T14:23:11.567Z
pyr25|TD|2h|1769011200000|1770393600000,pyr25,TD,TSX:TD,2h,Swing 2H,LONG,Swing Low,2026-01-21 11:00,1769011200000,128.88,Flip Short,2026-02-06 11:00,1770393600000,131.6,65,8377.2,48,159.87,1.9065,168.42,2.0085,166.98,1.9912,16.93,2026-07-25T14:23:11.567Z
pyr25|TD|2h|1772812800000|1775156400000,pyr25,TD,TSX:TD,2h,Swing 2H,LONG,Swing Low,2026-03-06 11:00,1772812800000,130.34,Flip Short,2026-04-02 15:00,1775156400000,132.3,66,8602.44,78,112.03,1.301,125.38,1.456,312.86,3.6333,17.33,2026-07-25T14:23:11.567Z
pyr25|TD|2h|1783522800000|1784041200000,pyr25,TD,TSX:TD,2h,Swing 2H,LONG,Swing Low,2026-07-08 11:00,1783522800000,167.49,Flip Short,2026-07-14 11:00,1784041200000,172.69,51,8541.99,16,247.85,2.8987,289.81,3.3894,65.66,0.7679,17.35,2026-07-25T14:23:11.567Z
pyr25|GOOGL|2h|1755705600000|1755885600000,pyr25,GOOGL,NASDAQ:GOOGL,2h,Swing 2H,LONG,Swing Low,2025-08-20 12:00,1755705600000,198.59,Flip Short,2025-08-22 14:00,1755885600000,207.57,38,7546.42,17,325.81,4.313,352.69,4.669,25.41,0.3363,15.43,2026-07-25T14:23:16.562Z
pyr25|GOOGL|2h|1758794400000|1759780800000,pyr25,GOOGL,NASDAQ:GOOGL,2h,Swing 2H,LONG,Swing Low,2025-09-25 06:00,1758794400000,244.93,Flip Short,2025-10-06 16:00,1759780800000,250.45,32,7837.76,61,160.79,2.0494,196.64,2.5064,209.76,2.6736,15.85,2026-07-25T14:23:16.562Z
pyr25|GOOGL|2h|1760112000000|1760544000000,pyr25,GOOGL,NASDAQ:GOOGL,2h,Swing 2H,LONG,Swing Low,2025-10-10 12:00,1760112000000,238.76,Flip Short,2025-10-15 12:00,1760544000000,249.21,33,7879.08,24,328.75,4.1682,432.34,5.4817,189.05,2.397,16.1,2026-07-25T14:23:16.562Z
pyr25|GOOGL|2h|1763125200000|1763564400000,pyr25,GOOGL,NASDAQ:GOOGL,2h,Swing 2H,LONG,Swing Low,2025-11-14 08:00,1763125200000,271.35,Flip Short,2025-11-19 10:00,1763564400000,300.5,30,8140.5,25,857.34,10.5213,908.36,11.1474,30.64,0.376,17.16,2026-07-25T14:23:16.562Z
pyr25|GOOGL|2h|1765220400000|1766502000000,pyr25,GOOGL,NASDAQ:GOOGL,2h,Swing 2H,LONG,Swing Low,2025-12-08 14:00,1765220400000,313.18,Flip Short,2025-12-23 10:00,1766502000000,313.49,28,8769.04,86,-8.87,-0.101,218.59,2.4903,497.65,5.6694,17.55,2026-07-25T14:23:16.562Z
pyr25|GOOGL|2h|1768906800000|1769518800000,pyr25,GOOGL,NASDAQ:GOOGL,2h,Swing 2H,LONG,Swing Low,2026-01-20 06:00,1768906800000,319.88,Flip Short,2026-01-27 08:00,1769518800000,337.06,27,8636.76,41,446.12,5.1602,490.32,5.6715,54.54,0.6308,17.74,2026-07-25T14:23:16.562Z
pyr25|GOOGL|2h|1770246000000|1771844400000,pyr25,GOOGL,NASDAQ:GOOGL,2h,Swing 2H,LONG,Swing Low,2026-02-04 18:00,1770246000000,328.14,Flip Short,2026-02-23 06:00,1771844400000,316.16,28,9187.92,90,-353.48,-3.8434,159.09,1.7298,902.11,9.8086,18.04,2026-07-25T14:23:16.562Z
pyr25|GOOGL|2h|1772463600000|1773151200000,pyr25,GOOGL,NASDAQ:GOOGL,2h,Swing 2H,LONG,Swing Low,2026-03-02 10:00,1772463600000,304.63,Flip Short,2026-03-10 10:00,1773151200000,305.91,29,8834.27,48,19.41,0.2195,107.17,1.2119,417.15,4.7173,17.71,2026-07-25T14:23:16.562Z
pyr25|GOOGL|2h|1774029600000|1775066400000,pyr25,GOOGL,NASDAQ:GOOGL,2h,Swing 2H,LONG,Swing Low,2026-03-20 14:00,1774029600000,300.44,Flip Short,2026-04-01 14:00,1775066400000,298.83,29,8712.76,64,-64.07,-0.7346,203.86,2.3374,833.47,9.5566,17.38,2026-07-25T14:23:16.562Z
pyr25|GOOGL|2h|1779480000000|1781532000000,pyr25,GOOGL,NASDAQ:GOOGL,2h,Swing 2H,LONG,Swing Low,2026-05-22 16:00,1779480000000,382.97,Flip Short,2026-06-15 10:00,1781532000000,369.2,23,8808.31,117,-334.01,-3.7882,241.89,2.7434,850.61,9.6472,17.3,2026-07-25T14:23:16.562Z
pyr25|GOOGL|2h|1782144000000|1782842400000,pyr25,GOOGL,NASDAQ:GOOGL,2h,Swing 2H,LONG,Swing Low,2026-06-22 12:00,1782144000000,345.99,Flip Short,2026-06-30 14:00,1782842400000,356.35,24,8303.76,49,231.78,2.7885,294.82,3.5468,308.3,3.7091,16.86,2026-07-25T14:23:16.562Z
pyr25|GOOGL|2h|1784023200000|1784138400000,pyr25,GOOGL,NASDAQ:GOOGL,2h,Swing 2H,LONG,Swing Low,2026-07-14 06:00,1784023200000,350.98,Flip Short,2026-07-15 14:00,1784138400000,372.11,25,8774.5,12,510.17,5.8085,557.73,6.3499,45.77,0.5212,18.08,2026-07-25T14:23:16.562Z
pyr25|TQQQ|2h|1755619200000|1756324800000,pyr25,TQQQ,NASDAQ:TQQQ,2h,Swing 2H,LONG,Swing Low,2025-08-19 12:00,1755619200000,45.19,Flip Short,2025-08-27 16:00,1756324800000,45.52,168,7591.92,50,40.2,0.529,81.45,1.0718,511.59,6.7319,15.24,2026-07-25T14:23:21.458Z
pyr25|TQQQ|2h|1756821600000|1757080800000,pyr25,TQQQ,NASDAQ:TQQQ,2h,Swing 2H,LONG,Swing Low,2025-09-02 10:00,1756821600000,43.28,Flip Short,2025-09-05 10:00,1757080800000,46.84,176,7617.28,24,610.7,8.0093,668.22,8.7637,210.02,2.7544,15.86,2026-07-25T14:23:21.458Z
pyr25|TQQQ|2h|1760112000000|1760990400000,pyr25,TQQQ,NASDAQ:TQQQ,2h,Swing 2H,LONG,Swing Low,2025-10-10 12:00,1760112000000,51.25,Flip Short,2025-10-20 16:00,1760990400000,53.95,157,8046.25,50,407.38,5.058,464.52,5.7674,717.69,8.9106,16.52,2026-07-25T14:23:21.458Z
pyr25|TQQQ|2h|1762282800000|1764176400000,pyr25,TQQQ,NASDAQ:TQQQ,2h,Swing 2H,LONG,Swing Low,2025-11-04 14:00,1762282800000,56.18,Flip Short,2025-11-26 12:00,1764176400000,53.73,149,8370.82,127,-381.43,-4.5521,188.31,2.2473,1656.31,19.767,16.38,2026-07-25T14:23:21.458Z
pyr25|TQQQ|2h|1763665200000|1764176400000,pyr25,TQQQ,NASDAQ:TQQQ,2h,Swing 2H,LONG,Pyramid Add,2025-11-20 14:00,1763665200000,47.32,Flip Short,2025-11-26 12:00,1764176400000,53.73,37,1750.84,31,233.43,13.3192,239.86,13.686,83.15,4.7445,3.74,2026-07-25T14:23:21.458Z
pyr25|TQQQ|2h|1765465200000|1766523600000,pyr25,TQQQ,NASDAQ:TQQQ,2h,Swing 2H,LONG,Swing Low,2025-12-11 10:00,1765465200000,54.14,Flip Short,2025-12-23 16:00,1766523600000,55.02,153,8283.42,67,117.94,1.4224,436.95,5.2697,738.09,8.9016,16.7,2026-07-25T14:23:21.458Z
pyr25|TQQQ|2h|1767178800000|1767798000000,pyr25,TQQQ,NASDAQ:TQQQ,2h,Swing 2H,LONG,Swing Low,2025-12-31 06:00,1767178800000,53.55,Flip Short,2026-01-07 10:00,1767798000000,55.32,156,8353.8,34,259.14,3.0989,288.05,3.4446,309.43,3.7004,16.98,2026-07-25T14:23:21.458Z
pyr25|TQQQ|2h|1768410000000|1769511600000,pyr25,TQQQ,NASDAQ:TQQQ,2h,Swing 2H,LONG,Swing Low,2026-01-14 12:00,1768410000000,52.75,Flip Short,2026-01-27 06:00,1769511600000,56.12,162,8545.5,61,528.3,6.1761,539.01,6.3013,444.33,5.1943,17.64,2026-07-25T14:23:21.458Z
pyr25|TQQQ|2h|1770030000000|1772024400000,pyr25,TQQQ,NASDAQ:TQQQ,2h,Swing 2H,LONG,Swing Low,2026-02-02 06:00,1770030000000,52.31,Flip Short,2026-02-25 08:00,1772024400000,50.41,171,8945.01,129,-342.47,-3.8247,642.57,7.1763,1205.95,13.4683,17.57,2026-07-25T14:23:21.458Z
pyr25|TQQQ|2h|1772449200000|1775484000000,pyr25,TQQQ,NASDAQ:TQQQ,2h,Swing 2H,LONG,Swing Low,2026-03-02 06:00,1772449200000,47.52,Flip Short,2026-04-06 10:00,1775484000000,44.36,183,8696.16,194,-595.09,-6.8363,617.16,7.0899,1875.3,21.5431,16.81,2026-07-25T14:23:21.458Z
pyr25|TQQQ|2h|1774620000000|1775484000000,pyr25,TQQQ,NASDAQ:TQQQ,2h,Swing 2H,LONG,Pyramid Add,2026-03-27 10:00,1774620000000,39.65,Flip Short,2026-04-06 10:00,1775484000000,44.36,45,1784.25,40,208.17,11.6554,210.62,11.7924,106.63,5.9704,3.78,2026-07-25T14:23:21.458Z
pyr25|TQQQ|2h|1779206400000|1779789600000,pyr25,TQQQ,NASDAQ:TQQQ,2h,Swing 2H,LONG,Swing Low,2026-05-19 12:00,1779206400000,72.13,Flip Short,2026-05-26 06:00,1779789600000,80.16,116,8367.08,29,913.81,10.9106,923.11,11.0217,29.25,0.3492,17.67,2026-07-25T14:23:21.458Z
pyr25|TQQQ|2h|1780668000000|1781532000000,pyr25,TQQQ,NASDAQ:TQQQ,2h,Swing 2H,LONG,Swing Low,2026-06-05 10:00,1780668000000,79.36,Flip Short,2026-06-15 10:00,1781532000000,83.39,114,9047.04,48,440.87,4.8682,537.01,5.9299,1442.03,15.9233,18.55,2026-07-25T14:23:21.458Z
pyr25|TQQQ|2h|1781028000000|1781532000000,pyr25,TQQQ,NASDAQ:TQQQ,2h,Swing 2H,LONG,Pyramid Add,2026-06-09 14:00,1781028000000,71.49,Flip Short,2026-06-15 10:00,1781532000000,83.39,28,2001.72,30,328.86,16.4126,352.48,17.5912,118.2,5.8991,4.34,2026-07-25T14:23:21.458Z
pyr25|TQQQ|2h|1782223200000|1784930400000,pyr25,TQQQ,NASDAQ:TQQQ,2h,Swing 2H,LONG,Swing Low,2026-06-23 10:00,1782223200000,76.77,,2026-07-24 18:00,1784930400000,63.81,126,9673.02,180,-1650.67,-17.0477,590.09,6.0942,1682.95,17.381,9.67,2026-07-25T14:23:21.458Z
pyr25|KARURVYSYA|2h|1725427800000|1729222200000,pyr25,KARURVYSYA,BSE:KARURVYSYA,2h,Swing 2H,LONG,Swing Low,2024-09-04 01:30,1725427800000,183.65,Flip Short,2024-10-17 23:30,1729222200000,177.5,41,7529.65,123,-266.96,-3.5419,166.72,2.212,936.18,12.4208,14.81,2026-07-25T14:23:26.478Z
pyr25|KARURVYSYA|2h|1731483000000|1732779000000,pyr25,KARURVYSYA,BSE:KARURVYSYA,2h,Swing 2H,LONG,Swing Low,2024-11-13 02:30,1731483000000,177.45,Flip Short,2024-11-28 02:30,1732779000000,196.4,41,7275.45,36,761.62,10.4579,829.12,11.3848,150.78,2.0703,15.33,2026-07-25T14:23:26.478Z
pyr25|KARURVYSYA|2h|1734499800000|1737365400000,pyr25,KARURVYSYA,BSE:KARURVYSYA,2h,Swing 2H,LONG,Swing Low,2024-12-18 00:30,1734499800000,189.35,Flip Short,2025-01-20 04:30,1737365400000,187.25,42,7952.7,90,-104.02,-1.3066,160.05,2.0105,805.95,10.1242,15.82,2026-07-25T14:23:26.478Z
pyr25|KARURVYSYA|2h|1739777400000|1742542200000,pyr25,KARURVYSYA,BSE:KARURVYSYA,2h,Swing 2H,LONG,Swing Low,2025-02-17 02:30,1739777400000,184.45,Flip Short,2025-03-21 03:30,1742542200000,173.9,42,7746.9,88,-458.15,-5.9081,48.95,0.6313,1301.35,16.7815,15.05,2026-07-25T14:23:26.478Z
pyr25|KARURVYSYA|2h|1741858200000|1742542200000,pyr25,KARURVYSYA,BSE:KARURVYSYA,2h,Swing 2H,LONG,Pyramid Add,2025-03-13 05:30,1741858200000,155.8,Flip Short,2025-03-21 03:30,1742542200000,173.9,10,1558,19,177.7,11.3944,186.94,11.9869,23.06,1.4785,3.3,2026-07-25T14:23:26.478Z
pyr25|KARURVYSYA|2h|1744003800000|1744795800000,pyr25,KARURVYSYA,BSE:KARURVYSYA,2h,Swing 2H,LONG,Swing Low,2025-04-07 01:30,1744003800000,167.5,Flip Short,2025-04-16 05:30,1744795800000,181.15,45,7537.5,22,598.56,7.9332,647.21,8.578,25.54,0.3385,15.69,2026-07-25T14:23:26.478Z
pyr25|KARURVYSYA|2h|1746595800000|1747200600000,pyr25,KARURVYSYA,BSE:KARURVYSYA,2h,Swing 2H,LONG,Swing Low,2025-05-07 01:30,1746595800000,175.75,Flip Short,2025-05-14 01:30,1747200600000,184,46,8084.5,20,362.95,4.485,451.92,5.5843,417.48,5.1589,16.55,2026-07-25T14:23:26.478Z
pyr25|KARURVYSYA|2h|1753421400000|1756186200000,pyr25,KARURVYSYA,BSE:KARURVYSYA,2h,Swing 2H,LONG,Swing Low,2025-07-25 01:30,1753421400000,219.95,Flip Short,2025-08-26 01:30,1756186200000,217.5,38,8358.1,84,-109.72,-1.3115,335.54,4.0106,1505.56,17.9952,16.62,2026-07-25T14:23:26.478Z
pyr25|KARURVYSYA|2h|1756099800000|1756186200000,pyr25,KARURVYSYA,BSE:KARURVYSYA,2h,Swing 2H,LONG,Pyramid Add,2025-08-25 01:30,1756099800000,183.3,Flip Short,2025-08-26 01:30,1756186200000,217.5,9,1649.7,4,304.19,18.4209,409.65,24.807,7.5,0.4542,3.61,2026-07-25T14:23:26.478Z
pyr25|KARURVYSYA|2h|1758879000000|1759735800000,pyr25,KARURVYSYA,BSE:KARURVYSYA,2h,Swing 2H,LONG,Swing Low,2025-09-26 05:30,1758879000000,205.55,Flip Short,2025-10-06 03:30,1759735800000,219,41,8427.55,19,534.04,6.3305,586.07,6.9473,30.98,0.3672,17.41,2026-07-25T14:23:26.478Z
pyr25|KARURVYSYA|2h|1764041400000|1766136600000,pyr25,KARURVYSYA,BSE:KARURVYSYA,2h,Swing 2H,LONG,Swing Low,2025-11-24 22:30,1764041400000,243.25,Flip Short,2025-12-19 04:30,1766136600000,251.85,36,8757,75,291.78,3.3286,468.24,5.3417,239.16,2.7283,17.82,2026-07-25T14:23:26.478Z
pyr25|KARURVYSYA|2h|1768966200000|1769491800000,pyr25,KARURVYSYA,BSE:KARURVYSYA,2h,Swing 2H,LONG,Swing Low,2026-01-20 22:30,1768966200000,254.45,Flip Short,2026-01-27 00:30,1769491800000,292.05,35,8905.75,13,1296.87,14.5476,1387.59,15.5653,143.66,1.6115,19.13,2026-07-25T14:23:26.478Z
pyr25|KARURVYSYA|2h|1772429400000|1776835800000,pyr25,KARURVYSYA,BSE:KARURVYSYA,2h,Swing 2H,LONG,Swing Low,2026-03-02 00:30,1772429400000,319.9,Flip Short,2026-04-22 01:30,1776835800000,295.3,31,9916.9,128,-781.67,-7.8743,7.13,0.0719,2006.32,20.2111,19.07,2026-07-25T14:23:26.478Z
pyr25|KARURVYSYA|2h|1773984600000|1776835800000,pyr25,KARURVYSYA,BSE:KARURVYSYA,2h,Swing 2H,LONG,Pyramid Add,2026-03-20 01:30,1773984600000,270.9,Flip Short,2026-04-22 01:30,1776835800000,295.3,7,1896.3,76,166.84,8.7892,213.35,11.2398,109.7,5.779,3.96,2026-07-25T14:23:26.478Z
pyr25|KARURVYSYA|2h|1778563800000|1781501400000,pyr25,KARURVYSYA,BSE:KARURVYSYA,2h,Swing 2H,LONG,Swing Low,2026-05-12 01:30,1778563800000,285.6,Flip Short,2026-06-15 01:30,1781501400000,291.9,34,9710.4,92,194.56,2.0017,512.19,5.2694,575.81,5.9239,19.63,2026-07-25T14:23:26.478Z
pyr25|ICICIBANK|2h|1727947800000|1729575000000,pyr25,ICICIBANK,BSE:ICICIBANK,2h,Swing 2H,LONG,Swing Low,2024-10-03 05:30,1727947800000,1257.45,Flip Short,2024-10-22 01:30,1729575000000,1281.7,6,7544.7,50,130.27,1.7249,145.76,1.93,244.24,3.2341,15.23,2026-07-25T14:23:31.532Z
pyr25|ICICIBANK|2h|1731569400000|1733290200000,pyr25,ICICIBANK,BSE:ICICIBANK,2h,Swing 2H,LONG,Swing Low,2024-11-14 02:30,1731569400000,1256,Flip Short,2024-12-04 00:30,1733290200000,1316.45,6,7536,47,347.27,4.6035,364.16,4.8275,145.54,1.9293,15.43,2026-07-25T14:23:31.532Z
pyr25|ICICIBANK|2h|1734586200000|1738647000000,pyr25,ICICIBANK,BSE:ICICIBANK,2h,Swing 2H,LONG,Swing Low,2024-12-19 00:30,1734586200000,1290.8,Flip Short,2025-02-04 00:30,1738647000000,1268,6,7744.8,132,-152.15,-1.9626,208.86,2.694,630.54,8.1334,15.35,2026-07-25T14:23:31.532Z
pyr25|ICICIBANK|2h|1739770200000|1741843800000,pyr25,ICICIBANK,BSE:ICICIBANK,2h,Swing 2H,LONG,Swing Low,2025-02-17 00:30,1739770200000,1238.9,Flip Short,2025-03-13 01:30,1741843800000,1253.8,6,7433.4,68,74.44,1.0005,138.37,1.8596,239.63,3.2205,14.96,2026-07-25T14:23:31.532Z
pyr25|ICICIBANK|2h|1744003800000|1744781400000,pyr25,ICICIBANK,BSE:ICICIBANK,2h,Swing 2H,LONG,Swing Low,2025-04-07 01:30,1744003800000,1282.3,Flip Short,2025-04-16 01:30,1744781400000,1346.2,6,7693.8,20,367.63,4.7735,458.51,5.9535,107.29,1.3932,15.77,2026-07-25T14:23:31.532Z
pyr25|ICICIBANK|2h|1746783000000|1747107000000,pyr25,ICICIBANK,BSE:ICICIBANK,2h,Swing 2H,LONG,Swing Low,2025-05-09 05:30,1746783000000,1389.65,Flip Short,2025-05-12 23:30,1747107000000,1441.95,5,6948.25,5,247.34,3.5562,307.8,4.4255,21.2,0.3048,14.16,2026-07-25T14:23:31.532Z
pyr25|ICICIBANK|2h|1749015000000|1750923000000,pyr25,ICICIBANK,BSE:ICICIBANK,2h,Swing 2H,LONG,Swing Low,2025-06-04 01:30,1749015000000,1430.2,Flip Short,2025-06-26 03:30,1750923000000,1434.4,5,7151,65,6.68,0.0933,179.35,2.5055,152.9,2.136,14.32,2026-07-25T14:23:31.532Z
pyr25|ICICIBANK|2h|1752211800000|1753075800000,pyr25,ICICIBANK,BSE:ICICIBANK,2h,Swing 2H,LONG,Swing Low,2025-07-11 01:30,1752211800000,1418.25,Flip Short,2025-07-21 01:30,1753075800000,1463.75,5,7091.25,24,213.09,3.002,231.16,3.2565,56.59,0.7972,14.41,2026-07-25T14:23:31.532Z
pyr25|ICICIBANK|2h|1754544600000|1757914200000,pyr25,ICICIBANK,BSE:ICICIBANK,2h,Swing 2H,LONG,Swing Low,2025-08-07 01:30,1754544600000,1433.7,Flip Short,2025-09-15 01:30,1757914200000,1424.7,5,7168.5,100,-59.29,-0.8263,84.08,1.1718,256.17,3.57,14.29,2026-07-25T14:23:31.532Z
pyr25|ICICIBANK|2h|1758691800000|1760506200000,pyr25,ICICIBANK,BSE:ICICIBANK,2h,Swing 2H,LONG,Swing Low,2025-09-24 01:30,1758691800000,1378.65,Flip Short,2025-10-15 01:30,1760506200000,1393.3,6,8271.9,56,71.27,0.8607,84.13,1.016,222.17,2.6832,16.63,2026-07-25T14:23:31.532Z
pyr25|ICICIBANK|2h|1761629400000|1763019000000,pyr25,ICICIBANK,BSE:ICICIBANK,2h,Swing 2H,LONG,Swing Low,2025-10-28 01:30,1761629400000,1359,Flip Short,2025-11-13 02:30,1763019000000,1389.6,6,8154,45,167.11,2.0474,179.05,2.1936,257.15,3.1506,16.49,2026-07-25T14:23:31.532Z
pyr25|ICICIBANK|2h|1765431000000|1767591000000,pyr25,ICICIBANK,BSE:ICICIBANK,2h,Swing 2H,LONG,Swing Low,2025-12-11 00:30,1765431000000,1360.6,Flip Short,2026-01-05 00:30,1767591000000,1374.4,6,8163.6,64,66.39,0.8124,77.04,0.9427,158.16,1.9355,16.41,2026-07-25T14:23:31.532Z
pyr25|ICICIBANK|2h|1769067000000|1770874200000,pyr25,ICICIBANK,BSE:ICICIBANK,2h,Swing 2H,LONG,Swing Low,2026-01-22 02:30,1769067000000,1340.05,Flip Short,2026-02-12 00:30,1770874200000,1423.55,6,8040.3,59,484.42,6.0189,519.66,6.4567,90.84,1.1287,16.58,2026-07-25T14:23:31.532Z
pyr25|ICICIBANK|2h|1771558200000|1775626200000,pyr25,ICICIBANK,BSE:ICICIBANK,2h,Swing 2H,LONG,Swing Low,2026-02-19 22:30,1771558200000,1385.75,Flip Short,2026-04-08 01:30,1775626200000,1310.1,6,8314.5,117,-470.08,-5.648,136.89,1.6447,1197.51,14.3883,16.18,2026-07-25T14:23:31.532Z
pyr25|ICICIBANK|2h|1777455000000|1779766200000,pyr25,ICICIBANK,BSE:ICICIBANK,2h,Swing 2H,LONG,Swing Low,2026-04-29 05:30,1777455000000,1282.6,Flip Short,2026-05-25 23:30,1779766200000,1291.9,6,7695.6,69,40.35,0.5238,60.4,0.7841,364.7,4.7343,15.45,2026-07-25T14:23:31.532Z
pyr25|ICICIBANK|2h|1780385400000|1781076600000,pyr25,ICICIBANK,BSE:ICICIBANK,2h,Swing 2H,LONG,Swing Low,2026-06-02 03:30,1780385400000,1234,Flip Short,2026-06-10 03:30,1781076600000,1299.45,7,8638,24,440.42,5.0935,492.91,5.7006,149.34,1.7271,17.73,2026-07-25T14:23:31.532Z
flip-only|JNUG|2h|1776787200000|1778076000000,flip-only,JNUG,AMEX:JNUG,2h,Swing 2H,LONG,Swing Low,2026-04-21 12:00,1776787200000,218.1,Flip Short,2026-05-06 10:00,1778076000000,204,44,9596.4,84,-638.97,-6.6518,118,1.2284,2033.6,21.1701,18.57,2026-07-27T19:20:15.238Z
flip-only|JNUG|2h|1778839200000|1780070400000,flip-only,JNUG,AMEX:JNUG,2h,Swing 2H,LONG,Swing Low,2026-05-15 06:00,1778839200000,195.89,Flip Short,2026-05-29 12:00,1780070400000,184.21,46,9010.94,72,-554.76,-6.1504,156.13,1.7309,1763.91,19.5557,17.48,2026-07-27T19:20:15.238Z
flip-only|JNUG|2h|1780653600000|1781532000000,flip-only,JNUG,AMEX:JNUG,2h,Swing 2H,LONG,Swing Low,2026-06-05 06:00,1780653600000,159.7,Flip Short,2026-06-15 10:00,1781532000000,163.9,53,8464.1,50,205.45,2.4249,345.05,4.0725,2541.33,29.9949,17.15,2026-07-27T19:20:15.238Z
flip-only|JNUG|2h|1783504800000|1784728800000,flip-only,JNUG,AMEX:JNUG,2h,Swing 2H,LONG,Swing Low,2026-07-08 06:00,1783504800000,114.33,Flip Short,2026-07-22 10:00,1784728800000,127.48,76,8689.08,78,981.02,11.279,1008.95,11.6001,1141.85,13.1281,18.38,2026-07-27T19:20:15.238Z
flip-only|TNA|2h|1769677200000|1770411600000,flip-only,TNA,AMEX:TNA,2h,Swing 2H,LONG,Swing Low,2026-01-29 04:00,1769677200000,54.59,Flip Short,2026-02-06 16:00,1770411600000,55.54,208,11354.72,54,174.69,1.537,284.01,2.4987,1147.03,10.0917,22.91,2026-07-27T19:20:24.268Z
flip-only|UTSL|2h|1763643600000|1764327600000,flip-only,UTSL,AMEX:UTSL,2h,Swing 2H,LONG,Swing Low,2025-11-20 08:00,1763643600000,46.33,Flip Short,2025-11-28 06:00,1764327600000,47.5,238,11026.54,30,256.13,2.3205,267.43,2.4229,660.77,5.9865,22.33,2026-07-27T19:20:27.224Z
flip-only|UTSL|2h|1764781200000|1767373200000,flip-only,UTSL,AMEX:UTSL,2h,Swing 2H,LONG,Swing Low,2025-12-03 12:00,1764781200000,43.5,Flip Short,2026-01-02 12:00,1767373200000,41.74,254,11049,119,-468.69,-4.2377,126.11,1.1402,1148.97,10.3885,21.65,2026-07-27T19:20:27.224Z
flip-only|UTSL|2h|1767632400000|1768424400000,flip-only,UTSL,AMEX:UTSL,2h,Swing 2H,LONG,Swing Low,2026-01-05 12:00,1767632400000,39.14,Flip Short,2026-01-14 16:00,1768424400000,41.61,272,10646.08,50,649.88,6.0983,753.67,7.0723,396.89,3.7243,21.96,2026-07-27T19:20:27.224Z
flip-only|UTSL|2h|1772557200000|1773669600000,flip-only,UTSL,AMEX:UTSL,2h,Swing 2H,LONG,Swing Low,2026-03-03 12:00,1772557200000,51.6,Flip Short,2026-03-16 10:00,1773669600000,53.15,237,12229.2,55,342.52,2.7981,513.91,4.1981,628.43,5.1336,24.83,2026-07-27T19:20:27.224Z
flip-only|UTSL|2h|1776362400000|1777564800000,flip-only,UTSL,AMEX:UTSL,2h,Swing 2H,LONG,Swing Low,2026-04-16 14:00,1776362400000,49.23,Flip Short,2026-04-30 12:00,1777564800000,50.5,270,13292.1,59,315.97,2.3748,464.61,3.4919,1185.09,8.9069,26.93,2026-07-27T19:20:27.224Z
flip-only|UTSL|2h|1784318400000|1784829600000,flip-only,UTSL,AMEX:UTSL,2h,Swing 2H,LONG,Swing Low,2026-07-17 16:00,1784318400000,45,Flip Short,2026-07-23 14:00,1784829600000,47.55,302,13590,22,742.15,5.4555,931.67,6.8487,533.03,3.9183,27.95,2026-07-27T19:20:27.224Z
flip-only|YINN|2h|1770030000000|1770750000000,flip-only,YINN,AMEX:YINN,2h,Swing 2H,LONG,Swing Low,2026-02-02 06:00,1770030000000,44.41,Flip Short,2026-02-10 14:00,1770750000000,45.45,285,12656.85,52,270.79,2.1373,426.24,3.3643,1175.46,9.2778,25.61,2026-07-27T19:20:30.228Z
flip-only|YINN|2h|1770994800000|1773828000000,flip-only,YINN,AMEX:YINN,2h,Swing 2H,LONG,Swing Low,2026-02-13 10:00,1770994800000,41.05,Flip Short,2026-03-18 06:00,1773828000000,36.75,316,12971.8,174,-1383.38,-10.6539,865.51,6.6656,2869.61,22.0998,24.58,2026-07-27T19:20:30.228Z
flip-only|ASHR|2h|1750665600000|1750759200000,flip-only,ASHR,AMEX:ASHR,2h,Swing 2H,LONG,Swing Low,2025-06-23 04:00,1750665600000,26.74,Flip Short,2025-06-24 06:00,1750759200000,27.12,359,9599.66,8,117.08,1.2185,137.59,1.4319,16.78,0.1746,19.34,2026-07-27T19:20:48.332Z
flip-only|ASHR|2h|1780653600000|1781704800000,flip-only,ASHR,AMEX:ASHR,2h,Swing 2H,LONG,Swing Low,2026-06-05 06:00,1780653600000,35.61,Flip Short,2026-06-17 10:00,1781704800000,36.26,317,11288.37,50,183.27,1.6219,210.61,1.8639,394.86,3.4944,22.78,2026-07-27T19:20:48.332Z
flip-only|EWY|2h|1762333200000|1764673200000,flip-only,EWY,AMEX:EWY,2h,Swing 2H,LONG,Swing Low,2025-11-05 04:00,1762333200000,93.2,Flip Short,2025-12-02 06:00,1764673200000,92.25,113,10531.6,142,-128.31,-1.2171,531.87,5.0452,766.5,7.2708,20.96,2026-07-27T19:20:51.303Z
flip-only|EWY|2h|1770368400000|1770822000000,flip-only,EWY,AMEX:EWY,2h,Swing 2H,LONG,Swing Low,2026-02-06 04:00,1770368400000,118.62,Flip Short,2026-02-11 10:00,1770822000000,128.03,93,11031.66,27,852.19,7.7172,884.56,8.0104,77.06,0.6979,22.94,2026-07-27T19:20:51.303Z
flip-only|MU|2h|1762333200000|1762369200000,flip-only,MU,NASDAQ:MU,2h,Swing 2H,LONG,Swing Low,2025-11-05 04:00,1762333200000,218.99,Flip Short,2025-11-05 14:00,1762369200000,237.26,58,12701.42,5,1033.2,8.1264,1083.5,8.522,108.4,0.8526,26.46,2026-07-27T19:20:54.419Z
flip-only|BE|2h|1774036800000|1775635200000,flip-only,BE,NYSE:BE,2h,Swing 2H,LONG,Swing Low,2026-03-20 16:00,1774036800000,150.97,Flip Short,2026-04-08 04:00,1775635200000,146.14,177,26721.69,90,-907.5,-3.3927,1185.73,4.4329,6127.91,22.9094,52.59,2026-07-27T19:21:00.378Z
flip-only|DRN|2h|1747152000000|1749060000000,flip-only,DRN,AMEX:DRN,2h,Swing 2H,LONG,Swing Low,2025-05-13 12:00,1747152000000,9.35,Flip Short,2025-06-04 14:00,1749060000000,9.8,1018,9518.3,99,438.61,4.6034,692.9,7.2724,610.14,6.4038,19.49,2026-07-27T19:21:32.316Z
flip-only|DRN|2h|1750060800000|1750708800000,flip-only,DRN,AMEX:DRN,2h,Swing 2H,LONG,Swing Low,2025-06-16 04:00,1750060800000,9.77,Flip Short,2025-06-23 16:00,1750708800000,10.14,1018,9945.86,25,356.39,3.5797,366.71,3.6834,233.91,2.3494,20.27,2026-07-27T19:21:32.316Z
flip-only|DRN|2h|1750881600000|1752840000000,flip-only,DRN,AMEX:DRN,2h,Swing 2H,LONG,Swing Low,2025-06-25 16:00,1750881600000,9.39,Flip Short,2025-07-18 08:00,1752840000000,9.74,1087,10206.93,93,359.66,3.5201,565.9,5.5388,531.97,5.2066,20.79,2026-07-27T19:21:32.316Z
flip-only|DRN|2h|1753948800000|1755633600000,flip-only,DRN,AMEX:DRN,2h,Swing 2H,LONG,Swing Low,2025-07-31 04:00,1753948800000,9.8,Flip Short,2025-08-19 16:00,1755633600000,9.51,1090,10682,93,-337.15,-3.1531,207.32,1.9389,1013.48,9.4783,21.05,2026-07-27T19:21:32.316Z
flip-only|DRN|2h|1756836000000|1757613600000,flip-only,DRN,AMEX:DRN,2h,Swing 2H,LONG,Swing Low,2025-09-02 14:00,1756836000000,9.4,Flip Short,2025-09-11 14:00,1757613600000,9.88,1091,10255.4,49,502.65,4.8964,546.15,5.3202,217.55,2.1192,21.03,2026-07-27T19:21:32.316Z
flip-only|DRN|2h|1758312000000|1759262400000,flip-only,DRN,AMEX:DRN,2h,Swing 2H,LONG,Swing Low,2025-09-19 16:00,1758312000000,9.51,Flip Short,2025-09-30 16:00,1759262400000,9.79,1133,10774.83,51,295.37,2.7386,329.13,3.0515,214.71,1.9908,21.87,2026-07-27T19:21:32.316Z
flip-only|DRN|2h|1759845600000|1760544000000,flip-only,DRN,AMEX:DRN,2h,Swing 2H,LONG,Swing Low,2025-10-07 10:00,1759845600000,9.35,Flip Short,2025-10-15 12:00,1760544000000,9.48,1177,11004.95,47,130.85,1.1878,353.87,3.2123,905.52,8.2201,22.16,2026-07-27T19:21:32.316Z
flip-only|DRN|2h|1761681600000|1762549200000,flip-only,DRN,AMEX:DRN,2h,Swing 2H,LONG,Swing Low,2025-10-28 16:00,1761681600000,9.45,Flip Short,2025-11-07 16:00,1762549200000,9,1180,11151,57,-552.77,-4.9522,12.45,0.1115,1214.75,10.8828,21.77,2026-07-27T19:21:32.316Z
flip-only|DRN|2h|1763118000000|1764090000000,flip-only,DRN,AMEX:DRN,2h,Swing 2H,LONG,Swing Low,2025-11-14 06:00,1763118000000,8.74,Flip Short,2025-11-25 12:00,1764090000000,9.08,1196,10453.04,46,385.33,3.6826,408.15,3.9007,417.09,3.9862,21.31,2026-07-27T19:21:32.316Z
flip-only|DRN|2h|1765206000000|1767020400000,flip-only,DRN,AMEX:DRN,2h,Swing 2H,LONG,Swing Low,2025-12-08 10:00,1765206000000,8.61,Flip Short,2025-12-29 10:00,1767020400000,8.72,1279,11012.19,84,118.52,1.0752,244.79,2.2207,535.4,4.857,22.17,2026-07-27T19:21:32.316Z
flip-only|DRN|2h|1767877200000|1768402800000,flip-only,DRN,AMEX:DRN,2h,Swing 2H,LONG,Swing Low,2026-01-08 08:00,1767877200000,8.3,Flip Short,2026-01-14 10:00,1768402800000,9.01,1335,11080.5,25,924.74,8.3373,963.47,8.6865,131.23,1.1832,23.11,2026-07-27T19:21:32.316Z
flip-only|DRN|2h|1769634000000|1770238800000,flip-only,DRN,AMEX:DRN,2h,Swing 2H,LONG,Swing Low,2026-01-28 16:00,1769634000000,8.71,Flip Short,2026-02-04 16:00,1770238800000,9.1,1372,11950.12,32,510.64,4.2689,674.05,5.6349,286.35,2.3938,24.44,2026-07-27T19:21:32.316Z
flip-only|DRN|2h|1772550000000|1775160000000,flip-only,DRN,AMEX:DRN,2h,Swing 2H,LONG,Swing Low,2026-03-03 10:00,1772550000000,10.08,Flip Short,2026-04-02 16:00,1775160000000,9.12,1237,12468.96,127,-1211.27,-9.7046,680.25,5.4501,2523.58,20.2187,23.75,2026-07-27T19:21:32.316Z
flip-only|DRN|2h|1777392000000|1778076000000,flip-only,DRN,AMEX:DRN,2h,Swing 2H,LONG,Swing Low,2026-04-28 12:00,1777392000000,10.46,Flip Short,2026-05-06 10:00,1778076000000,10.98,1083,11328.18,37,539.94,4.7616,692.62,6.108,498.68,4.3977,23.22,2026-07-27T19:21:32.316Z
flip-only|DRN|2h|1778788800000|1779804000000,flip-only,DRN,AMEX:DRN,2h,Swing 2H,LONG,Swing Low,2026-05-14 16:00,1778788800000,10.51,Flip Short,2026-05-26 10:00,1779804000000,11.05,1127,11844.77,38,584.28,4.9279,698.17,5.8884,699.31,5.8981,24.3,2026-07-27T19:21:32.316Z
flip-only|DRN|2h|1780336800000|1781028000000,flip-only,DRN,AMEX:DRN,2h,Swing 2H,LONG,Swing Low,2026-06-01 14:00,1780336800000,10.15,Flip Short,2026-06-09 14:00,1781028000000,11.22,1217,12352.55,37,1276.18,10.321,1289.84,10.4314,389.62,3.151,26.01,2026-07-27T19:21:32.316Z
flip-only|DRN|2h|1781726400000|1782734400000,flip-only,DRN,AMEX:DRN,2h,Swing 2H,LONG,Swing Low,2026-06-17 16:00,1781726400000,10.34,Flip Short,2026-06-29 08:00,1782734400000,11.3,1314,13586.76,38,1233.01,9.066,1484.37,10.9142,184.41,1.3559,28.43,2026-07-27T19:21:32.316Z
flip-only|EDC|2h|1748613600000|1749117600000,flip-only,EDC,AMEX:EDC,2h,Swing 2H,LONG,Swing Low,2025-05-30 10:00,1748613600000,32.59,Flip Short,2025-06-05 06:00,1749117600000,35.2,291,9483.69,21,739.78,7.7928,782.04,8.2379,140.43,1.4793,19.73,2026-07-27T19:21:38.484Z
flip-only|EDC|2h|1750680000000|1750788000000,flip-only,EDC,AMEX:EDC,2h,Swing 2H,LONG,Swing Low,2025-06-23 08:00,1750680000000,34.95,Flip Short,2025-06-24 14:00,1750788000000,38.48,292,10205.4,8,1009.32,9.8802,1020.55,9.9902,68.61,0.6716,21.44,2026-07-27T19:21:38.484Z
flip-only|EDC|2h|1753963200000|1755014400000,flip-only,EDC,AMEX:EDC,2h,Swing 2H,LONG,Swing Low,2025-07-31 08:00,1753963200000,39.9,Flip Short,2025-08-12 12:00,1755014400000,42.44,277,11052.3,42,680.77,6.1534,717.46,6.485,551.2,4.9822,22.81,2026-07-27T19:21:38.484Z
flip-only|EDC|2h|1756821600000|1757347200000,flip-only,EDC,AMEX:EDC,2h,Swing 2H,LONG,Swing Low,2025-09-02 10:00,1756821600000,41.82,Flip Short,2025-09-08 12:00,1757347200000,44.46,283,11835.06,24,722.7,6.1004,746.6,6.3021,139.19,1.1749,24.42,2026-07-27T19:21:38.484Z
flip-only|EDC|2h|1758880800000|1759327200000,flip-only,EDC,AMEX:EDC,2h,Swing 2H,LONG,Swing Low,2025-09-26 06:00,1758880800000,48.26,Flip Short,2025-10-01 10:00,1759327200000,51.8,258,12451.08,19,887.5,7.1208,973.11,7.8077,89.85,0.7209,25.82,2026-07-27T19:21:38.484Z
flip-only|EDC|2h|1760112000000|1760976000000,flip-only,EDC,AMEX:EDC,2h,Swing 2H,LONG,Swing Low,2025-10-10 12:00,1760112000000,48.57,Flip Short,2025-10-20 12:00,1760976000000,54.6,270,13113.9,38,1600.24,12.1905,1671.69,12.7347,842.01,6.4144,27.86,2026-07-27T19:21:38.484Z
flip-only|EDC|2h|1762297200000|1764932400000,flip-only,EDC,AMEX:EDC,2h,Swing 2H,LONG,Swing Low,2025-11-04 18:00,1762297200000,53,Flip Short,2025-12-05 06:00,1764932400000,52.9,278,14734,113,-57.24,-0.3881,986.07,6.6858,1774.47,12.0314,29.44,2026-07-27T19:21:38.484Z
flip-only|EDC|2h|1765825200000|1766761200000,flip-only,EDC,AMEX:EDC,2h,Swing 2H,LONG,Swing Low,2025-12-15 14:00,1765825200000,51.35,Flip Short,2025-12-26 10:00,1766761200000,54.31,289,14840.15,36,824.9,5.553,849.27,5.7171,754.68,5.0803,30.54,2026-07-27T19:21:38.484Z
flip-only|EDC|2h|1770303600000|1770807600000,flip-only,EDC,AMEX:EDC,2h,Swing 2H,LONG,Swing Low,2026-02-05 10:00,1770303600000,65.78,Flip Short,2026-02-11 06:00,1770807600000,73.85,232,15260.96,20,1839.85,12.0439,1856.98,12.156,428.22,2.8032,32.39,2026-07-27T19:21:38.484Z
flip-only|EDC|2h|1772463600000|1775635200000,flip-only,EDC,AMEX:EDC,2h,Swing 2H,LONG,Swing Low,2026-03-02 10:00,1772463600000,74,Flip Short,2026-04-08 04:00,1775635200000,66.48,233,17242,170,-1784.89,-10.3417,476.72,2.7621,5725.74,33.1749,32.73,2026-07-27T19:21:38.484Z
flip-only|EDC|2h|1778853600000|1779804000000,flip-only,EDC,AMEX:EDC,2h,Swing 2H,LONG,Swing Low,2026-05-15 10:00,1778853600000,80,Flip Short,2026-05-26 10:00,1779804000000,91.68,195,15600,37,2244.12,14.371,2380.95,15.2473,1017.9,6.5185,33.48,2026-07-27T19:21:38.484Z
flip-only|EDC|2h|1780668000000|1781719200000,flip-only,EDC,AMEX:EDC,2h,Swing 2H,LONG,Swing Low,2026-06-05 10:00,1780668000000,83.37,Flip Short,2026-06-17 14:00,1781719200000,96.23,211,17591.07,51,2675.56,15.1946,2961.73,16.8197,1813.2,10.2972,37.9,2026-07-27T19:21:38.484Z
flip-only|HINDZINC|2h|1731303000000|1733218200000,flip-only,HINDZINC,NSE:HINDZINC,2h,Swing 2H,LONG,Swing Low,2024-11-11 00:30,1731303000000,501.8,Flip Short,2024-12-03 04:30,1733218200000,506.85,18,9032.4,58,72.74,0.8046,179.07,1.9805,343.83,3.8029,18.16,2026-07-27T19:21:41.637Z
flip-only|HINDZINC|2h|1734420600000|1737610200000,flip-only,HINDZINC,NSE:HINDZINC,2h,Swing 2H,LONG,Swing Low,2024-12-17 02:30,1734420600000,492.25,Flip Short,2025-01-23 00:30,1737610200000,474.85,19,9352.75,103,-348.97,-3.7275,0,0,1482.8,15.8384,18.37,2026-07-27T19:21:41.637Z
flip-only|HINDZINC|2h|1738567800000|1741325400000,flip-only,HINDZINC,NSE:HINDZINC,2h,Swing 2H,LONG,Swing Low,2025-02-03 02:30,1738567800000,427.6,Flip Short,2025-03-07 00:30,1741325400000,433.9,21,8979.6,91,114.21,1.2706,864.62,9.6191,1047.43,11.6529,18.09,2026-07-27T19:21:41.637Z
flip-only|HINDZINC|2h|1743744600000|1745559000000,flip-only,HINDZINC,NSE:HINDZINC,2h,Swing 2H,LONG,Swing Low,2025-04-04 01:30,1743744600000,438.65,Flip Short,2025-04-25 01:30,1745559000000,443.3,21,9211.65,48,79.13,0.8582,605.04,6.5616,1061.31,11.5099,18.52,2026-07-27T19:21:41.637Z
flip-only|HINDZINC|2h|1746509400000|1747632600000,flip-only,HINDZINC,NSE:HINDZINC,2h,Swing 2H,LONG,Swing Low,2025-05-06 01:30,1746509400000,422.8,Flip Short,2025-05-19 01:30,1747632600000,451.4,22,9301.6,36,609.97,6.5511,648.5,6.9649,554.9,5.9597,19.23,2026-07-27T19:21:41.637Z
flip-only|HINDZINC|2h|1750303800000|1753248600000,flip-only,HINDZINC,NSE:HINDZINC,2h,Swing 2H,LONG,Swing Low,2025-06-18 23:30,1750303800000,454.1,Flip Short,2025-07-23 01:30,1753248600000,444.8,22,9990.2,97,-224.38,-2.2437,32.91,0.3291,866.89,8.6687,19.78,2026-07-27T19:21:41.637Z
flip-only|HINDZINC|2h|1753939800000|1755581400000,flip-only,HINDZINC,NSE:HINDZINC,2h,Swing 2H,LONG,Swing Low,2025-07-31 01:30,1753939800000,428,Flip Short,2025-08-19 01:30,1755581400000,428.05,22,9416,48,-17.73,-0.1881,115.98,1.2305,328.42,3.4844,18.83,2026-07-27T19:21:41.637Z
flip-only|HINDZINC|2h|1761197400000|1763011800000,flip-only,HINDZINC,NSE:HINDZINC,2h,Swing 2H,LONG,Swing Low,2025-10-23 01:30,1761197400000,482.6,Flip Short,2025-11-13 00:30,1763011800000,497.85,20,9652,56,285.39,2.9539,418.35,4.33,461.65,4.7782,19.61,2026-07-27T19:21:41.637Z
flip-only|HINDZINC|2h|1763717400000|1764739800000,flip-only,HINDZINC,NSE:HINDZINC,2h,Swing 2H,LONG,Swing Low,2025-11-21 04:30,1763717400000,460.1,Flip Short,2025-12-03 00:30,1764739800000,507.45,21,9662.1,30,974.03,10.0709,1029.84,10.6479,148.26,1.5329,20.32,2026-07-27T19:21:41.637Z
flip-only|HINDZINC|2h|1767857400000|1768368600000,flip-only,HINDZINC,NSE:HINDZINC,2h,Swing 2H,LONG,Swing Low,2026-01-08 02:30,1767857400000,594.6,Flip Short,2026-01-14 00:30,1768368600000,664.05,18,10702.8,15,1227.44,11.457,1363.6,12.7278,126.8,1.1836,22.66,2026-07-27T19:21:41.637Z
flip-only|HINDZINC|2h|1769923800000|1775626200000,flip-only,HINDZINC,NSE:HINDZINC,2h,Swing 2H,LONG,Swing Low,2026-02-01 00:30,1769923800000,566.4,Flip Short,2026-04-08 01:30,1775626200000,556.7,21,11894.4,176,-227.29,-1.9089,1616.66,13.5782,1742.29,14.6334,23.59,2026-07-27T19:21:41.637Z
flip-only|ICICIBANK|2h|1739770200000|1741757400000,flip-only,ICICIBANK,NSE:ICICIBANK,2h,Swing 2H,LONG,Swing Low,2025-02-17 00:30,1739770200000,1238.7,Flip Short,2025-03-12 01:30,1741757400000,1247.2,7,8670.9,64,42.1,0.485,171.93,1.9808,278.87,3.213,17.4,2026-07-27T19:21:44.666Z
flip-only|ICICIBANK|2h|1744003800000|1744860600000,flip-only,ICICIBANK,NSE:ICICIBANK,2h,Swing 2H,LONG,Swing Low,2025-04-07 01:30,1744003800000,1281.7,Flip Short,2025-04-16 23:30,1744860600000,1362,7,8971.9,23,543.59,6.0528,553.13,6.159,125.87,1.4016,18.51,2026-07-27T19:21:44.666Z
flip-only|ICICIBANK|2h|1749029400000|1750923000000,flip-only,ICICIBANK,NSE:ICICIBANK,2h,Swing 2H,LONG,Swing Low,2025-06-04 05:30,1749029400000,1432.7,Flip Short,2025-06-26 03:30,1750923000000,1434.7,7,10028.9,63,-6.07,-0.0605,228.67,2.2778,213.73,2.129,20.07,2026-07-27T19:21:44.666Z
flip-only|ICICIBANK|2h|1752219000000|1753075800000,flip-only,ICICIBANK,NSE:ICICIBANK,2h,Swing 2H,LONG,Swing Low,2025-07-11 03:30,1752219000000,1420.9,Flip Short,2025-07-21 01:30,1753075800000,1464.3,7,9946.3,23,283.6,2.8485,305.05,3.0639,96.75,0.9717,20.2,2026-07-27T19:21:44.666Z
flip-only|BHARTIARTL|2h|1728034200000|1729071000000,flip-only,BHARTIARTL,NSE:BHARTIARTL,2h,Swing 2H,LONG,Swing Low,2024-10-04 05:30,1728034200000,1636.1,Flip Short,2024-10-16 05:30,1729071000000,1739.5,5,8180.5,32,500.12,6.1075,522.82,6.3847,13.18,0.161,16.88,2026-07-27T19:21:47.700Z
flip-only|BHARTIARTL|2h|1729841400000|1732865400000,flip-only,BHARTIARTL,NSE:BHARTIARTL,2h,Swing 2H,LONG,Swing Low,2024-10-25 03:30,1729841400000,1664.5,Flip Short,2024-11-29 02:30,1732865400000,1638.6,5,8322.5,89,-146.02,-1.7527,58.18,0.6983,775.82,9.3127,16.52,2026-07-27T19:21:47.700Z
flip-only|BHARTIARTL|2h|1735623000000|1736839800000,flip-only,BHARTIARTL,NSE:BHARTIARTL,2h,Swing 2H,LONG,Swing Low,2024-12-31 00:30,1735623000000,1577.8,Flip Short,2025-01-14 02:30,1736839800000,1604.6,6,9466.8,41,141.71,1.4954,324.13,3.4205,73.67,0.7774,19.09,2026-07-27T19:21:47.700Z
flip-only|BHARTIARTL|2h|1738301400000|1738647000000,flip-only,BHARTIARTL,NSE:BHARTIARTL,2h,Swing 2H,LONG,Swing Low,2025-01-31 00:30,1738301400000,1616.4,Flip Short,2025-02-04 00:30,1738647000000,1635.9,6,9698.4,12,97.49,1.0042,265.7,2.7369,59.5,0.6129,19.51,2026-07-27T19:21:47.700Z
flip-only|BHARTIARTL|2h|1740375000000|1741678200000,flip-only,BHARTIARTL,NSE:BHARTIARTL,2h,Swing 2H,LONG,Swing Low,2025-02-24 00:30,1740375000000,1612.3,Flip Short,2025-03-11 03:30,1741678200000,1664,6,9673.8,41,290.54,3.0004,313.13,3.2336,326.47,3.3715,19.66,2026-07-27T19:21:47.700Z
flip-only|BHARTIARTL|2h|1747373400000|1749015000000,flip-only,BHARTIARTL,NSE:BHARTIARTL,2h,Swing 2H,LONG,Swing Low,2025-05-16 01:30,1747373400000,1814.6,Flip Short,2025-06-04 01:30,1749015000000,1870,5,9073,52,258.58,2.8471,301.43,3.3189,84.57,0.9312,18.42,2026-07-27T19:21:47.700Z
flip-only|BHARTIARTL|2h|1749792600000|1750397400000,flip-only,BHARTIARTL,NSE:BHARTIARTL,2h,Swing 2H,LONG,Swing Low,2025-06-13 01:30,1749792600000,1836.1,Flip Short,2025-06-20 01:30,1750397400000,1920,5,9180.5,20,400.72,4.3605,430.82,4.6881,16.18,0.1761,18.78,2026-07-27T19:21:47.700Z
flip-only|BHARTIARTL|2h|1752219000000|1758007800000,flip-only,BHARTIARTL,NSE:BHARTIARTL,2h,Swing 2H,LONG,Swing Low,2025-07-11 03:30,1752219000000,1920.8,Flip Short,2025-09-16 03:30,1758007800000,1931.3,5,9604,180,33.24,0.3458,238.4,2.4798,385.1,4.0058,19.26,2026-07-27T19:21:47.700Z
flip-only|BHARTIARTL|2h|1759203000000|1760333400000,flip-only,BHARTIARTL,NSE:BHARTIARTL,2h,Swing 2H,LONG,Swing Low,2025-09-29 23:30,1759203000000,1896,Flip Short,2025-10-13 01:30,1760333400000,1959.8,5,9480,33,299.72,3.1585,340.02,3.5831,248.98,2.6237,19.28,2026-07-27T19:21:47.700Z
flip-only|BHARTIARTL|2h|1762745400000|1763443800000,flip-only,BHARTIARTL,NSE:BHARTIARTL,2h,Swing 2H,LONG,Swing Low,2025-11-09 22:30,1762745400000,1995,Flip Short,2025-11-18 00:30,1763443800000,2143.6,5,9975,25,722.31,7.2339,770.52,7.7168,23.98,0.2401,20.69,2026-07-27T19:21:47.700Z
flip-only|BHARTIARTL|2h|1764739800000|1765949400000,flip-only,BHARTIARTL,NSE:BHARTIARTL,2h,Swing 2H,LONG,Swing Low,2025-12-03 00:30,1764739800000,2086.4,Flip Short,2025-12-17 00:30,1765949400000,2101.5,5,10432,40,54.56,0.5225,197.57,1.892,252.43,2.4174,20.94,2026-07-27T19:21:47.700Z
flip-only|BHARTIARTL|2h|1767857400000|1770096600000,flip-only,BHARTIARTL,NSE:BHARTIARTL,2h,Swing 2H,LONG,Swing Low,2026-01-08 02:30,1767857400000,2057.9,Flip Short,2026-02-03 00:30,1770096600000,2005.2,5,10289.5,67,-283.82,-2.7555,120.21,1.1671,794.79,7.7166,20.32,2026-07-27T19:21:47.700Z
flip-only|BHARTIARTL|2h|1771558200000|1775626200000,flip-only,BHARTIARTL,NSE:BHARTIARTL,2h,Swing 2H,LONG,Swing Low,2026-02-19 22:30,1771558200000,1981.1,Flip Short,2026-04-08 01:30,1775626200000,1860,5,9905.5,117,-624.71,-6.3004,87.09,0.8784,1180.91,11.9098,19.21,2026-07-27T19:21:47.700Z
flip-only|BHARTIARTL|2h|1777966200000|1778823000000,flip-only,BHARTIARTL,NSE:BHARTIARTL,2h,Swing 2H,LONG,Swing Low,2026-05-05 03:30,1777966200000,1820.7,Flip Short,2026-05-15 01:30,1778823000000,1916.5,6,10924.2,31,552.38,5.0514,602.28,5.5077,492.12,4.5004,22.42,2026-07-27T19:21:47.700Z
flip-only|BHARTIARTL|2h|1780378200000|1781667000000,flip-only,BHARTIARTL,NSE:BHARTIARTL,2h,Swing 2H,LONG,Swing Low,2026-06-02 01:30,1780378200000,1780,Flip Short,2026-06-16 23:30,1781667000000,1853,6,10680,43,416.2,3.8931,464.52,4.3451,79.08,0.7397,21.8,2026-07-27T19:21:47.700Z
flip-only|MNST|2h|1784577600000|1785247200000,flip-only,MNST,NASDAQ:MNST,2h,Swing 2H,LONG,Swing Low,2026-07-20 16:00,1784577600000,95.48,Flip Short,2026-07-28 10:00,1785247200000,98.24,129,12316.92,42,331.05,2.6851,378.55,3.0704,339.98,2.7575,24.99,2026-07-28T14:41:43.722Z
flip-only|AVGX|2h|1755280800000|1756375200000,flip-only,AVGX,NASDAQ:AVGX,2h,Swing 2H,LONG,Swing Low,2025-08-15 14:00,1755280800000,41.92,Flip Short,2025-08-28 06:00,1756375200000,41.5,226,9473.92,67,-113.77,-1.1997,234.61,2.4739,1302.19,13.7313,18.85,2026-07-29T13:54:22.083Z
flip-only|AVGX|2h|1756821600000|1757023200000,flip-only,AVGX,NASDAQ:AVGX,2h,Swing 2H,LONG,Swing Low,2025-09-02 10:00,1756821600000,39.22,Flip Short,2025-09-04 18:00,1757023200000,45.53,240,9412.8,20,1494.06,15.8568,1680.19,17.8322,67.01,0.7112,20.34,2026-07-29T13:54:22.083Z
flip-only|AVGX|2h|1758290400000|1759413600000,flip-only,AVGX,NASDAQ:AVGX,2h,Swing 2H,LONG,Swing Low,2025-09-19 10:00,1758290400000,51.7,Flip Short,2025-10-02 10:00,1759413600000,50.14,208,10753.6,71,-345.66,-3.2112,299.17,2.7792,1113.15,10.3411,21.18,2026-07-29T13:54:22.083Z
flip-only|AVGX|2h|1759752000000|1760104800000,flip-only,AVGX,NASDAQ:AVGX,2h,Swing 2H,LONG,Swing Low,2025-10-06 08:00,1759752000000,48.55,Flip Short,2025-10-10 10:00,1760104800000,53.17,215,10438.25,33,971.43,9.2972,1010.81,9.6741,390.99,3.742,21.87,2026-07-29T13:54:22.083Z
flip-only|AVGX|2h|1760126400000|1760364000000,flip-only,AVGX,NASDAQ:AVGX,2h,Swing 2H,LONG,Swing Low,2025-10-10 16:00,1760126400000,45.91,Flip Short,2025-10-13 10:00,1760364000000,54.7,249,11431.59,5,2163.66,18.9081,3285.33,28.7103,536.82,4.6913,25.05,2026-07-29T13:54:22.083Z
flip-only|AVGX|2h|1761148800000|1761559200000,flip-only,AVGX,NASDAQ:AVGX,2h,Swing 2H,LONG,Swing Low,2025-10-22 12:00,1761148800000,49.31,Flip Short,2025-10-27 06:00,1761559200000,56.12,271,13363.01,21,1816.94,13.5832,1832.15,13.6969,303.33,2.2677,28.57,2026-07-29T13:54:22.083Z
flip-only|AVGX|2h|1762254000000|1763593200000,flip-only,AVGX,NASDAQ:AVGX,2h,Swing 2H,LONG,Swing Low,2025-11-04 06:00,1762254000000,53.98,Flip Short,2025-11-19 18:00,1763593200000,55.2,281,15168.38,94,312.14,2.0558,1018.91,6.7106,2369.95,15.6087,30.68,2026-07-29T13:54:22.083Z
flip-only|AVGX|2h|1765544400000|1766566800000,flip-only,AVGX,NASDAQ:AVGX,2h,Swing 2H,LONG,Swing Low,2025-12-12 08:00,1765544400000,59.55,Flip Short,2025-12-24 04:00,1766566800000,48.94,259,15423.45,62,-2776.09,-17.9812,443.01,2.8694,4773.25,30.9171,28.1,2026-07-29T13:54:22.083Z
flip-only|AVGX|2h|1767625200000|1768323600000,flip-only,AVGX,NASDAQ:AVGX,2h,Swing 2H,LONG,Swing Low,2026-01-05 10:00,1767625200000,45.66,Flip Short,2026-01-13 12:00,1768323600000,49.93,281,12830.46,49,1173.01,9.1332,1215.14,9.4613,883.93,6.8824,26.86,2026-07-29T13:54:22.083Z
flip-only|AVGX|2h|1768935600000|1770649200000,flip-only,AVGX,NASDAQ:AVGX,2h,Swing 2H,LONG,Swing Low,2026-01-20 14:00,1768935600000,43.07,Flip Short,2026-02-09 10:00,1770649200000,43.23,323,13911.61,110,23.81,0.1709,480.28,3.4489,3247.14,23.3179,27.87,2026-07-29T13:54:22.083Z
flip-only|AVGX|2h|1771340400000|1772708400000,flip-only,AVGX,NASDAQ:AVGX,2h,Swing 2H,LONG,Swing Low,2026-02-17 10:00,1771340400000,37.7,Flip Short,2026-03-05 06:00,1772708400000,42.65,370,13949,93,1801.77,12.9039,2095.05,15.0044,968.55,6.9366,29.73,2026-07-29T13:54:22.083Z
flip-only|AVGX|2h|1773424800000|1775512800000,flip-only,AVGX,NASDAQ:AVGX,2h,Swing 2H,LONG,Swing Low,2026-03-13 14:00,1773424800000,38.35,Flip Short,2026-04-06 18:00,1775512800000,37.91,408,15646.8,121,-210.63,-1.3448,633.07,4.042,3079.73,19.6631,31.11,2026-07-29T13:54:22.083Z
flip-only|AVGX|2h|1777392000000|1777989600000,flip-only,AVGX,NASDAQ:AVGX,2h,Swing 2H,LONG,Swing Low,2026-04-28 12:00,1777392000000,55.98,Flip Short,2026-05-05 10:00,1777989600000,63.44,277,15506.46,39,2033.34,13.0998,2344.53,15.1046,79.22,0.5104,33.08,2026-07-29T13:54:22.083Z
flip-only|AVGX|2h|1778680800000|1778788800000,flip-only,AVGX,NASDAQ:AVGX,2h,Swing 2H,LONG,Swing Low,2026-05-13 10:00,1778680800000,59,Flip Short,2026-05-14 16:00,1778788800000,68.53,295,17405,11,2773.73,15.9205,2841.14,16.3074,82.31,0.4724,37.62,2026-07-29T13:54:22.083Z
flip-only|AVGX|2h|1779206400000|1779811200000,flip-only,AVGX,NASDAQ:AVGX,2h,Swing 2H,LONG,Swing Low,2026-05-19 12:00,1779206400000,59.07,Flip Short,2026-05-26 12:00,1779811200000,62.25,339,20024.73,32,1036.89,5.1729,2295.35,11.4511,169.18,0.844,41.13,2026-07-29T13:54:22.083Z
flip-only|AVGX|2h|1780524000000|1781726400000,flip-only,AVGX,NASDAQ:AVGX,2h,Swing 2H,LONG,Swing Low,2026-06-03 18:00,1780524000000,59.8,Flip Short,2026-06-17 16:00,1781726400000,51.01,351,20989.8,79,-3124.18,-14.8694,947.77,4.5109,5391.29,25.6596,38.89,2026-07-29T13:54:22.083Z
flip-only|AVGX|2h|1782208800000|1783519200000,flip-only,AVGX,NASDAQ:AVGX,2h,Swing 2H,LONG,Swing Low,2026-06-23 06:00,1782208800000,47.03,Flip Short,2026-07-08 10:00,1783519200000,48.27,385,18106.55,82,440.71,2.4315,1895.34,10.4573,2151.01,11.8678,36.69,2026-07-29T13:54:22.083Z
flip-only|AVGX|2h|1784224800000|1784757600000,flip-only,AVGX,NASDAQ:AVGX,2h,Swing 2H,LONG,Swing Low,2026-07-16 14:00,1784224800000,45.67,Flip Short,2026-07-22 18:00,1784757600000,50.92,405,18496.35,34,2087.13,11.2727,2723.35,14.709,1853.15,10.009,39.12,2026-07-29T13:54:22.083Z
flip-only|NVDL|2h|1756807200000|1757505600000,flip-only,NVDL,NASDAQ:NVDL,2h,Swing 2H,LONG,Swing Low,2025-09-02 06:00,1756807200000,26.92,Flip Short,2025-09-10 08:00,1757505600000,27.97,352,9475.84,49,350.28,3.6929,374.2,3.9451,875.4,9.229,19.32,2026-07-29T13:54:24.978Z
flip-only|NVDL|2h|1760126400000|1761314400000,flip-only,NVDL,NASDAQ:NVDL,2h,Swing 2H,LONG,Swing Low,2025-10-10 16:00,1760126400000,29.86,Flip Short,2025-10-24 10:00,1761314400000,30.41,329,9823.94,77,161.12,1.6384,740.3,7.5281,789.55,8.029,19.83,2026-07-29T13:54:24.978Z
flip-only|NVDL|2h|1762383600000|1763593200000,flip-only,NVDL,NASDAQ:NVDL,2h,Swing 2H,LONG,Swing Low,2025-11-05 18:00,1762383600000,33.98,Flip Short,2025-11-19 18:00,1763593200000,32.57,293,9956.14,80,-432.63,-4.341,227.37,2.2815,1803.12,18.0925,19.5,2026-07-29T13:54:24.978Z
flip-only|NVDL|2h|1763672400000|1764687600000,flip-only,NVDL,NASDAQ:NVDL,2h,Swing 2H,LONG,Swing Low,2025-11-20 16:00,1763672400000,28.19,Flip Short,2025-12-02 10:00,1764687600000,29.26,339,9556.41,52,343.25,3.5883,437.92,4.5779,1223.18,12.7868,19.48,2026-07-29T13:54:24.978Z
flip-only|NVDL|2h|1765465200000|1766408400000,flip-only,NVDL,NASDAQ:NVDL,2h,Swing 2H,LONG,Swing Low,2025-12-11 10:00,1765465200000,26.67,Flip Short,2025-12-22 08:00,1766408400000,28.83,370,9867.9,55,778.66,7.883,800.43,8.1034,757.27,7.6664,20.54,2026-07-29T13:54:24.978Z
flip-only|NVDL|2h|1767884400000|1769540400000,flip-only,NVDL,NASDAQ:NVDL,2h,Swing 2H,LONG,Swing Low,2026-01-08 10:00,1767884400000,28.81,Flip Short,2026-01-27 14:00,1769540400000,29.87,368,10602.08,98,368.49,3.4721,567.16,5.3442,897.48,8.4567,21.59,2026-07-29T13:54:24.978Z
flip-only|NVDL|2h|1770066000000|1772017200000,flip-only,NVDL,NASDAQ:NVDL,2h,Swing 2H,LONG,Swing Low,2026-02-02 16:00,1770066000000,28.65,Flip Short,2026-02-25 06:00,1772017200000,30.77,383,10972.95,123,789.2,7.1851,820.14,7.4667,1826.39,16.6279,22.76,2026-07-29T13:54:24.978Z
flip-only|NVDL|2h|1772125200000|1773158400000,flip-only,NVDL,NASDAQ:NVDL,2h,Swing 2H,LONG,Swing Low,2026-02-26 12:00,1772125200000,28.16,Flip Short,2026-03-10 12:00,1773158400000,27.9,416,11714.56,64,-131.48,-1.1213,283.65,2.4189,1530.11,13.0486,23.32,2026-07-29T13:54:24.978Z
flip-only|NVDL|2h|1773871200000|1775469600000,flip-only,NVDL,NASDAQ:NVDL,2h,Swing 2H,LONG,Swing Low,2026-03-18 18:00,1773871200000,26.18,Flip Short,2026-04-06 06:00,1775469600000,25.25,443,11597.74,90,-434.77,-3.745,41.56,0.358,2160.15,18.607,22.78,2026-07-29T13:54:24.978Z
flip-only|NVDL|2h|1777651200000|1778248800000,flip-only,NVDL,NASDAQ:NVDL,2h,Swing 2H,LONG,Swing Low,2026-05-01 12:00,1777651200000,30.96,Flip Short,2026-05-08 10:00,1778248800000,36.77,361,11176.56,39,2072.96,18.5289,2093.45,18.712,502.14,4.4883,24.45,2026-07-29T13:54:24.978Z
flip-only|NVDL|2h|1779314400000|1780344000000,flip-only,NVDL,NASDAQ:NVDL,2h,Swing 2H,LONG,Swing Low,2026-05-20 18:00,1779314400000,37.51,Flip Short,2026-06-01 16:00,1780344000000,38.45,350,13128.5,55,302.41,2.3012,777.87,5.9191,1434.13,10.9129,26.59,2026-07-29T13:54:24.978Z
flip-only|NVDL|2h|1780675200000|1782136800000,flip-only,NVDL,NASDAQ:NVDL,2h,Swing 2H,LONG,Swing Low,2026-06-05 12:00,1780675200000,33.33,Flip Short,2026-06-22 10:00,1782136800000,34.12,402,13398.66,79,290.47,2.1657,424.78,3.1672,1376.18,10.2608,27.11,2026-07-29T13:54:24.978Z
flip-only|NVDL|2h|1782208800000|1783533600000,flip-only,NVDL,NASDAQ:NVDL,2h,Swing 2H,LONG,Swing Low,2026-06-23 06:00,1782208800000,30.76,Flip Short,2026-07-08 14:00,1783533600000,30.42,445,13688.2,84,-178.53,-1.3029,226.61,1.6539,1709.14,12.4737,27.23,2026-07-29T13:54:24.978Z
flip-only|NVDL|2h|1784296800000|1784743200000,flip-only,NVDL,NASDAQ:NVDL,2h,Swing 2H,LONG,Swing Low,2026-07-17 10:00,1784296800000,29.97,Flip Short,2026-07-22 14:00,1784743200000,33.61,451,13516.47,26,1612.97,11.9214,1727.34,12.7668,13.52,0.0999,28.67,2026-07-29T13:54:24.978Z
flip-only|INTW|2h|1757707200000|1757944800000,flip-only,INTW,NASDAQ:INTW,2h,Swing 2H,LONG,Swing Low,2025-09-12 16:00,1757707200000,2.66,Flip Short,2025-09-15 10:00,1757944800000,2.92,3567,9488.22,5,907.52,9.5551,953.6,10.0403,80.83,0.851,19.9,2026-07-29T13:54:27.875Z
flip-only|INTW|2h|1760133600000|1761256800000,flip-only,INTW,NASDAQ:INTW,2h,Swing 2H,LONG,Swing Low,2025-10-10 18:00,1760133600000,5.37,Flip Short,2025-10-23 18:00,1761256800000,7.04,1938,10407.06,72,3212.41,30.8368,3691.17,35.4325,475.53,4.5647,24.05,2026-07-29T13:54:27.875Z
flip-only|INTW|2h|1762254000000|1764068400000,flip-only,INTW,NASDAQ:INTW,2h,Swing 2H,LONG,Swing Low,2025-11-04 06:00,1762254000000,6.24,Flip Short,2025-11-25 06:00,1764068400000,5.61,2137,13334.88,120,-1371.63,-10.2758,542.29,4.0626,3817.19,28.597,25.32,2026-07-29T13:54:27.875Z
flip-only|INTW|2h|1765378800000|1767114000000,flip-only,INTW,NASDAQ:INTW,2h,Swing 2H,LONG,Swing Low,2025-12-10 10:00,1765378800000,6.3,Flip Short,2025-12-30 12:00,1767114000000,5.69,1926,12133.8,104,-1197.95,-9.863,777.53,6.4015,3055.21,25.1542,23.09,2026-07-29T13:54:27.875Z
flip-only|INTW|2h|1769166000000|1770058800000,flip-only,INTW,NASDAQ:INTW,2h,Swing 2H,LONG,Swing Low,2026-01-23 06:00,1769166000000,8.12,Flip Short,2026-02-02 14:00,1770058800000,8.79,1353,10986.36,52,883.63,8.0349,922.58,8.3891,10997.35,100,22.88,2026-07-29T13:54:27.875Z
flip-only|INTW|2h|1770915600000|1772053200000,flip-only,INTW,NASDAQ:INTW,2h,Swing 2H,LONG,Swing Low,2026-02-12 12:00,1770915600000,7.75,Flip Short,2026-02-25 16:00,1772053200000,7.58,1522,11795.5,65,-282.07,-2.389,307.82,2.6071,2020.84,17.1151,23.33,2026-07-29T13:54:27.875Z
flip-only|INTW|2h|1772535600000|1773151200000,flip-only,INTW,NASDAQ:INTW,2h,Swing 2H,LONG,Swing Low,2026-03-03 06:00,1772535600000,6.48,Flip Short,2026-03-10 10:00,1773151200000,7.34,1774,11495.52,42,1501.12,13.0453,1993.12,17.3209,933.98,8.1166,24.52,2026-07-29T13:54:27.875Z
flip-only|INTW|2h|1773842400000|1774454400000,flip-only,INTW,NASDAQ:INTW,2h,Swing 2H,LONG,Swing Low,2026-03-18 10:00,1773842400000,6.75,Flip Short,2026-03-25 12:00,1774454400000,7.5,1916,12933,41,1409.7,10.8891,1711.47,13.2201,1009.25,7.7959,27.3,2026-07-29T13:54:27.875Z
flip-only|INTW|2h|1774627200000|1775059200000,flip-only,INTW,NASDAQ:INTW,2h,Swing 2H,LONG,Swing Low,2026-03-27 12:00,1774627200000,6.44,Flip Short,2026-04-01 12:00,1775059200000,7.76,2226,14335.44,24,2906.71,20.2561,3013.02,20.997,2106.78,14.6816,31.61,2026-07-29T13:54:27.875Z
flip-only|INTW|2h|1778853600000|1779465600000,flip-only,INTW,NASDAQ:INTW,2h,Swing 2H,LONG,Swing Low,2026-05-15 10:00,1778853600000,32.75,Flip Short,2026-05-22 12:00,1779465600000,41.66,520,17030,41,4594.51,26.9519,5250.57,30.8005,1421.03,8.3359,38.69,2026-07-29T13:54:27.875Z
flip-only|INTW|2h|1780308000000|1781272800000,flip-only,INTW,NASDAQ:INTW,2h,Swing 2H,LONG,Swing Low,2026-06-01 06:00,1780308000000,33.44,Flip Short,2026-06-12 10:00,1781272800000,38.98,644,21535.36,74,3521.12,16.3341,4009.9,18.6015,4812.9,22.3265,46.64,2026-07-29T13:54:27.875Z
flip-only|INTW|2h|1782741600000|1782842400000,flip-only,INTW,NASDAQ:INTW,2h,Swing 2H,LONG,Swing Low,2026-06-29 10:00,1782741600000,38.78,Flip Short,2026-06-30 14:00,1782842400000,51.96,638,24741.64,10,8350.95,33.7189,8779.66,35.4499,1479.38,5.9733,57.89,2026-07-29T13:54:27.875Z
flip-only|INTW|2h|1783015200000|1784844000000,flip-only,INTW,NASDAQ:INTW,2h,Swing 2H,LONG,Swing Low,2026-07-02 14:00,1783015200000,36.2,Flip Short,2026-07-23 18:00,1784844000000,27.31,903,32688.6,114,-8085.02,-24.7087,4635.82,14.1676,14841.89,45.3585,57.35,2026-07-29T13:54:27.875Z
flip-only|LABU|2h|1757944800000|1758218400000,flip-only,LABU,AMEX:LABU,2h,Swing 2H,LONG,Swing Low,2025-09-15 10:00,1757944800000,76.7,Flip Short,2025-09-18 14:00,1758218400000,82.65,123,9434.1,26,712.25,7.5422,753.17,7.9755,223.45,2.3662,19.6,2026-07-29T13:54:30.939Z
flip-only|LABU|2h|1762189200000|1762880400000,flip-only,LABU,AMEX:LABU,2h,Swing 2H,LONG,Swing Low,2025-11-03 12:00,1762189200000,117.83,Flip Short,2025-11-11 12:00,1762880400000,128.76,85,10015.55,48,908.09,9.0577,929.23,9.2686,769.07,7.671,20.96,2026-07-29T13:54:30.939Z
flip-only|LABU|2h|1766012400000|1766415600000,flip-only,LABU,AMEX:LABU,2h,Swing 2H,LONG,Swing Low,2025-12-17 18:00,1766012400000,153.72,Flip Short,2025-12-22 10:00,1766415600000,172,71,10914.12,20,1274.75,11.6682,1336.67,12.2349,212.55,1.9456,23.13,2026-07-29T13:54:30.939Z
flip-only|LABU|2h|1767128400000|1767798000000,flip-only,LABU,AMEX:LABU,2h,Swing 2H,LONG,Swing Low,2025-12-30 16:00,1767128400000,158,Flip Short,2026-01-07 10:00,1767798000000,172.83,77,12166,36,1116.44,9.1675,1147.45,9.4222,1030.11,8.4586,25.47,2026-07-29T13:54:30.939Z
flip-only|LABU|2h|1768921200000|1769029200000,flip-only,LABU,AMEX:LABU,2h,Swing 2H,LONG,Swing Low,2026-01-20 10:00,1768921200000,162.35,Flip Short,2026-01-21 16:00,1769029200000,181.47,81,13150.35,11,1520.87,11.5537,1591.46,12.0899,125.74,0.9552,27.85,2026-07-29T13:54:30.939Z
flip-only|LABU|2h|1769785200000|1771858800000,flip-only,LABU,AMEX:LABU,2h,Swing 2H,LONG,Swing Low,2026-01-30 10:00,1769785200000,165.13,Flip Short,2026-02-23 10:00,1771858800000,173.74,89,14696.57,119,736.13,5.0039,1825.82,12.4111,1679.89,11.419,30.16,2026-07-29T13:54:30.939Z
flip-only|LABU|2h|1772550000000|1773151200000,flip-only,LABU,AMEX:LABU,2h,Swing 2H,LONG,Swing Low,2026-03-03 10:00,1772550000000,152.29,Flip Short,2026-03-10 10:00,1773151200000,171.3,101,15381.29,40,1887.33,12.258,2177.33,14.1416,612.29,3.9768,32.68,2026-07-29T13:54:30.939Z
flip-only|LABU|2h|1773417600000|1774540800000,flip-only,LABU,AMEX:LABU,2h,Swing 2H,LONG,Swing Low,2026-03-13 12:00,1773417600000,147,Flip Short,2026-03-26 12:00,1774540800000,157.42,117,17199,72,1183.52,6.8745,1651.22,9.5911,1427.05,8.289,35.62,2026-07-29T13:54:30.939Z
flip-only|LABU|2h|1774879200000|1774965600000,flip-only,LABU,AMEX:LABU,2h,Swing 2H,LONG,Swing Low,2026-03-30 10:00,1774879200000,138.28,Flip Short,2026-03-31 10:00,1774965600000,162,133,18391.24,8,3114.82,16.9195,3162.97,17.1811,590.29,3.2064,39.94,2026-07-29T13:54:30.939Z
flip-only|LABU|2h|1776967200000|1777989600000,flip-only,LABU,AMEX:LABU,2h,Swing 2H,LONG,Swing Low,2026-04-23 14:00,1776967200000,192.84,Flip Short,2026-05-05 10:00,1777989600000,188.01,110,21212.4,62,-573.19,-2.6995,546.39,2.5732,3248.61,15.2994,41.89,2026-07-29T13:54:30.939Z
flip-only|LABU|2h|1778853600000|1779890400000,flip-only,LABU,AMEX:LABU,2h,Swing 2H,LONG,Swing Low,2026-05-15 10:00,1778853600000,178.93,Flip Short,2026-05-27 10:00,1779890400000,190.31,116,20755.88,56,1277.25,6.1475,1336.44,6.4324,3285,15.811,42.83,2026-07-29T13:54:30.939Z
flip-only|LABU|2h|1780408800000|1781280000000,flip-only,LABU,AMEX:LABU,2h,Swing 2H,LONG,Swing Low,2026-06-02 10:00,1780408800000,163.49,Flip Short,2026-06-12 12:00,1781280000000,179.43,134,21907.66,65,2090.01,9.5306,2908.67,13.2637,1059.07,4.8294,45.95,2026-07-29T13:54:30.939Z
flip-only|MULL|2h|1755684000000|1756476000000,flip-only,MULL,NASDAQ:MULL,2h,Swing 2H,LONG,Swing Low,2025-08-20 06:00,1755684000000,0.74,Flip Short,2025-08-29 10:00,1756476000000,0.77,12654,9363.96,48,360.51,3.8462,1129.5,12.0501,642.06,6.8499,19.11,2026-07-29T13:54:34.006Z
flip-only|MULL|2h|1756821600000|1757073600000,flip-only,MULL,NASDAQ:MULL,2h,Swing 2H,LONG,Swing Low,2025-09-02 10:00,1756821600000,0.73,Flip Short,2025-09-05 08:00,1757073600000,0.84,13656,9968.88,19,1480.72,14.8386,1628.75,16.322,146.53,1.4684,21.44,2026-07-29T13:54:34.006Z
flip-only|MULL|2h|1758808800000|1759334400000,flip-only,MULL,NASDAQ:MULL,2h,Swing 2H,LONG,Swing Low,2025-09-25 10:00,1758808800000,1.29,Flip Short,2025-10-01 12:00,1759334400000,1.64,8779,11324.91,32,3046.93,26.8778,3061.33,27.0048,450.27,3.972,25.72,2026-07-29T13:54:34.006Z
flip-only|MULL|2h|1760112000000|1760616000000,flip-only,MULL,NASDAQ:MULL,2h,Swing 2H,LONG,Swing Low,2025-10-10 12:00,1760112000000,1.72,Flip Short,2025-10-16 08:00,1760616000000,2,8214,14128.08,29,2269.36,16.0467,2285.79,16.1629,1246.23,8.8121,30.56,2026-07-29T13:54:34.006Z
flip-only|MULL|2h|1763478000000|1764615600000,flip-only,MULL,NASDAQ:MULL,2h,Swing 2H,LONG,Swing Low,2025-11-18 10:00,1763478000000,2.54,Flip Short,2025-12-01 14:00,1764615600000,2.71,6385,16217.9,63,1051.93,6.4797,1133.08,6.9796,5124.22,31.5645,33.52,2026-07-29T13:54:34.006Z
flip-only|MULL|2h|1765882800000|1766156400000,flip-only,MULL,NASDAQ:MULL,2h,Swing 2H,LONG,Swing Low,2025-12-16 06:00,1765882800000,2.53,Flip Short,2025-12-19 10:00,1766156400000,3.18,6830,17279.9,26,4400.5,25.4406,4627.12,26.7507,2066.28,11.9458,39,2026-07-29T13:54:34.006Z
flip-only|MULL|2h|1770217200000|1770908400000,flip-only,MULL,NASDAQ:MULL,2h,Swing 2H,LONG,Swing Low,2026-02-04 10:00,1770217200000,6.81,Flip Short,2026-02-12 10:00,1770908400000,7.39,3141,21390.21,48,1777.18,8.3001,2899.74,13.5428,4544.43,21.2242,44.6,2026-07-29T13:54:34.006Z
flip-only|MULL|2h|1772204400000|1773244800000,flip-only,MULL,NASDAQ:MULL,2h,Swing 2H,LONG,Swing Low,2026-02-27 10:00,1772204400000,6.8,Flip Short,2026-03-11 12:00,1773244800000,6.75,3428,23310.4,65,-217.85,-0.9336,525.17,2.2507,6262.27,26.8379,46.45,2026-07-29T13:54:34.006Z
flip-only|MULL|2h|1774281600000|1775484000000,flip-only,MULL,NASDAQ:MULL,2h,Swing 2H,LONG,Swing Low,2026-03-23 12:00,1774281600000,6.21,Flip Short,2026-04-06 10:00,1775484000000,5.34,3705,23008.05,71,-3266.14,-14.1815,643.89,2.7958,9581.91,41.6043,42.79,2026-07-29T13:54:34.006Z
flip-only|MULL|2h|1779127200000|1779789600000,flip-only,MULL,NASDAQ:MULL,2h,Swing 2H,LONG,Swing Low,2026-05-18 14:00,1779127200000,15.42,Flip Short,2026-05-26 06:00,1779789600000,20.88,1291,19907.22,36,7002,35.138,7080.59,35.5324,1646.57,8.2629,46.86,2026-07-29T13:54:34.006Z
flip-only|MULL|2h|1780675200000|1781517600000,flip-only,MULL,NASDAQ:MULL,2h,Swing 2H,LONG,Swing Low,2026-06-05 12:00,1780675200000,27,Flip Short,2026-06-15 06:00,1781517600000,33.28,978,26406,45,6082.89,23.013,6780.47,25.6521,4877.29,18.4519,58.95,2026-07-29T13:54:34.006Z
flip-only|MULL|2h|1782309600000|1784815200000,flip-only,MULL,NASDAQ:MULL,2h,Swing 2H,LONG,Swing Low,2026-06-24 10:00,1782309600000,31.17,Flip Short,2026-07-23 10:00,1784815200000,24.88,1035,32260.95,160,-6568.16,-20.3391,12812.09,39.6743,14708.56,45.5469,58.01,2026-07-29T13:54:34.006Z
flip-only|CI|2h|1751918400000|1753963200000,flip-only,CI,NYSE:CI,2h,Swing 2H,LONG,Swing Low,2025-07-07 16:00,1751918400000,314,Flip Short,2025-07-31 08:00,1753963200000,302.5,30,9420,124,-363.5,-3.8549,28.08,0.2978,850.92,9.0241,18.49,2026-07-29T13:54:36.916Z
flip-only|CI|2h|1753970400000|1754920800000,flip-only,CI,NYSE:CI,2h,Swing 2H,LONG,Swing Low,2025-07-31 10:00,1753970400000,282.65,Flip Short,2025-08-11 10:00,1754920800000,277.84,32,9044.8,54,-171.86,-1.8982,22.32,0.2465,833.04,9.201,17.94,2026-07-29T13:54:36.916Z
flip-only|CI|2h|1756389600000|1757088000000,flip-only,CI,NYSE:CI,2h,Swing 2H,LONG,Swing Low,2025-08-28 10:00,1756389600000,298.19,Flip Short,2025-09-05 12:00,1757088000000,306.87,30,8945.7,40,242.25,2.7053,267.05,2.9823,107.65,1.2021,18.15,2026-07-29T13:54:36.916Z
flip-only|CI|2h|1757952000000|1759413600000,flip-only,CI,NYSE:CI,2h,Swing 2H,LONG,Swing Low,2025-09-15 12:00,1757952000000,296.61,Flip Short,2025-10-02 10:00,1759413600000,294.01,31,9194.91,89,-98.91,-1.0746,86.6,0.9408,435.13,4.7276,18.31,2026-07-29T13:54:36.916Z
flip-only|CI|2h|1760428800000|1760983200000,flip-only,CI,NYSE:CI,2h,Swing 2H,LONG,Swing Low,2025-10-14 04:00,1760428800000,295.48,Flip Short,2025-10-20 14:00,1760983200000,307.64,30,8864.4,34,346.71,3.9073,385.04,4.3393,181.96,2.0507,18.09,2026-07-29T13:54:36.916Z
flip-only|CI|2h|1761832800000|1762887600000,flip-only,CI,NYSE:CI,2h,Swing 2H,LONG,Swing Low,2025-10-30 10:00,1761832800000,255.32,Flip Short,2025-11-11 14:00,1762887600000,266.95,36,9191.52,65,399.88,4.3462,439.37,4.7754,577.99,6.282,18.8,2026-07-29T13:54:36.916Z
flip-only|CI|2h|1764846000000|1765810800000,flip-only,CI,NYSE:CI,2h,Swing 2H,LONG,Swing Low,2025-12-04 06:00,1764846000000,270,Flip Short,2025-12-15 10:00,1765810800000,275.54,36,9720,39,179.8,1.848,276.84,2.8453,430.2,4.4215,19.64,2026-07-29T13:54:36.916Z
flip-only|CI|2h|1768230000000|1769115600000,flip-only,CI,NYSE:CI,2h,Swing 2H,LONG,Swing Low,2026-01-12 10:00,1768230000000,272.75,Flip Short,2026-01-22 16:00,1769115600000,278.97,36,9819,46,204.06,2.0761,277.46,2.8229,161.74,1.6456,19.86,2026-07-29T13:54:36.916Z
flip-only|CI|2h|1769605200000|1770310800000,flip-only,CI,NYSE:CI,2h,Swing 2H,LONG,Swing Low,2026-01-28 08:00,1769605200000,261.94,Flip Short,2026-02-05 12:00,1770310800000,279.42,39,10215.66,43,660.61,6.4602,834.13,8.1571,35.18,0.344,21.11,2026-07-29T13:54:36.916Z
flip-only|CI|2h|1771599600000|1772470800000,flip-only,CI,NYSE:CI,2h,Swing 2H,LONG,Swing Low,2026-02-20 10:00,1771599600000,280.11,Flip Short,2026-03-02 12:00,1772470800000,288.05,38,10644.18,36,280.13,2.6291,452.58,4.2476,121.22,1.1377,21.59,2026-07-29T13:54:36.916Z
flip-only|CI|2h|1772550000000|1774519200000,flip-only,CI,NYSE:CI,2h,Swing 2H,LONG,Swing Low,2026-03-03 10:00,1772550000000,277.3,Flip Short,2026-03-26 06:00,1774519200000,270.19,39,10814.7,111,-298.64,-2.7587,328.49,3.0344,755.32,6.9773,21.35,2026-07-29T13:54:36.916Z
flip-only|CI|2h|1774893600000|1775491200000,flip-only,CI,NYSE:CI,2h,Swing 2H,LONG,Swing Low,2026-03-30 14:00,1774893600000,259.79,Flip Short,2026-04-06 12:00,1775491200000,274.67,41,10651.39,22,588.17,5.5165,608.45,5.7067,90.19,0.8459,21.91,2026-07-29T13:54:36.916Z
flip-only|CI|2h|1776268800000|1776448800000,flip-only,CI,NYSE:CI,2h,Swing 2H,LONG,Swing Low,2026-04-15 12:00,1776268800000,266.87,Flip Short,2026-04-17 14:00,1776448800000,279.03,42,11208.54,14,487.79,4.3476,531.85,4.7403,13.73,0.1224,22.93,2026-07-29T13:54:36.916Z
flip-only|CI|2h|1779199200000|1780689600000,flip-only,CI,NYSE:CI,2h,Swing 2H,LONG,Swing Low,2026-05-19 10:00,1779199200000,286.38,Flip Short,2026-06-05 16:00,1780689600000,289.44,41,11741.58,82,101.85,0.8666,264.19,2.2478,683.32,5.8139,23.61,2026-07-29T13:54:36.916Z
flip-only|CI|2h|1781719200000|1783440000000,flip-only,CI,NYSE:CI,2h,Swing 2H,LONG,Swing Low,2026-06-17 14:00,1781719200000,286.49,Flip Short,2026-07-07 12:00,1783440000000,287.73,41,11746.09,72,27.3,0.2322,126.42,1.0752,537.37,4.5703,23.54,2026-07-29T13:54:36.916Z
flip-only|CI|2h|1784217600000|1785247200000,flip-only,CI,NYSE:CI,2h,Swing 2H,LONG,Swing Low,2026-07-16 12:00,1784217600000,284.03,Flip Short,2026-07-28 10:00,1785247200000,295.69,42,11929.26,50,465.37,3.8972,526.51,4.4092,190.01,1.5912,24.35,2026-07-29T13:54:36.916Z
flip-only|NWSA|2h|1738926000000|1739566800000,flip-only,NWSA,NASDAQ:NWSA,2h,Swing 2H,LONG,Swing Low,2025-02-07 06:00,1738926000000,28,Flip Short,2025-02-14 16:00,1739566800000,30.33,327,9156,30,742.84,8.105,752.75,8.2132,9.16,0.0999,19.07,2026-07-29T13:54:39.964Z
flip-only|NWSA|2h|1740654000000|1741352400000,flip-only,NWSA,NASDAQ:NWSA,2h,Swing 2H,LONG,Swing Low,2025-02-27 06:00,1740654000000,27.64,Flip Short,2025-03-07 08:00,1741352400000,28.25,362,10005.68,31,200.59,2.0027,840.69,8.3938,10.01,0.0999,20.23,2026-07-29T13:54:39.964Z
flip-only|NWSA|2h|1741366800000|1743688800000,flip-only,NWSA,NASDAQ:NWSA,2h,Swing 2H,LONG,Swing Low,2025-03-07 12:00,1741366800000,27.59,Flip Short,2025-04-03 10:00,1743688800000,26.44,376,10373.84,95,-452.72,-4.3596,512.27,4.9331,980.45,9.4418,20.32,2026-07-29T13:54:39.964Z
flip-only|NWSA|2h|1743768000000|1746194400000,flip-only,NWSA,NASDAQ:NWSA,2h,Swing 2H,LONG,Swing Low,2025-04-04 08:00,1743768000000,25.68,Flip Short,2025-05-02 10:00,1746194400000,27.36,369,9475.92,93,600.35,6.3292,676.86,7.1359,987.33,10.4089,19.57,2026-07-29T13:54:39.964Z
flip-only|NWSA|2h|1748008800000|1749117600000,flip-only,NWSA,NASDAQ:NWSA,2h,Swing 2H,LONG,Swing Low,2025-05-23 10:00,1748008800000,27.42,Flip Short,2025-06-05 06:00,1749117600000,27.95,384,10529.28,38,182.26,1.7292,534.75,5.0736,22.05,0.2092,21.26,2026-07-29T13:54:39.964Z
flip-only|NWSA|2h|1749816000000|1750687200000,flip-only,NWSA,NASDAQ:NWSA,2h,Swing 2H,LONG,Swing Low,2025-06-13 08:00,1749816000000,27.47,Flip Short,2025-06-23 10:00,1750687200000,28.56,389,10685.83,24,402.21,3.7602,487.23,4.5551,88.49,0.8272,21.8,2026-07-29T13:54:39.964Z
flip-only|NWSA|2h|1754056800000|1754488800000,flip-only,NWSA,NASDAQ:NWSA,2h,Swing 2H,LONG,Swing Low,2025-08-01 10:00,1754056800000,28.71,Flip Short,2025-08-06 10:00,1754488800000,29.22,386,11082.06,13,174.5,1.573,521.6,4.702,26.52,0.2391,22.36,2026-07-29T13:54:39.964Z
flip-only|NWSA|2h|1754683200000|1755698400000,flip-only,NWSA,NASDAQ:NWSA,2h,Swing 2H,LONG,Swing Low,2025-08-08 16:00,1754683200000,28.53,Flip Short,2025-08-20 10:00,1755698400000,29.9,394,11240.82,33,516.76,4.5926,682.2,6.0629,133.38,1.1854,23.02,2026-07-29T13:54:39.964Z
flip-only|NWSA|2h|1756209600000|1758117600000,flip-only,NWSA,NASDAQ:NWSA,2h,Swing 2H,LONG,Swing Low,2025-08-26 08:00,1756209600000,30.1,Flip Short,2025-09-17 10:00,1758117600000,30.2,406,12220.6,68,16.12,0.1318,40.56,0.3316,860.76,7.0365,24.48,2026-07-29T13:54:39.964Z
flip-only|NWSA|2h|1759327200000|1762556400000,flip-only,NWSA,NASDAQ:NWSA,2h,Swing 2H,LONG,Swing Low,2025-10-01 10:00,1759327200000,29.46,Flip Short,2025-11-07 18:00,1762556400000,27.12,398,11725.08,136,-953.84,-8.1269,24.09,0.2053,1862.42,15.8682,22.52,2026-07-29T13:54:39.964Z
flip-only|NWSA|2h|1763672400000|1764946800000,flip-only,NWSA,NASDAQ:NWSA,2h,Swing 2H,LONG,Swing Low,2025-11-20 16:00,1763672400000,24.81,Flip Short,2025-12-05 10:00,1764946800000,25.9,437,10841.97,39,454.17,4.1848,474.23,4.3696,10.84,0.0999,22.16,2026-07-29T13:54:39.964Z
flip-only|NWSA|2h|1767711600000|1767798000000,flip-only,NWSA,NASDAQ:NWSA,2h,Swing 2H,LONG,Swing Low,2026-01-06 10:00,1767711600000,26.19,Flip Short,2026-01-07 10:00,1767798000000,26.36,430,11261.7,4,50.5,0.448,177.94,1.5785,75.76,0.6721,22.6,2026-07-29T13:54:39.964Z
flip-only|NWSA|2h|1770138000000|1772118000000,flip-only,NWSA,NASDAQ:NWSA,2h,Swing 2H,LONG,Swing Low,2026-02-03 12:00,1770138000000,25.37,Flip Short,2026-02-26 10:00,1772118000000,24.29,446,11315.02,84,-503.83,-4.4483,0,0,1420.67,12.5431,22.15,2026-07-29T13:54:39.964Z
flip-only|NWSA|2h|1773338400000|1774886400000,flip-only,NWSA,NASDAQ:NWSA,2h,Swing 2H,LONG,Swing Low,2026-03-12 14:00,1773338400000,23.93,Flip Short,2026-03-30 12:00,1774886400000,24.82,453,10840.29,56,381.09,3.5119,392.33,3.6156,201.1,1.8533,22.08,2026-07-29T13:54:39.964Z
flip-only|NWSA|2h|1777924800000|1778234400000,flip-only,NWSA,NASDAQ:NWSA,2h,Swing 2H,LONG,Swing Low,2026-05-04 16:00,1777924800000,25.79,Flip Short,2026-05-08 06:00,1778234400000,27.05,434,11192.86,13,523.91,4.6761,539.99,4.8196,232.53,2.0754,22.93,2026-07-29T13:54:39.964Z
flip-only|NWSA|2h|1781272800000|1783022400000,flip-only,NWSA,NASDAQ:NWSA,2h,Swing 2H,LONG,Swing Low,2026-06-12 10:00,1781272800000,25.94,Flip Short,2026-07-02 16:00,1783022400000,26.64,451,11698.94,67,291.99,2.4933,317.53,2.7115,728.79,6.2233,23.71,2026-07-29T13:54:39.964Z
flip-only|NTR|2h|1725375600000|1726765200000,flip-only,NTR,TSX:NTR,2h,Swing 2H,LONG,Swing Low,2024-09-03 11:00,1725375600000,62.54,Flip Short,2024-09-19 13:00,1726765200000,65.13,151,9443.54,49,371.81,3.9333,402.79,4.2609,281.24,2.9752,19.28,2026-07-29T13:54:42.876Z
flip-only|NTR|2h|1729522800000|1730736000000,flip-only,NTR,TSX:NTR,2h,Swing 2H,LONG,Swing Low,2024-10-21 11:00,1729522800000,65.21,Flip Short,2024-11-04 11:00,1730736000000,70.77,150,9781.5,40,813.6,8.3095,984.72,10.0571,138.78,1.4174,20.4,2026-07-29T13:54:42.876Z
flip-only|NTR|2h|1731434400000|1733169600000,flip-only,NTR,TSX:NTR,2h,Swing 2H,LONG,Swing Low,2024-11-12 13:00,1731434400000,65.65,Flip Short,2024-12-02 15:00,1733169600000,66.76,161,10569.65,57,157.39,1.4876,181.02,1.7109,408.24,3.8585,21.32,2026-07-29T13:54:42.876Z
flip-only|NTR|2h|1734552000000|1736179200000,flip-only,NTR,TSX:NTR,2h,Swing 2H,LONG,Swing Low,2024-12-18 15:00,1734552000000,65.6,Flip Short,2025-01-06 11:00,1736179200000,69.4,164,10758.4,36,601.06,5.5813,681.32,6.3266,455.2,4.2269,22.14,2026-07-29T13:54:42.876Z
flip-only|NTR|2h|1738598400000|1740067200000,flip-only,NTR,TSX:NTR,2h,Swing 2H,LONG,Swing Low,2025-02-03 11:00,1738598400000,74.78,Flip Short,2025-02-20 11:00,1740067200000,74.75,151,11291.78,48,-27.11,-0.2398,505.13,4.4689,650.02,5.7508,22.58,2026-07-29T13:54:42.876Z
flip-only|NTR|2h|1741104000000|1742828400000,flip-only,NTR,TSX:NTR,2h,Swing 2H,LONG,Swing Low,2025-03-04 11:00,1741104000000,70.11,Flip Short,2025-03-24 11:00,1742828400000,75.44,161,11287.71,56,834.7,7.3873,961.15,8.5065,38.66,0.3421,23.43,2026-07-29T13:54:42.876Z
flip-only|NTR|2h|1742929200000|1744729200000,flip-only,NTR,TSX:NTR,2h,Swing 2H,LONG,Swing Low,2025-03-25 15:00,1742929200000,71.49,Flip Short,2025-04-15 11:00,1744729200000,72.87,169,12081.81,58,208.82,1.7267,281.98,2.3316,1049.74,8.6799,24.4,2026-07-29T13:54:42.876Z
flip-only|NTR|2h|1750878000000|1752073200000,flip-only,NTR,TSX:NTR,2h,Swing 2H,LONG,Swing Low,2025-06-25 15:00,1750878000000,80.62,Flip Short,2025-07-09 11:00,1752073200000,85.15,152,12254.24,34,663.36,5.4079,691.51,5.6374,380.09,3.0986,25.2,2026-07-29T13:54:42.876Z
flip-only|NTR|2h|1754506800000|1756141200000,flip-only,NTR,TSX:NTR,2h,Swing 2H,LONG,Swing Low,2025-08-06 15:00,1754506800000,80.21,Flip Short,2025-08-25 13:00,1756141200000,80.62,161,12913.81,51,40.12,0.3103,323.58,2.5032,816.3,6.3149,25.89,2026-07-29T13:54:42.876Z
flip-only|NTR|2h|1756998000000|1758294000000,flip-only,NTR,TSX:NTR,2h,Swing 2H,LONG,Swing Low,2025-09-04 11:00,1756998000000,78.29,Flip Short,2025-09-19 11:00,1758294000000,78.06,165,12917.85,44,-63.75,-0.493,269.23,2.0821,248.87,1.9246,25.8,2026-07-29T13:54:42.876Z
flip-only|NTR|2h|1760641200000|1762797600000,flip-only,NTR,TSX:NTR,2h,Swing 2H,LONG,Swing Low,2025-10-16 15:00,1760641200000,79.17,Flip Short,2025-11-10 13:00,1762797600000,82.29,162,12825.54,67,479.28,3.7332,523.39,4.0768,725.63,5.652,26.16,2026-07-29T13:54:42.876Z
flip-only|NTR|2h|1767722400000|1768406400000,flip-only,NTR,TSX:NTR,2h,Swing 2H,LONG,Swing Low,2026-01-06 13:00,1767722400000,84.12,Flip Short,2026-01-14 11:00,1768406400000,90.79,158,13290.96,23,1026.22,7.7135,1154.33,8.6764,460.43,3.4608,27.64,2026-07-29T13:54:42.876Z
flip-only|NTR|2h|1770393600000|1770904800000,flip-only,NTR,TSX:NTR,2h,Swing 2H,LONG,Swing Low,2026-02-06 11:00,1770393600000,93.43,Flip Short,2026-02-12 09:00,1770904800000,99.74,153,14294.79,15,935.88,6.5404,951.14,6.6471,99.97,0.6987,29.56,2026-07-29T13:54:42.876Z
flip-only|NTR|2h|1774278000000|1775574000000,flip-only,NTR,TSX:NTR,2h,Swing 2H,LONG,Swing Low,2026-03-23 11:00,1774278000000,100.75,Flip Short,2026-04-07 11:00,1775574000000,108.35,151,15213.25,40,1116.03,7.3286,1162.59,7.6343,203.96,1.3394,31.57,2026-07-29T13:54:42.876Z
flip-only|NTR|2h|1775660400000|1777561200000,flip-only,NTR,TSX:NTR,2h,Swing 2H,LONG,Swing Low,2026-04-08 11:00,1775660400000,101.84,Flip Short,2026-04-30 11:00,1777561200000,102.22,159,16192.56,64,27.97,0.1726,545.08,3.3629,1138.73,7.0254,32.45,2026-07-29T13:54:42.876Z
flip-only|NTR|2h|1778166000000|1783098000000,flip-only,NTR,TSX:NTR,2h,Swing 2H,LONG,Swing Low,2026-05-07 11:00,1778166000000,94.83,Flip Short,2026-07-03 13:00,1783098000000,92.46,172,16310.76,157,-439.85,-2.694,811.01,4.9673,1734.59,10.624,32.21,2026-07-29T13:54:42.876Z
flip-only|MGA|2h|1725382800000|1727103600000,flip-only,MGA,TSX:MGA,2h,Swing 2H,LONG,Swing Low,2024-09-03 13:00,1725382800000,0.26,Flip Short,2024-09-23 11:00,1727103600000,0.31,36501,9490.26,55,1804.24,18.9925,1815.56,19.1117,374.5,3.9422,20.81,2026-07-29T13:54:45.767Z
flip-only|MGA|2h|1730394000000|1731686400000,flip-only,MGA,TSX:MGA,2h,Swing 2H,LONG,Swing Low,2024-10-31 13:00,1730394000000,0.34,Flip Short,2024-11-15 11:00,1731686400000,0.35,33947,11541.98,43,316.05,2.7355,327.93,2.8383,1029.95,8.9146,23.42,2026-07-29T13:54:45.767Z
flip-only|MGA|2h|1733767200000|1735833600000,flip-only,MGA,TSX:MGA,2h,Swing 2H,LONG,Swing Low,2024-12-09 13:00,1733767200000,0.36,Flip Short,2025-01-02 11:00,1735833600000,0.37,31952,11502.72,57,296.2,2.5724,308.02,2.6751,2248.14,19.5249,23.32,2026-07-29T13:54:45.767Z
flip-only|MGA|2h|1737993600000|1742396400000,flip-only,MGA,TSX:MGA,2h,Swing 2H,LONG,Swing Low,2025-01-27 11:00,1737993600000,0.32,Flip Short,2025-03-19 11:00,1742396400000,0.28,36824,11783.68,144,-1495.05,-12.6748,724.7,6.1439,3325.94,28.1968,22.09,2026-07-29T13:54:45.767Z
flip-only|MGA|2h|1743778800000|1745427600000,flip-only,MGA,TSX:MGA,2h,Swing 2H,LONG,Swing Low,2025-04-04 11:00,1743778800000,0.25,Flip Short,2025-04-23 13:00,1745427600000,0.28,41459,10364.75,49,1221.8,11.7762,1233.41,11.8881,839.54,8.0919,21.97,2026-07-29T13:54:45.767Z
flip-only|MGA|2h|1747400400000|1748012400000,flip-only,MGA,TSX:MGA,2h,Swing 2H,LONG,Swing Low,2025-05-16 09:00,1747400400000,0.27,Flip Short,2025-05-23 11:00,1748012400000,0.29,44325,11967.75,17,861.68,7.1928,874.53,7.3001,455.22,3.7999,24.82,2026-07-29T13:54:45.767Z
flip-only|MGA|2h|1750431600000|1752692400000,flip-only,MGA,TSX:MGA,2h,Swing 2H,LONG,Swing Low,2025-06-20 11:00,1750431600000,0.29,Flip Short,2025-07-16 15:00,1752692400000,0.28,42559,12342.11,70,-449.85,-3.6412,0,0,863.52,6.9896,24.26,2026-07-29T13:54:45.767Z
flip-only|MGA|2h|1754053200000|1755889200000,flip-only,MGA,TSX:MGA,2h,Swing 2H,LONG,Swing Low,2025-08-01 09:00,1754053200000,0.27,Flip Short,2025-08-22 15:00,1755889200000,0.29,44131,11915.37,59,857.91,7.1928,1312.01,11.0001,453.23,3.7999,24.71,2026-07-29T13:54:45.767Z
flip-only|MGA|2h|1760713200000|1764691200000,flip-only,MGA,TSX:MGA,2h,Swing 2H,LONG,Swing Low,2025-10-17 11:00,1760713200000,0.41,Flip Short,2025-12-02 11:00,1764691200000,0.4,31047,12729.27,128,-335.62,-2.634,1539.62,12.083,2186.02,17.156,25.15,2026-07-29T13:54:45.767Z
flip-only|MGA|2h|1770048000000|1771524000000,flip-only,MGA,TSX:MGA,2h,Swing 2H,LONG,Swing Low,2026-02-02 11:00,1770048000000,0.64,Flip Short,2026-02-19 13:00,1771524000000,0.69,19392,12410.88,49,943.81,7.5971,1151.11,9.2657,2145.53,17.2702,25.79,2026-07-29T13:54:45.767Z
flip-only|MGA|2h|1772812800000|1775055600000,flip-only,MGA,TSX:MGA,2h,Swing 2H,LONG,Swing Low,2026-03-06 11:00,1772812800000,0.63,Flip Short,2026-04-01 11:00,1775055600000,0.61,21121,13306.23,72,-448.61,-3.3681,620.32,4.6572,2759.04,20.7142,26.19,2026-07-29T13:54:45.767Z
flip-only|MGA|2h|1777561200000|1778158800000,flip-only,MGA,TSX:MGA,2h,Swing 2H,LONG,Swing Low,2026-04-30 11:00,1777561200000,0.7,Flip Short,2026-05-07 09:00,1778158800000,0.79,18668,13067.6,19,1652.3,12.6317,1667.05,12.7444,573.11,4.3813,27.82,2026-07-29T13:54:45.767Z
flip-only|MGA|2h|1779195600000|1780419600000,flip-only,MGA,TSX:MGA,2h,Swing 2H,LONG,Swing Low,2026-05-19 09:00,1779195600000,0.67,Flip Short,2026-06-02 13:00,1780419600000,0.72,20940,14029.8,42,1017.89,7.248,1242.37,8.8464,1061.03,7.5551,29.11,2026-07-29T13:54:45.767Z
flip-only|BIIB|2h|1752602400000|1753394400000,flip-only,BIIB,NASDAQ:BIIB,2h,Swing 2H,LONG,Swing Low,2025-07-15 14:00,1752602400000,129.06,Flip Short,2025-07-24 18:00,1753394400000,132.7,73,9421.38,49,246.61,2.615,256.3,2.7177,591.23,6.2692,19.11,2026-07-29T13:54:48.629Z
flip-only|BIIB|2h|1754064000000|1755100800000,flip-only,BIIB,NASDAQ:BIIB,2h,Swing 2H,LONG,Swing Low,2025-08-01 12:00,1754064000000,126.7,Flip Short,2025-08-13 12:00,1755100800000,134.3,76,9629.2,51,557.76,5.7866,619.65,6.4287,9.63,0.0999,19.84,2026-07-29T13:54:48.629Z
flip-only|BIIB|2h|1756209600000|1756893600000,flip-only,BIIB,NASDAQ:BIIB,2h,Swing 2H,LONG,Swing Low,2025-08-26 08:00,1756209600000,136.28,Flip Short,2025-09-03 06:00,1756893600000,139.83,75,10221,38,245.54,2.3999,300.28,2.9349,366.47,3.5819,20.71,2026-07-29T13:54:48.629Z
flip-only|BIIB|2h|1758564000000|1759327200000,flip-only,BIIB,NASDAQ:BIIB,2h,Swing 2H,LONG,Swing Low,2025-09-22 14:00,1758564000000,140.7,Flip Short,2025-10-01 10:00,1759327200000,146.18,74,10411.8,52,384.29,3.6872,404.73,3.8833,654.21,6.2771,21.23,2026-07-29T13:54:48.629Z
flip-only|BIIB|2h|1760104800000|1761127200000,flip-only,BIIB,NASDAQ:BIIB,2h,Swing 2H,LONG,Swing Low,2025-10-10 10:00,1760104800000,147.81,Flip Short,2025-10-22 06:00,1761127200000,147.19,73,10790.13,58,-66.8,-0.6184,68.05,0.63,507.92,4.7026,21.54,2026-07-29T13:54:48.629Z
flip-only|BIIB|2h|1761818400000|1761840000000,flip-only,BIIB,NASDAQ:BIIB,2h,Swing 2H,LONG,Swing Low,2025-10-30 06:00,1761818400000,146.01,Flip Short,2025-10-30 12:00,1761840000000,152.48,72,10512.72,3,444.35,4.2225,596.45,5.6679,581.47,5.5256,21.49,2026-07-29T13:54:48.629Z
flip-only|BIIB|2h|1765364400000|1766422800000,flip-only,BIIB,NASDAQ:BIIB,2h,Swing 2H,LONG,Swing Low,2025-12-10 06:00,1765364400000,171,Flip Short,2025-12-22 12:00,1766422800000,175.6,65,11115,61,276.47,2.4849,623.28,5.602,172.97,1.5546,22.53,2026-07-29T13:54:48.629Z
flip-only|BIIB|2h|1767632400000|1767711600000,flip-only,BIIB,NASDAQ:BIIB,2h,Swing 2H,LONG,Swing Low,2026-01-05 12:00,1767632400000,172.91,Flip Short,2026-01-06 10:00,1767711600000,179.67,66,11412.06,6,422.89,3.7019,502.73,4.4008,11.41,0.0999,23.27,2026-07-29T13:54:48.629Z
flip-only|BIIB|2h|1768402800000|1769526000000,flip-only,BIIB,NASDAQ:BIIB,2h,Swing 2H,LONG,Swing Low,2026-01-14 10:00,1768402800000,167.36,Flip Short,2026-01-27 10:00,1769526000000,173,70,11715.2,57,370.97,3.1634,593.08,5.0575,496.12,4.2306,23.83,2026-07-29T13:54:48.629Z
flip-only|BIIB|2h|1771858800000|1773244800000,flip-only,BIIB,NASDAQ:BIIB,2h,Swing 2H,LONG,Swing Low,2026-02-23 10:00,1771858800000,196.81,Flip Short,2026-03-11 12:00,1773244800000,190.42,62,12202.22,72,-420.19,-3.4401,111.18,0.9102,991.8,8.1199,24.01,2026-07-29T13:54:48.629Z
flip-only|BIIB|2h|1773662400000|1774454400000,flip-only,BIIB,NASDAQ:BIIB,2h,Swing 2H,LONG,Swing Low,2026-03-16 08:00,1773662400000,180,Flip Short,2026-03-25 12:00,1774454400000,188.45,65,11700,44,525.3,4.4853,560.3,4.7841,132.6,1.1322,23.95,2026-07-29T13:54:48.629Z
flip-only|BIIB|2h|1774965600000|1776693600000,flip-only,BIIB,NASDAQ:BIIB,2h,Swing 2H,LONG,Swing Low,2026-03-31 10:00,1774965600000,180.22,Flip Short,2026-04-20 10:00,1776693600000,180.03,68,12254.96,81,-37.42,-0.305,387.59,3.1595,800.37,6.5245,24.5,2026-07-29T13:54:48.629Z
flip-only|BIIB|2h|1777464000000|1777478400000,flip-only,BIIB,NASDAQ:BIIB,2h,Swing 2H,LONG,Swing Low,2026-04-29 08:00,1777464000000,186.03,Flip Short,2026-04-29 12:00,1777478400000,193.98,65,12091.95,2,492.05,4.0652,542.36,4.4808,385.84,3.1877,24.7,2026-07-29T13:54:48.629Z
flip-only|BIIB|2h|1779199200000|1779890400000,flip-only,BIIB,NASDAQ:BIIB,2h,Swing 2H,LONG,Swing Low,2026-05-19 10:00,1779199200000,189.58,Flip Short,2026-05-27 10:00,1779890400000,197.27,67,12701.86,34,489.31,3.8484,542.06,4.2633,266.63,2.0971,25.92,2026-07-29T13:54:48.629Z
flip-only|BIIB|2h|1780408800000|1780653600000,flip-only,BIIB,NASDAQ:BIIB,2h,Swing 2H,LONG,Swing Low,2026-06-02 10:00,1780408800000,185.55,Flip Short,2026-06-05 06:00,1780653600000,195,71,13174.05,19,643.93,4.883,1043.31,7.9115,52.22,0.396,27.02,2026-07-29T13:54:48.629Z
flip-only|PFG|2h|1736514000000|1736953200000,flip-only,PFG,NASDAQ:PFG,2h,Swing 2H,LONG,Swing Low,2025-01-10 08:00,1736514000000,77.3,Flip Short,2025-01-15 10:00,1736953200000,80.74,121,9353.3,18,397.12,4.2415,558.14,5.9613,164.23,1.7541,19.12,2026-07-29T13:54:51.627Z
flip-only|PFG|2h|1737457200000|1737471600000,flip-only,PFG,NASDAQ:PFG,2h,Swing 2H,LONG,Swing Low,2025-01-21 06:00,1737457200000,80.52,Flip Short,2025-01-21 10:00,1737471600000,82.77,124,9984.48,2,258.75,2.589,288.86,2.8902,9.98,0.0999,20.25,2026-07-29T13:54:51.627Z
flip-only|PFG|2h|1738854000000|1739451600000,flip-only,PFG,NASDAQ:PFG,2h,Swing 2H,LONG,Swing Low,2025-02-06 10:00,1738854000000,80.3,Flip Short,2025-02-13 08:00,1739451600000,85.38,126,10117.8,28,619.2,6.1138,2114.24,20.8754,287.32,2.8369,20.88,2026-07-29T13:54:51.627Z
flip-only|PFG|2h|1741366800000|1742824800000,flip-only,PFG,NASDAQ:PFG,2h,Swing 2H,LONG,Swing Low,2025-03-07 12:00,1741366800000,84.27,Flip Short,2025-03-24 10:00,1742824800000,84.76,127,10702.29,62,40.76,0.3805,188.69,1.7613,933.99,8.7183,21.47,2026-07-29T13:54:51.627Z
flip-only|PFG|2h|1743184800000|1746208800000,flip-only,PFG,NASDAQ:PFG,2h,Swing 2H,LONG,Swing Low,2025-03-28 14:00,1743184800000,82.62,Flip Short,2025-05-02 14:00,1746208800000,75.92,130,10740.6,148,-891.61,-8.293,558.66,5.1962,2171.34,20.196,20.61,2026-07-29T13:54:51.627Z
flip-only|PFG|2h|1747929600000|1750766400000,flip-only,PFG,NASDAQ:PFG,2h,Swing 2H,LONG,Swing Low,2025-05-22 12:00,1747929600000,77.51,Flip Short,2025-06-24 08:00,1750766400000,77.91,127,9843.77,93,31.06,0.3152,207.33,2.1041,392.11,3.9794,19.74,2026-07-29T13:54:51.627Z
flip-only|PFG|2h|1752660000000|1753790400000,flip-only,PFG,NASDAQ:PFG,2h,Swing 2H,LONG,Swing Low,2025-07-16 06:00,1752660000000,79.4,Flip Short,2025-07-29 08:00,1753790400000,82.51,126,10004.4,45,371.46,3.7093,388.16,3.876,152.38,1.5217,20.4,2026-07-29T13:54:51.627Z
flip-only|PFG|2h|1753891200000|1755266400000,flip-only,PFG,NASDAQ:PFG,2h,Swing 2H,LONG,Swing Low,2025-07-30 12:00,1753891200000,78.29,Flip Short,2025-08-15 10:00,1755266400000,77.99,131,10255.99,55,-59.77,-0.5822,31.66,0.3084,441.25,4.298,20.47,2026-07-29T13:54:51.627Z
flip-only|PFG|2h|1757340000000|1757613600000,flip-only,PFG,NASDAQ:PFG,2h,Swing 2H,LONG,Swing Low,2025-09-08 10:00,1757340000000,78.86,Flip Short,2025-09-11 14:00,1757613600000,81.98,129,10172.94,16,381.73,3.7487,392.31,3.8525,39.84,0.3913,20.75,2026-07-29T13:54:51.627Z
flip-only|PFG|2h|1760112000000|1761667200000,flip-only,PFG,NASDAQ:PFG,2h,Swing 2H,LONG,Swing Low,2025-10-10 12:00,1760112000000,80.78,Flip Short,2025-10-28 12:00,1761667200000,82.04,130,10501.4,58,142.63,1.3569,175.4,1.6686,566.9,5.3929,21.17,2026-07-29T13:54:51.627Z
flip-only|PFG|2h|1763470800000|1764795600000,flip-only,PFG,NASDAQ:PFG,2h,Swing 2H,LONG,Swing Low,2025-11-18 08:00,1763470800000,80.98,Flip Short,2025-12-03 16:00,1764795600000,85.94,132,10689.36,51,632.69,5.9129,654.59,6.1176,97.81,0.9141,22.03,2026-07-29T13:54:51.627Z
flip-only|PFG|2h|1768921200000|1769101200000,flip-only,PFG,NASDAQ:PFG,2h,Swing 2H,LONG,Swing Low,2026-01-20 10:00,1768921200000,87.84,Flip Short,2026-01-22 12:00,1769101200000,92.44,128,11243.52,9,565.72,5.0265,609.56,5.416,36.84,0.3274,23.08,2026-07-29T13:54:51.627Z
flip-only|PFG|2h|1770742800000|1772118000000,flip-only,PFG,NASDAQ:PFG,2h,Swing 2H,LONG,Swing Low,2026-02-10 12:00,1770742800000,92.53,Flip Short,2026-02-26 10:00,1772118000000,95.7,128,11843.84,53,381.67,3.2193,509.12,4.2943,435.52,3.6735,24.09,2026-07-29T13:54:51.627Z
flip-only|PFG|2h|1772557200000|1774540800000,flip-only,PFG,NASDAQ:PFG,2h,Swing 2H,LONG,Swing Low,2026-03-03 12:00,1772557200000,93.1,Flip Short,2026-03-26 12:00,1774540800000,88.6,131,12196.1,86,-613.3,-5.0237,145,1.1877,1137.49,9.3173,23.8,2026-07-29T13:54:51.627Z
flip-only|PFG|2h|1782410400000|1783411200000,flip-only,PFG,NASDAQ:PFG,2h,Swing 2H,LONG,Swing Low,2026-06-25 14:00,1782410400000,105.25,Flip Short,2026-07-07 04:00,1783411200000,113.33,110,11577.5,31,864.76,7.4618,877.22,7.5694,75.38,0.6504,24.04,2026-07-29T13:54:51.627Z
flip-only|QRVO|2h|1748008800000|1748980800000,flip-only,QRVO,NASDAQ:QRVO,2h,Swing 2H,LONG,Swing Low,2025-05-23 10:00,1748008800000,74.01,Flip Short,2025-06-03 16:00,1748980800000,78.29,128,9473.28,36,528.35,5.5716,686.85,7.2431,20.99,0.2214,19.49,2026-07-29T13:54:54.589Z
flip-only|QRVO|2h|1750435200000|1750939200000,flip-only,QRVO,NASDAQ:QRVO,2h,Swing 2H,LONG,Swing Low,2025-06-20 12:00,1750435200000,79.58,Flip Short,2025-06-26 08:00,1750939200000,83,125,9947.5,20,407.18,4.0892,417.55,4.1934,84.95,0.8531,20.32,2026-07-29T13:54:54.589Z
flip-only|QRVO|2h|1752681600000|1753826400000,flip-only,QRVO,NASDAQ:QRVO,2h,Swing 2H,LONG,Swing Low,2025-07-16 12:00,1752681600000,87.53,Flip Short,2025-07-29 18:00,1753826400000,92.5,118,10328.54,59,565.22,5.4669,1343.13,12.9911,441.03,4.2657,21.24,2026-07-29T13:54:54.589Z
flip-only|QRVO|2h|1753884000000|1755014400000,flip-only,QRVO,NASDAQ:QRVO,2h,Swing 2H,LONG,Swing Low,2025-07-30 10:00,1753884000000,86.53,Flip Short,2025-08-12 12:00,1755014400000,89.64,126,10902.78,59,369.66,3.3871,380.96,3.4906,649.72,5.9533,22.2,2026-07-29T13:54:54.589Z
flip-only|QRVO|2h|1757512800000|1758549600000,flip-only,QRVO,NASDAQ:QRVO,2h,Swing 2H,LONG,Swing Low,2025-09-10 10:00,1757512800000,88.55,Flip Short,2025-09-22 10:00,1758549600000,94.97,127,11245.85,45,792.03,7.0359,820.6,7.2897,373.2,3.3152,23.31,2026-07-29T13:54:54.589Z
flip-only|QRVO|2h|1759867200000|1760976000000,flip-only,QRVO,NASDAQ:QRVO,2h,Swing 2H,LONG,Swing Low,2025-10-07 16:00,1759867200000,90.08,Flip Short,2025-10-20 12:00,1760976000000,93.56,134,12070.72,48,441.71,3.6557,505.17,4.1809,1094.79,9.0607,24.61,2026-07-29T13:54:54.589Z
flip-only|QRVO|2h|1762275600000|1764694800000,flip-only,QRVO,NASDAQ:QRVO,2h,Swing 2H,LONG,Swing Low,2025-11-04 12:00,1762275600000,89.62,Flip Short,2025-12-02 12:00,1764694800000,87.58,138,12367.56,107,-305.97,-2.4715,227.75,1.8397,1553.83,12.5512,24.45,2026-07-29T13:54:54.589Z
flip-only|QRVO|2h|1765904400000|1767625200000,flip-only,QRVO,NASDAQ:QRVO,2h,Swing 2H,LONG,Swing Low,2025-12-16 12:00,1765904400000,87.17,Flip Short,2026-01-05 10:00,1767625200000,87.78,139,12116.63,69,60.47,0.4986,103.25,0.8513,413.83,3.4119,24.32,2026-07-29T13:54:54.589Z
flip-only|QRVO|2h|1767798000000|1769094000000,flip-only,QRVO,NASDAQ:QRVO,2h,Swing 2H,LONG,Swing Low,2026-01-07 10:00,1767798000000,81.74,Flip Short,2026-01-22 10:00,1769094000000,84.04,149,12179.26,55,318,2.6084,424.39,3.4811,502.39,4.1208,24.7,2026-07-29T13:54:54.589Z
flip-only|QRVO|2h|1769554800000|1770390000000,flip-only,QRVO,NASDAQ:QRVO,2h,Swing 2H,LONG,Swing Low,2026-01-27 18:00,1769554800000,75.2,Flip Short,2026-02-06 10:00,1770390000000,83.6,165,12408,47,1359.8,10.9481,1413.19,11.378,375.41,3.0225,26.2,2026-07-29T13:54:54.589Z
flip-only|QRVO|2h|1772535600000|1774368000000,flip-only,QRVO,NASDAQ:QRVO,2h,Swing 2H,LONG,Swing Low,2026-03-03 06:00,1772535600000,81.09,Flip Short,2026-03-24 12:00,1774368000000,80.26,172,13947.48,81,-170.51,-1.2213,92.69,0.6639,1070.03,7.6642,27.75,2026-07-29T13:54:54.589Z
flip-only|QRVO|2h|1774886400000|1776175200000,flip-only,QRVO,NASDAQ:QRVO,2h,Swing 2H,LONG,Swing Low,2026-03-30 12:00,1774886400000,76.82,Flip Short,2026-04-14 10:00,1776175200000,80.38,177,13597.14,53,602.3,4.4252,639.53,4.6987,263.17,1.9335,27.82,2026-07-29T13:54:54.589Z
flip-only|QRVO|2h|1780675200000|1782144000000,flip-only,QRVO,NASDAQ:QRVO,2h,Swing 2H,LONG,Swing Low,2026-06-05 12:00,1780675200000,99.43,Flip Short,2026-06-22 12:00,1782144000000,103.88,142,14119.06,60,603.03,4.2668,722.86,5.1146,799.38,5.656,28.87,2026-07-29T13:54:54.589Z
flip-only|QRVO|2h|1782468000000|1784541600000,flip-only,QRVO,NASDAQ:QRVO,2h,Swing 2H,LONG,Swing Low,2026-06-26 06:00,1782468000000,93.9,Flip Short,2026-07-20 06:00,1784541600000,86.28,157,14742.3,92,-1224.63,-8.2986,170.52,1.1555,1986.66,13.4625,28.29,2026-07-29T13:54:54.589Z
flip-only|OII|2h|1743688800000|1745409600000,flip-only,OII,NYSE:OII,2h,Swing 2H,LONG,Swing Low,2025-04-03 10:00,1743688800000,20.42,Flip Short,2025-04-23 08:00,1745409600000,17.67,463,9454.46,80,-1290.89,-13.6401,83.15,0.8786,2366.12,25.0015,17.64,2026-07-29T13:54:58.089Z
flip-only|OII|2h|1748008800000|1749038400000,flip-only,OII,NYSE:OII,2h,Swing 2H,LONG,Swing Low,2025-05-23 10:00,1748008800000,18.82,Flip Short,2025-06-04 08:00,1749038400000,20.33,439,8261.98,28,645.7,7.8075,672.19,8.1278,52.16,0.6307,17.19,2026-07-29T13:54:58.089Z
flip-only|OII|2h|1750874400000|1751990400000,flip-only,OII,NYSE:OII,2h,Swing 2H,LONG,Swing Low,2025-06-25 14:00,1750874400000,20.31,Flip Short,2025-07-08 12:00,1751990400000,21.75,437,8875.47,34,610.9,6.8761,655.36,7.3766,13.25,0.1491,18.38,2026-07-29T13:54:58.089Z
flip-only|OII|2h|1752681600000|1753286400000,flip-only,OII,NYSE:OII,2h,Swing 2H,LONG,Swing Low,2025-07-16 12:00,1752681600000,20.39,Flip Short,2025-07-23 12:00,1753286400000,22.34,463,9440.57,23,883.07,9.3446,893.41,9.4541,51.11,0.5409,19.78,2026-07-29T13:54:58.089Z
flip-only|OII|2h|1759845600000|1761148800000,flip-only,OII,NYSE:OII,2h,Swing 2H,LONG,Swing Low,2025-10-07 10:00,1759845600000,24.43,Flip Short,2025-10-22 12:00,1761148800000,24.75,421,10285.03,57,114.02,1.1074,170.74,1.6585,1029.11,9.9959,20.7,2026-07-29T13:54:58.089Z
flip-only|OII|2h|1761213600000|1761228000000,flip-only,OII,NYSE:OII,2h,Swing 2H,LONG,Swing Low,2025-10-23 06:00,1761213600000,23,Flip Short,2025-10-23 10:00,1761228000000,23.32,476,10948,2,130.27,1.1887,1240.93,11.3235,10.95,0.0999,22.05,2026-07-29T13:54:58.089Z
flip-only|OII|2h|1762527600000|1763650800000,flip-only,OII,NYSE:OII,2h,Swing 2H,LONG,Swing Low,2025-11-07 10:00,1762527600000,22.67,Flip Short,2025-11-20 10:00,1763650800000,24.38,463,10496.21,43,769.95,7.3281,781.23,7.4356,186.44,1.7744,21.78,2026-07-29T13:54:58.089Z
flip-only|OII|2h|1765904400000|1767610800000,flip-only,OII,NYSE:OII,2h,Swing 2H,LONG,Swing Low,2025-12-16 12:00,1765904400000,24.21,Flip Short,2026-01-05 06:00,1767610800000,25.74,464,11233.44,66,686.74,6.1073,698.69,6.2135,489.15,4.3501,23.18,2026-07-29T13:54:58.089Z
flip-only|OII|2h|1771506000000|1771513200000,flip-only,OII,NYSE:OII,2h,Swing 2H,LONG,Swing Low,2026-02-19 08:00,1771506000000,32.36,Flip Short,2026-02-19 10:00,1771513200000,35,377,12199.72,1,969.89,7.9421,1216.82,9.9642,302.49,2.477,25.39,2026-07-29T13:54:58.089Z
flip-only|OII|2h|1772737200000|1774274400000,flip-only,OII,NYSE:OII,2h,Swing 2H,LONG,Swing Low,2026-03-05 14:00,1772737200000,33.94,Flip Short,2026-03-23 10:00,1774274400000,36.08,377,12795.38,84,780.38,6.0928,1012.64,7.9062,442.58,3.4554,26.4,2026-07-29T13:54:58.089Z
flip-only|OII|2h|1775073600000|1775570400000,flip-only,OII,NYSE:OII,2h,Swing 2H,LONG,Swing Low,2026-04-01 16:00,1775073600000,34.29,Flip Short,2026-04-07 10:00,1775570400000,36.47,394,13510.26,17,831.04,6.145,1125.15,8.3198,269.61,1.9936,27.88,2026-07-29T13:54:58.089Z
flip-only|OII|2h|1776268800000|1776448800000,flip-only,OII,NYSE:OII,2h,Swing 2H,LONG,Swing Low,2026-04-15 12:00,1776268800000,35.31,Flip Short,2026-04-17 14:00,1776448800000,38.44,407,14371.17,15,1243.89,8.6468,1495.6,10.3965,18.44,0.1282,30.02,2026-07-29T13:54:58.089Z
flip-only|OII|2h|1780322400000|1780588800000,flip-only,OII,NYSE:OII,2h,Swing 2H,LONG,Swing Low,2026-06-01 10:00,1780322400000,36.6,Flip Short,2026-06-04 12:00,1780588800000,39.33,424,15518.4,23,1125.33,7.2443,1205.6,7.7611,125.76,0.8096,32.19,2026-07-29T13:54:58.089Z
flip-only|OII|2h|1781719200000|1782403200000,flip-only,OII,NYSE:OII,2h,Swing 2H,LONG,Swing Low,2026-06-17 14:00,1781719200000,35.95,Flip Short,2026-06-25 12:00,1782403200000,38.92,460,16537,34,1331.76,8.0452,1381.86,8.3478,467.34,2.8232,34.44,2026-07-29T13:54:58.089Z
flip-only|SSL|2h|1746036000000|1747044000000,flip-only,SSL,NYSE:SSL,2h,Swing 2H,LONG,Swing Low,2025-04-30 14:00,1746036000000,3.46,Flip Short,2025-05-12 06:00,1747044000000,3.76,2742,9487.32,44,802.8,8.4534,950.21,10.0056,146.59,1.5435,19.8,2026-07-29T13:55:01.429Z
flip-only|SSL|2h|1750759200000|1751882400000,flip-only,SSL,NYSE:SSL,2h,Swing 2H,LONG,Swing Low,2025-06-24 06:00,1750759200000,4.64,Flip Short,2025-07-07 06:00,1751882400000,4.97,2186,10143.04,50,700.37,6.8981,886.12,8.7275,753.38,7.4202,21.01,2026-07-29T13:55:01.429Z
flip-only|SSL|2h|1752681600000|1753113600000,flip-only,SSL,NYSE:SSL,2h,Swing 2H,LONG,Swing Low,2025-07-16 12:00,1752681600000,4.94,Flip Short,2025-07-21 12:00,1753113600000,5.35,2209,10912.46,15,882.96,8.0832,983.14,9.0003,99.27,0.9088,22.73,2026-07-29T13:55:01.429Z
flip-only|SSL|2h|1754049600000|1755007200000,flip-only,SSL,NYSE:SSL,2h,Swing 2H,LONG,Swing Low,2025-08-01 08:00,1754049600000,4.92,Flip Short,2025-08-12 10:00,1755007200000,5.32,2369,11655.48,37,923.34,7.914,935.94,8.0221,367.01,3.1456,24.26,2026-07-29T13:55:01.429Z
flip-only|SSL|2h|1758024000000|1761213600000,flip-only,SSL,NYSE:SSL,2h,Swing 2H,LONG,Swing Low,2025-09-16 08:00,1758024000000,6.77,Flip Short,2025-10-23 06:00,1761213600000,6.16,1871,12666.67,157,-1165.5,-9.1921,230.56,1.8184,2875.3,22.677,24.19,2026-07-29T13:55:01.429Z
flip-only|SSL|2h|1763730000000|1766595600000,flip-only,SSL,NYSE:SSL,2h,Swing 2H,LONG,Swing Low,2025-11-21 08:00,1763730000000,6.77,Flip Short,2025-12-24 12:00,1766595600000,6.45,1727,11691.79,110,-575.47,-4.9171,247.36,2.1135,1376.02,11.7574,22.83,2026-07-29T13:55:01.429Z
flip-only|SSL|2h|1767870000000|1767978000000,flip-only,SSL,NYSE:SSL,2h,Swing 2H,LONG,Swing Low,2026-01-08 06:00,1767870000000,6.21,Flip Short,2026-01-09 12:00,1767978000000,6.88,1742,10817.82,7,1144.34,10.5677,1156.32,10.6784,45.66,0.4216,22.8,2026-07-29T13:55:01.429Z
flip-only|SSL|2h|1768582800000|1769684400000,flip-only,SSL,NYSE:SSL,2h,Swing 2H,LONG,Swing Low,2026-01-16 12:00,1768582800000,6.19,Flip Short,2026-01-29 06:00,1769684400000,7.4,1949,12064.31,50,2331.8,19.3088,2658.07,22.0105,772.17,6.3941,26.49,2026-07-29T13:55:01.429Z
flip-only|SSL|2h|1770310800000|1770822000000,flip-only,SSL,NYSE:SSL,2h,Swing 2H,LONG,Swing Low,2026-02-05 12:00,1770310800000,6.83,Flip Short,2026-02-11 10:00,1770822000000,7.51,2090,14274.7,25,1391.23,9.7364,1448.73,10.1388,97.87,0.685,29.97,2026-07-29T13:55:01.429Z
flip-only|SSL|2h|1775066400000|1775570400000,flip-only,SSL,NYSE:SSL,2h,Swing 2H,LONG,Swing Low,2026-04-01 14:00,1775066400000,11.96,Flip Short,2026-04-07 10:00,1775570400000,13.3,1304,15595.84,16,1714.42,10.9818,1914.32,12.2623,28.64,0.1834,32.94,2026-07-29T13:55:01.429Z
flip-only|SSL|2h|1775642400000|1776866400000,flip-only,SSL,NYSE:SSL,2h,Swing 2H,LONG,Swing Low,2026-04-08 06:00,1775642400000,11.72,Flip Short,2026-04-22 10:00,1776866400000,13.24,1466,17181.52,69,2191.73,12.7436,2284.44,13.2826,339.7,1.9752,36.59,2026-07-29T13:55:01.429Z
flip-only|SSL|2h|1778148000000|1779091200000,flip-only,SSL,NYSE:SSL,2h,Swing 2H,LONG,Swing Low,2026-05-07 06:00,1778148000000,12.78,Flip Short,2026-05-18 04:00,1779091200000,13.9,1496,19118.88,43,1635.61,8.5464,1656.4,8.655,722.24,3.7738,39.91,2026-07-29T13:55:01.429Z
flip-only|SSL|2h|1779876000000|1780653600000,flip-only,SSL,NYSE:SSL,2h,Swing 2H,LONG,Swing Low,2026-05-27 06:00,1779876000000,12.93,Flip Short,2026-06-05 06:00,1780653600000,13.98,1593,20597.49,45,1629.78,7.9046,1652.05,8.0126,1151.63,5.5855,42.87,2026-07-29T13:55:01.429Z
flip-only|SSL|2h|1781258400000|1783512000000,flip-only,SSL,NYSE:SSL,2h,Swing 2H,LONG,Swing Low,2026-06-12 06:00,1781258400000,12.88,Flip Short,2026-07-08 08:00,1783512000000,10.26,1732,22308.16,93,-4577.92,-20.5008,601.21,2.6923,6101.63,27.3242,40.08,2026-07-29T13:55:01.429Z
flip-only|FTI|2h|1747843200000|1748865600000,flip-only,FTI,NYSE:FTI,2h,Swing 2H,LONG,Swing Low,2025-05-21 12:00,1747843200000,30.02,Flip Short,2025-06-02 08:00,1748865600000,31.72,316,9486.32,35,517.69,5.4518,606.71,6.3893,372.89,3.9269,19.51,2026-07-29T13:55:04.509Z
flip-only|FTI|2h|1752674400000|1753365600000,flip-only,FTI,NYSE:FTI,2h,Swing 2H,LONG,Swing Low,2025-07-16 10:00,1752674400000,33.73,Flip Short,2025-07-24 10:00,1753365600000,36.67,296,9984.08,34,849.4,8.4991,895.78,8.9631,557.58,5.5792,20.84,2026-07-29T13:55:04.509Z
flip-only|FTI|2h|1754668800000|1755878400000,flip-only,FTI,NYSE:FTI,2h,Swing 2H,LONG,Swing Low,2025-08-08 12:00,1754668800000,34.9,Flip Short,2025-08-22 12:00,1755878400000,36.25,309,10784.1,53,395.16,3.6607,421.82,3.9076,196.18,1.8174,21.99,2026-07-29T13:55:04.509Z
flip-only|FTI|2h|1758045600000|1758873600000,flip-only,FTI,NYSE:FTI,2h,Swing 2H,LONG,Swing Low,2025-09-16 14:00,1758045600000,39.18,Flip Short,2025-09-26 04:00,1758873600000,40.35,284,11127.12,42,309.69,2.7805,514.27,4.6172,329.21,2.9556,22.59,2026-07-29T13:55:04.509Z
flip-only|FTI|2h|1759435200000|1761134400000,flip-only,FTI,NYSE:FTI,2h,Swing 2H,LONG,Swing Low,2025-10-02 16:00,1759435200000,38.6,Flip Short,2025-10-22 08:00,1761134400000,36.87,298,11502.8,79,-538.03,-4.6727,83.86,0.7283,1230.32,10.6852,22.49,2026-07-29T13:55:04.509Z
flip-only|FTI|2h|1765904400000|1767373200000,flip-only,FTI,NYSE:FTI,2h,Swing 2H,LONG,Swing Low,2025-12-16 12:00,1765904400000,44.14,Flip Short,2026-01-02 12:00,1767373200000,46.04,248,10946.72,60,448.84,4.0961,492.49,4.4945,417.67,3.8116,22.36,2026-07-29T13:55:04.509Z
flip-only|FTI|2h|1772737200000|1773763200000,flip-only,FTI,NYSE:FTI,2h,Swing 2H,LONG,Swing Low,2026-03-05 14:00,1772737200000,63.83,Flip Short,2026-03-17 12:00,1773763200000,65.67,178,11361.74,55,304.47,2.6771,344.64,3.0303,586.3,5.1552,23.05,2026-07-29T13:55:04.509Z
flip-only|FTI|2h|1776434400000|1777053600000,flip-only,FTI,NYSE:FTI,2h,Swing 2H,LONG,Swing Low,2026-04-17 10:00,1776434400000,68.91,Flip Short,2026-04-24 14:00,1777053600000,74.41,169,11645.79,35,905.28,7.7657,943.2,8.091,64.04,0.5493,24.22,2026-07-29T13:55:04.509Z
flip-only|FTI|2h|1778068800000|1779120000000,flip-only,FTI,NYSE:FTI,2h,Swing 2H,LONG,Swing Low,2026-05-06 08:00,1778068800000,73.11,Flip Short,2026-05-18 12:00,1779120000000,73.19,175,12794.25,59,-11.6,-0.0906,239.21,1.8678,567.54,4.4315,25.6,2026-07-29T13:55:04.509Z
flip-only|FTI|2h|1779458400000|1781107200000,flip-only,FTI,NYSE:FTI,2h,Swing 2H,LONG,Swing Low,2026-05-22 10:00,1779458400000,71.38,Flip Short,2026-06-10 12:00,1781107200000,69.79,175,12491.5,78,-302.95,-2.4229,313.01,2.5033,969.74,7.7555,24.7,2026-07-29T13:55:04.509Z
flip-only|FTI|2h|1781791200000|1783346400000,flip-only,FTI,NYSE:FTI,2h,Swing 2H,LONG,Swing Low,2026-06-18 10:00,1781791200000,65.13,Flip Short,2026-07-06 10:00,1783346400000,68.19,187,12179.31,69,547.29,4.4891,606.79,4.9772,296.42,2.4314,24.93,2026-07-29T13:55:04.509Z
flip-only|ARQT|2h|1748008800000|1749456000000,flip-only,ARQT,NASDAQ:ARQT,2h,Swing 2H,LONG,Swing Low,2025-05-23 10:00,1748008800000,13.62,Flip Short,2025-06-09 04:00,1749456000000,14.7,696,9479.52,61,731.97,7.7139,742.2,7.8217,552.36,5.8211,19.71,2026-07-29T13:55:07.595Z
flip-only|ARQT|2h|1749823200000|1750687200000,flip-only,ARQT,NASDAQ:ARQT,2h,Swing 2H,LONG,Swing Low,2025-06-13 10:00,1749823200000,13.13,Flip Short,2025-06-23 10:00,1750687200000,14.03,776,10188.88,37,677.32,6.641,897.73,8.8021,157.63,1.5455,21.08,2026-07-29T13:55:07.595Z
flip-only|ARQT|2h|1751896800000|1752076800000,flip-only,ARQT,NASDAQ:ARQT,2h,Swing 2H,LONG,Swing Low,2025-07-07 10:00,1751896800000,13.48,Flip Short,2025-07-09 12:00,1752076800000,14.29,803,10824.44,16,628.13,5.7971,816.27,7.5334,348.08,3.2125,22.3,2026-07-29T13:55:07.595Z
flip-only|ARQT|2h|1753120800000|1754474400000,flip-only,ARQT,NASDAQ:ARQT,2h,Swing 2H,LONG,Swing Low,2025-07-21 14:00,1753120800000,14.48,Flip Short,2025-08-06 06:00,1754474400000,15.48,791,11453.68,82,767.3,6.6925,874.47,7.6272,462.32,4.0324,23.7,2026-07-29T13:55:07.595Z
flip-only|ARQT|2h|1754582400000|1755266400000,flip-only,ARQT,NASDAQ:ARQT,2h,Swing 2H,LONG,Swing Low,2025-08-07 12:00,1754582400000,14.56,Flip Short,2025-08-15 10:00,1755266400000,16.68,834,12143.04,45,1742.03,14.3315,1814.32,14.9263,729.38,6.0006,26.05,2026-07-29T13:55:07.595Z
flip-only|ARQT|2h|1756317600000|1756994400000,flip-only,ARQT,NASDAQ:ARQT,2h,Swing 2H,LONG,Swing Low,2025-08-27 14:00,1756317600000,15.58,Flip Short,2025-09-04 10:00,1756994400000,16.33,885,13788.3,27,635.51,4.6044,676.51,4.9015,438.59,3.1777,28.24,2026-07-29T13:55:07.595Z
flip-only|ARQT|2h|1758816000000|1759154400000,flip-only,ARQT,NASDAQ:ARQT,2h,Swing 2H,LONG,Swing Low,2025-09-25 12:00,1758816000000,16.86,Flip Short,2025-09-29 10:00,1759154400000,18.7,855,14415.3,12,1542.8,10.6918,1601.53,11.0989,219.62,1.522,30.4,2026-07-29T13:55:07.595Z
flip-only|ARQT|2h|1761148800000|1761660000000,flip-only,ARQT,NASDAQ:ARQT,2h,Swing 2H,LONG,Swing Low,2025-10-22 12:00,1761148800000,20.03,Flip Short,2025-10-28 10:00,1761660000000,24.5,793,15883.79,28,3509.4,22.0721,3584.34,22.5435,372.73,2.3443,35.31,2026-07-29T13:55:07.595Z
flip-only|ARQT|2h|1763046000000|1763377200000,flip-only,ARQT,NASDAQ:ARQT,2h,Swing 2H,LONG,Swing Low,2025-11-13 10:00,1763046000000,23.62,Flip Short,2025-11-17 06:00,1763377200000,24.99,813,19203.06,12,1074.29,5.5888,1883.22,9.7971,1133.01,5.8943,39.52,2026-07-29T13:55:07.595Z
flip-only|ARQT|2h|1765551600000|1766502000000,flip-only,ARQT,NASDAQ:ARQT,2h,Swing 2H,LONG,Swing Low,2025-12-12 10:00,1765551600000,28.96,Flip Short,2025-12-23 10:00,1766502000000,30.1,697,20185.12,43,753.42,3.7288,885.91,4.3846,1009.93,4.9983,41.16,2026-07-29T13:55:07.595Z
flip-only|ARQT|2h|1768230000000|1770390000000,flip-only,ARQT,NASDAQ:ARQT,2h,Swing 2H,LONG,Swing Low,2026-01-12 10:00,1768230000000,26.51,Flip Short,2026-02-06 10:00,1770390000000,26.76,786,20836.86,117,154.63,0.7414,757.3,3.6308,1537.82,7.3729,41.87,2026-07-29T13:55:07.595Z
flip-only|ARQT|2h|1771347600000|1771578000000,flip-only,ARQT,NASDAQ:ARQT,2h,Swing 2H,LONG,Swing Low,2026-02-17 12:00,1771347600000,25.93,Flip Short,2026-02-20 04:00,1771578000000,27.88,811,21029.23,13,1537.81,7.3054,1665.85,7.9137,223.78,1.0631,43.64,2026-07-29T13:55:07.595Z
flip-only|ARQT|2h|1771621200000|1772060400000,flip-only,ARQT,NASDAQ:ARQT,2h,Swing 2H,LONG,Swing Low,2026-02-20 16:00,1771621200000,25.45,Flip Short,2026-02-25 18:00,1772060400000,28.92,886,22548.7,19,3026.25,13.4075,3778.39,16.7398,518.71,2.2981,48.17,2026-07-29T13:55:07.595Z
flip-only|ARQT|2h|1772118000000|1774980000000,flip-only,ARQT,NASDAQ:ARQT,2h,Swing 2H,LONG,Swing Low,2026-02-26 10:00,1772118000000,25.86,Flip Short,2026-03-31 14:00,1774980000000,23.31,985,25472.1,133,-2560.18,-10.0409,2722.68,10.6782,4684.52,18.3724,48.43,2026-07-29T13:55:07.595Z
flip-only|ARQT|2h|1776787200000|1778097600000,flip-only,ARQT,NASDAQ:ARQT,2h,Swing 2H,LONG,Swing Low,2026-04-21 12:00,1776787200000,23.47,Flip Short,2026-05-06 16:00,1778097600000,24.08,979,22977.13,60,550.64,2.3941,750.43,3.2627,1325.05,5.761,46.55,2026-07-29T13:55:07.595Z
flip-only|ARQT|2h|1778162400000|1780588800000,flip-only,ARQT,NASDAQ:ARQT,2h,Swing 2H,LONG,Swing Low,2026-05-07 10:00,1778162400000,22.97,Flip Short,2026-06-04 12:00,1780588800000,21.97,1026,23567.22,111,-1072.11,-4.5446,130.33,0.5525,3788.99,16.0613,46.11,2026-07-29T13:55:07.595Z
flip-only|ARQT|2h|1783008000000|1783598400000,flip-only,ARQT,NASDAQ:ARQT,2h,Swing 2H,LONG,Swing Low,2026-07-02 12:00,1783008000000,25.82,Flip Short,2026-07-09 08:00,1783598400000,28.54,870,22463.4,17,2319.11,10.3136,2343.94,10.424,518.36,2.3053,47.29,2026-07-29T13:55:07.595Z
flip-only|BANC|2h|1736521200000|1736953200000,flip-only,BANC,NYSE:BANC,2h,Swing 2H,LONG,Swing Low,2025-01-10 10:00,1736521200000,14.91,Flip Short,2025-01-15 10:00,1736953200000,16.37,636,9482.76,16,908.67,9.5727,995.4,10.4864,270.24,2.847,19.89,2026-07-29T13:55:10.558Z
flip-only|BANC|2h|1738594800000|1738839600000,flip-only,BANC,NYSE:BANC,2h,Swing 2H,LONG,Swing Low,2025-02-03 10:00,1738594800000,15.53,Flip Short,2025-02-06 06:00,1738839600000,16.43,666,10342.98,14,578.11,5.5839,642.34,6.2042,76.94,0.7432,21.29,2026-07-29T13:55:10.558Z
flip-only|BANC|2h|1740070800000|1742558400000,flip-only,BANC,NYSE:BANC,2h,Swing 2H,LONG,Swing Low,2025-02-20 12:00,1740070800000,15.45,Flip Short,2025-03-21 08:00,1742558400000,13.96,706,10907.7,105,-1072.7,-9.8245,73.81,0.676,1846.51,16.9116,20.76,2026-07-29T13:55:10.558Z
flip-only|BANC|2h|1743631200000|1744898400000,flip-only,BANC,NYSE:BANC,2h,Swing 2H,LONG,Swing Low,2025-04-02 18:00,1743631200000,13.67,Flip Short,2025-04-17 10:00,1744898400000,13.28,721,9856.07,55,-300.62,-3.0471,0,0,1574.43,15.9582,19.43,2026-07-29T13:55:10.558Z
flip-only|BANC|2h|1746792000000|1747051200000,flip-only,BANC,NYSE:BANC,2h,Swing 2H,LONG,Swing Low,2025-05-09 08:00,1746792000000,13.92,Flip Short,2025-05-12 08:00,1747051200000,14.48,723,10064.16,5,384.35,3.8152,394.82,3.9191,161.89,1.607,20.53,2026-07-29T13:55:10.558Z
flip-only|BANC|2h|1748606400000|1749477600000,flip-only,BANC,NYSE:BANC,2h,Swing 2H,LONG,Swing Low,2025-05-30 08:00,1748606400000,13.72,Flip Short,2025-06-09 10:00,1749477600000,14.07,745,10221.4,29,240.05,2.3461,250.53,2.4486,308.22,3.0124,20.7,2026-07-29T13:55:10.558Z
flip-only|BANC|2h|1750104000000|1751385600000,flip-only,BANC,NYSE:BANC,2h,Swing 2H,LONG,Swing Low,2025-06-16 16:00,1750104000000,13.48,Flip Short,2025-07-01 12:00,1751385600000,14.48,755,10177.4,46,733.89,7.2038,744.82,7.3111,191.38,1.8785,21.11,2026-07-29T13:55:10.558Z
flip-only|BANC|2h|1754049600000|1755093600000,flip-only,BANC,NYSE:BANC,2h,Swing 2H,LONG,Swing Low,2025-08-01 08:00,1754049600000,14.29,Flip Short,2025-08-13 10:00,1755093600000,15.36,762,10888.98,37,792.75,7.273,834.93,7.66,262.35,2.4069,22.59,2026-07-29T13:55:10.558Z
flip-only|BANC|2h|1757692800000|1759500000000,flip-only,BANC,NYSE:BANC,2h,Swing 2H,LONG,Swing Low,2025-09-12 12:00,1757692800000,16.68,Flip Short,2025-10-03 10:00,1759500000000,17.11,698,11642.64,67,276.55,2.373,344.34,2.9546,395.54,3.394,23.59,2026-07-29T13:55:10.558Z
flip-only|BANC|2h|1760349600000|1761768000000,flip-only,BANC,NYSE:BANC,2h,Swing 2H,LONG,Swing Low,2025-10-13 06:00,1760349600000,16.36,Flip Short,2025-10-29 16:00,1761768000000,17.26,732,11975.52,65,634.19,5.2904,910.34,7.5941,758.62,6.3284,24.61,2026-07-29T13:55:10.558Z
flip-only|BANC|2h|1763463600000|1763751600000,flip-only,BANC,NYSE:BANC,2h,Swing 2H,LONG,Swing Low,2025-11-18 06:00,1763463600000,16.2,Flip Short,2025-11-21 14:00,1763751600000,17.76,771,12490.2,18,1176.58,9.4106,1228.82,9.8284,89.59,0.7166,26.18,2026-07-29T13:55:10.558Z
flip-only|BANC|2h|1767114000000|1767639600000,flip-only,BANC,NYSE:BANC,2h,Swing 2H,LONG,Swing Low,2025-12-30 12:00,1767114000000,19.42,Flip Short,2026-01-05 14:00,1767639600000,19.98,701,13613.42,16,364.94,2.6781,449.05,3.2953,216.9,1.5917,27.62,2026-07-29T13:55:10.558Z
flip-only|BANC|2h|1770109200000|1770656400000,flip-only,BANC,NYSE:BANC,2h,Swing 2H,LONG,Swing Low,2026-02-03 04:00,1770109200000,20.2,Flip Short,2026-02-09 12:00,1770656400000,21.1,715,14443,22,613.97,4.2467,664.81,4.5984,579.29,4.0069,29.53,2026-07-29T13:55:10.558Z
flip-only|BANC|2h|1771520400000|1774274400000,flip-only,BANC,NYSE:BANC,2h,Swing 2H,LONG,Swing Low,2026-02-19 12:00,1771520400000,19.72,Flip Short,2026-03-23 10:00,1774274400000,17.44,737,14533.64,100,-1707.75,-11.7386,287.64,1.9771,2498.22,17.1721,27.39,2026-07-29T13:55:10.558Z
flip-only|BANC|2h|1775476800000|1775505600000,flip-only,BANC,NYSE:BANC,2h,Swing 2H,LONG,Swing Low,2026-04-06 08:00,1775476800000,17.76,Flip Short,2026-04-06 16:00,1775505600000,17.93,742,13177.92,4,99.66,0.7555,127.8,0.9689,154.16,1.1687,26.48,2026-07-29T13:55:10.558Z
flip-only|BANC|2h|1778853600000|1780315200000,flip-only,BANC,NYSE:BANC,2h,Swing 2H,LONG,Swing Low,2026-05-15 10:00,1778853600000,18.42,Flip Short,2026-06-01 08:00,1780315200000,18.98,707,13022.94,41,369.48,2.8343,595,4.5643,168.56,1.2931,26.44,2026-07-29T13:55:10.558Z
flip-only|BANC|2h|1783526400000|1784138400000,flip-only,BANC,NYSE:BANC,2h,Swing 2H,LONG,Swing Low,2026-07-08 12:00,1783526400000,20.02,Flip Short,2026-07-15 14:00,1784138400000,20.94,668,13373.36,24,587.2,4.3864,601.19,4.4909,53.45,0.3993,27.36,2026-07-29T13:55:10.558Z
flip-only|FTV|2h|1736766000000|1736953200000,flip-only,FTV,NYSE:FTV,2h,Swing 2H,LONG,Swing Low,2025-01-13 06:00,1736766000000,56.5,Flip Short,2025-01-15 10:00,1736953200000,58.89,165,9322.5,13,375.31,4.0218,424.63,4.5503,24.17,0.259,19.04,2026-07-29T13:55:13.573Z
flip-only|FTV|2h|1738587600000|1738926000000,flip-only,FTV,NYSE:FTV,2h,Swing 2H,LONG,Swing Low,2025-02-03 08:00,1738587600000,59.98,Flip Short,2025-02-07 06:00,1738926000000,60.73,161,9656.78,23,101.32,1.0481,394.45,4.0806,111.09,1.1492,19.43,2026-07-29T13:55:13.573Z
flip-only|FTV|2h|1738933200000|1740042000000,flip-only,FTV,NYSE:FTV,2h,Swing 2H,LONG,Swing Low,2025-02-07 08:00,1738933200000,57.03,Flip Short,2025-02-20 04:00,1740042000000,61.32,174,9923.22,43,725.87,7.3075,964.48,9.7097,164.78,1.6589,20.59,2026-07-29T13:55:13.573Z
flip-only|FTV|2h|1740769200000|1742911200000,flip-only,FTV,NYSE:FTV,2h,Swing 2H,LONG,Swing Low,2025-02-28 14:00,1740769200000,59.25,Flip Short,2025-03-25 10:00,1742911200000,57.09,179,10605.75,88,-407.46,-3.8381,266.84,2.5135,936.04,8.8169,20.82,2026-07-29T13:55:13.573Z
flip-only|FTV|2h|1743184800000|1745416800000,flip-only,FTV,NYSE:FTV,2h,Swing 2H,LONG,Swing Low,2025-03-28 14:00,1743184800000,54.85,Flip Short,2025-04-23 10:00,1745416800000,51.88,186,10202.1,87,-572.27,-5.6037,227.88,2.2314,1751.16,17.1476,19.85,2026-07-29T13:55:13.573Z
flip-only|FTV|2h|1746532800000|1747051200000,flip-only,FTV,NYSE:FTV,2h,Swing 2H,LONG,Swing Low,2025-05-06 08:00,1746532800000,50.54,Flip Short,2025-05-12 08:00,1747051200000,55.25,200,10108,19,920.84,9.1009,931.89,9.2101,36.11,0.3569,21.16,2026-07-29T13:55:13.573Z
flip-only|FTV|2h|1748872800000|1748959200000,flip-only,FTV,NYSE:FTV,2h,Swing 2H,LONG,Swing Low,2025-06-02 10:00,1748872800000,51.85,Flip Short,2025-06-03 10:00,1748959200000,54.79,203,10525.55,5,575.17,5.4591,673.58,6.3931,47.07,0.4467,21.65,2026-07-29T13:55:13.573Z
flip-only|FTV|2h|1750701600000|1751025600000,flip-only,FTV,NYSE:FTV,2h,Swing 2H,LONG,Swing Low,2025-06-23 14:00,1750701600000,52.54,Flip Short,2025-06-27 08:00,1751025600000,53.63,211,11085.94,16,207.59,1.8707,269.54,2.429,13.2,0.1189,22.4,2026-07-29T13:55:13.573Z
flip-only|FTV|2h|1751292000000|1753876800000,flip-only,FTV,NYSE:FTV,2h,Swing 2H,LONG,Swing Low,2025-06-30 10:00,1751292000000,50.31,Flip Short,2025-07-30 08:00,1753876800000,51.9,224,11269.44,111,333.26,2.9543,869.05,7.7039,168.07,1.4899,22.9,2026-07-29T13:55:13.573Z
flip-only|FTV|2h|1753898400000|1755878400000,flip-only,FTV,NYSE:FTV,2h,Swing 2H,LONG,Swing Low,2025-07-30 14:00,1753898400000,50.56,Flip Short,2025-08-22 12:00,1755878400000,49.41,230,11628.8,90,-287.49,-2.4698,68.87,0.5917,979.93,8.4183,22.99,2026-07-29T13:55:13.573Z
flip-only|FTV|2h|1756807200000|1757606400000,flip-only,FTV,NYSE:FTV,2h,Swing 2H,LONG,Swing Low,2025-09-02 06:00,1756807200000,47.1,Flip Short,2025-09-11 12:00,1757606400000,49.25,242,11398.2,34,496.98,4.3558,566.98,4.9693,146.92,1.2877,23.32,2026-07-29T13:55:13.573Z
flip-only|FTV|2h|1758808800000|1759341600000,flip-only,FTV,NYSE:FTV,2h,Swing 2H,LONG,Swing Low,2025-09-25 10:00,1758808800000,47.39,Flip Short,2025-10-01 14:00,1759341600000,49.63,249,11800.11,19,533.6,4.5175,600.74,5.0859,31.72,0.2685,24.16,2026-07-29T13:55:13.573Z
flip-only|FTV|2h|1760119200000|1761069600000,flip-only,FTV,NYSE:FTV,2h,Swing 2H,LONG,Swing Low,2025-10-10 14:00,1760119200000,48.12,Flip Short,2025-10-21 14:00,1761069600000,49.93,256,12318.72,37,438.26,3.5541,507.36,4.1145,127.52,1.0341,25.1,2026-07-29T13:55:13.573Z
flip-only|FTV|2h|1767625200000|1768489200000,flip-only,FTV,NYSE:FTV,2h,Swing 2H,LONG,Swing Low,2026-01-05 10:00,1767625200000,53.53,Flip Short,2026-01-15 10:00,1768489200000,55.7,238,12740.14,37,490.46,3.8459,610.82,4.7897,117.46,0.921,26,2026-07-29T13:55:13.573Z
flip-only|FTV|2h|1768935600000|1770159600000,flip-only,FTV,NYSE:FTV,2h,Swing 2H,LONG,Swing Low,2026-01-20 14:00,1768935600000,52.96,Flip Short,2026-02-03 18:00,1770159600000,54,249,13187.04,47,232.33,1.76,631.72,4.7857,142.67,1.0808,26.63,2026-07-29T13:55:13.573Z
flip-only|FTV|2h|1772809200000|1775570400000,flip-only,FTV,NYSE:FTV,2h,Swing 2H,LONG,Swing Low,2026-03-06 10:00,1772809200000,55.84,Flip Short,2026-04-07 10:00,1775570400000,56.7,240,13401.6,93,179.39,1.3372,361,2.691,577.4,4.3041,27.01,2026-07-29T13:55:13.573Z
flip-only|FTV|2h|1777557600000|1780488000000,flip-only,FTV,NYSE:FTV,2h,Swing 2H,LONG,Swing Low,2026-04-30 10:00,1777557600000,58.51,Flip Short,2026-06-03 08:00,1780488000000,61.11,233,13632.83,111,577.93,4.235,683.04,5.0052,276.92,2.0293,27.87,2026-07-29T13:55:13.573Z
flip-only|FTV|2h|1784124000000|1785247200000,flip-only,FTV,NYSE:FTV,2h,Swing 2H,LONG,Swing Low,2026-07-15 10:00,1784124000000,61.1,Flip Short,2026-07-28 10:00,1785247200000,64.23,232,14175.2,40,697.08,4.9127,723.58,5.0995,394.66,2.7813,29.08,2026-07-29T13:55:13.573Z
flip-only|VTRS|2h|1752602400000|1753279200000,flip-only,VTRS,NASDAQ:VTRS,2h,Swing 2H,LONG,Swing Low,2025-07-15 14:00,1752602400000,9.03,Flip Short,2025-07-23 10:00,1753279200000,9.32,1049,9472.47,36,284.96,3.0053,336.7,3.5509,565.44,5.9634,19.25,2026-07-29T13:55:16.493Z
flip-only|VTRS|2h|1753970400000|1754575200000,flip-only,VTRS,NASDAQ:VTRS,2h,Swing 2H,LONG,Swing Low,2025-07-31 10:00,1753970400000,9,Flip Short,2025-08-07 10:00,1754575200000,9.07,1085,9765,34,56.34,0.5764,467.63,4.7841,432.92,4.4289,19.61,2026-07-29T13:55:16.493Z
flip-only|VTRS|2h|1756216800000|1759327200000,flip-only,VTRS,NASDAQ:VTRS,2h,Swing 2H,LONG,Swing Low,2025-08-26 10:00,1756216800000,10.47,Flip Short,2025-10-01 10:00,1759327200000,10.1,937,9810.39,163,-365.96,-3.7266,121.37,1.2359,984.29,10.0231,19.27,2026-07-29T13:55:16.493Z
flip-only|VTRS|2h|1760133600000|1760947200000,flip-only,VTRS,NASDAQ:VTRS,2h,Swing 2H,LONG,Swing Low,2025-10-10 18:00,1760133600000,9.66,Flip Short,2025-10-20 04:00,1760947200000,10.2,979,9457.14,35,509.22,5.3791,519.2,5.4846,9.46,0.0999,19.44,2026-07-29T13:55:16.493Z
flip-only|VTRS|2h|1762448400000|1762894800000,flip-only,VTRS,NASDAQ:VTRS,2h,Swing 2H,LONG,Swing Low,2025-11-06 12:00,1762448400000,10.2,Flip Short,2025-11-11 16:00,1762894800000,11.18,975,9945,20,934.65,9.3888,1043.06,10.4778,282.94,2.8423,20.85,2026-07-29T13:55:16.493Z
flip-only|VTRS|2h|1763672400000|1764687600000,flip-only,VTRS,NASDAQ:VTRS,2h,Swing 2H,LONG,Swing Low,2025-11-20 16:00,1763672400000,10.2,Flip Short,2025-12-02 10:00,1764687600000,10.73,1064,10852.8,41,541.65,4.9859,595.63,5.4828,53.41,0.4917,22.27,2026-07-29T13:55:16.493Z
flip-only|VTRS|2h|1768906800000|1770051600000,flip-only,VTRS,NASDAQ:VTRS,2h,Swing 2H,LONG,Swing Low,2026-01-20 06:00,1768906800000,12.65,Flip Short,2026-02-02 12:00,1770051600000,13.54,890,11258.5,61,768.79,6.8217,789.74,7.0076,126.96,1.1265,23.31,2026-07-29T13:55:16.493Z
flip-only|VTRS|2h|1772110800000|1772118000000,flip-only,VTRS,NASDAQ:VTRS,2h,Swing 2H,LONG,Swing Low,2026-02-26 08:00,1772110800000,16.22,Flip Short,2026-02-26 10:00,1772118000000,16.31,752,12197.44,1,43.22,0.354,198.36,1.6246,350.6,2.8715,24.46,2026-07-29T13:55:16.493Z
flip-only|VTRS|2h|1772809200000|1775052000000,flip-only,VTRS,NASDAQ:VTRS,2h,Swing 2H,LONG,Swing Low,2026-03-06 10:00,1772809200000,14.03,Flip Short,2026-04-01 10:00,1775052000000,13.69,864,12121.92,117,-317.71,-2.6183,428.52,3.5315,1109.4,9.1429,23.95,2026-07-29T13:55:16.493Z
flip-only|VTRS|2h|1779199200000|1781035200000,flip-only,VTRS,NASDAQ:VTRS,2h,Swing 2H,LONG,Swing Low,2026-05-19 10:00,1779199200000,16.16,Flip Short,2026-06-09 16:00,1781035200000,16.2,731,11812.96,94,5.58,0.0472,419.48,3.5474,486.96,4.1182,23.66,2026-07-29T13:55:16.493Z
flip-only|VTRS|2h|1781784000000|1782741600000,flip-only,VTRS,NASDAQ:VTRS,2h,Swing 2H,LONG,Swing Low,2026-06-18 08:00,1781784000000,16.04,Flip Short,2026-06-29 10:00,1782741600000,16.23,751,12046.04,39,118.46,0.9824,348.43,2.8896,815.62,6.7641,24.23,2026-07-29T13:55:16.493Z
flip-only|EXEL|2h|1746554400000|1747231200000,flip-only,EXEL,NASDAQ:EXEL,2h,Swing 2H,LONG,Swing Low,2025-05-06 14:00,1746554400000,36.83,Flip Short,2025-05-14 10:00,1747231200000,43.96,257,9465.31,38,1811.65,19.1207,2157.04,22.7662,505.48,5.335,20.76,2026-07-29T13:55:19.626Z
flip-only|EXEL|2h|1749110400000|1750672800000,flip-only,EXEL,NASDAQ:EXEL,2h,Swing 2H,LONG,Swing Low,2025-06-05 04:00,1749110400000,42,Flip Short,2025-06-23 06:00,1750672800000,46.95,266,11172,71,1293.04,11.5624,1305.53,11.674,580.41,5.19,23.66,2026-07-29T13:55:19.626Z
flip-only|EXEL|2h|1753192800000|1753696800000,flip-only,EXEL,NASDAQ:EXEL,2h,Swing 2H,LONG,Swing Low,2025-07-22 10:00,1753192800000,44.44,Flip Short,2025-07-28 06:00,1753696800000,45.96,279,12398.76,22,398.86,3.2137,509.33,4.1038,65.41,0.527,25.22,2026-07-29T13:55:19.626Z
flip-only|EXEL|2h|1753740000000|1755086400000,flip-only,EXEL,NASDAQ:EXEL,2h,Swing 2H,LONG,Swing Low,2025-07-28 18:00,1753740000000,38.99,Flip Short,2025-08-13 08:00,1755086400000,38.1,329,12827.71,75,-318.17,-2.4779,286.56,2.2317,1059.05,8.2477,25.36,2026-07-29T13:55:19.626Z
flip-only|EXEL|2h|1756483200000|1757628000000,flip-only,EXEL,NASDAQ:EXEL,2h,Swing 2H,LONG,Swing Low,2025-08-29 12:00,1756483200000,37.56,Flip Short,2025-09-11 18:00,1757628000000,39.07,333,12507.48,53,477.31,3.8124,496.98,3.9695,455.4,3.6374,25.52,2026-07-29T13:55:19.626Z
flip-only|EXEL|2h|1758808800000|1759226400000,flip-only,EXEL,NASDAQ:EXEL,2h,Swing 2H,LONG,Swing Low,2025-09-25 10:00,1758808800000,38.46,Flip Short,2025-09-30 06:00,1759226400000,40.5,337,12961.02,16,660.87,5.0938,1068.81,8.2381,63.51,0.4895,26.61,2026-07-29T13:55:19.626Z
flip-only|EXEL|2h|1759932000000|1760544000000,flip-only,EXEL,NASDAQ:EXEL,2h,Swing 2H,LONG,Swing Low,2025-10-08 10:00,1759932000000,38.95,Flip Short,2025-10-15 12:00,1760544000000,40.09,349,13593.55,32,370.28,2.7212,541.32,3.9782,512.66,3.7676,27.58,2026-07-29T13:55:19.626Z
flip-only|EXEL|2h|1760954400000|1762297200000,flip-only,EXEL,NASDAQ:EXEL,2h,Swing 2H,LONG,Swing Low,2025-10-20 06:00,1760954400000,35.95,Flip Short,2025-11-04 18:00,1762297200000,39.81,387,13912.65,73,1464.5,10.5159,1828.21,13.1275,861.44,6.1856,29.32,2026-07-29T13:55:19.626Z
flip-only|EXEL|2h|1765227600000|1766163600000,flip-only,EXEL,NASDAQ:EXEL,2h,Swing 2H,LONG,Swing Low,2025-12-08 16:00,1765227600000,42.16,Flip Short,2025-12-19 12:00,1766163600000,43.52,363,15304.08,50,462.58,3.0196,492.9,3.2175,556.17,3.6305,31.1,2026-07-29T13:55:19.626Z
flip-only|EXEL|2h|1767632400000|1770735600000,flip-only,EXEL,NASDAQ:EXEL,2h,Swing 2H,LONG,Swing Low,2026-01-05 12:00,1767632400000,42.32,Flip Short,2026-02-10 10:00,1770735600000,44.06,372,15743.04,136,615.15,3.9035,1468.54,9.3188,674.18,4.2781,32.13,2026-07-29T13:55:19.626Z
flip-only|EXEL|2h|1772233200000|1774447200000,flip-only,EXEL,NASDAQ:EXEL,2h,Swing 2H,LONG,Swing Low,2026-02-27 18:00,1772233200000,42.89,Flip Short,2026-03-25 10:00,1774447200000,43.24,383,16426.87,96,101.06,0.6146,171.24,1.0414,1234.37,7.5068,32.99,2026-07-29T13:55:19.626Z
flip-only|EXEL|2h|1774872000000|1775052000000,flip-only,EXEL,NASDAQ:EXEL,2h,Swing 2H,LONG,Swing Low,2026-03-30 08:00,1774872000000,41.5,Flip Short,2026-04-01 10:00,1775052000000,43.76,404,16766,13,878.6,5.2351,948.79,5.6534,16.77,0.0999,34.45,2026-07-29T13:55:19.626Z
flip-only|EXEL|2h|1776722400000|1776866400000,flip-only,EXEL,NASDAQ:EXEL,2h,Swing 2H,LONG,Swing Low,2026-04-20 18:00,1776722400000,43.63,Flip Short,2026-04-22 10:00,1776866400000,46.33,396,17277.48,7,1033.58,5.9762,1253.88,7.2501,17.28,0.0999,35.62,2026-07-29T13:55:19.626Z
flip-only|EXEL|2h|1777888800000|1778076000000,flip-only,EXEL,NASDAQ:EXEL,2h,Swing 2H,LONG,Swing Low,2026-05-04 06:00,1777888800000,43.95,Flip Short,2026-05-06 10:00,1778076000000,46,419,18415.05,14,821.26,4.4553,1695.29,9.1968,206.97,1.1228,37.69,2026-07-29T13:55:19.626Z
flip-only|EXEL|2h|1780416000000|1780682400000,flip-only,EXEL,NASDAQ:EXEL,2h,Swing 2H,LONG,Swing Low,2026-06-02 12:00,1780416000000,48.94,Flip Short,2026-06-05 14:00,1780682400000,52.75,389,19037.66,22,1442.53,7.5697,1556.41,8.1673,256.33,1.3451,39.56,2026-07-29T13:55:19.626Z
flip-only|EXEL|2h|1781798400000|1782482400000,flip-only,EXEL,NASDAQ:EXEL,2h,Swing 2H,LONG,Swing Low,2026-06-18 12:00,1781798400000,51.37,Flip Short,2026-06-26 10:00,1782482400000,54.81,397,20393.89,31,1323.53,6.4833,1361.17,6.6677,266.53,1.3056,42.15,2026-07-29T13:55:19.626Z
flip-only|EXEL|2h|1784800800000|1785168000000,flip-only,EXEL,NASDAQ:EXEL,2h,Swing 2H,LONG,Swing Low,2026-07-23 06:00,1784800800000,55.05,Flip Short,2026-07-27 12:00,1785168000000,56.05,399,21964.95,12,354.67,1.6131,648.36,2.9488,341.16,1.5517,44.33,2026-07-29T13:55:19.626Z
flip-only|CSCO|2h|1755122400000|1756224000000,flip-only,CSCO,NASDAQ:CSCO,2h,Swing 2H,LONG,Swing Low,2025-08-13 18:00,1755122400000,70.64,Flip Short,2025-08-26 12:00,1756224000000,67.81,134,9465.76,69,-397.77,-4.198,0,0,664.73,7.0154,18.55,2026-07-29T13:55:22.621Z
flip-only|CSCO|2h|1757088000000|1757599200000,flip-only,CSCO,NASDAQ:CSCO,2h,Swing 2H,LONG,Swing Low,2025-09-05 12:00,1757088000000,66.69,Flip Short,2025-09-11 10:00,1757599200000,68.27,136,9069.84,30,196.53,2.1646,228.93,2.5216,55.31,0.6092,18.35,2026-07-29T13:55:22.621Z
flip-only|CSCO|2h|1757692800000|1758218400000,flip-only,CSCO,NASDAQ:CSCO,2h,Swing 2H,LONG,Swing Low,2025-09-12 12:00,1757692800000,66.39,Flip Short,2025-09-18 14:00,1758218400000,68.4,140,9294.6,33,262.53,2.8217,304.31,3.2707,47.09,0.5062,18.87,2026-07-29T13:55:22.621Z
flip-only|CSCO|2h|1758902400000|1759240800000,flip-only,CSCO,NASDAQ:CSCO,2h,Swing 2H,LONG,Swing Low,2025-09-26 12:00,1758902400000,66.91,Flip Short,2025-09-30 10:00,1759240800000,68.38,142,9501.22,14,189.53,1.9928,209.18,2.1994,12.34,0.1298,19.21,2026-07-29T13:55:22.621Z
flip-only|CSCO|2h|1760133600000|1760968800000,flip-only,CSCO,NASDAQ:CSCO,2h,Swing 2H,LONG,Swing Low,2025-10-10 18:00,1760133600000,67.5,Flip Short,2025-10-20 10:00,1760968800000,70.46,144,9720,44,406.37,4.1766,487.08,5.0061,107.64,1.1063,19.87,2026-07-29T13:55:22.621Z
flip-only|CSCO|2h|1762455600000|1762974000000,flip-only,CSCO,NASDAQ:CSCO,2h,Swing 2H,LONG,Swing Low,2025-11-06 14:00,1762455600000,71.14,Flip Short,2025-11-12 14:00,1762974000000,73.69,142,10101.88,32,341.53,3.3775,380.4,3.7619,95.3,0.9425,20.57,2026-07-29T13:55:22.621Z
flip-only|CSCO|2h|1765810800000|1768489200000,flip-only,CSCO,NASDAQ:CSCO,2h,Swing 2H,LONG,Swing Low,2025-12-15 10:00,1765810800000,78.11,Flip Short,2026-01-15 10:00,1768489200000,75.48,133,10388.63,165,-370.22,-3.5601,130.59,1.2558,716.62,6.8912,20.43,2026-07-29T13:55:22.621Z
flip-only|CSCO|2h|1770850800000|1772226000000,flip-only,CSCO,NASDAQ:CSCO,2h,Swing 2H,LONG,Swing Low,2026-02-11 18:00,1770850800000,79.42,Flip Short,2026-02-27 16:00,1772226000000,79.47,126,10006.92,87,-13.72,-0.137,148.75,1.485,766.01,7.6471,20.02,2026-07-29T13:55:22.621Z
flip-only|CSCO|2h|1773064800000|1773756000000,flip-only,CSCO,NASDAQ:CSCO,2h,Swing 2H,LONG,Swing Low,2026-03-09 10:00,1773064800000,75.91,Flip Short,2026-03-17 10:00,1773756000000,79.36,132,10020.12,48,434.9,4.336,495.54,4.9405,101.1,1.008,20.5,2026-07-29T13:55:22.621Z
flip-only|CSCO|2h|1773928800000|1774267200000,flip-only,CSCO,NASDAQ:CSCO,2h,Swing 2H,LONG,Swing Low,2026-03-19 10:00,1773928800000,78.24,Flip Short,2026-03-23 08:00,1774267200000,78.59,134,10484.16,15,25.88,0.2466,273.6,2.607,216.84,2.0662,21.02,2026-07-29T13:55:22.621Z
flip-only|CSCO|2h|1774900800000|1775584800000,flip-only,CSCO,NASDAQ:CSCO,2h,Swing 2H,LONG,Swing Low,2026-03-30 16:00,1774900800000,77.03,Flip Short,2026-04-07 14:00,1775584800000,80.53,136,10476.08,39,454.57,4.3348,515.84,4.9191,108.4,1.0337,21.43,2026-07-29T13:55:22.621Z
flip-only|CSCO|2h|1777399200000|1777564800000,flip-only,CSCO,NASDAQ:CSCO,2h,Swing 2H,LONG,Swing Low,2026-04-28 14:00,1777399200000,86.32,Flip Short,2026-04-30 12:00,1777564800000,90.9,126,10876.32,15,554.75,5.0954,569.98,5.2354,78.92,0.7249,22.33,2026-07-29T13:55:22.621Z
flip-only|CSCO|2h|1781028000000|1782316800000,flip-only,CSCO,NASDAQ:CSCO,2h,Swing 2H,LONG,Swing Low,2026-06-09 14:00,1781028000000,119.21,Flip Short,2026-06-24 12:00,1782316800000,120.82,96,11444.16,79,131.52,1.1481,342.8,2.9924,266.8,2.329,23.04,2026-07-29T13:55:22.621Z
flip-only|CSCO|2h|1782482400000|1783627200000,flip-only,CSCO,NASDAQ:CSCO,2h,Swing 2H,LONG,Swing Low,2026-06-26 10:00,1782482400000,115.38,Flip Short,2026-07-09 16:00,1783627200000,118.3,100,11538,67,268.63,2.3259,398.46,3.45,460.54,3.9875,23.37,2026-07-29T13:55:22.621Z
flip-only|CSCO|2h|1784131200000|1784908800000,flip-only,CSCO,NASDAQ:CSCO,2h,Swing 2H,LONG,Swing Low,2026-07-15 12:00,1784131200000,110.58,Flip Short,2026-07-24 12:00,1784908800000,113.99,107,11832.06,56,340.84,2.8778,357.32,3.0169,338.18,2.8553,24.03,2026-07-29T13:55:22.621Z
flip-only|BIIB|2h|1783526400000|1785333600000,flip-only,BIIB,NASDAQ:BIIB,2h,Swing 2H,LONG,Swing Low,2026-07-08 12:00,1783526400000,199.32,Flip Short,2026-07-29 10:00,1785333600000,214.11,69,13753.08,96,991.98,7.2056,1170.29,8.5008,926.62,6.7308,28.53,2026-07-29T15:48:56.849Z
flip-only|DD|2h|1748628000000|1749484800000,flip-only,DD,NYSE:DD,2h,Swing 2H,LONG,Swing Low,2025-05-30 14:00,1748628000000,83.34,Flip Short,2025-06-09 12:00,1749484800000,87.07,113,9417.42,39,402.23,4.2669,424.5,4.5031,219.6,2.3295,19.26,2026-07-29T15:49:36.463Z
flip-only|DD|2h|1749844800000|1750852800000,flip-only,DD,NYSE:DD,2h,Swing 2H,LONG,Swing Low,2025-06-13 16:00,1749844800000,84.08,Flip Short,2025-06-25 08:00,1750852800000,85.59,117,9837.36,45,156.82,1.5925,208.95,2.122,216.93,2.2029,19.85,2026-07-29T15:49:36.463Z
flip-only|DD|2h|1752681600000|1753113600000,flip-only,DD,NYSE:DD,2h,Swing 2H,LONG,Swing Low,2025-07-16 12:00,1752681600000,91.9,Flip Short,2025-07-21 12:00,1753113600000,96.11,109,10017.1,21,438.4,4.3721,497.92,4.9658,34,0.3391,20.49,2026-07-29T15:49:36.463Z
flip-only|DD|2h|1753819200000|1754402400000,flip-only,DD,NYSE:DD,2h,Swing 2H,LONG,Swing Low,2025-07-29 16:00,1753819200000,93.42,Flip Short,2025-08-05 10:00,1754402400000,91.16,111,10369.62,36,-271.35,-2.6141,329.29,3.1724,772.94,7.4464,20.49,2026-07-29T15:49:36.463Z
flip-only|DD|2h|1756994400000|1757080800000,flip-only,DD,NYSE:DD,2h,Swing 2H,LONG,Swing Low,2025-09-04 10:00,1756994400000,94.67,Flip Short,2025-09-05 10:00,1757080800000,98.31,107,10129.69,5,368.83,3.6375,379.35,3.7412,63.63,0.6275,20.65,2026-07-29T15:49:36.463Z
flip-only|DD|2h|1758196800000|1758556800000,flip-only,DD,NYSE:DD,2h,Swing 2H,LONG,Swing Low,2025-09-18 08:00,1758196800000,96.89,Flip Short,2025-09-22 12:00,1758556800000,98.77,108,10464.12,14,181.91,1.7367,217.42,2.0757,148.7,1.4197,21.13,2026-07-29T15:49:36.463Z
flip-only|DD|2h|1758744000000|1759420800000,flip-only,DD,NYSE:DD,2h,Swing 2H,LONG,Swing Low,2025-09-24 16:00,1758744000000,95.42,Flip Short,2025-10-02 12:00,1759420800000,100.03,112,10687.04,38,494.43,4.6218,528.03,4.9359,259.33,2.4241,21.89,2026-07-29T15:49:36.463Z
flip-only|DD|2h|1760112000000|1760716800000,flip-only,DD,NYSE:DD,2h,Swing 2H,LONG,Swing Low,2025-10-10 12:00,1760112000000,95.37,Flip Short,2025-10-17 12:00,1760716800000,99.56,117,11158.29,36,467.42,4.1848,536.4,4.8024,414.81,3.7138,22.81,2026-07-29T15:49:36.463Z
flip-only|DD|2h|1762182000000|1762959600000,flip-only,DD,NYSE:DD,2h,Swing 2H,LONG,Swing Low,2025-11-03 10:00,1762182000000,103.13,Flip Short,2025-11-12 10:00,1762959600000,122.22,112,11550.56,52,2112.84,18.2738,2227.33,19.264,201.95,1.7467,25.24,2026-07-29T15:49:36.463Z
flip-only|DD|2h|1763413200000|1764176400000,flip-only,DD,NYSE:DD,2h,Swing 2H,LONG,Swing Low,2025-11-17 16:00,1763413200000,115.59,Flip Short,2025-11-26 12:00,1764176400000,118.11,117,13524.03,49,267.5,1.976,295.36,2.1818,533,3.9372,27.34,2026-07-29T15:49:36.463Z
flip-only|DD|2h|1767186000000|1767639600000,flip-only,DD,NYSE:DD,2h,Swing 2H,LONG,Swing Low,2025-12-31 08:00,1767186000000,122.01,Flip Short,2026-01-05 14:00,1767639600000,126.27,113,13787.13,15,453.32,3.2847,477.76,3.4618,179.9,1.3035,28.06,2026-07-29T15:49:36.463Z
flip-only|DD|2h|1768914000000|1769094000000,flip-only,DD,NYSE:DD,2h,Swing 2H,LONG,Swing Low,2026-01-20 08:00,1768914000000,126.48,Flip Short,2026-01-22 10:00,1769094000000,133.14,112,14165.76,14,716.84,5.0553,740.71,5.2237,114.97,0.8108,29.08,2026-07-29T15:49:36.463Z
flip-only|DD|2h|1772449200000|1774454400000,flip-only,DD,NYSE:DD,2h,Swing 2H,LONG,Swing Low,2026-03-02 06:00,1772449200000,148.44,Flip Short,2026-03-25 12:00,1774454400000,139.14,101,14992.44,119,-968.35,-6.4524,133.48,0.8894,2266.28,15.1011,29.05,2026-07-29T15:49:36.463Z
flip-only|DD|2h|1777384800000|1777982400000,flip-only,DD,NYSE:DD,2h,Swing 2H,LONG,Swing Low,2026-04-28 10:00,1777384800000,136.35,Flip Short,2026-05-05 08:00,1777982400000,138.45,103,14044.05,35,188,1.3373,622.5,4.428,418.83,2.9793,28.3,2026-07-29T15:49:36.463Z
flip-only|DD|2h|1779199200000|1781517600000,flip-only,DD,NYSE:DD,2h,Swing 2H,LONG,Swing Low,2026-05-19 10:00,1779199200000,140.55,Flip Short,2026-06-15 06:00,1781517600000,146.67,101,14195.55,113,589.11,4.1458,1091.75,7.6831,595.96,4.194,29.01,2026-07-29T15:49:36.463Z
flip-only|DD|2h|1782309600000|1784728800000,flip-only,DD,NYSE:DD,2h,Swing 2H,LONG,Swing Low,2026-06-24 10:00,1782309600000,138.63,Flip Short,2026-07-22 10:00,1784728800000,141.87,106,14694.78,101,313.71,2.1327,342.53,2.3286,861.63,5.8577,29.73,2026-07-29T15:49:36.463Z
flip-only|COGT|2h|1747663200000|1748534400000,flip-only,COGT,NASDAQ:COGT,2h,Swing 2H,LONG,Swing Low,2025-05-19 10:00,1747663200000,4.78,Flip Short,2025-05-29 12:00,1748534400000,5.26,1985,9488.3,42,932.87,9.822,1419.71,14.9478,247.69,2.6079,19.93,2026-07-29T15:49:40.066Z
flip-only|COGT|2h|1753905600000|1755532800000,flip-only,COGT,NASDAQ:COGT,2h,Swing 2H,LONG,Swing Low,2025-07-30 16:00,1753905600000,11.53,Flip Short,2025-08-18 12:00,1755532800000,12.19,899,10365.47,62,572.02,5.513,672.87,6.485,1053.21,10.1506,21.32,2026-07-29T15:49:40.066Z
flip-only|COGT|2h|1758304800000|1758722400000,flip-only,COGT,NASDAQ:COGT,2h,Swing 2H,LONG,Swing Low,2025-09-19 14:00,1758304800000,12.2,Flip Short,2025-09-24 10:00,1758722400000,13.12,895,10919,11,800.74,7.3261,884.08,8.0886,530.02,4.8492,22.66,2026-07-29T15:49:40.066Z
flip-only|COGT|2h|1761141600000|1762779600000,flip-only,COGT,NASDAQ:COGT,2h,Swing 2H,LONG,Swing Low,2025-10-22 10:00,1761141600000,15.02,Flip Short,2025-11-10 08:00,1762779600000,33.5,777,11670.54,67,14321.26,122.5903,20392.35,174.559,959.61,8.2143,37.7,2026-07-29T15:49:40.066Z
flip-only|COGT|2h|1766070000000|1768402800000,flip-only,COGT,NASDAQ:COGT,2h,Swing 2H,LONG,Swing Low,2025-12-18 10:00,1766070000000,37.83,Flip Short,2026-01-14 10:00,1768402800000,37.89,666,25194.78,88,-10.47,-0.0415,1773.01,7.0302,3288.59,13.0396,50.43,2026-07-29T15:49:40.066Z
flip-only|COGT|2h|1769799600000|1771354800000,flip-only,COGT,NASDAQ:COGT,2h,Swing 2H,LONG,Swing Low,2026-01-30 14:00,1769799600000,36.01,Flip Short,2026-02-17 14:00,1771354800000,38.38,702,25279.02,48,1611.52,6.3686,1736.74,6.8634,369.26,1.4593,52.22,2026-07-29T15:49:40.066Z
flip-only|COGT|2h|1772557200000|1774605600000,flip-only,COGT,NASDAQ:COGT,2h,Swing 2H,LONG,Swing Low,2026-03-03 12:00,1772557200000,37.3,Flip Short,2026-03-27 06:00,1774605600000,36.72,716,26706.8,108,-468.28,-1.7517,495.97,1.8552,3305.99,12.3665,53,2026-07-29T15:49:40.066Z
flip-only|COGT|2h|1775138400000|1776866400000,flip-only,COGT,NASDAQ:COGT,2h,Swing 2H,LONG,Swing Low,2026-04-02 10:00,1775138400000,34.88,Flip Short,2026-04-22 10:00,1776866400000,37.24,755,26334.4,75,1727.35,6.5527,2601.07,9.8672,494.43,1.8756,54.45,2026-07-29T15:49:40.066Z
flip-only|COGT|2h|1776967200000|1779976800000,flip-only,COGT,NASDAQ:COGT,2h,Swing 2H,LONG,Swing Low,2026-04-23 14:00,1776967200000,35.75,Flip Short,2026-05-28 10:00,1779976800000,34.32,782,27956.5,133,-1173.05,-4.1918,1575.14,5.6286,3836.3,13.7087,54.79,2026-07-29T15:49:40.066Z
flip-only|COGT|2h|1780682400000|1781712000000,flip-only,COGT,NASDAQ:COGT,2h,Swing 2H,LONG,Swing Low,2026-06-05 14:00,1780682400000,31.36,Flip Short,2026-06-17 12:00,1781712000000,33.97,856,26844.16,43,2178.24,8.1063,2207.32,8.2145,386.36,1.4378,55.92,2026-07-29T15:49:40.066Z
flip-only|COGT|2h|1784030400000|1784829600000,flip-only,COGT,NASDAQ:COGT,2h,Swing 2H,LONG,Swing Low,2026-07-14 08:00,1784030400000,37.7,Flip Short,2026-07-23 14:00,1784829600000,39.78,785,29594.5,41,1571.98,5.3064,1964.31,6.6308,571.24,1.9283,60.82,2026-07-29T15:49:40.066Z
flip-only|FRO|2h|1753178400000|1753279200000,flip-only,FRO,NYSE:FRO,2h,Swing 2H,LONG,Swing Low,2025-07-22 06:00,1753178400000,18.1,Flip Short,2025-07-23 10:00,1753279200000,18.87,525,9502.5,9,384.84,4.0458,452.5,4.7571,35.75,0.3759,19.41,2026-07-29T15:49:43.482Z
flip-only|FRO|2h|1754935200000|1755770400000,flip-only,FRO,NYSE:FRO,2h,Swing 2H,LONG,Swing Low,2025-08-11 14:00,1754935200000,18.35,Flip Short,2025-08-21 06:00,1755770400000,19.55,537,9853.95,50,624.05,6.3266,634.55,6.4331,20.59,0.2088,20.35,2026-07-29T15:49:43.482Z
flip-only|FRO|2h|1758816000000|1760630400000,flip-only,FRO,NYSE:FRO,2h,Swing 2H,LONG,Swing Low,2025-09-25 12:00,1758816000000,22.92,Flip Short,2025-10-16 12:00,1760630400000,23.58,456,10451.52,103,279.76,2.674,527.63,5.0433,753.73,7.2045,21.2,2026-07-29T15:49:43.482Z
flip-only|FRO|2h|1762268400000|1762959600000,flip-only,FRO,NYSE:FRO,2h,Swing 2H,LONG,Swing Low,2025-11-04 10:00,1762268400000,23.31,Flip Short,2025-11-12 10:00,1762959600000,24.66,460,10722.6,40,598.93,5.5801,619.48,5.7715,153.32,1.4285,22.07,2026-07-29T15:49:43.482Z
flip-only|FRO|2h|1763996400000|1767790800000,flip-only,FRO,NYSE:FRO,2h,Swing 2H,LONG,Swing Low,2025-11-24 10:00,1763996400000,24.52,Flip Short,2026-01-07 08:00,1767790800000,22.66,459,11254.68,194,-875.4,-7.7703,360.54,3.2002,1870.2,16.6005,21.66,2026-07-29T15:49:43.482Z
flip-only|FRO|2h|1769115600000|1769209200000,flip-only,FRO,NYSE:FRO,2h,Swing 2H,LONG,Swing Low,2026-01-22 16:00,1769115600000,25.3,Flip Short,2026-01-23 18:00,1769209200000,26.66,412,10423.6,8,538.91,5.165,768.26,7.363,39.26,0.3763,21.41,2026-07-29T15:49:43.482Z
flip-only|FRO|2h|1772708400000|1774008000000,flip-only,FRO,NYSE:FRO,2h,Swing 2H,LONG,Swing Low,2026-03-05 06:00,1772708400000,34.99,Flip Short,2026-03-20 08:00,1774008000000,33,313,10951.87,87,-644.15,-5.8758,417.86,3.8116,1813.83,16.5453,21.28,2026-07-29T15:49:43.482Z
flip-only|FRO|2h|1775836800000|1776434400000,flip-only,FRO,NYSE:FRO,2h,Swing 2H,LONG,Swing Low,2026-04-10 12:00,1775836800000,33.78,Flip Short,2026-04-17 10:00,1776434400000,36.31,306,10336.68,37,752.73,7.2749,999.46,9.6594,34.82,0.3365,21.45,2026-07-29T15:49:43.482Z
flip-only|FRO|2h|1776873600000|1777557600000,flip-only,FRO,NYSE:FRO,2h,Swing 2H,LONG,Swing Low,2026-04-22 12:00,1776873600000,33.67,Flip Short,2026-04-30 10:00,1777557600000,36.35,328,11043.76,44,856.07,7.7439,1035.28,9.3649,11.04,0.0999,22.97,2026-07-29T15:49:43.482Z
flip-only|FRO|2h|1778695200000|1779372000000,flip-only,FRO,NYSE:FRO,2h,Swing 2H,LONG,Swing Low,2026-05-13 14:00,1778695200000,36.62,Flip Short,2026-05-21 10:00,1779372000000,39.48,324,11864.88,43,901.98,7.5945,943.94,7.9478,177.1,1.4912,24.66,2026-07-29T15:49:43.482Z
flip-only|FRO|2h|1779789600000|1780927200000,flip-only,FRO,NYSE:FRO,2h,Swing 2H,LONG,Swing Low,2026-05-26 06:00,1779789600000,36.25,Flip Short,2026-06-08 10:00,1780927200000,35.04,350,12687.5,72,-448.45,-3.5311,235.81,1.8568,996.19,7.8439,24.95,2026-07-29T15:49:43.482Z
flip-only|FRO|2h|1782489600000|1783519200000,flip-only,FRO,NYSE:FRO,2h,Swing 2H,LONG,Swing Low,2026-06-26 12:00,1782489600000,36.49,Flip Short,2026-07-08 10:00,1783519200000,38.04,337,12297.13,52,497.23,4.0395,540.38,4.39,871.65,7.0811,25.12,2026-07-29T15:49:43.482Z
flip-only|FRO|2h|1784296800000|1784822400000,flip-only,FRO,NYSE:FRO,2h,Swing 2H,LONG,Swing Low,2026-07-17 10:00,1784296800000,35.9,Flip Short,2026-07-23 12:00,1784822400000,38.69,356,12780.4,31,966.69,7.5563,1115.74,8.7214,55.5,0.4338,26.55,2026-07-29T15:49:43.482Z
flip-only|FIVE|2h|1753884000000|1755079200000,flip-only,FIVE,NASDAQ:FIVE,2h,Swing 2H,LONG,Swing Low,2025-07-30 10:00,1753884000000,136.45,Flip Short,2025-08-13 06:00,1755079200000,139.3,69,9415.05,56,177.62,1.8847,240.36,2.5504,439.29,4.6611,19.03,2026-07-29T15:49:46.799Z
flip-only|FIVE|2h|1757433600000|1758211200000,flip-only,FIVE,NASDAQ:FIVE,2h,Swing 2H,LONG,Swing Low,2025-09-09 12:00,1757433600000,141.69,Flip Short,2025-09-18 12:00,1758211200000,153.32,68,9634.92,45,770.78,7.9919,794.81,8.241,235.39,2.4407,20.06,2026-07-29T15:49:46.799Z
flip-only|FIVE|2h|1759845600000|1760961600000,flip-only,FIVE,NASDAQ:FIVE,2h,Swing 2H,LONG,Swing Low,2025-10-07 10:00,1759845600000,148.67,Flip Short,2025-10-20 08:00,1760961600000,156,69,10258.23,49,484.75,4.7207,496.2,4.8323,1081.83,10.5354,21.02,2026-07-29T15:49:46.799Z
flip-only|FIVE|2h|1762362000000|1763751600000,flip-only,FIVE,NASDAQ:FIVE,2h,Swing 2H,LONG,Swing Low,2025-11-05 12:00,1762362000000,158.98,Flip Short,2025-11-21 14:00,1763751600000,155.32,68,10810.64,61,-270.25,-2.4974,193.19,1.7852,1041.69,9.6262,21.37,2026-07-29T15:49:46.799Z
flip-only|FIVE|2h|1768906800000|1770116400000,flip-only,FIVE,NASDAQ:FIVE,2h,Swing 2H,LONG,Swing Low,2026-01-20 06:00,1768906800000,195.43,Flip Short,2026-02-03 06:00,1770116400000,197.5,54,10553.22,63,90.56,0.8573,369.07,3.4937,640.19,6.0603,21.22,2026-07-29T15:49:46.799Z
flip-only|FIVE|2h|1773064800000|1773871200000,flip-only,FIVE,NASDAQ:FIVE,2h,Swing 2H,LONG,Swing Low,2026-03-09 10:00,1773064800000,210.48,Flip Short,2026-03-18 18:00,1773871200000,226.49,50,10524,45,778.65,7.3914,965.48,9.1649,110.52,1.0492,21.85,2026-07-29T15:49:46.799Z
flip-only|FIVE|2h|1774958400000|1775052000000,flip-only,FIVE,NASDAQ:FIVE,2h,Swing 2H,LONG,Swing Low,2026-03-31 08:00,1774958400000,223.69,Flip Short,2026-04-01 10:00,1775052000000,236.32,51,11408.19,8,620.67,5.4351,642.92,5.63,59.35,0.5197,23.46,2026-07-29T15:49:46.799Z
flip-only|FIVE|2h|1775750400000|1776463200000,flip-only,FIVE,NASDAQ:FIVE,2h,Swing 2H,LONG,Swing Low,2026-04-09 12:00,1775750400000,221.03,Flip Short,2026-04-17 18:00,1776463200000,236.65,54,11935.62,39,818.77,6.853,872.58,7.3035,435.84,3.6479,24.71,2026-07-29T15:49:46.799Z
flip-only|FIVE|2h|1777492800000|1778162400000,flip-only,FIVE,NASDAQ:FIVE,2h,Swing 2H,LONG,Swing Low,2026-04-29 16:00,1777492800000,226.01,Flip Short,2026-05-07 10:00,1778162400000,227.28,56,12656.56,35,45.74,0.361,770.78,6.0839,12.66,0.0999,25.38,2026-07-29T15:49:46.799Z
flip-only|FIVE|2h|1778169600000|1779811200000,flip-only,FIVE,NASDAQ:FIVE,2h,Swing 2H,LONG,Swing Low,2026-05-07 12:00,1778169600000,226.01,Flip Short,2026-05-26 12:00,1779811200000,221.23,56,12656.56,67,-292.73,-2.3105,41.66,0.3289,1245.78,9.8331,25.05,2026-07-29T15:49:46.799Z
flip-only|FIVE|2h|1780524000000|1781517600000,flip-only,FIVE,NASDAQ:FIVE,2h,Swing 2H,LONG,Swing Low,2026-06-03 18:00,1780524000000,195.4,Flip Short,2026-06-15 06:00,1781517600000,196.99,63,12310.2,51,75.45,0.6123,921.98,7.4821,826.27,6.7054,24.72,2026-07-29T15:49:46.799Z
flip-only|FIVE|2h|1782216000000|1783699200000,flip-only,FIVE,NASDAQ:FIVE,2h,Swing 2H,LONG,Swing Low,2026-06-23 08:00,1782216000000,188.81,Flip Short,2026-07-10 12:00,1783699200000,189.27,66,12461.46,73,5.41,0.0433,249.56,2.0006,1040.74,8.3433,24.95,2026-07-29T15:49:46.799Z
flip-only|ADM|2h|1752703200000|1753192800000,flip-only,ADM,NYSE:ADM,2h,Swing 2H,LONG,Swing Low,2025-07-16 18:00,1752703200000,50.76,Flip Short,2025-07-22 10:00,1753192800000,55.09,186,9441.36,25,785.69,8.3135,818.26,8.6581,95,1.0052,19.69,2026-07-29T15:49:50.031Z
flip-only|ADM|2h|1754049600000|1754402400000,flip-only,ADM,NYSE:ADM,2h,Swing 2H,LONG,Swing Low,2025-08-01 08:00,1754049600000,53.83,Flip Short,2025-08-05 10:00,1754402400000,56.48,190,10227.7,15,482.54,4.7133,673.77,6.5811,173.63,1.6959,20.96,2026-07-29T15:49:50.031Z
flip-only|ADM|2h|1757520000000|1759752000000,flip-only,ADM,NYSE:ADM,2h,Swing 2H,LONG,Swing Low,2025-09-10 12:00,1757520000000,61.21,Flip Short,2025-10-06 08:00,1759752000000,60.88,174,10650.54,121,-78.66,-0.7379,286.89,2.691,532.65,4.9962,21.24,2026-07-29T15:49:50.031Z
flip-only|ADM|2h|1760450400000|1760515200000,flip-only,ADM,NYSE:ADM,2h,Swing 2H,LONG,Swing Low,2025-10-14 10:00,1760450400000,59.48,Flip Short,2025-10-15 04:00,1760515200000,64.22,178,10587.44,5,821.7,7.7533,833.13,7.8612,110.27,1.0405,22.02,2026-07-29T15:49:50.031Z
flip-only|ADM|2h|1761732000000|1763132400000,flip-only,ADM,NYSE:ADM,2h,Swing 2H,LONG,Swing Low,2025-10-29 06:00,1761732000000,61.37,Flip Short,2025-11-14 10:00,1763132400000,58.66,186,11414.82,89,-526.39,-4.6068,83.45,0.7303,1558.93,13.6435,22.33,2026-07-29T15:49:50.031Z
flip-only|ADM|2h|1764860400000|1767373200000,flip-only,ADM,NYSE:ADM,2h,Swing 2H,LONG,Swing Low,2025-12-04 10:00,1764860400000,58.63,Flip Short,2026-01-02 12:00,1767373200000,58.9,186,10905.18,127,28.36,0.2598,351.79,3.2227,278.75,2.5535,21.86,2026-07-29T15:49:50.031Z
flip-only|ADM|2h|1769770800000|1770735600000,flip-only,ADM,NYSE:ADM,2h,Swing 2H,LONG,Swing Low,2026-01-30 06:00,1769770800000,66.71,Flip Short,2026-02-10 10:00,1770735600000,67.64,165,11007.15,53,131.28,1.1915,267.84,2.4309,953.16,8.6508,22.17,2026-07-29T15:49:50.031Z
flip-only|ADM|2h|1772031600000|1772449200000,flip-only,ADM,NYSE:ADM,2h,Swing 2H,LONG,Swing Low,2026-02-25 10:00,1772031600000,66.3,Flip Short,2026-03-02 06:00,1772449200000,69.37,166,11005.8,19,487.1,4.4214,536.79,4.8725,77.41,0.7026,22.52,2026-07-29T15:49:50.031Z
flip-only|ADM|2h|1772809200000|1773237600000,flip-only,ADM,NYSE:ADM,2h,Swing 2H,LONG,Swing Low,2026-03-06 10:00,1772809200000,65.7,Flip Short,2026-03-11 10:00,1773237600000,69.86,175,11497.5,24,704.28,6.1194,840.75,7.3052,44.75,0.3888,23.72,2026-07-29T15:49:50.031Z
flip-only|ADM|2h|1773928800000|1774540800000,flip-only,ADM,NYSE:ADM,2h,Swing 2H,LONG,Swing Low,2026-03-19 10:00,1773928800000,68.85,Flip Short,2026-03-26 12:00,1774540800000,73.3,176,12117.6,37,758.18,6.2506,774.6,6.386,673.88,5.5556,25.02,2026-07-29T15:49:50.031Z
flip-only|ADM|2h|1775556000000|1776866400000,flip-only,ADM,NYSE:ADM,2h,Swing 2H,LONG,Swing Low,2026-04-07 06:00,1775556000000,73.5,Flip Short,2026-04-22 10:00,1776866400000,69.85,175,12862.5,85,-663.84,-5.1559,18.64,0.1448,1311.36,10.1851,25.09,2026-07-29T15:49:50.031Z
flip-only|ADM|2h|1779271200000|1780329600000,flip-only,ADM,NYSE:ADM,2h,Swing 2H,LONG,Swing Low,2026-05-20 06:00,1779271200000,78.51,Flip Short,2026-06-01 12:00,1780329600000,82.09,157,12326.07,54,536.85,4.351,664.34,5.3844,257.25,2.0849,25.21,2026-07-29T15:49:50.031Z
flip-only|ADM|2h|1781020800000|1783360800000,flip-only,ADM,NYSE:ADM,2h,Swing 2H,LONG,Swing Low,2026-06-09 12:00,1781020800000,79.12,Flip Short,2026-07-06 14:00,1783360800000,77.73,161,12738.32,124,-249.04,-1.9531,536.27,4.2057,1218.63,9.5571,25.25,2026-07-29T15:49:50.031Z
flip-only|HINDZINC|2h|1780464600000|1785389400000,flip-only,HINDZINC,NSE:HINDZINC,2h,Swing 2H,LONG,Swing Low,2026-06-03 01:30,1780464600000,613.7,Flip Short,2026-07-30 01:30,1785389400000,535.3,19,11660.3,160,-1511.43,-12.9492,10.19,0.0873,1887.91,16.1747,21.83,2026-07-30T15:14:42.827Z
flip-only|NWSA|2h|1784901600000|1785355200000,flip-only,NWSA,NASDAQ:NWSA,2h,Swing 2H,LONG,Swing Low,2026-07-24 10:00,1784901600000,26.62,Flip Short,2026-07-29 16:00,1785355200000,28.76,449,11952.38,16,935.99,7.8232,1083.61,9.057,61.34,0.5127,24.87,2026-07-30T15:15:12.540Z
flip-only|BE|2h|1782482400000|1785506400000,flip-only,BE,NYSE:BE,2h,Swing 2H,LONG,Swing Low,2026-06-26 10:00,1782482400000,281.44,Flip Short,2026-07-31 10:00,1785506400000,213.54,136,38275.84,192,-9301.72,-24.2775,9269.56,24.1936,16919.96,44.1612,67.32,2026-07-31T17:29:40.789Z
flip-only|GOOGL|2h|1784282400000|1785492000000,flip-only,GOOGL,NASDAQ:GOOGL,2h,Swing 2H,LONG,Swing Low,2026-07-17 06:00,1784282400000,349.25,Flip Short,2026-07-31 06:00,1785492000000,341.55,34,11874.5,80,-285.29,-2.4001,342.41,2.8807,1179.77,9.9254,23.49,2026-07-31T17:29:48.213Z
