trade_key,rule_type,ticker,symbol,timeframe,watchlist,side,entry_signal,entry_time_et,entry_time_ms,entry_price,exit_signal,exit_time_et,exit_time_ms,exit_price,qty,position_value,bars_held,pnl_usd,pnl_pct,mfe_usd,mfe_pct,mae_usd,mae_pct,commission,logged_at
flip-only|ASHR|1h|1761908400000|1762441200000,flip-only,ASHR,AMEX:ASHR,1h,Swing 1H,LONG,Swing Low,2025-10-31 07:00,1761908400000,33.06,Flip Short,2025-11-06 10:00,1762441200000,33.29,302,9984.12,49,49.42,0.4945,89.68,0.8973,230.44,2.3058,20.04,2026-07-25T00:18:59.927Z
flip-only|ASHR|1h|1763118000000|1764352800000,flip-only,ASHR,AMEX:ASHR,1h,Swing 1H,LONG,Swing Low,2025-11-14 06:00,1763118000000,32.86,Flip Short,2025-11-28 13:00,1764352800000,32.61,304,9989.44,86,-95.9,-0.9591,44.73,0.4473,450.79,4.5082,19.9,2026-07-25T00:18:59.927Z
flip-only|ASHR|1h|1765825200000|1766754000000,flip-only,ASHR,AMEX:ASHR,1h,Swing 1H,LONG,Swing Low,2025-12-15 14:00,1765825200000,32.86,Flip Short,2025-12-26 08:00,1766754000000,33.06,302,9923.72,72,40.49,0.4076,77.66,0.7818,203.2,2.0456,19.91,2026-07-25T00:18:59.927Z
flip-only|ASHR|1h|1768402800000|1769680800000,flip-only,ASHR,AMEX:ASHR,1h,Swing 1H,LONG,Swing Low,2026-01-14 10:00,1768402800000,33.63,Flip Short,2026-01-29 05:00,1769680800000,34.05,296,9954.48,105,104.29,1.0466,117.33,1.1774,80.99,0.8128,20.03,2026-07-25T00:18:59.927Z
flip-only|ASHR|1h|1769767200000|1770411600000,flip-only,ASHR,AMEX:ASHR,1h,Swing 1H,LONG,Swing Low,2026-01-30 05:00,1769767200000,33.5,Flip Short,2026-02-06 16:00,1770411600000,33.61,301,10083.5,61,12.91,0.1279,50.12,0.4965,190.68,1.8892,20.2,2026-07-25T00:18:59.927Z
flip-only|ASHR|1h|1770987600000|1771430400000,flip-only,ASHR,AMEX:ASHR,1h,Swing 1H,LONG,Swing Low,2026-02-13 08:00,1770987600000,33.51,Flip Short,2026-02-18 11:00,1771430400000,34.07,301,10086.51,26,148.22,1.468,167.5,1.659,13.1,0.1297,20.34,2026-07-25T00:18:59.927Z
flip-only|ASHR|1h|1773838800000|1775062800000,flip-only,ASHR,AMEX:ASHR,1h,Swing 1H,LONG,Swing Low,2026-03-18 09:00,1773838800000,33.3,Flip Short,2026-04-01 13:00,1775062800000,32.85,307,10223.1,111,-158.46,-1.5485,35.83,0.3501,516.77,5.0499,20.31,2026-07-25T00:18:59.927Z
flip-only|ASHR|1h|1775577600000|1775638800000,flip-only,ASHR,AMEX:ASHR,1h,Swing 1H,LONG,Swing Low,2026-04-07 12:00,1775577600000,32.08,Flip Short,2026-04-08 05:00,1775638800000,33.45,314,10073.12,8,409.6,4.0622,435.81,4.3221,10.07,0.0999,20.58,2026-07-25T00:18:59.927Z
flip-only|ASHR|1h|1778835600000|1779786000000,flip-only,ASHR,AMEX:ASHR,1h,Swing 1H,LONG,Swing Low,2026-05-15 05:00,1778835600000,35.5,Flip Short,2026-05-26 05:00,1779786000000,36.06,294,10437,66,143.6,1.3745,174.78,1.673,186.84,1.7884,21.04,2026-07-25T00:18:59.927Z
flip-only|ASHR|1h|1782309600000|1784815200000,flip-only,ASHR,AMEX:ASHR,1h,Swing 1H,LONG,Swing Low,2026-06-24 10:00,1782309600000,35.89,Flip Short,2026-07-23 10:00,1784815200000,34.87,296,10623.44,196,-322.86,-3.0361,294.26,2.7671,747.66,7.0308,20.94,2026-07-25T00:18:59.927Z
flip-only|EDC|1h|1763409600000|1764612000000,flip-only,EDC,AMEX:EDC,1h,Swing 1H,LONG,Swing Low,2025-11-17 15:00,1763409600000,51.73,Flip Short,2025-12-01 13:00,1764612000000,52.07,193,9983.89,75,45.59,0.4561,130.91,1.3099,986.56,9.8717,20.03,2026-07-25T00:19:06.516Z
flip-only|EDC|1h|1768939200000|1769090400000,flip-only,EDC,AMEX:EDC,1h,Swing 1H,LONG,Swing Low,2026-01-20 15:00,1768939200000,61.94,Flip Short,2026-01-22 09:00,1769090400000,66.44,162,10034.28,12,708.2,7.0508,718.97,7.1579,71.59,0.7128,20.8,2026-07-25T00:19:06.516Z
flip-only|EDC|1h|1769796000000|1770415200000,flip-only,EDC,AMEX:EDC,1h,Swing 1H,LONG,Swing Low,2026-01-30 13:00,1769796000000,66.95,Flip Short,2026-02-06 17:00,1770415200000,70.7,158,10578.1,51,570.75,5.3902,581.92,5.4957,476.68,4.5018,21.75,2026-07-25T00:19:06.516Z
flip-only|EDC|1h|1772445600000|1772445600000,flip-only,EDC,AMEX:EDC,1h,Swing 1H,LONG,Swing Low,2026-03-02 05:00,1772445600000,73.95,Margin call,2026-03-02 05:00,1772445600000,73.95,1,73.95,0,-0.15,-0.1998,0,0,0.07,0.0999,0.15,2026-07-25T00:19:06.516Z
flip-only|EDC|1h|1772445600000|1773165600000,flip-only,EDC,AMEX:EDC,1h,Swing 1H,LONG,Swing Low,2026-03-02 05:00,1772445600000,73.95,Flip Short,2026-03-10 14:00,1773165600000,67.14,152,11240.4,88,-1056.57,-9.3903,318.6,2.8316,2662.12,23.6598,21.45,2026-07-25T00:19:06.516Z
flip-only|EDC|1h|1773428400000|1773831600000,flip-only,EDC,AMEX:EDC,1h,Swing 1H,LONG,Swing Low,2026-03-13 15:00,1773428400000,58.07,Flip Short,2026-03-18 07:00,1773831600000,65.81,175,10162.25,25,1332.82,13.1023,1431.84,14.0757,122.16,1.2009,21.68,2026-07-25T00:19:06.516Z
flip-only|EDC|1h|1773925200000|1775062800000,flip-only,EDC,AMEX:EDC,1h,Swing 1H,LONG,Swing Low,2026-03-19 09:00,1773925200000,56.9,Flip Short,2026-04-01 13:00,1775062800000,58.9,202,11493.8,100,380.61,3.3081,782.37,6.8001,1506.29,13.0922,23.39,2026-07-25T00:19:06.516Z
flip-only|EDC|1h|1778598000000|1779436800000,flip-only,EDC,AMEX:EDC,1h,Swing 1H,LONG,Swing Low,2026-05-12 11:00,1778598000000,83,Flip Short,2026-05-22 04:00,1779436800000,82.6,143,11869,76,-80.88,-0.6808,1042.04,8.7707,1175.89,9.8973,23.68,2026-07-25T00:19:06.516Z
flip-only|LABU|1h|1770228000000|1771430400000,flip-only,LABU,AMEX:LABU,1h,Swing 1H,LONG,Swing Low,2026-02-04 13:00,1770228000000,161,Flip Short,2026-02-18 11:00,1771430400000,168.1,62,9982,134,419.8,4.2013,721.62,7.222,913.94,9.1468,20.4,2026-07-25T00:19:18.510Z
flip-only|LABU|1h|1772121600000|1773086400000,flip-only,LABU,AMEX:LABU,1h,Swing 1H,LONG,Swing Low,2026-02-26 11:00,1772121600000,169.1,Flip Short,2026-03-09 16:00,1773086400000,169,61,10315.1,112,-26.72,-0.2588,293.46,2.8422,1396.24,13.5223,20.62,2026-07-25T00:19:18.510Z
flip-only|LABU|1h|1773327600000|1774450800000,flip-only,LABU,AMEX:LABU,1h,Swing 1H,LONG,Swing Low,2026-03-12 11:00,1773327600000,151.18,Flip Short,2026-03-25 11:00,1774450800000,156.74,68,10280.24,140,357.14,3.4706,675.16,6.561,1113.92,10.8247,20.94,2026-07-25T00:19:18.510Z
flip-only|LABU|1h|1774857600000|1774965600000,flip-only,LABU,AMEX:LABU,1h,Swing 1H,LONG,Swing Low,2026-03-30 04:00,1774857600000,138.63,Flip Short,2026-03-31 10:00,1774965600000,162,77,10674.51,22,1776.34,16.6243,1804.22,16.8852,368.72,3.4508,23.15,2026-07-25T00:19:18.510Z
flip-only|LABU|1h|1776070800000|1776092400000,flip-only,LABU,AMEX:LABU,1h,Swing 1H,LONG,Swing Low,2026-04-13 05:00,1776070800000,168.69,Flip Short,2026-04-13 11:00,1776092400000,180.34,74,12483.06,6,836.27,6.6926,1475.66,11.8095,46.52,0.3723,25.83,2026-07-25T00:19:18.510Z
flip-only|LABU|1h|1776956400000|1777903200000,flip-only,LABU,AMEX:LABU,1h,Swing 1H,LONG,Swing Low,2026-04-23 11:00,1776956400000,200,Flip Short,2026-05-04 10:00,1777903200000,184.58,66,13200,110,-1043.1,-7.8944,0,0,2422.2,18.3317,25.38,2026-07-25T00:19:18.510Z
flip-only|LABU|1h|1778173200000|1779386400000,flip-only,LABU,AMEX:LABU,1h,Swing 1H,LONG,Swing Low,2026-05-07 13:00,1778173200000,179.74,Flip Short,2026-05-21 14:00,1779386400000,180.14,68,12222.32,151,2.73,0.0223,1630.66,13.3283,1980.82,16.1904,24.47,2026-07-25T00:19:18.510Z
flip-only|LABU|1h|1780326000000|1781272800000,flip-only,LABU,AMEX:LABU,1h,Swing 1H,LONG,Swing Low,2026-06-01 11:00,1780326000000,176.82,Flip Short,2026-06-12 10:00,1781272800000,180.5,69,12200.58,141,229.26,1.8773,669.52,5.4821,1466.03,12.0041,24.66,2026-07-25T00:19:18.510Z
flip-only|PILL|1h|1760104800000|1760979600000,flip-only,PILL,AMEX:PILL,1h,Swing 1H,LONG,Swing Low,2025-10-10 10:00,1760104800000,8,Flip Short,2025-10-20 13:00,1760979600000,8.47,1244,9952,73,564.19,5.6635,574.73,5.7692,743.91,7.4675,20.49,2026-07-25T00:19:23.800Z
flip-only|PILL|1h|1765900800000|1765900800000,flip-only,PILL,AMEX:PILL,1h,Swing 1H,LONG,Swing Low,2025-12-16 11:00,1765900800000,12.03,Margin call,2025-12-16 11:00,1765900800000,12.03,1,12.03,0,-0.02,-0.1998,0,0,0.01,0.0999,0.02,2026-07-25T00:19:23.800Z
flip-only|PILL|1h|1765900800000|1766426400000,flip-only,PILL,AMEX:PILL,1h,Swing 1H,LONG,Swing Low,2025-12-16 11:00,1765900800000,12.03,Flip Short,2025-12-22 13:00,1766426400000,12.97,877,10550.31,37,802.46,7.5984,813.83,7.7061,361.35,3.4216,21.92,2026-07-25T00:19:23.800Z
flip-only|PILL|1h|1767117600000|1767117600000,flip-only,PILL,AMEX:PILL,1h,Swing 1H,LONG,Swing Low,2025-12-30 13:00,1767117600000,12.51,Margin call,2025-12-30 13:00,1767117600000,12.51,1,12.51,0,-0.03,-0.1998,0,0,0.01,0.0999,0.03,2026-07-25T00:19:23.800Z
flip-only|PILL|1h|1767117600000|1767956400000,flip-only,PILL,AMEX:PILL,1h,Swing 1H,LONG,Swing Low,2025-12-30 13:00,1767117600000,12.51,Flip Short,2026-01-09 06:00,1767956400000,12.39,907,11346.57,72,-131.42,-1.1571,433.08,3.8131,1281.15,11.2798,22.58,2026-07-25T00:19:23.800Z
flip-only|PILL|1h|1768320000000|1769094000000,flip-only,PILL,AMEX:PILL,1h,Swing 1H,LONG,Swing Low,2026-01-13 11:00,1768320000000,11.45,Flip Short,2026-01-22 10:00,1769094000000,13.1,972,11129.4,58,1579.94,14.1819,1592.67,14.2962,186.09,1.6704,23.86,2026-07-25T00:19:23.800Z
flip-only|PILL|1h|1769619600000|1770051600000,flip-only,PILL,AMEX:PILL,1h,Swing 1H,LONG,Swing Low,2026-01-28 12:00,1769619600000,11.8,Flip Short,2026-02-02 12:00,1770051600000,12.36,1083,12779.4,30,580.31,4.5365,745.32,5.8264,640.92,5.0102,26.17,2026-07-25T00:19:23.800Z
flip-only|PILL|1h|1778515200000|1779800400000,flip-only,PILL,AMEX:PILL,1h,Swing 1H,LONG,Swing Low,2026-05-11 12:00,1778515200000,12.8,Flip Short,2026-05-26 09:00,1779800400000,12.19,1039,13299.2,87,-659.75,-4.9559,506.2,3.8024,2195.2,16.4898,25.96,2026-07-25T00:19:23.800Z
flip-only|PILL|1h|1780329600000|1781100000000,flip-only,PILL,AMEX:PILL,1h,Swing 1H,LONG,Swing Low,2026-06-01 12:00,1780329600000,11.84,Flip Short,2026-06-10 10:00,1781100000000,12.83,1069,12656.96,61,1031.94,8.145,1045.65,8.2532,1231.32,9.7187,26.37,2026-07-25T00:19:23.800Z
flip-only|SPXL|1h|1770915600000|1771441200000,flip-only,SPXL,AMEX:SPXL,1h,Swing 1H,LONG,Swing Low,2026-02-12 12:00,1770915600000,219.61,Flip Short,2026-02-18 14:00,1771441200000,221.24,45,9882.45,50,53.51,0.5409,162.47,1.6424,406.33,4.1075,19.84,2026-07-25T00:19:29.385Z
flip-only|SPXL|1h|1771866000000|1772031600000,flip-only,SPXL,AMEX:SPXL,1h,Swing 1H,LONG,Swing Low,2026-02-23 12:00,1771866000000,216.39,Flip Short,2026-02-25 10:00,1772031600000,225.12,46,9953.94,30,381.27,3.8265,415.09,4.1659,105.17,1.0556,20.31,2026-07-25T00:19:29.385Z
flip-only|SPXL|1h|1772445600000|1772445600000,flip-only,SPXL,AMEX:SPXL,1h,Swing 1H,LONG,Swing Low,2026-03-02 05:00,1772445600000,212.78,Margin call,2026-03-02 05:00,1772445600000,212.78,1,212.78,0,-0.43,-0.1998,0,0,0.21,0.0999,0.43,2026-07-25T00:19:29.385Z
flip-only|SPXL|1h|1772445600000|1773165600000,flip-only,SPXL,AMEX:SPXL,1h,Swing 1H,LONG,Swing Low,2026-03-02 05:00,1772445600000,212.78,Flip Short,2026-03-10 14:00,1773165600000,214.98,48,10213.44,105,85.07,0.8321,432.35,4.2289,800.77,7.8326,20.53,2026-07-25T00:19:29.385Z
flip-only|SPXL|1h|1773345600000|1773756000000,flip-only,SPXL,AMEX:SPXL,1h,Swing 1H,LONG,Swing Low,2026-03-12 16:00,1773345600000,199.92,Flip Short,2026-03-17 10:00,1773756000000,206.6,52,10395.84,42,326.22,3.1349,366.08,3.5179,243.88,2.3436,21.14,2026-07-25T00:19:29.385Z
flip-only|SPXL|1h|1773864000000|1775030400000,flip-only,SPXL,AMEX:SPXL,1h,Swing 1H,LONG,Swing Low,2026-03-18 16:00,1773864000000,195.46,Flip Short,2026-04-01 04:00,1775030400000,187.49,55,10750.3,148,-459.41,-4.2692,282.95,2.6294,1517.75,14.1041,21.06,2026-07-25T00:19:29.385Z
flip-only|SPXL|1h|1776967200000|1777032000000,flip-only,SPXL,AMEX:SPXL,1h,Swing 1H,LONG,Swing Low,2026-04-23 14:00,1776967200000,235.19,Flip Short,2026-04-24 08:00,1777032000000,239.86,44,10348.36,10,184.58,1.7819,267.29,2.5804,31.03,0.2995,20.9,2026-07-25T00:19:29.385Z
flip-only|SPXL|1h|1777478400000|1777572000000,flip-only,SPXL,AMEX:SPXL,1h,Swing 1H,LONG,Swing Low,2026-04-29 12:00,1777478400000,237.89,Flip Short,2026-04-30 14:00,1777572000000,245.11,44,10467.16,18,296.43,2.8292,307.21,2.9321,102.87,0.9818,21.25,2026-07-25T00:19:29.385Z
flip-only|SPXL|1h|1779094800000|1779354000000,flip-only,SPXL,AMEX:SPXL,1h,Swing 1H,LONG,Swing Low,2026-05-18 05:00,1779094800000,265,Flip Short,2026-05-21 05:00,1779354000000,269.35,40,10600,48,152.63,1.4384,213.8,2.015,277.8,2.6181,21.37,2026-07-25T00:19:29.385Z
flip-only|SPXL|1h|1780495200000|1781514000000,flip-only,SPXL,AMEX:SPXL,1h,Swing 1H,LONG,Swing Low,2026-06-03 10:00,1780495200000,283.75,Flip Short,2026-06-15 05:00,1781514000000,276.57,38,10782.5,123,-294.13,-2.7251,88.78,0.8225,1472.26,13.6405,21.29,2026-07-25T00:19:29.385Z
flip-only|SPXL|1h|1781726400000|1782756000000,flip-only,SPXL,AMEX:SPXL,1h,Swing 1H,LONG,Swing Low,2026-06-17 16:00,1781726400000,264.94,Flip Short,2026-06-29 14:00,1782756000000,264.48,40,10597.6,110,-39.58,-0.3731,451.8,4.259,593.8,5.5975,21.18,2026-07-25T00:19:29.385Z
flip-only|SPXL|1h|1783501200000|1783688400000,flip-only,SPXL,AMEX:SPXL,1h,Swing 1H,LONG,Swing Low,2026-07-08 05:00,1783501200000,264.03,Flip Short,2026-07-10 09:00,1783688400000,275.55,40,10561.2,36,439.22,4.1546,479.84,4.5389,68.96,0.6523,21.58,2026-07-25T00:19:29.385Z
flip-only|SPXL|1h|1784278800000|1784732400000,flip-only,SPXL,AMEX:SPXL,1h,Swing 1H,LONG,Swing Low,2026-07-17 05:00,1784278800000,265.92,Flip Short,2026-07-22 11:00,1784732400000,270.58,41,10902.72,54,169.06,1.5491,242.07,2.218,127.75,1.1706,22,2026-07-25T00:19:29.385Z
flip-only|TQQQ|1h|1770915600000|1771437600000,flip-only,TQQQ,NASDAQ:TQQQ,1h,Swing 1H,LONG,Swing Low,2026-02-12 12:00,1770915600000,48.95,Flip Short,2026-02-18 13:00,1771437600000,50.19,204,9985.8,49,232.74,2.3283,277.65,2.7777,526.11,5.2633,20.22,2026-07-25T00:19:34.485Z
flip-only|TQQQ|1h|1771866000000|1772024400000,flip-only,TQQQ,NASDAQ:TQQQ,1h,Swing 1H,LONG,Swing Low,2026-02-23 12:00,1771866000000,48.05,Flip Short,2026-02-25 08:00,1772024400000,50.41,212,10186.6,28,479.45,4.7019,504.97,4.9523,80.15,0.786,20.87,2026-07-25T00:19:34.485Z
flip-only|TQQQ|1h|1772445600000|1772445600000,flip-only,TQQQ,NASDAQ:TQQQ,1h,Swing 1H,LONG,Swing Low,2026-03-02 05:00,1772445600000,47.36,Margin call,2026-03-02 05:00,1772445600000,47.36,1,47.36,0,-0.09,-0.1998,0,0,0.05,0.0999,0.09,2026-07-25T00:19:34.485Z
flip-only|TQQQ|1h|1772445600000|1772640000000,flip-only,TQQQ,NASDAQ:TQQQ,1h,Swing 1H,LONG,Swing Low,2026-03-02 05:00,1772445600000,47.36,Flip Short,2026-03-04 11:00,1772640000000,50.26,225,10656,38,630.54,5.9113,664.34,6.2282,379.66,3.5593,21.96,2026-07-25T00:19:34.485Z
flip-only|TQQQ|1h|1772830800000|1773165600000,flip-only,TQQQ,NASDAQ:TQQQ,1h,Swing 1H,LONG,Swing Low,2026-03-06 16:00,1772830800000,47.54,Flip Short,2026-03-10 14:00,1773165600000,50.47,238,11314.52,30,674.01,5.9511,750.29,6.6245,601.55,5.3113,23.33,2026-07-25T00:19:34.485Z
flip-only|TQQQ|1h|1773345600000|1773756000000,flip-only,TQQQ,NASDAQ:TQQQ,1h,Swing 1H,LONG,Swing Low,2026-03-12 16:00,1773345600000,46.81,Flip Short,2026-03-17 10:00,1773756000000,48.63,256,11983.36,42,441.49,3.6805,487.22,4.0617,321.74,2.6822,24.43,2026-07-25T00:19:34.485Z
flip-only|TQQQ|1h|1773910800000|1775030400000,flip-only,TQQQ,NASDAQ:TQQQ,1h,Swing 1H,LONG,Swing Low,2026-03-19 05:00,1773910800000,45.56,Flip Short,2026-04-01 04:00,1775030400000,42.58,273,12437.88,143,-837.6,-6.7276,263.29,2.1147,2261.96,18.1679,24.06,2026-07-25T00:19:34.485Z
flip-only|TQQQ|1h|1779102000000|1779354000000,flip-only,TQQQ,NASDAQ:TQQQ,1h,Swing 1H,LONG,Swing Low,2026-05-18 07:00,1779102000000,74.48,Flip Short,2026-05-21 05:00,1779354000000,76.4,155,11544.4,46,274.21,2.3729,389.91,3.3741,555.59,4.8079,23.39,2026-07-25T00:19:34.485Z
flip-only|TQQQ|1h|1780567200000|1781280000000,flip-only,TQQQ,NASDAQ:TQQQ,1h,Swing 1H,LONG,Swing Low,2026-06-04 06:00,1780567200000,84.03,Flip Short,2026-06-12 12:00,1781280000000,75.91,141,11848.23,102,-1167.47,-9.8437,299.76,2.5275,2442.69,20.5959,22.55,2026-07-25T00:19:34.485Z
flip-only|TQQQ|1h|1781726400000|1782140400000,flip-only,TQQQ,NASDAQ:TQQQ,1h,Swing 1H,LONG,Swing Low,2026-06-17 16:00,1781726400000,77.54,Flip Short,2026-06-22 11:00,1782140400000,82.5,138,10700.52,27,662.39,6.1841,1033.96,9.6531,12.08,0.1128,22.09,2026-07-25T00:19:34.485Z
flip-only|TQQQ|1h|1782205200000|1782828000000,flip-only,TQQQ,NASDAQ:TQQQ,1h,Swing 1H,LONG,Swing Low,2026-06-23 05:00,1782205200000,75.99,Flip Short,2026-06-30 10:00,1782828000000,79.67,149,11322.51,85,525.13,4.6333,544.45,4.8037,796.55,7.0281,23.19,2026-07-25T00:19:34.485Z
flip-only|TQQQ|1h|1783011600000|1783702800000,flip-only,TQQQ,NASDAQ:TQQQ,1h,Swing 1H,LONG,Swing Low,2026-07-02 13:00,1783011600000,72.73,Flip Short,2026-07-10 13:00,1783702800000,76.94,163,11854.99,80,661.83,5.5772,757.5,6.3834,680.15,5.7316,24.4,2026-07-25T00:19:34.485Z
flip-only|UDOW|1h|1770310800000|1770393600000,flip-only,UDOW,AMEX:UDOW,1h,Swing 1H,LONG,Swing Low,2026-02-05 12:00,1770310800000,61.11,Flip Short,2026-02-06 11:00,1770393600000,63.17,163,9960.93,15,315.52,3.1644,382.87,3.8399,329.44,3.304,20.26,2026-07-25T00:19:39.783Z
flip-only|UDOW|1h|1770915600000|1772118000000,flip-only,UDOW,AMEX:UDOW,1h,Swing 1H,LONG,Swing Low,2026-02-12 12:00,1770915600000,62.69,Flip Short,2026-02-26 10:00,1772118000000,62.59,164,10281.16,139,-36.95,-0.359,157,1.5255,574.44,5.5817,20.55,2026-07-25T00:19:39.783Z
flip-only|UDOW|1h|1772204400000|1773165600000,flip-only,UDOW,AMEX:UDOW,1h,Swing 1H,LONG,Swing Low,2026-02-27 10:00,1772204400000,58.97,Flip Short,2026-03-10 14:00,1773165600000,56.92,174,10260.78,116,-376.86,-3.6692,254.22,2.4751,1266.54,12.3312,20.16,2026-07-25T00:19:39.783Z
flip-only|UDOW|1h|1773345600000|1773756000000,flip-only,UDOW,AMEX:UDOW,1h,Swing 1H,LONG,Swing Low,2026-03-12 16:00,1773345600000,52.01,Flip Short,2026-03-17 10:00,1773756000000,54.09,190,9881.9,42,375.04,3.7914,451.82,4.5676,177.08,1.7902,20.16,2026-07-25T00:19:39.783Z
flip-only|UDOW|1h|1773856800000|1775034000000,flip-only,UDOW,AMEX:UDOW,1h,Swing 1H,LONG,Swing Low,2026-03-18 14:00,1773856800000,51.57,Flip Short,2026-04-01 05:00,1775034000000,51.03,199,10262.43,151,-127.88,-1.2448,146.95,1.4305,1084.86,10.5606,20.42,2026-07-25T00:19:39.783Z
flip-only|UDOW|1h|1776081600000|1776175200000,flip-only,UDOW,AMEX:UDOW,1h,Swing 1H,LONG,Swing Low,2026-04-13 08:00,1776081600000,53.55,Flip Short,2026-04-14 10:00,1776175200000,56.84,189,10120.95,18,600.95,5.9317,647.6,6.3922,15.79,0.1559,20.86,2026-07-25T00:19:39.783Z
flip-only|UDOW|1h|1776967200000|1777561200000,flip-only,UDOW,AMEX:UDOW,1h,Swing 1H,LONG,Swing Low,2026-04-23 14:00,1776967200000,59.48,Flip Short,2026-04-30 11:00,1777561200000,60.36,180,10706.4,76,136.83,1.2767,172.89,1.6132,370.71,3.459,21.57,2026-07-25T00:19:39.783Z
flip-only|UDOW|1h|1778508000000|1778749200000,flip-only,UDOW,AMEX:UDOW,1h,Swing 1H,LONG,Swing Low,2026-05-11 10:00,1778508000000,61.08,Flip Short,2026-05-14 05:00,1778749200000,61.88,178,10872.24,42,120.51,1.1073,131.53,1.2085,274.31,2.5205,21.89,2026-07-25T00:19:39.783Z
flip-only|UDOW|1h|1778878800000|1779292800000,flip-only,UDOW,AMEX:UDOW,1h,Swing 1H,LONG,Swing Low,2026-05-15 17:00,1778878800000,59.95,Flip Short,2026-05-20 12:00,1779292800000,61.51,183,10970.85,43,263.25,2.3972,329.41,2.9996,206.78,1.8829,22.23,2026-07-25T00:19:39.783Z
flip-only|UDOW|1h|1779976800000|1780063200000,flip-only,UDOW,AMEX:UDOW,1h,Swing 1H,LONG,Swing Low,2026-05-28 10:00,1779976800000,63.92,Flip Short,2026-05-29 10:00,1780063200000,65.11,176,11249.92,16,186.73,1.6582,242.19,2.1507,62.29,0.5531,22.71,2026-07-25T00:19:39.783Z
flip-only|UDOW|1h|1780516800000|1780581600000,flip-only,UDOW,AMEX:UDOW,1h,Swing 1H,LONG,Swing Low,2026-06-03 16:00,1780516800000,64.8,Flip Short,2026-06-04 10:00,1780581600000,67.56,176,11404.8,10,462.46,4.0509,481.4,4.2168,53.64,0.4699,23.3,2026-07-25T00:19:39.783Z
flip-only|UDOW|1h|1780693200000|1781276400000,flip-only,UDOW,AMEX:UDOW,1h,Swing 1H,LONG,Swing Low,2026-06-05 17:00,1780693200000,64.69,Flip Short,2026-06-12 11:00,1781276400000,66.74,184,11902.96,74,353.02,2.9628,368.98,3.0968,736.86,6.1844,24.18,2026-07-25T00:19:39.783Z
flip-only|UDOW|1h|1782205200000|1782313200000,flip-only,UDOW,AMEX:UDOW,1h,Swing 1H,LONG,Swing Low,2026-06-23 05:00,1782205200000,66.77,Flip Short,2026-06-24 11:00,1782313200000,69.31,183,12218.91,22,439.92,3.5967,459.92,3.7603,63.46,0.5188,24.9,2026-07-25T00:19:39.783Z
flip-only|UDOW|1h|1783504800000|1783951200000,flip-only,UDOW,AMEX:UDOW,1h,Swing 1H,LONG,Swing Low,2026-07-08 06:00,1783504800000,69.54,Flip Short,2026-07-13 10:00,1783951200000,71.99,182,12656.28,52,420.14,3.3163,445.98,3.5203,107.3,0.8469,25.76,2026-07-25T00:19:39.783Z
flip-only|UPRO|1h|1770915600000|1771441200000,flip-only,UPRO,AMEX:UPRO,1h,Swing 1H,LONG,Swing Low,2026-02-12 12:00,1770915600000,115.24,Flip Short,2026-02-18 14:00,1771441200000,116.09,86,9910.64,50,53.21,0.5363,158.65,1.5992,409.81,4.1309,19.89,2026-07-25T00:19:44.667Z
flip-only|UPRO|1h|1771866000000|1772031600000,flip-only,UPRO,AMEX:UPRO,1h,Swing 1H,LONG,Swing Low,2026-02-23 12:00,1771866000000,113.53,Flip Short,2026-02-25 10:00,1772031600000,118.12,88,9990.64,30,383.53,3.8351,418.57,4.1854,107.67,1.0766,20.39,2026-07-25T00:19:44.667Z
flip-only|UPRO|1h|1772445600000|1773165600000,flip-only,UPRO,AMEX:UPRO,1h,Swing 1H,LONG,Swing Low,2026-03-02 05:00,1772445600000,111.66,Flip Short,2026-03-10 14:00,1773165600000,112.78,93,10384.38,105,83.29,0.8012,437.88,4.2125,856.68,8.2415,20.87,2026-07-25T00:19:44.667Z
flip-only|UPRO|1h|1773345600000|1773756000000,flip-only,UPRO,AMEX:UPRO,1h,Swing 1H,LONG,Swing Low,2026-03-12 16:00,1773345600000,104.88,Flip Short,2026-03-17 10:00,1773756000000,108.42,100,10488,42,332.67,3.1687,369.51,3.5197,249.49,2.3764,21.33,2026-07-25T00:19:44.667Z
flip-only|UPRO|1h|1773864000000|1775030400000,flip-only,UPRO,AMEX:UPRO,1h,Swing 1H,LONG,Swing Low,2026-03-18 16:00,1773864000000,102.5,Flip Short,2026-04-01 04:00,1775030400000,98.04,105,10762.5,148,-489.36,-4.5423,275.89,2.5609,1516.46,14.0762,21.06,2026-07-25T00:19:44.667Z
flip-only|UPRO|1h|1776967200000|1777032000000,flip-only,UPRO,AMEX:UPRO,1h,Swing 1H,LONG,Swing Low,2026-04-23 14:00,1776967200000,123.28,Flip Short,2026-04-24 08:00,1777032000000,125.81,83,10232.24,10,189.32,1.8483,270.31,2.6391,29.32,0.2863,20.67,2026-07-25T00:19:44.667Z
flip-only|UPRO|1h|1777478400000|1777572000000,flip-only,UPRO,AMEX:UPRO,1h,Swing 1H,LONG,Swing Low,2026-04-29 12:00,1777478400000,124.78,Flip Short,2026-04-30 14:00,1777572000000,128.5,84,10481.52,18,291.2,2.7755,302,2.8784,107.92,1.0286,21.28,2026-07-25T00:19:44.667Z
flip-only|UPRO|1h|1779094800000|1779354000000,flip-only,UPRO,AMEX:UPRO,1h,Swing 1H,LONG,Swing Low,2026-05-18 05:00,1779094800000,138.87,Flip Short,2026-05-21 05:00,1779354000000,140.93,78,10831.86,48,138.86,1.2806,221.61,2.0438,281.49,2.5961,21.82,2026-07-25T00:19:44.667Z
flip-only|UPRO|1h|1780495200000|1781514000000,flip-only,UPRO,AMEX:UPRO,1h,Swing 1H,LONG,Swing Low,2026-06-03 10:00,1780495200000,149,Flip Short,2026-06-15 05:00,1781514000000,144.74,73,10877,123,-332.42,-3.0531,65.77,0.6041,1507.38,13.8445,21.44,2026-07-25T00:19:44.667Z
flip-only|UPRO|1h|1781726400000|1782756000000,flip-only,UPRO,AMEX:UPRO,1h,Swing 1H,LONG,Swing Low,2026-06-17 16:00,1781726400000,138.98,Flip Short,2026-06-29 14:00,1782756000000,138.46,76,10562.48,110,-60.61,-0.5732,431,4.0764,601.84,5.6922,21.09,2026-07-25T00:19:44.667Z
flip-only|UPRO|1h|1783501200000|1783688400000,flip-only,UPRO,AMEX:UPRO,1h,Swing 1H,LONG,Swing Low,2026-07-08 05:00,1783501200000,138,Flip Short,2026-07-10 09:00,1783688400000,144.34,76,10488,36,460.38,4.3852,494.15,4.7069,51.53,0.4908,21.46,2026-07-25T00:19:44.667Z
flip-only|UPRO|1h|1784278800000|1784732400000,flip-only,UPRO,AMEX:UPRO,1h,Swing 1H,LONG,Swing Low,2026-07-17 05:00,1784278800000,139.17,Flip Short,2026-07-22 11:00,1784732400000,141.65,79,10994.43,54,173.74,1.5786,244.18,2.2187,123.17,1.1192,22.18,2026-07-25T00:19:44.667Z
flip-only|URTY|1h|1768903200000|1769025600000,flip-only,URTY,AMEX:URTY,1h,Swing 1H,LONG,Swing Low,2026-01-20 05:00,1768903200000,62.02,Flip Short,2026-01-21 15:00,1769025600000,67.97,160,9923.2,25,931.2,9.3747,1001.28,10.0802,13.12,0.1321,20.8,2026-07-25T00:19:49.995Z
flip-only|URTY|1h|1769526000000|1770411600000,flip-only,URTY,AMEX:URTY,1h,Swing 1H,LONG,Swing Low,2026-01-27 10:00,1769526000000,63.91,Flip Short,2026-02-06 16:00,1770411600000,64.87,170,10864.7,126,141.31,1.2993,460.04,4.23,1092.06,10.0415,21.89,2026-07-25T00:19:49.995Z
flip-only|URTY|1h|1770915600000|1771603200000,flip-only,URTY,AMEX:URTY,1h,Swing 1H,LONG,Swing Low,2026-02-12 12:00,1770915600000,61.07,Flip Short,2026-02-20 11:00,1771603200000,64.25,181,11053.67,73,552.9,4.9969,897.57,8.112,213.77,1.932,22.68,2026-07-25T00:19:49.995Z
flip-only|URTY|1h|1771862400000|1772118000000,flip-only,URTY,AMEX:URTY,1h,Swing 1H,LONG,Swing Low,2026-02-23 11:00,1771862400000,60.39,Flip Short,2026-02-26 10:00,1772118000000,63.78,192,11594.88,45,627.04,5.4025,910.01,7.8405,176.71,1.5226,23.84,2026-07-25T00:19:49.995Z
flip-only|URTY|1h|1772204400000|1773756000000,flip-only,URTY,AMEX:URTY,1h,Swing 1H,LONG,Swing Low,2026-02-27 10:00,1772204400000,60.62,Flip Short,2026-03-17 10:00,1773756000000,54.57,201,12184.62,177,-1239.2,-10.1601,596.85,4.8935,2158.86,17.7002,23.15,2026-07-25T00:19:49.995Z
flip-only|URTY|1h|1773867600000|1773867600000,flip-only,URTY,AMEX:URTY,1h,Swing 1H,LONG,Swing Low,2026-03-18 17:00,1773867600000,50.98,Margin call,2026-03-18 17:00,1773867600000,50.98,1,50.98,0,-0.1,-0.1998,0,0,0.05,0.0999,0.1,2026-07-25T00:19:49.995Z
flip-only|URTY|1h|1773867600000|1774267200000,flip-only,URTY,AMEX:URTY,1h,Swing 1H,LONG,Swing Low,2026-03-18 17:00,1773867600000,50.98,Flip Short,2026-03-23 08:00,1774267200000,51.42,215,10960.7,39,72.58,0.6616,984.49,8.973,1021.46,9.31,22.02,2026-07-25T00:19:49.995Z
flip-only|URTY|1h|1774620000000|1775044800000,flip-only,URTY,AMEX:URTY,1h,Swing 1H,LONG,Swing Low,2026-03-27 10:00,1774620000000,49.65,Flip Short,2026-04-01 08:00,1775044800000,53.11,222,11022.3,43,745.31,6.7551,799.28,7.2442,821.32,7.444,22.81,2026-07-25T00:19:49.995Z
flip-only|URTY|1h|1776967200000|1777298400000,flip-only,URTY,AMEX:URTY,1h,Swing 1H,LONG,Swing Low,2026-04-23 14:00,1776967200000,69.21,Flip Short,2026-04-27 10:00,1777298400000,71.06,170,11765.7,19,290.65,2.4679,437.03,3.7108,67.87,0.5762,23.85,2026-07-25T00:19:49.995Z
flip-only|URTY|1h|1777478400000|1777582800000,flip-only,URTY,AMEX:URTY,1h,Swing 1H,LONG,Swing Low,2026-04-29 12:00,1777478400000,66.69,Flip Short,2026-04-30 17:00,1777582800000,71.53,181,12070.89,19,851.02,7.0432,949.04,7.8544,164.11,1.3582,25.02,2026-07-25T00:19:49.995Z
flip-only|URTY|1h|1778594400000|1779354000000,flip-only,URTY,AMEX:URTY,1h,Swing 1H,LONG,Swing Low,2026-05-12 10:00,1778594400000,73.29,Flip Short,2026-05-21 05:00,1779354000000,72.19,176,12899.04,94,-219.2,-1.6977,631.26,4.889,1429.7,11.0727,25.6,2026-07-25T00:19:49.995Z
flip-only|URTY|1h|1780322400000|1780599600000,flip-only,URTY,AMEX:URTY,1h,Swing 1H,LONG,Swing Low,2026-06-01 10:00,1780322400000,77.23,Flip Short,2026-06-04 15:00,1780599600000,81.65,164,12665.72,51,698.82,5.5119,726.97,5.734,99.59,0.7855,26.06,2026-07-25T00:19:49.995Z
flip-only|URTY|1h|1780668000000|1781208000000,flip-only,URTY,AMEX:URTY,1h,Swing 1H,LONG,Swing Low,2026-06-05 10:00,1780668000000,76.14,Flip Short,2026-06-11 16:00,1781208000000,79.21,176,13400.64,65,512.98,3.8242,611.4,4.5579,1206.68,8.9957,27.34,2026-07-25T00:19:49.995Z
flip-only|URTY|1h|1781726400000|1782136800000,flip-only,URTY,AMEX:URTY,1h,Swing 1H,LONG,Swing Low,2026-06-17 16:00,1781726400000,79.25,Flip Short,2026-06-22 10:00,1782136800000,86.64,176,13948,24,1271.44,9.1065,1341.25,9.6065,47.39,0.3394,29.2,2026-07-25T00:19:49.995Z
flip-only|URTY|1h|1783501200000|1784034000000,flip-only,URTY,AMEX:URTY,1h,Swing 1H,LONG,Swing Low,2026-07-08 05:00,1783501200000,79.86,Flip Short,2026-07-14 09:00,1784034000000,82.88,189,15093.54,61,540.02,3.5743,1107.57,7.3307,187.08,1.2383,30.76,2026-07-25T00:19:49.995Z
flip-only|FAS|1h|1770750000000|1772118000000,flip-only,FAS,AMEX:FAS,1h,Swing 1H,LONG,Swing Low,2026-02-10 14:00,1770750000000,151.09,Flip Short,2026-02-26 10:00,1772118000000,144.18,66,9971.94,165,-475.55,-4.7641,414.41,4.1516,1660.63,16.6364,19.49,2026-07-25T00:20:07.744Z
flip-only|FAS|1h|1772445600000|1772658000000,flip-only,FAS,AMEX:FAS,1h,Swing 1H,LONG,Swing Low,2026-03-02 05:00,1772445600000,129.3,Flip Short,2026-03-04 16:00,1772658000000,135,73,9438.9,43,396.81,4.1997,488.42,5.1694,394.88,4.1793,19.29,2026-07-25T00:20:07.744Z
flip-only|FAS|1h|1773910800000|1774267200000,flip-only,FAS,AMEX:FAS,1h,Swing 1H,LONG,Swing Low,2026-03-19 05:00,1773910800000,114.27,Flip Short,2026-03-23 08:00,1774267200000,121.86,86,9827.22,35,632.43,6.4291,998.95,10.155,193.01,1.962,20.31,2026-07-25T00:20:07.744Z
flip-only|FAS|1h|1774620000000|1775034000000,flip-only,FAS,AMEX:FAS,1h,Swing 1H,LONG,Swing Low,2026-03-27 10:00,1774620000000,111.16,Flip Short,2026-04-01 05:00,1775034000000,120.15,94,10449.04,43,823.32,7.8715,860.93,8.2311,410.89,3.9284,21.74,2026-07-25T00:20:07.744Z
flip-only|FAS|1h|1776078000000|1776110400000,flip-only,FAS,AMEX:FAS,1h,Swing 1H,LONG,Swing Low,2026-04-13 07:00,1776078000000,126.14,Flip Short,2026-04-13 16:00,1776110400000,134.38,90,11352.6,9,718.15,6.3196,771.65,6.7903,183.25,1.6126,23.45,2026-07-25T00:20:07.744Z
flip-only|FAS|1h|1776942000000|1777384800000,flip-only,FAS,AMEX:FAS,1h,Swing 1H,LONG,Swing Low,2026-04-23 07:00,1776942000000,137.95,Flip Short,2026-04-28 10:00,1777384800000,136.88,87,12001.65,49,-117,-0.9739,156.78,1.305,573.15,4.7708,23.91,2026-07-25T00:20:07.744Z
flip-only|FAS|1h|1777557600000|1777644000000,flip-only,FAS,AMEX:FAS,1h,Swing 1H,LONG,Swing Low,2026-04-30 10:00,1777557600000,135.1,Flip Short,2026-05-01 10:00,1777644000000,141.08,88,11888.8,15,501.94,4.2177,514.35,4.322,57.65,0.4844,24.3,2026-07-25T00:20:07.744Z
flip-only|FAS|1h|1778248800000|1779112800000,flip-only,FAS,AMEX:FAS,1h,Swing 1H,LONG,Swing Low,2026-05-08 10:00,1778248800000,130.96,Flip Short,2026-05-18 10:00,1779112800000,133.6,95,12441.2,93,225.67,1.8121,264.96,2.1276,388.64,3.1207,25.13,2026-07-25T00:20:07.744Z
flip-only|FAS|1h|1779285600000|1779390000000,flip-only,FAS,AMEX:FAS,1h,Swing 1H,LONG,Swing Low,2026-05-20 10:00,1779285600000,129.38,Flip Short,2026-05-21 15:00,1779390000000,133.16,97,12549.86,20,341.19,2.716,454.99,3.6218,97.91,0.7794,25.47,2026-07-25T00:20:07.744Z
flip-only|FAS|1h|1779901200000|1780581600000,flip-only,FAS,AMEX:FAS,1h,Swing 1H,LONG,Swing Low,2026-05-27 13:00,1779901200000,130.38,Flip Short,2026-06-04 10:00,1780581600000,134.88,99,12907.62,84,419.24,3.2448,444.47,3.44,659.38,5.1033,26.26,2026-07-25T00:20:07.744Z
flip-only|FAS|1h|1781812800000|1782396000000,flip-only,FAS,AMEX:FAS,1h,Swing 1H,LONG,Swing Low,2026-06-18 16:00,1781812800000,146.67,Flip Short,2026-06-25 10:00,1782396000000,151.58,91,13346.97,50,419.67,3.1412,471.68,3.5305,100.71,0.7538,27.14,2026-07-25T00:20:07.744Z
flip-only|FAS|1h|1782417600000|1782918000000,flip-only,FAS,AMEX:FAS,1h,Swing 1H,LONG,Swing Low,2026-06-25 16:00,1782417600000,146.2,Flip Short,2026-07-01 11:00,1782918000000,155.17,94,13742.8,47,814.85,5.9234,860.46,6.2549,210.2,1.528,28.33,2026-07-25T00:20:07.744Z
flip-only|FAS|1h|1783522800000|1783951200000,flip-only,FAS,AMEX:FAS,1h,Swing 1H,LONG,Swing Low,2026-07-08 11:00,1783522800000,158.7,Flip Short,2026-07-13 10:00,1783951200000,166.75,92,14600.4,41,710.66,4.8625,841,5.7544,106.6,0.7294,29.94,2026-07-25T00:20:07.744Z
flip-only|FAS|1h|1784556000000|1784908800000,flip-only,FAS,AMEX:FAS,1h,Swing 1H,LONG,Swing Low,2026-07-20 10:00,1784556000000,167.29,Flip Short,2026-07-24 12:00,1784908800000,167.93,92,15390.68,52,28.04,0.182,156.65,1.0168,556.35,3.6112,30.84,2026-07-25T00:20:07.744Z
flip-only|DUSL|1h|1753887600000|1755082800000,flip-only,DUSL,AMEX:DUSL,1h,Swing 1H,LONG,Swing Low,2025-07-30 11:00,1753887600000,74.16,Flip Short,2025-08-13 07:00,1755082800000,73.15,134,9937.44,64,-155.08,-1.559,49.02,0.4928,796.52,8.0073,19.74,2026-07-25T00:20:12.844Z
flip-only|DUSL|1h|1756818000000|1757599200000,flip-only,DUSL,AMEX:DUSL,1h,Swing 1H,LONG,Swing Low,2025-09-02 09:00,1756818000000,69.57,Flip Short,2025-09-11 10:00,1757599200000,73.15,139,9670.23,64,477.78,4.9358,487.95,5.0409,172.3,1.78,19.84,2026-07-25T00:20:12.844Z
flip-only|DUSL|1h|1760032800000|1761058800000,flip-only,DUSL,AMEX:DUSL,1h,Swing 1H,LONG,Swing Low,2025-10-09 14:00,1760032800000,74.29,Flip Short,2025-10-21 11:00,1761058800000,76.25,138,10252.02,67,249.71,2.4332,260.23,2.5358,974.87,9.4996,20.77,2026-07-25T00:20:12.844Z
flip-only|DUSL|1h|1762182000000|1764180000000,flip-only,DUSL,AMEX:DUSL,1h,Swing 1H,LONG,Swing Low,2025-11-03 10:00,1762182000000,73.5,Flip Short,2025-11-26 13:00,1764180000000,72.43,142,10437,114,-172.66,-1.6527,323.26,3.0942,1274.24,12.1966,20.72,2026-07-25T00:20:12.844Z
flip-only|DUSL|1h|1767362400000|1767398400000,flip-only,DUSL,AMEX:DUSL,1h,Swing 1H,LONG,Swing Low,2026-01-02 09:00,1767362400000,67.58,Flip Short,2026-01-02 19:00,1767398400000,71.78,153,10339.74,6,621.28,6.0026,632.26,6.1087,19.52,0.1886,21.32,2026-07-25T00:20:12.844Z
flip-only|DUSL|1h|1769641200000|1770048000000,flip-only,DUSL,AMEX:DUSL,1h,Swing 1H,LONG,Swing Low,2026-01-28 18:00,1769641200000,77.65,Flip Short,2026-02-02 11:00,1770048000000,82.73,141,10948.65,16,693.67,6.3293,705.33,6.4357,18,0.1642,22.61,2026-07-25T00:20:12.844Z
flip-only|DUSL|1h|1777384800000|1777640400000,flip-only,DUSL,AMEX:DUSL,1h,Swing 1H,LONG,Swing Low,2026-04-28 10:00,1777384800000,84.1,Flip Short,2026-05-01 09:00,1777640400000,91.24,138,11605.8,15,961.12,8.2731,993.03,8.5478,342.81,2.9508,24.2,2026-07-25T00:20:12.844Z
flip-only|DUSL|1h|1778853600000|1778853600000,flip-only,DUSL,AMEX:DUSL,1h,Swing 1H,LONG,Swing Low,2026-05-15 10:00,1778853600000,85.59,Margin call,2026-05-15 10:00,1778853600000,85.59,1,85.59,0,-0.17,-0.1998,0,0,0.09,0.0999,0.17,2026-07-25T00:20:12.844Z
flip-only|DUSL|1h|1778853600000|1779886800000,flip-only,DUSL,AMEX:DUSL,1h,Swing 1H,LONG,Swing Low,2026-05-15 10:00,1778853600000,85.59,Flip Short,2026-05-27 09:00,1779886800000,87.29,147,12581.73,42,224.49,1.7824,773.87,6.1446,816.67,6.4844,25.41,2026-07-25T00:20:12.844Z
flip-only|DUSL|1h|1783436400000|1784818800000,flip-only,DUSL,AMEX:DUSL,1h,Swing 1H,LONG,Swing Low,2026-07-07 11:00,1783436400000,96.9,Flip Short,2026-07-23 11:00,1784818800000,97.9,132,12790.8,72,106.29,0.8301,348.89,2.7249,685.99,5.3578,25.71,2026-07-25T00:20:12.844Z
flip-only|BE|1h|1770224400000|1770822000000,flip-only,BE,NYSE:BE,1h,Swing 1H,LONG,Swing Low,2026-02-04 12:00,1770224400000,141.32,Flip Short,2026-02-11 10:00,1770822000000,147.31,70,9892.4,78,399.1,4.0303,1561.61,15.7702,685.39,6.9216,20.2,2026-07-25T00:20:17.704Z
flip-only|BE|1h|1770915600000|1771434000000,flip-only,BE,NYSE:BE,1h,Swing 1H,LONG,Swing Low,2026-02-12 12:00,1770915600000,140.51,Flip Short,2026-02-18 12:00,1771434000000,156.63,73,10257.23,48,1155.07,11.2498,1248.26,12.1574,703.76,6.8542,21.69,2026-07-25T00:20:17.704Z
flip-only|BE|1h|1772215200000|1773237600000,flip-only,BE,NYSE:BE,1h,Swing 1H,LONG,Swing Low,2026-02-27 13:00,1772215200000,155.23,Flip Short,2026-03-11 10:00,1773237600000,160.17,74,11487.02,125,342.22,2.9762,809.91,7.0436,1869.63,16.2597,23.34,2026-07-25T00:20:17.704Z
flip-only|BE|1h|1773432000000|1773824400000,flip-only,BE,NYSE:BE,1h,Swing 1H,LONG,Swing Low,2026-03-13 16:00,1773432000000,154.51,Flip Short,2026-03-18 05:00,1773824400000,163.58,76,11742.76,37,665.15,5.6586,689.74,5.8679,407.7,3.4685,24.17,2026-07-25T00:20:17.704Z
flip-only|BE|1h|1773928800000|1773950400000,flip-only,BE,NYSE:BE,1h,Swing 1H,LONG,Swing Low,2026-03-19 10:00,1773928800000,154.36,Flip Short,2026-03-19 16:00,1773950400000,166.76,81,12503.16,6,978.39,7.8173,1089.1,8.7019,46.52,0.3717,26.01,2026-07-25T00:20:17.704Z
flip-only|BE|1h|1776441600000|1776715200000,flip-only,BE,NYSE:BE,1h,Swing 1H,LONG,Swing Low,2026-04-17 12:00,1776441600000,202.01,Flip Short,2026-04-20 16:00,1776715200000,218.44,66,13332.66,20,1056.63,7.9172,1211.63,9.0786,112.99,0.8466,27.75,2026-07-25T00:20:17.704Z
flip-only|BE|1h|1777384800000|1777410000000,flip-only,BE,NYSE:BE,1h,Swing 1H,LONG,Swing Low,2026-04-28 10:00,1777384800000,231.49,Flip Short,2026-04-28 17:00,1777410000000,254.7,62,14352.38,7,1408.88,9.8065,1619.97,11.2758,968.53,6.7415,30.14,2026-07-25T00:20:17.704Z
flip-only|BE|1h|1778162400000|1778515200000,flip-only,BE,NYSE:BE,1h,Swing 1H,LONG,Swing Low,2026-05-07 10:00,1778162400000,274.86,Flip Short,2026-05-11 12:00,1778515200000,294.63,58,15941.88,34,1113.63,6.9786,1227.58,7.6926,1507.12,9.4444,33.03,2026-07-25T00:20:17.704Z
flip-only|BE|1h|1779094800000|1779292800000,flip-only,BE,NYSE:BE,1h,Swing 1H,LONG,Swing Low,2026-05-18 05:00,1779094800000,279.2,Flip Short,2026-05-20 12:00,1779292800000,292.43,61,17031.2,39,772.16,4.5293,821.72,4.82,2294.77,13.4605,34.87,2026-07-25T00:20:17.704Z
flip-only|BE|1h|1779958800000|1780477200000,flip-only,BE,NYSE:BE,1h,Swing 1H,LONG,Swing Low,2026-05-28 05:00,1779958800000,292.9,Flip Short,2026-06-03 05:00,1780477200000,302.9,61,17866.9,64,573.66,3.2075,814.78,4.5557,1523.35,8.5176,36.34,2026-07-25T00:20:17.704Z
flip-only|BE|1h|1780668000000|1781514000000,flip-only,BE,NYSE:BE,1h,Swing 1H,LONG,Swing Low,2026-06-05 10:00,1780668000000,268.85,Flip Short,2026-06-15 05:00,1781514000000,275.1,68,18281.8,91,388.01,2.1203,787.52,4.3034,3081.68,16.8397,36.99,2026-07-25T00:20:17.704Z
flip-only|BE|1h|1782417600000|1782853200000,flip-only,BE,NYSE:BE,1h,Swing 1H,LONG,Swing Low,2026-06-25 16:00,1782417600000,309.28,Flip Short,2026-06-30 17:00,1782853200000,337.5,60,18556.8,49,1654.39,8.9064,2417.44,13.0142,3698.96,19.9132,38.81,2026-07-25T00:20:17.704Z
flip-only|BE|1h|1783015200000|1784653200000,flip-only,BE,NYSE:BE,1h,Swing 1H,LONG,Swing Low,2026-07-02 14:00,1783015200000,258.4,Flip Short,2026-07-21 13:00,1784653200000,225.71,79,20413.6,191,-2620.75,-12.8255,3680.74,18.0128,5100.11,24.9589,38.24,2026-07-25T00:20:17.704Z
flip-only|TD|1h|1756389600000|1757430000000,flip-only,TD,TSX:TD,1h,Swing 1H,LONG,Swing Low,2025-08-28 10:00,1756389600000,101.67,Flip Short,2025-09-09 11:00,1757430000000,104.3,98,9963.66,57,237.55,2.3818,252.68,2.5334,172.64,1.731,20.19,2026-07-25T00:20:23.037Z
flip-only|TD|1h|1759165200000|1759176000000,flip-only,TD,TSX:TD,1h,Swing 1H,LONG,Swing Low,2025-09-29 13:00,1759165200000,109.48,Flip Short,2025-09-29 16:00,1759176000000,111.11,93,10181.64,3,131.08,1.2861,145.13,1.424,34.36,0.3371,20.51,2026-07-25T00:20:23.037Z
flip-only|TD|1h|1760108400000|1761148800000,flip-only,TD,TSX:TD,1h,Swing 1H,LONG,Swing Low,2025-10-10 11:00,1760108400000,110.44,Flip Short,2025-10-22 12:00,1761148800000,112.95,93,10270.92,57,212.65,2.0684,228.74,2.2248,97.69,0.9502,20.78,2026-07-25T00:20:23.037Z
flip-only|TD|1h|1762290000000|1762959600000,flip-only,TD,TSX:TD,1h,Swing 1H,LONG,Swing Low,2025-11-04 16:00,1762290000000,113.56,Flip Short,2025-11-12 10:00,1762959600000,115.34,93,10561.08,42,144.25,1.3645,173.58,1.6419,131.46,1.2435,21.29,2026-07-25T00:20:23.037Z
flip-only|TD|1h|1767970800000|1769443200000,flip-only,TD,TSX:TD,1h,Swing 1H,LONG,Swing Low,2026-01-09 10:00,1767970800000,129.9,Flip Short,2026-01-26 11:00,1769443200000,130.63,82,10651.8,89,38.5,0.361,145.97,1.369,164.81,1.5457,21.36,2026-07-25T00:20:23.037Z
flip-only|TD|1h|1769626800000|1770390000000,flip-only,TD,TSX:TD,1h,Swing 1H,LONG,Swing Low,2026-01-28 14:00,1769626800000,127.74,Flip Short,2026-02-06 10:00,1770390000000,131.34,84,10730.16,52,280.64,2.6128,294.19,2.739,119.93,1.1166,21.76,2026-07-25T00:20:23.037Z
flip-only|TD|1h|1770994800000|1771858800000,flip-only,TD,TSX:TD,1h,Swing 1H,LONG,Swing Low,2026-02-13 10:00,1770994800000,129.09,Flip Short,2026-02-23 10:00,1771858800000,132.5,85,10972.65,40,267.61,2.4365,375.78,3.4213,108.72,0.9899,22.24,2026-07-25T00:20:23.037Z
flip-only|TD|1h|1772809200000|1773756000000,flip-only,TD,TSX:TD,1h,Swing 1H,LONG,Swing Low,2026-03-06 10:00,1772809200000,129.71,Flip Short,2026-03-17 10:00,1773756000000,131.68,87,11284.77,56,148.65,1.3159,166.2,1.4713,257.49,2.2795,22.74,2026-07-25T00:20:23.037Z
flip-only|TD|1h|1774018800000|1775052000000,flip-only,TD,TSX:TD,1h,Swing 1H,LONG,Swing Low,2026-03-20 11:00,1774018800000,126.15,Flip Short,2026-04-01 10:00,1775052000000,131.11,90,11353.5,63,423.25,3.7242,461.15,4.0577,49.15,0.4325,23.15,2026-07-25T00:20:23.037Z
flip-only|TD|1h|1780329600000|1780585200000,flip-only,TD,TSX:TD,1h,Swing 1H,LONG,Swing Low,2026-06-01 12:00,1780329600000,153.65,Flip Short,2026-06-04 11:00,1780585200000,158.43,77,11831.05,23,344.03,2.905,360.08,3.0405,76.51,0.6461,24.03,2026-07-25T00:20:23.037Z
flip-only|TD|1h|1783015200000|1784041200000,flip-only,TD,TSX:TD,1h,Swing 1H,LONG,Swing Low,2026-07-02 14:00,1783015200000,168.56,Flip Short,2026-07-14 11:00,1784041200000,172.69,72,12136.32,61,272.79,2.2455,332.02,2.7331,169.82,1.3978,24.57,2026-07-25T00:20:23.037Z
flip-only|ASHR|1h|1772532000000|1773136800000,flip-only,ASHR,AMEX:ASHR,1h,Swing 1H,LONG,Swing Low,2026-03-03 05:00,1772532000000,33.43,Flip Short,2026-03-10 06:00,1773136800000,33.8,291,9728.13,55,88.11,0.9048,115.4,1.1851,259.99,2.6699,19.56,2026-07-27T19:19:19.539Z
flip-only|ASHR|1h|1780653600000|1781269200000,flip-only,ASHR,AMEX:ASHR,1h,Swing 1H,LONG,Swing Low,2026-06-05 06:00,1780653600000,35.61,Flip Short,2026-06-12 09:00,1781269200000,35.32,287,10220.07,54,-103.59,-1.0126,0,0,357.49,3.4944,20.36,2026-07-27T19:19:19.539Z
flip-only|EDC|1h|1761933600000|1762898400000,flip-only,EDC,AMEX:EDC,1h,Swing 1H,LONG,Swing Low,2025-10-31 14:00,1761933600000,54.99,Flip Short,2025-11-11 17:00,1762898400000,56,173,9513.27,61,155.53,1.6332,324.38,3.4063,701.51,7.3667,19.2,2026-07-27T19:19:22.701Z
flip-only|EDC|1h|1765558800000|1766512800000,flip-only,EDC,AMEX:EDC,1h,Swing 1H,LONG,Swing Low,2025-12-12 12:00,1765558800000,51.4,Flip Short,2025-12-23 13:00,1766512800000,53.1,189,9714.6,48,301.55,3.101,311.59,3.2042,503,5.1726,19.75,2026-07-27T19:19:22.701Z
flip-only|EDC|1h|1776967200000|1777287600000,flip-only,EDC,AMEX:EDC,1h,Swing 1H,LONG,Swing Low,2026-04-23 14:00,1776967200000,72.66,Flip Short,2026-04-27 07:00,1777287600000,78.04,163,11843.58,12,852.38,7.1898,865.1,7.2971,119.42,1.0073,24.56,2026-07-27T19:19:22.701Z
flip-only|EDC|1h|1780585200000|1781280000000,flip-only,EDC,AMEX:EDC,1h,Swing 1H,LONG,Swing Low,2026-06-04 11:00,1780585200000,93.97,Flip Short,2026-06-12 12:00,1781280000000,87.01,135,12685.95,60,-964.03,-7.5916,251.91,1.9838,2592.54,20.4159,24.43,2026-07-27T19:19:22.701Z
flip-only|EDC|1h|1782212400000|1784808000000,flip-only,EDC,AMEX:EDC,1h,Swing 1H,LONG,Swing Low,2026-06-23 07:00,1782212400000,88.12,Flip Short,2026-07-23 08:00,1784808000000,74.29,133,11719.96,208,-1860.99,-15.863,371.32,3.1651,3122.59,26.6167,21.6,2026-07-27T19:19:22.701Z
flip-only|PILL|1h|1762362000000|1762873200000,flip-only,PILL,AMEX:PILL,1h,Swing 1H,LONG,Swing Low,2025-11-05 12:00,1762362000000,8.42,Flip Short,2025-11-11 10:00,1762873200000,8.9,1190,10019.8,35,550.59,5.4895,561.18,5.5951,783.52,7.8119,20.61,2026-07-27T19:19:31.696Z
flip-only|PILL|1h|1764694800000|1765188000000,flip-only,PILL,AMEX:PILL,1h,Swing 1H,LONG,Swing Low,2025-12-02 12:00,1764694800000,10.61,Flip Short,2025-12-08 05:00,1765188000000,11.49,1009,10705.49,38,865.62,8.0777,877.21,8.1859,353.77,3.3012,22.3,2026-07-27T19:19:31.696Z
flip-only|PILL|1h|1771603200000|1771974000000,flip-only,PILL,AMEX:PILL,1h,Swing 1H,LONG,Swing Low,2026-02-20 11:00,1771603200000,12.6,Flip Short,2026-02-24 18:00,1771974000000,13.13,1133,14275.8,21,571.34,3.9981,608.87,4.2608,478.81,3.3506,29.15,2026-07-27T19:19:31.696Z
flip-only|PILL|1h|1772467200000|1775052000000,flip-only,PILL,AMEX:PILL,1h,Swing 1H,LONG,Swing Low,2026-03-02 11:00,1772467200000,12.57,Flip Short,2026-04-01 10:00,1775052000000,10.8,1189,14945.73,200,-2132.32,-14.2528,258.52,1.728,4509.37,30.1415,27.79,2026-07-27T19:19:31.696Z
flip-only|PILL|1h|1776967200000|1777903200000,flip-only,PILL,AMEX:PILL,1h,Swing 1H,LONG,Swing Low,2026-04-23 14:00,1776967200000,12.02,Flip Short,2026-05-04 10:00,1777903200000,13.32,1066,12813.32,54,1358.79,10.5939,1415.63,11.037,641.75,5.0035,27.01,2026-07-27T19:19:31.696Z
flip-only|PILL|1h|1783951200000|1785160800000,flip-only,PILL,AMEX:PILL,1h,Swing 1H,LONG,Swing Low,2026-07-13 10:00,1783951200000,18.22,Flip Short,2026-07-27 10:00,1785160800000,20.09,772,14065.84,88,1414.06,10.0431,1429.57,10.1533,461.83,3.28,29.58,2026-07-27T19:19:31.696Z
flip-only|TQQQ|1h|1784016000000|1784660400000,flip-only,TQQQ,NASDAQ:TQQQ,1h,Swing 1H,LONG,Swing Low,2026-07-14 04:00,1784016000000,73.12,Flip Short,2026-07-21 15:00,1784660400000,71.49,163,11918.56,91,-289.26,-2.4246,560.21,4.6956,1350.15,11.3168,23.57,2026-07-27T19:19:37.769Z
flip-only|UDOW|1h|1784030400000|1785157200000,flip-only,UDOW,AMEX:UDOW,1h,Swing 1H,LONG,Swing Low,2026-07-14 08:00,1784030400000,69.47,Flip Short,2026-07-27 09:00,1785157200000,70.56,176,12226.72,144,167.19,1.3661,433.05,3.5383,508.55,4.1552,24.65,2026-07-27T19:19:40.869Z
flip-only|URTY|1h|1782745200000|1782914400000,flip-only,URTY,AMEX:URTY,1h,Swing 1H,LONG,Swing Low,2026-06-29 11:00,1782745200000,84.74,Flip Short,2026-07-01 10:00,1782914400000,87.93,167,14151.58,26,503.89,3.5571,518.58,3.6608,303.06,2.1394,28.84,2026-07-27T19:19:46.854Z
flip-only|FAS|1h|1772809200000|1773756000000,flip-only,FAS,AMEX:FAS,1h,Swing 1H,LONG,Swing Low,2026-03-06 10:00,1772809200000,122.6,Flip Short,2026-03-17 10:00,1773756000000,122.97,77,9440.2,110,9.58,0.1014,434.85,4.6018,746.33,7.898,18.91,2026-07-27T19:19:55.937Z
flip-only|DUSL|1h|1752681600000|1752760800000,flip-only,DUSL,AMEX:DUSL,1h,Swing 1H,LONG,Swing Low,2025-07-16 12:00,1752681600000,70.36,Flip Short,2025-07-17 10:00,1752760800000,72.67,136,9568.96,7,294.71,3.0768,454.19,4.7418,25.89,0.2703,19.45,2026-07-27T19:19:58.993Z
flip-only|DUSL|1h|1758135600000|1758553200000,flip-only,DUSL,AMEX:DUSL,1h,Swing 1H,LONG,Swing Low,2025-09-17 15:00,1758135600000,70.38,Flip Short,2025-09-22 11:00,1758553200000,73.2,144,10134.72,18,385.4,3.799,499.63,4.9249,10.13,0.0999,20.68,2026-07-27T19:19:58.993Z
flip-only|DUSL|1h|1765371600000|1766592000000,flip-only,DUSL,AMEX:DUSL,1h,Swing 1H,LONG,Swing Low,2025-12-10 08:00,1765371600000,66,Flip Short,2025-12-24 11:00,1766592000000,70.88,160,10560,78,758.9,7.1794,895.04,8.4673,165.76,1.5681,21.9,2026-07-27T19:19:58.993Z
flip-only|DUSL|1h|1772550000000|1775602800000,flip-only,DUSL,AMEX:DUSL,1h,Swing 1H,LONG,Swing Low,2026-03-03 10:00,1772550000000,92.55,Flip Short,2026-04-07 19:00,1775602800000,80.73,136,12586.8,169,-1631.09,-12.9458,511.01,4.0559,3609.79,28.6505,23.57,2026-07-27T19:19:58.993Z
flip-only|DUSL|1h|1781107200000|1781521200000,flip-only,DUSL,AMEX:DUSL,1h,Swing 1H,LONG,Swing Low,2026-06-10 12:00,1781107200000,83.2,Flip Short,2026-06-15 07:00,1781521200000,92.4,146,12147.2,22,1317.56,10.8358,1605.53,13.2041,283.71,2.3332,25.64,2026-07-27T19:19:58.993Z
flip-only|BE|1h|1774036800000|1774998000000,flip-only,BE,NYSE:BE,1h,Swing 1H,LONG,Swing Low,2026-03-20 16:00,1774036800000,150.97,Flip Short,2026-03-31 19:00,1774998000000,135.9,84,12681.48,115,-1289.98,-10.162,562.72,4.4329,2908.16,22.9094,24.1,2026-07-27T19:20:01.861Z
flip-only|NYT|1h|1764860400000|1764957600000,flip-only,NYT,NYSE:NYT,1h,Swing 1H,LONG,Swing Low,2025-12-04 10:00,1764860400000,64.39,Flip Short,2025-12-05 13:00,1764957600000,65.28,147,9465.33,13,111.77,1.1796,128.71,1.3585,125.6,1.3256,19.06,2026-07-29T13:52:15.157Z
flip-only|NYT|1h|1767034800000|1767823200000,flip-only,NYT,NYSE:NYT,1h,Swing 1H,LONG,Swing Low,2025-12-29 14:00,1767034800000,69.31,Flip Short,2026-01-07 17:00,1767823200000,71.26,138,9564.78,53,249.7,2.608,262.3,2.7396,95.12,0.9935,19.4,2026-07-29T13:52:15.157Z
flip-only|NYT|1h|1768939200000|1769086800000,flip-only,NYT,NYSE:NYT,1h,Swing 1H,LONG,Swing Low,2026-01-20 15:00,1768939200000,70.12,Flip Short,2026-01-22 08:00,1769086800000,70.89,140,9816.8,9,88.06,0.8961,309.38,3.1484,54.62,0.5558,19.74,2026-07-29T13:52:15.157Z
flip-only|NYT|1h|1770145200000|1770822000000,flip-only,NYT,NYSE:NYT,1h,Swing 1H,LONG,Swing Low,2026-02-03 14:00,1770145200000,72.49,Flip Short,2026-02-11 10:00,1770822000000,70.69,136,9858.64,55,-264.27,-2.6779,126.14,1.2782,1845.86,18.7046,19.47,2026-07-29T13:52:15.157Z
flip-only|NYT|1h|1771945200000|1772132400000,flip-only,NYT,NYSE:NYT,1h,Swing 1H,LONG,Swing Low,2026-02-24 10:00,1771945200000,74.14,Flip Short,2026-02-26 14:00,1772132400000,79.3,130,9638.2,33,650.85,6.7461,672.86,6.9742,60.34,0.6254,19.95,2026-07-29T13:52:15.157Z
flip-only|NYT|1h|1772809200000|1773669600000,flip-only,NYT,NYSE:NYT,1h,Swing 1H,LONG,Swing Low,2026-03-06 10:00,1772809200000,78.79,Flip Short,2026-03-16 10:00,1773669600000,80.31,130,10242.7,83,176.92,1.7255,343.36,3.3489,237.74,2.3188,20.68,2026-07-29T13:52:15.157Z
flip-only|NYT|1h|1774274400000|1774288800000,flip-only,NYT,NYSE:NYT,1h,Swing 1H,LONG,Swing Low,2026-03-23 10:00,1774274400000,81.59,Flip Short,2026-03-23 14:00,1774288800000,82.71,128,10443.52,4,122.33,1.1702,136.76,1.3082,14.28,0.1366,21.03,2026-07-29T13:52:15.157Z
flip-only|NYT|1h|1775660400000|1776348000000,flip-only,NYT,NYSE:NYT,1h,Swing 1H,LONG,Swing Low,2026-04-08 11:00,1775660400000,84.45,Flip Short,2026-04-16 10:00,1776348000000,79.89,125,10556.25,76,-590.54,-5.5887,130.69,1.2368,866.81,8.2031,20.54,2026-07-29T13:52:15.157Z
flip-only|NYT|1h|1776362400000|1776805200000,flip-only,NYT,NYSE:NYT,1h,Swing 1H,LONG,Swing Low,2026-04-16 14:00,1776362400000,77.39,Flip Short,2026-04-21 17:00,1776805200000,81.59,129,9983.31,40,521.29,5.2164,564.07,5.6445,190.58,1.9071,20.51,2026-07-29T13:52:15.157Z
flip-only|NYT|1h|1777039200000|1778068800000,flip-only,NYT,NYSE:NYT,1h,Swing 1H,LONG,Swing Low,2026-04-24 10:00,1777039200000,79.37,Flip Short,2026-05-06 08:00,1778068800000,81,132,10476.84,99,193.99,1.8498,378.92,3.6132,323.32,3.0829,21.17,2026-07-29T13:52:15.157Z
flip-only|NYT|1h|1778515200000|1779890400000,flip-only,NYT,NYSE:NYT,1h,Swing 1H,LONG,Swing Low,2026-05-11 12:00,1778515200000,76.57,Flip Short,2026-05-27 10:00,1779890400000,74.85,139,10643.23,142,-260.13,-2.4416,282.65,2.653,511.04,4.7968,21.05,2026-07-29T13:52:15.157Z
flip-only|NYT|1h|1780502400000|1780581600000,flip-only,NYT,NYSE:NYT,1h,Swing 1H,LONG,Swing Low,2026-06-03 12:00,1780502400000,73.77,Flip Short,2026-06-04 10:00,1780581600000,76.57,141,10401.57,11,373.6,3.5882,384.4,3.6919,10.4,0.0999,21.2,2026-07-29T13:52:15.157Z
flip-only|NYT|1h|1781006400000|1781704800000,flip-only,NYT,NYSE:NYT,1h,Swing 1H,LONG,Swing Low,2026-06-09 08:00,1781006400000,74.15,Flip Short,2026-06-17 10:00,1781704800000,75.16,146,10825.9,67,125.66,1.1596,186.27,1.7189,291.15,2.6867,21.8,2026-07-29T13:52:15.157Z
flip-only|NYT|1h|1781794800000|1782918000000,flip-only,NYT,NYSE:NYT,1h,Swing 1H,LONG,Swing Low,2026-06-18 11:00,1781794800000,72.93,Flip Short,2026-07-01 11:00,1782918000000,73.19,149,10866.57,81,16.97,0.156,66.61,0.6124,745.44,6.8531,21.77,2026-07-29T13:52:15.157Z
flip-only|NYT|1h|1784739600000|1785265200000,flip-only,NYT,NYSE:NYT,1h,Swing 1H,LONG,Swing Low,2026-07-22 13:00,1784739600000,73.14,Flip Short,2026-07-28 15:00,1785265200000,75.06,149,10897.86,42,264,2.4201,325.84,2.987,462.37,4.2385,22.08,2026-07-29T13:52:15.157Z
flip-only|KRYS|1h|1758880800000|1759154400000,flip-only,KRYS,NASDAQ:KRYS,1h,Swing 1H,LONG,Swing Low,2025-09-26 06:00,1758880800000,158.01,Flip Short,2025-09-29 10:00,1759154400000,170.68,60,9480.6,12,740.48,7.8027,750.72,7.9106,9.48,0.0999,19.72,2026-07-29T13:52:18.156Z
flip-only|KRYS|1h|1761152400000|1761940800000,flip-only,KRYS,NASDAQ:KRYS,1h,Swing 1H,LONG,Swing Low,2025-10-22 13:00,1761152400000,185.97,Flip Short,2025-10-31 16:00,1761940800000,196.9,54,10042.38,55,569.55,5.6657,653.08,6.4967,162.86,1.6201,20.67,2026-07-29T13:52:18.156Z
flip-only|KRYS|1h|1766001600000|1766419200000,flip-only,KRYS,NASDAQ:KRYS,1h,Swing 1H,LONG,Swing Low,2025-12-17 15:00,1766001600000,234.89,Flip Short,2025-12-22 11:00,1766419200000,247.38,45,10570.05,19,540.35,5.107,578.93,5.4716,144.67,1.3673,21.7,2026-07-29T13:52:18.156Z
flip-only|KRYS|1h|1767366000000|1767830400000,flip-only,KRYS,NASDAQ:KRYS,1h,Swing 1H,LONG,Swing Low,2026-01-02 10:00,1767366000000,244.37,Flip Short,2026-01-07 19:00,1767830400000,255,45,10996.65,34,455.88,4.1415,1109.95,10.0835,409.7,3.7219,22.47,2026-07-29T13:52:18.156Z
flip-only|KRYS|1h|1769616000000|1770044400000,flip-only,KRYS,NASDAQ:KRYS,1h,Swing 1H,LONG,Swing Low,2026-01-28 11:00,1769616000000,274.48,Flip Short,2026-02-02 10:00,1770044400000,283.15,42,11528.16,35,340.72,2.9526,416.87,3.6125,298.81,2.5894,23.42,2026-07-29T13:52:18.156Z
flip-only|KRYS|1h|1770220800000|1771322400000,flip-only,KRYS,NASDAQ:KRYS,1h,Swing 1H,LONG,Swing Low,2026-02-04 11:00,1770220800000,267.57,Flip Short,2026-02-17 05:00,1771322400000,285.01,44,11773.08,69,743.05,6.3051,755.59,6.4115,418.33,3.5498,24.31,2026-07-29T13:52:18.156Z
flip-only|KRYS|1h|1771516800000|1773838800000,flip-only,KRYS,NASDAQ:KRYS,1h,Swing 1H,LONG,Swing Low,2026-02-19 11:00,1771516800000,265.66,Flip Short,2026-03-18 09:00,1773838800000,255.44,48,12751.68,155,-515.57,-4.0391,675.57,5.2926,1014.03,7.9442,25.01,2026-07-29T13:52:18.156Z
flip-only|KRYS|1h|1774360800000|1774969200000,flip-only,KRYS,NASDAQ:KRYS,1h,Swing 1H,LONG,Swing Low,2026-03-24 10:00,1774360800000,246.75,Flip Short,2026-03-31 11:00,1774969200000,254.85,49,12090.75,48,372.32,3.0763,655.78,5.4184,233.57,1.9299,24.58,2026-07-29T13:52:18.156Z
flip-only|KRYS|1h|1777042800000|1777896000000,flip-only,KRYS,NASDAQ:KRYS,1h,Swing 1H,LONG,Swing Low,2026-04-24 11:00,1777042800000,267.52,Flip Short,2026-05-04 08:00,1777896000000,276,46,12305.92,49,365.08,2.9637,791.77,6.4277,475.53,3.8603,25,2026-07-29T13:52:18.156Z
flip-only|KRYS|1h|1777903200000|1777924800000,flip-only,KRYS,NASDAQ:KRYS,1h,Swing 1H,LONG,Swing Low,2026-05-04 10:00,1777903200000,273.81,Flip Short,2026-05-04 16:00,1777924800000,287,47,12869.07,6,593.57,4.6078,617.4,4.7928,443.39,3.4419,26.36,2026-07-29T13:52:18.156Z
flip-only|KRYS|1h|1779112800000|1780052400000,flip-only,KRYS,NASDAQ:KRYS,1h,Swing 1H,LONG,Swing Low,2026-05-18 10:00,1779112800000,304.41,Flip Short,2026-05-29 07:00,1780052400000,310.48,44,13394.04,72,240.02,1.7902,264.69,1.9742,757.43,5.6494,27.06,2026-07-29T13:52:18.156Z
flip-only|KRYS|1h|1780387200000|1781089200000,flip-only,KRYS,NASDAQ:KRYS,1h,Swing 1H,LONG,Swing Low,2026-06-02 04:00,1780387200000,303.98,Flip Short,2026-06-10 07:00,1781089200000,309.5,46,13983.08,58,225.7,1.6125,629.56,4.4978,850.72,6.0779,28.22,2026-07-29T13:52:18.156Z
flip-only|KRYS|1h|1783461600000|1783605600000,flip-only,KRYS,NASDAQ:KRYS,1h,Swing 1H,LONG,Swing Low,2026-07-07 18:00,1783461600000,366.01,Flip Short,2026-07-09 10:00,1783605600000,379.98,38,13908.38,15,502.51,3.6094,561.41,4.0325,70.53,0.5066,28.35,2026-07-29T13:52:18.156Z
flip-only|KRYS|1h|1783692000000|1785225600000,flip-only,KRYS,NASDAQ:KRYS,1h,Swing 1H,LONG,Swing Low,2026-07-10 10:00,1783692000000,360.19,Flip Short,2026-07-28 04:00,1785225600000,347,40,14407.6,108,-555.89,-3.8544,283.19,1.9636,1642.81,11.391,28.29,2026-07-29T13:52:18.156Z
flip-only|CI|1h|1763665200000|1763740800000,flip-only,CI,NYSE:CI,1h,Swing 1H,LONG,Swing Low,2025-11-20 14:00,1763665200000,268.04,Flip Short,2025-11-21 11:00,1763740800000,276.46,35,9381.4,12,275.64,2.9352,321.72,3.4259,43.68,0.4652,19.06,2026-07-29T13:52:21.274Z
flip-only|CI|1h|1764795600000|1765476000000,flip-only,CI,NYSE:CI,1h,Swing 1H,LONG,Swing Low,2025-12-03 16:00,1764795600000,270.64,Flip Short,2025-12-11 13:00,1765476000000,272.08,36,9743.04,54,32.3,0.3312,43.9,0.4501,453.26,4.6475,19.54,2026-07-29T13:52:21.274Z
flip-only|CI|1h|1766178000000|1766761200000,flip-only,CI,NYSE:CI,1h,Swing 1H,LONG,Swing Low,2025-12-19 16:00,1766178000000,271.9,Flip Short,2025-12-26 10:00,1766761200000,276.02,35,9516.5,25,125.02,1.3124,145.88,1.5314,142.52,1.4961,19.18,2026-07-29T13:52:21.274Z
flip-only|CI|1h|1768219200000|1769101200000,flip-only,CI,NYSE:CI,1h,Swing 1H,LONG,Swing Low,2026-01-12 07:00,1768219200000,277.75,Flip Short,2026-01-22 12:00,1769101200000,277.69,35,9721.25,79,-21.54,-0.2214,33.33,0.3425,332.42,3.4161,19.44,2026-07-29T13:52:21.274Z
flip-only|CI|1h|1769540400000|1770130800000,flip-only,CI,NYSE:CI,1h,Swing 1H,LONG,Swing Low,2026-01-27 14:00,1769540400000,271.12,Flip Short,2026-02-03 10:00,1770130800000,275.35,36,9760.32,57,132.61,1.3573,165.92,1.6982,388.48,3.9762,19.67,2026-07-29T13:52:21.274Z
flip-only|CI|1h|1770217200000|1770220800000,flip-only,CI,NYSE:CI,1h,Swing 1H,LONG,Swing Low,2026-02-04 10:00,1770217200000,275.45,Flip Short,2026-02-04 11:00,1770220800000,280.04,36,9916.2,1,145.24,1.4632,209.32,2.1088,17.48,0.1761,20,2026-07-29T13:52:21.274Z
flip-only|CI|1h|1771599600000|1772118000000,flip-only,CI,NYSE:CI,1h,Swing 1H,LONG,Swing Low,2026-02-20 10:00,1771599600000,280.11,Flip Short,2026-02-26 10:00,1772118000000,287.89,36,10083.96,37,259.63,2.5721,320.76,3.1777,114.84,1.1377,20.45,2026-07-29T13:52:21.274Z
flip-only|CI|1h|1772542800000|1773756000000,flip-only,CI,NYSE:CI,1h,Swing 1H,LONG,Swing Low,2026-03-03 08:00,1772542800000,283.25,Flip Short,2026-03-17 10:00,1773756000000,269.43,36,10197,111,-517.42,-5.0691,88.8,0.87,911.64,8.9313,19.9,2026-07-29T13:52:21.274Z
flip-only|CI|1h|1774285200000|1774461600000,flip-only,CI,NYSE:CI,1h,Swing 1H,LONG,Swing Low,2026-03-23 13:00,1774285200000,260.32,Flip Short,2026-03-25 14:00,1774461600000,269.31,38,9892.16,22,321.49,3.2467,365.17,3.6878,46.75,0.4721,20.13,2026-07-29T13:52:21.274Z
flip-only|CI|1h|1774890000000|1775484000000,flip-only,CI,NYSE:CI,1h,Swing 1H,LONG,Swing Low,2026-03-30 13:00,1774890000000,259.39,Flip Short,2026-04-06 10:00,1775484000000,272.23,39,10116.21,35,480.03,4.7404,497.66,4.9146,70.18,0.693,20.73,2026-07-29T13:52:21.274Z
flip-only|CI|1h|1775847600000|1776434400000,flip-only,CI,NYSE:CI,1h,Swing 1H,LONG,Swing Low,2026-04-10 15:00,1775847600000,272.02,Flip Short,2026-04-17 10:00,1776434400000,277.37,39,10608.78,45,187.22,1.763,270.97,2.5517,287.51,2.7074,21.43,2026-07-29T13:52:21.274Z
flip-only|CI|1h|1777046400000|1777377600000,flip-only,CI,NYSE:CI,1h,Swing 1H,LONG,Swing Low,2026-04-24 12:00,1777046400000,274.75,Flip Short,2026-04-28 08:00,1777377600000,284.91,39,10715.25,20,374.41,3.4907,387.86,3.6161,103.93,0.9689,21.83,2026-07-29T13:52:21.274Z
flip-only|CI|1h|1777910400000|1778248800000,flip-only,CI,NYSE:CI,1h,Swing 1H,LONG,Swing Low,2026-05-04 12:00,1777910400000,280.39,Flip Short,2026-05-08 10:00,1778248800000,284.25,39,10935.21,41,128.52,1.1741,244.9,2.2374,256.25,2.341,22.02,2026-07-29T13:52:21.274Z
flip-only|CI|1h|1778871600000|1779973200000,flip-only,CI,NYSE:CI,1h,Swing 1H,LONG,Swing Low,2026-05-15 15:00,1778871600000,286.97,Flip Short,2026-05-28 09:00,1779973200000,286,39,11191.83,81,-60.18,-0.5371,228.27,2.0376,350.88,3.132,22.35,2026-07-29T13:52:21.274Z
flip-only|CI|1h|1780074000000|1780668000000,flip-only,CI,NYSE:CI,1h,Swing 1H,LONG,Swing Low,2026-05-29 13:00,1780074000000,278.44,Flip Short,2026-06-05 10:00,1780668000000,286.78,40,11137.6,54,310.99,2.7895,351.26,3.1507,348.74,3.128,22.61,2026-07-29T13:52:21.274Z
flip-only|CI|1h|1781618400000|1782482400000,flip-only,CI,NYSE:CI,1h,Swing 1H,LONG,Swing Low,2026-06-16 10:00,1781618400000,289.44,Flip Short,2026-06-26 10:00,1782482400000,288.14,39,11288.16,67,-73.23,-0.648,149.78,1.3256,562.36,4.9769,22.53,2026-07-29T13:52:21.274Z
flip-only|CI|1h|1782856800000|1783332000000,flip-only,CI,NYSE:CI,1h,Swing 1H,LONG,Swing Low,2026-06-30 18:00,1782856800000,276.24,Flip Short,2026-07-06 06:00,1783332000000,287.01,41,11325.84,24,418.48,3.6912,511.01,4.5074,116.7,1.0293,23.09,2026-07-29T13:52:21.274Z
flip-only|CI|1h|1784206800000|1785178800000,flip-only,CI,NYSE:CI,1h,Swing 1H,LONG,Swing Low,2026-07-16 09:00,1784206800000,288.9,Flip Short,2026-07-27 15:00,1785178800000,293.32,41,11844.9,76,157.35,1.3271,169.38,1.4285,420.2,3.544,23.87,2026-07-29T13:52:21.274Z
flip-only|LFST|1h|1757332800000|1758571200000,flip-only,LFST,NASDAQ:LFST,1h,Swing 1H,LONG,Swing Low,2025-09-08 08:00,1757332800000,5.38,Flip Short,2025-09-22 16:00,1758571200000,5.39,1770,9522.6,87,-1.36,-0.0143,432.98,4.5423,469.72,4.9278,19.06,2026-07-29T13:52:24.596Z
flip-only|LFST|1h|1760108400000|1762430400000,flip-only,LFST,NASDAQ:LFST,1h,Swing 1H,LONG,Swing Low,2025-10-10 11:00,1760108400000,5.22,Flip Short,2025-11-06 07:00,1762430400000,5.3,1817,9484.74,144,126.25,1.3297,135.88,1.4311,790.79,8.3292,19.11,2026-07-29T13:52:24.596Z
flip-only|LFST|1h|1763488800000|1763996400000,flip-only,LFST,NASDAQ:LFST,1h,Swing 1H,LONG,Swing Low,2025-11-18 13:00,1763488800000,6.09,Flip Short,2025-11-24 10:00,1763996400000,6.52,1580,9622.2,28,659.48,6.8468,701.38,7.2819,57.02,0.592,19.92,2026-07-29T13:52:24.596Z
flip-only|LFST|1h|1767013200000|1767020400000,flip-only,LFST,NASDAQ:LFST,1h,Swing 1H,LONG,Swing Low,2025-12-29 08:00,1767013200000,6.91,Flip Short,2025-12-29 10:00,1767020400000,7.19,1505,10399.55,2,400.18,3.8442,441.1,4.2373,10.4,0.0999,21.22,2026-07-29T13:52:24.596Z
flip-only|LFST|1h|1767369600000|1767722400000,flip-only,LFST,NASDAQ:LFST,1h,Swing 1H,LONG,Swing Low,2026-01-02 11:00,1767369600000,6.79,Flip Short,2026-01-06 13:00,1767722400000,7.21,1563,10612.77,17,634.58,5.9734,661.48,6.2266,41.87,0.3942,21.88,2026-07-29T13:52:24.596Z
flip-only|LFST|1h|1768921200000|1771002000000,flip-only,LFST,NASDAQ:LFST,1h,Swing 1H,LONG,Swing Low,2026-01-20 10:00,1768921200000,7.24,Flip Short,2026-02-13 12:00,1771002000000,7.07,1549,11214.76,143,-285.5,-2.5432,314.08,2.7978,1219.43,10.8626,22.17,2026-07-29T13:52:24.596Z
flip-only|LFST|1h|1772114400000|1774281600000,flip-only,LFST,NASDAQ:LFST,1h,Swing 1H,LONG,Swing Low,2026-02-26 09:00,1772114400000,6.7,Flip Short,2026-03-23 12:00,1774281600000,6.5,1638,10974.6,142,-349.22,-3.1789,1283.05,11.6794,813.59,7.406,21.62,2026-07-29T13:52:24.596Z
flip-only|LFST|1h|1774864800000|1775649600000,flip-only,LFST,NASDAQ:LFST,1h,Swing 1H,LONG,Swing Low,2026-03-30 06:00,1774864800000,6.29,Flip Short,2026-04-08 08:00,1775649600000,6.53,1676,10542.04,48,380.75,3.6082,1162.66,11.0178,127.86,1.2117,21.49,2026-07-29T13:52:24.596Z
flip-only|LFST|1h|1777989600000|1778151600000,flip-only,LFST,NASDAQ:LFST,1h,Swing 1H,LONG,Swing Low,2026-05-05 10:00,1777989600000,7.2,Flip Short,2026-05-07 07:00,1778151600000,8.04,1526,10987.2,15,1258.58,11.4436,1438.71,13.0814,41.51,0.3774,23.26,2026-07-29T13:52:24.596Z
flip-only|LFST|1h|1778868000000|1780045200000,flip-only,LFST,NASDAQ:LFST,1h,Swing 1H,LONG,Swing Low,2026-05-15 14:00,1778868000000,7.58,Flip Short,2026-05-29 05:00,1780045200000,7.85,1605,12165.9,70,408.58,3.3551,485.38,3.9857,557.87,4.5809,24.77,2026-07-29T13:52:24.596Z
flip-only|LFST|1h|1780516800000|1781110800000,flip-only,LFST,NASDAQ:LFST,1h,Swing 1H,LONG,Swing Low,2026-06-03 16:00,1780516800000,7.5,Flip Short,2026-06-10 13:00,1781110800000,7.85,1676,12570,41,560.87,4.4575,641.07,5.0949,364.53,2.8971,25.73,2026-07-29T13:52:24.596Z
flip-only|LFST|1h|1783522800000|1784131200000,flip-only,LFST,NASDAQ:LFST,1h,Swing 1H,LONG,Swing Low,2026-07-08 11:00,1783522800000,10.6,Flip Short,2026-07-15 12:00,1784131200000,11.08,1233,13069.8,43,565.11,4.3195,578.77,4.4239,308.99,2.3618,26.73,2026-07-29T13:52:24.596Z
flip-only|INGM|1h|1755784800000|1755874800000,flip-only,INGM,NYSE:INGM,1h,Swing 1H,LONG,Swing Low,2025-08-21 10:00,1755784800000,19.26,Flip Short,2025-08-22 11:00,1755874800000,20.26,492,9475.92,8,472.56,4.9819,502.2,5.2945,83.28,0.8779,19.44,2026-07-29T13:52:27.534Z
flip-only|INGM|1h|1756825200000|1757080800000,flip-only,INGM,NYSE:INGM,1h,Swing 1H,LONG,Swing Low,2025-09-02 11:00,1756825200000,18.93,Flip Short,2025-09-05 10:00,1757080800000,20.1,525,9938.25,21,593.76,5.9685,646.31,6.4968,93.94,0.9443,20.49,2026-07-29T13:52:27.534Z
flip-only|INGM|1h|1758733200000|1759316400000,flip-only,INGM,NYSE:INGM,1h,Swing 1H,LONG,Swing Low,2025-09-24 13:00,1758733200000,20.59,Flip Short,2025-10-01 07:00,1759316400000,21.31,510,10500.9,33,345.83,3.2901,494.4,4.7035,377.7,3.5932,21.37,2026-07-29T13:52:27.534Z
flip-only|INGM|1h|1762452000000|1764003600000,flip-only,INGM,NYSE:INGM,1h,Swing 1H,LONG,Swing Low,2025-11-06 13:00,1762452000000,21.55,Flip Short,2025-11-24 12:00,1764003600000,20.93,502,10818.1,83,-332.56,-3.0711,335.56,3.0988,1275.86,11.782,21.32,2026-07-29T13:52:27.534Z
flip-only|INGM|1h|1765814400000|1769011200000,flip-only,INGM,NYSE:INGM,1h,Swing 1H,LONG,Swing Low,2025-12-15 11:00,1765814400000,21.54,Flip Short,2026-01-21 11:00,1769011200000,21.68,488,10511.52,170,47.23,0.4489,589.73,5.6047,610.75,5.8045,21.09,2026-07-29T13:52:27.534Z
flip-only|INGM|1h|1770919200000|1772488800000,flip-only,INGM,NYSE:INGM,1h,Swing 1H,LONG,Swing Low,2026-02-12 13:00,1770919200000,20.87,Flip Short,2026-03-02 17:00,1772488800000,23.1,506,10560.22,85,1106.13,10.464,1320.22,12.4893,445.72,4.2165,22.25,2026-07-29T13:52:27.534Z
flip-only|INGM|1h|1773064800000|1773756000000,flip-only,INGM,NYSE:INGM,1h,Swing 1H,LONG,Swing Low,2026-03-09 10:00,1773064800000,21.43,Flip Short,2026-03-17 10:00,1773756000000,22.41,541,11593.63,47,506.46,4.3641,648.43,5.5874,98.15,0.8458,23.72,2026-07-29T13:52:27.534Z
flip-only|INGM|1h|1777392000000|1779472800000,flip-only,INGM,NYSE:INGM,1h,Swing 1H,LONG,Swing Low,2026-04-28 12:00,1777392000000,29.55,Flip Short,2026-05-22 14:00,1779472800000,26.64,409,12085.95,150,-1213.17,-10.0278,503.25,4.1598,1873.04,15.4821,22.98,2026-07-29T13:52:27.534Z
flip-only|INGM|1h|1781020800000|1783605600000,flip-only,INGM,NYSE:INGM,1h,Swing 1H,LONG,Swing Low,2026-06-09 12:00,1781020800000,28.28,Flip Short,2026-07-09 10:00,1783605600000,27.86,386,10916.08,171,-183.79,-1.682,749.5,6.8592,1045.4,9.5671,21.67,2026-07-29T13:52:27.534Z
flip-only|INGM|1h|1784293200000|1784548800000,flip-only,INGM,NYSE:INGM,1h,Swing 1H,LONG,Swing Low,2026-07-17 09:00,1784293200000,27.04,Flip Short,2026-07-20 08:00,1784548800000,30.5,384,10383.36,10,1306.54,12.5705,1318.26,12.6832,10.38,0.0999,22.1,2026-07-29T13:52:27.534Z
flip-only|NTR|1h|1756497600000|1757534400000,flip-only,NTR,TSX:NTR,1h,Swing 1H,LONG,Swing Low,2025-08-29 16:00,1756497600000,79.15,Flip Short,2025-09-10 16:00,1757534400000,79.67,119,9418.85,56,42.98,0.4559,67.93,0.7205,255.75,2.7126,18.9,2026-07-29T13:52:30.573Z
flip-only|NTR|1h|1758034800000|1758290400000,flip-only,NTR,TSX:NTR,1h,Swing 1H,LONG,Swing Low,2025-09-16 11:00,1758034800000,77.89,Flip Short,2025-09-19 10:00,1758290400000,77.79,122,9502.58,23,-31.19,-0.3279,247.92,2.6063,135.16,1.421,18.99,2026-07-29T13:52:30.573Z
flip-only|NTR|1h|1760450400000|1761573600000,flip-only,NTR,TSX:NTR,1h,Swing 1H,LONG,Swing Low,2025-10-14 10:00,1760450400000,82,Flip Short,2025-10-27 10:00,1761573600000,81.5,115,9430,72,-76.3,-0.8083,80.27,0.8504,488.98,5.1802,18.8,2026-07-29T13:52:30.573Z
flip-only|NTR|1h|1761832800000|1762448400000,flip-only,NTR,TSX:NTR,1h,Swing 1H,LONG,Swing Low,2025-10-30 10:00,1761832800000,77.4,Flip Short,2025-11-06 12:00,1762448400000,79,121,9365.4,42,174.68,1.8633,235.05,2.5073,327.6,3.4944,18.92,2026-07-29T13:52:30.573Z
flip-only|NTR|1h|1763478000000|1764183600000,flip-only,NTR,TSX:NTR,1h,Swing 1H,LONG,Swing Low,2025-11-18 10:00,1763478000000,79.87,Flip Short,2025-11-26 14:00,1764183600000,80.4,120,9584.4,52,44.37,0.4625,63.62,0.6631,364.78,3.8022,19.23,2026-07-29T13:52:30.573Z
flip-only|NTR|1h|1765292400000|1765472400000,flip-only,NTR,TSX:NTR,1h,Swing 1H,LONG,Swing Low,2025-12-09 10:00,1765292400000,81.52,Flip Short,2025-12-11 12:00,1765472400000,85.24,118,9619.36,18,419.28,4.3544,438.78,4.5569,142.96,1.4847,19.68,2026-07-29T13:52:30.573Z
flip-only|NTR|1h|1767193200000|1768402800000,flip-only,NTR,TSX:NTR,1h,Swing 1H,LONG,Swing Low,2025-12-31 10:00,1767193200000,84.8,Flip Short,2026-01-14 10:00,1768402800000,89.95,118,10006.4,72,587.08,5.8612,781.77,7.8049,424.19,4.2349,20.62,2026-07-29T13:52:30.573Z
flip-only|NTR|1h|1769796000000|1770822000000,flip-only,NTR,TSX:NTR,1h,Swing 1H,LONG,Swing Low,2026-01-30 13:00,1769796000000,93.26,Flip Short,2026-02-11 10:00,1770822000000,97.4,113,10538.38,61,446.28,4.2305,525.08,4.9776,80.6,0.764,21.54,2026-07-29T13:52:30.573Z
flip-only|NTR|1h|1773936000000|1774879200000,flip-only,NTR,TSX:NTR,1h,Swing 1H,LONG,Swing Low,2026-03-19 12:00,1773936000000,105.53,Flip Short,2026-03-30 10:00,1774879200000,106.34,104,10975.12,54,62.21,0.5662,233.42,2.1247,684.9,6.2342,22.03,2026-07-29T13:52:30.573Z
flip-only|NTR|1h|1775066400000|1775570400000,flip-only,NTR,TSX:NTR,1h,Swing 1H,LONG,Swing Low,2026-04-01 14:00,1775066400000,102.28,Flip Short,2026-04-07 10:00,1775570400000,107.97,108,11046.24,20,591.81,5.3522,611.03,5.5261,16.45,0.1487,22.71,2026-07-29T13:52:30.573Z
flip-only|NTR|1h|1775656800000|1777384800000,flip-only,NTR,TSX:NTR,1h,Swing 1H,LONG,Swing Low,2026-04-08 10:00,1775656800000,99.96,Flip Short,2026-04-28 10:00,1777384800000,99.48,116,11595.36,112,-78.82,-0.679,615.96,5.3069,612.48,5.2768,23.14,2026-07-29T13:52:30.573Z
flip-only|NTR|1h|1778162400000|1782828000000,flip-only,NTR,TSX:NTR,1h,Swing 1H,LONG,Swing Low,2026-05-07 10:00,1778162400000,94.63,Flip Short,2026-06-30 10:00,1782828000000,89.43,122,11544.86,296,-656.86,-5.6839,599.68,5.1891,1205.92,10.4351,22.46,2026-07-29T13:52:30.573Z
flip-only|MDLZ|1h|1765998000000|1766160000000,flip-only,MDLZ,NASDAQ:MDLZ,1h,Swing 1H,LONG,Swing Low,2025-12-17 14:00,1765998000000,53.58,Flip Short,2025-12-19 11:00,1766160000000,54.99,177,9483.66,24,230.35,2.4265,268.41,2.8274,34.26,0.3609,19.22,2026-07-29T13:52:33.433Z
flip-only|MDLZ|1h|1767193200000|1767902400000,flip-only,MDLZ,NASDAQ:MDLZ,1h,Swing 1H,LONG,Swing Low,2025-12-31 10:00,1767193200000,54.03,Flip Short,2026-01-08 15:00,1767902400000,53.96,179,9671.37,78,-31.86,-0.3291,36.87,0.3808,509.08,5.2585,19.33,2026-07-29T13:52:33.433Z
flip-only|MDLZ|1h|1769630400000|1770134400000,flip-only,MDLZ,NASDAQ:MDLZ,1h,Swing 1H,LONG,Swing Low,2026-01-28 15:00,1769630400000,57.42,Flip Short,2026-02-03 11:00,1770134400000,59.1,168,9646.56,50,262.66,2.7202,359.95,3.7277,107.09,1.109,19.58,2026-07-29T13:52:33.433Z
flip-only|MDLZ|1h|1770156000000|1770217200000,flip-only,MDLZ,NASDAQ:MDLZ,1h,Swing 1H,LONG,Swing Low,2026-02-03 17:00,1770156000000,56.84,Flip Short,2026-02-04 10:00,1770217200000,59.7,174,9890.16,8,477.36,4.8218,597.37,6.034,41.21,0.4163,20.28,2026-07-29T13:52:33.433Z
flip-only|MDLZ|1h|1771344000000|1771866000000,flip-only,MDLZ,NASDAQ:MDLZ,1h,Swing 1H,LONG,Swing Low,2026-02-17 11:00,1771344000000,60,Flip Short,2026-02-23 12:00,1771866000000,60.13,172,10320,50,1.7,0.0164,87.72,0.8492,350.88,3.3966,20.66,2026-07-29T13:52:33.433Z
flip-only|MDLZ|1h|1772550000000|1773673200000,flip-only,MDLZ,NASDAQ:MDLZ,1h,Swing 1H,LONG,Swing Low,2026-03-03 10:00,1772550000000,59.12,Flip Short,2026-03-16 11:00,1773673200000,56.48,175,10346,121,-482.23,-4.6564,47.4,0.4577,850.35,8.2109,20.23,2026-07-29T13:52:33.433Z
flip-only|MDLZ|1h|1775055600000|1775570400000,flip-only,MDLZ,NASDAQ:MDLZ,1h,Swing 1H,LONG,Swing Low,2026-04-01 11:00,1775055600000,57.23,Flip Short,2026-04-07 10:00,1775570400000,58.43,173,9900.79,31,187.59,1.8928,256.52,2.5883,106.78,1.0774,20.01,2026-07-29T13:52:33.433Z
flip-only|MDLZ|1h|1776175200000|1776970800000,flip-only,MDLZ,NASDAQ:MDLZ,1h,Swing 1H,LONG,Swing Low,2026-04-14 10:00,1776175200000,57.75,Flip Short,2026-04-23 15:00,1776970800000,57.8,175,10106.25,81,-11.47,-0.1134,101.89,1.0072,358.36,3.5423,20.22,2026-07-29T13:52:33.433Z
flip-only|MDLZ|1h|1778691600000|1779199200000,flip-only,MDLZ,NASDAQ:MDLZ,1h,Swing 1H,LONG,Swing Low,2026-05-13 13:00,1778691600000,61.02,Flip Short,2026-05-19 10:00,1779199200000,62.29,165,10068.3,39,189.2,1.8773,207.73,2.0612,128.87,1.2787,20.35,2026-07-29T13:52:33.433Z
flip-only|MDLZ|1h|1780322400000|1780527600000,flip-only,MDLZ,NASDAQ:MDLZ,1h,Swing 1H,LONG,Swing Low,2026-06-01 10:00,1780322400000,60.9,Flip Short,2026-06-03 19:00,1780527600000,62.53,168,10231.2,28,253.1,2.4714,292.17,2.8528,169.83,1.6583,20.74,2026-07-29T13:52:33.433Z
flip-only|MDLZ|1h|1781532000000|1782309600000,flip-only,MDLZ,NASDAQ:MDLZ,1h,Swing 1H,LONG,Swing Low,2026-06-15 10:00,1781532000000,62.3,Flip Short,2026-06-24 10:00,1782309600000,62.13,168,10466.4,73,-49.46,-0.4721,0,0,489.27,4.67,20.9,2026-07-29T13:52:33.433Z
flip-only|MDLZ|1h|1782745200000|1783432800000,flip-only,MDLZ,NASDAQ:MDLZ,1h,Swing 1H,LONG,Swing Low,2026-06-29 11:00,1782745200000,59.83,Flip Short,2026-07-07 10:00,1783432800000,61,174,10410.42,57,182.56,1.7518,227.97,2.1876,393.21,3.7733,21.02,2026-07-29T13:52:33.433Z
flip-only|MDLZ|1h|1783605600000|1784224800000,flip-only,MDLZ,NASDAQ:MDLZ,1h,Swing 1H,LONG,Swing Low,2026-07-09 10:00,1783605600000,58.53,Flip Short,2026-07-16 14:00,1784224800000,61,181,10593.93,62,425.44,4.0118,450.96,4.2525,160.82,1.5166,21.63,2026-07-29T13:52:33.433Z
flip-only|PFG|1h|1756821600000|1757080800000,flip-only,PFG,NASDAQ:PFG,1h,Swing 1H,LONG,Swing Low,2025-09-02 10:00,1756821600000,79.34,Flip Short,2025-09-05 10:00,1757080800000,81.53,119,9441.46,24,241.47,2.555,304.72,3.2242,48.71,0.5154,19.14,2026-07-29T13:52:36.449Z
flip-only|PFG|1h|1757340000000|1757613600000,flip-only,PFG,NASDAQ:PFG,1h,Swing 1H,LONG,Swing Low,2025-09-08 10:00,1757340000000,78.86,Flip Short,2025-09-11 14:00,1757613600000,81.98,123,9699.78,27,363.98,3.7487,374.06,3.8525,37.99,0.3913,19.78,2026-07-29T13:52:36.449Z
flip-only|PFG|1h|1760112000000|1761573600000,flip-only,PFG,NASDAQ:PFG,1h,Swing 1H,LONG,Swing Low,2025-10-10 12:00,1760112000000,80.78,Flip Short,2025-10-27 10:00,1761573600000,80.31,124,10016.72,85,-78.26,-0.7805,147.46,1.4707,369.62,3.6863,19.98,2026-07-29T13:52:36.449Z
flip-only|PFG|1h|1761649200000|1761660000000,flip-only,PFG,NASDAQ:PFG,1h,Swing 1H,LONG,Swing Low,2025-10-28 07:00,1761649200000,78.98,Flip Short,2025-10-28 10:00,1761660000000,80.8,129,10188.42,2,214.17,2.1,312.31,3.0623,10.19,0.0999,20.61,2026-07-29T13:52:36.449Z
flip-only|PFG|1h|1762452000000|1762866000000,flip-only,PFG,NASDAQ:PFG,1h,Swing 1H,LONG,Swing Low,2025-11-06 13:00,1762452000000,81.78,Flip Short,2025-11-11 08:00,1762866000000,84,124,10140.72,22,254.72,2.5094,276.3,2.7219,34.94,0.3442,20.56,2026-07-29T13:52:36.449Z
flip-only|PFG|1h|1763406000000|1764082800000,flip-only,PFG,NASDAQ:PFG,1h,Swing 1H,LONG,Swing Low,2025-11-17 14:00,1763406000000,81.63,Flip Short,2025-11-25 10:00,1764082800000,85.15,127,10367.01,43,425.86,4.1037,505.25,4.8688,176.74,1.7031,21.18,2026-07-29T13:52:36.449Z
flip-only|PFG|1h|1764774000000|1764795600000,flip-only,PFG,NASDAQ:PFG,1h,Swing 1H,LONG,Swing Low,2025-12-03 10:00,1764774000000,84.37,Flip Short,2025-12-03 16:00,1764795600000,85.94,128,10799.36,6,179.16,1.6573,200.4,1.8538,59.44,0.5498,21.8,2026-07-29T13:52:36.449Z
flip-only|PFG|1h|1765980000000|1767628800000,flip-only,PFG,NASDAQ:PFG,1h,Swing 1H,LONG,Swing Low,2025-12-17 09:00,1765980000000,89.87,Flip Short,2026-01-05 11:00,1767628800000,90.97,126,11323.62,86,115.81,1.0217,157.52,1.3897,282.22,2.4899,22.79,2026-07-29T13:52:36.449Z
flip-only|PFG|1h|1768399200000|1769094000000,flip-only,PFG,NASDAQ:PFG,1h,Swing 1H,LONG,Swing Low,2026-01-14 09:00,1768399200000,88.77,Flip Short,2026-01-22 10:00,1769094000000,91.86,124,11007.48,40,360.76,3.2742,393.23,3.5688,215.61,1.9568,22.4,2026-07-29T13:52:36.449Z
flip-only|PFG|1h|1770674400000|1771606800000,flip-only,PFG,NASDAQ:PFG,1h,Swing 1H,LONG,Swing Low,2026-02-09 17:00,1770674400000,92.94,Flip Short,2026-02-20 12:00,1771606800000,94.21,123,11431.62,63,133.19,1.1639,346.5,3.028,468.99,4.0985,23.02,2026-07-29T13:52:36.449Z
flip-only|PFG|1h|1772550000000|1774533600000,flip-only,PFG,NASDAQ:PFG,1h,Swing 1H,LONG,Swing Low,2026-03-03 10:00,1772550000000,91.51,Flip Short,2026-03-26 10:00,1774533600000,89.63,126,11530.26,147,-259.7,-2.2501,340.01,2.9459,893.53,7.7417,22.82,2026-07-29T13:52:36.449Z
flip-only|PFG|1h|1778076000000|1779112800000,flip-only,PFG,NASDAQ:PFG,1h,Swing 1H,LONG,Swing Low,2026-05-06 10:00,1778076000000,102.3,Flip Short,2026-05-18 10:00,1779112800000,101.75,110,11253,64,-82.95,-0.7364,0,0,379.75,3.3713,22.45,2026-07-29T13:52:36.449Z
flip-only|PFG|1h|1780322400000|1780682400000,flip-only,PFG,NASDAQ:PFG,1h,Swing 1H,LONG,Swing Low,2026-06-01 10:00,1780322400000,102.92,Flip Short,2026-06-05 14:00,1780682400000,105.37,109,11218.28,37,244.35,2.1759,255.83,2.2782,232.49,2.0703,22.7,2026-07-29T13:52:36.449Z
flip-only|PFG|1h|1782309600000|1783000800000,flip-only,PFG,NASDAQ:PFG,1h,Swing 1H,LONG,Swing Low,2026-06-24 10:00,1782309600000,107.16,Flip Short,2026-07-02 10:00,1783000800000,109.53,107,11466.12,51,230.4,2.0074,278.5,2.4265,277.9,2.4212,23.19,2026-07-29T13:52:36.449Z
flip-only|PFG|1h|1784642400000|1785250800000,flip-only,PFG,NASDAQ:PFG,1h,Swing 1H,LONG,Swing Low,2026-07-21 10:00,1784642400000,108.94,Flip Short,2026-07-28 11:00,1785250800000,112.62,107,11656.58,45,370.05,3.1715,428.11,3.669,297.35,2.5483,23.71,2026-07-29T13:52:36.449Z
flip-only|OII|1h|1765555200000|1767391200000,flip-only,OII,NYSE:OII,1h,Swing 1H,LONG,Swing Low,2025-12-12 11:00,1765555200000,26.24,Flip Short,2026-01-02 17:00,1767391200000,24.75,362,9498.88,129,-557.84,-5.8668,12.22,0.1285,1117.22,11.7498,18.46,2026-07-29T13:52:39.525Z
flip-only|OII|1h|1770026400000|1770130800000,flip-only,OII,NYSE:OII,1h,Swing 1H,LONG,Swing Low,2026-02-02 05:00,1770026400000,29.44,Flip Short,2026-02-03 10:00,1770130800000,30.67,302,8890.88,18,353.31,3.9698,564.91,6.3475,147.81,1.6608,18.15,2026-07-29T13:52:39.525Z
flip-only|OII|1h|1770915600000|1771513200000,flip-only,OII,NYSE:OII,1h,Swing 1H,LONG,Swing Low,2026-02-12 12:00,1770915600000,31.87,Flip Short,2026-02-19 10:00,1771513200000,35,291,9274.17,50,891.37,9.6017,1081.98,11.6549,265.35,2.8584,19.46,2026-07-29T13:52:39.525Z
flip-only|OII|1h|1772204400000|1773158400000,flip-only,OII,NYSE:OII,1h,Swing 1H,LONG,Swing Low,2026-02-27 10:00,1772204400000,36.47,Flip Short,2026-03-10 12:00,1773158400000,35.38,277,10102.19,96,-321.83,-3.1826,485.73,4.8033,1026.69,10.1529,19.9,2026-07-29T13:52:39.525Z
flip-only|OII|1h|1773414000000|1773939600000,flip-only,OII,NYSE:OII,1h,Swing 1H,LONG,Swing Low,2026-03-13 11:00,1773414000000,33.11,Flip Short,2026-03-19 13:00,1773939600000,34.7,297,9833.67,53,452.09,4.5928,542.59,5.5121,84.08,0.8542,20.14,2026-07-29T13:52:39.525Z
flip-only|OII|1h|1774882800000|1775484000000,flip-only,OII,NYSE:OII,1h,Swing 1H,LONG,Swing Low,2026-03-30 11:00,1774882800000,36.26,Flip Short,2026-04-06 10:00,1775484000000,36.29,283,10261.58,50,-12.04,-0.1172,49.17,0.4787,751.72,7.3183,20.53,2026-07-29T13:52:39.525Z
flip-only|OII|1h|1776081600000|1776168000000,flip-only,OII,NYSE:OII,1h,Swing 1H,LONG,Swing Low,2026-04-13 08:00,1776081600000,36.1,Flip Short,2026-04-14 08:00,1776168000000,37.49,281,10144.1,12,369.91,3.6429,416.98,4.1064,57.91,0.5703,20.68,2026-07-29T13:52:39.525Z
flip-only|OII|1h|1776265200000|1776445200000,flip-only,OII,NYSE:OII,1h,Swing 1H,LONG,Swing Low,2026-04-15 11:00,1776265200000,35.35,Flip Short,2026-04-17 13:00,1776445200000,37.84,299,10569.65,26,722.63,6.83,739.92,6.9934,46.45,0.439,21.88,2026-07-29T13:52:39.525Z
flip-only|OII|1h|1776895200000|1776960000000,flip-only,OII,NYSE:OII,1h,Swing 1H,LONG,Swing Low,2026-04-22 18:00,1776895200000,36.93,Flip Short,2026-04-23 12:00,1776960000000,39.25,312,11522.16,10,700.07,6.0698,977.52,8.4753,613.68,5.3208,23.77,2026-07-29T13:52:39.525Z
flip-only|OII|1h|1777478400000|1777996800000,flip-only,OII,NYSE:OII,1h,Swing 1H,LONG,Swing Low,2026-04-29 12:00,1777478400000,36.35,Flip Short,2026-05-05 12:00,1777996800000,37.99,328,11922.8,50,513.54,4.3029,532.56,4.4623,353.04,2.9581,24.38,2026-07-29T13:52:39.525Z
flip-only|OII|1h|1778166000000|1778576400000,flip-only,OII,NYSE:OII,1h,Swing 1H,LONG,Swing Low,2026-05-07 11:00,1778166000000,36.34,Flip Short,2026-05-12 05:00,1778576400000,38.5,342,12428.28,33,713.12,5.7322,808.37,6.4978,67.15,0.5397,25.6,2026-07-29T13:52:39.525Z
flip-only|OII|1h|1778853600000|1779789600000,flip-only,OII,NYSE:OII,1h,Swing 1H,LONG,Swing Low,2026-05-15 10:00,1778853600000,37.14,Flip Short,2026-05-26 06:00,1779789600000,38.98,352,13073.28,56,620.89,4.7445,666.29,5.0915,76.43,0.5841,26.79,2026-07-29T13:52:39.525Z
flip-only|OII|1h|1779890400000|1780585200000,flip-only,OII,NYSE:OII,1h,Swing 1H,LONG,Swing Low,2026-05-27 10:00,1779890400000,37.55,Flip Short,2026-06-04 11:00,1780585200000,39.08,365,13705.75,76,530.48,3.8666,643.29,4.6889,455.36,3.3191,27.97,2026-07-29T13:52:39.525Z
flip-only|OII|1h|1780689600000|1781103600000,flip-only,OII,NYSE:OII,1h,Swing 1H,LONG,Swing Low,2026-06-05 16:00,1780689600000,36.72,Flip Short,2026-06-10 11:00,1781103600000,39.28,382,14027.04,26,948.89,6.7579,1292.41,9.2045,75.15,0.5352,29.03,2026-07-29T13:52:39.525Z
flip-only|OII|1h|1781553600000|1782396000000,flip-only,OII,NYSE:OII,1h,Swing 1H,LONG,Swing Low,2026-06-15 16:00,1781553600000,37.88,Flip Short,2026-06-25 10:00,1782396000000,37.01,398,15076.24,79,-376.07,-2.4919,148.1,0.9814,1173.26,7.7744,29.81,2026-07-29T13:52:39.525Z
flip-only|OII|1h|1783011600000|1783519200000,flip-only,OII,NYSE:OII,1h,Swing 1H,LONG,Swing Low,2026-07-02 13:00,1783011600000,38.49,Flip Short,2026-07-08 10:00,1783519200000,40.75,383,14741.67,27,835.23,5.6601,988.72,6.7003,244.54,1.6572,30.35,2026-07-29T13:52:39.525Z
flip-only|FTI|1h|1763478000000|1763647200000,flip-only,FTI,NYSE:FTI,1h,Swing 1H,LONG,Swing Low,2025-11-18 10:00,1763478000000,42.91,Flip Short,2025-11-20 09:00,1763647200000,44.03,221,9483.11,17,228.31,2.4051,308.76,3.2526,53.68,0.5655,19.21,2026-07-29T13:52:42.397Z
flip-only|FTI|1h|1765900800000|1767369600000,flip-only,FTI,NYSE:FTI,1h,Swing 1H,LONG,Swing Low,2025-12-16 11:00,1765900800000,44.38,Flip Short,2026-01-02 11:00,1767369600000,46.03,218,9674.84,103,339.99,3.5107,352.21,3.6368,419.51,4.3318,19.71,2026-07-29T13:52:42.397Z
flip-only|FTI|1h|1769774400000|1770138000000,flip-only,FTI,NYSE:FTI,1h,Swing 1H,LONG,Swing Low,2026-01-30 07:00,1769774400000,55.92,Flip Short,2026-02-03 12:00,1770138000000,56.63,178,9953.76,25,106.35,1.0673,171.61,1.7223,328.57,3.2977,20.03,2026-07-29T13:52:42.397Z
flip-only|FTI|1h|1771516800000|1771632000000,flip-only,FTI,NYSE:FTI,1h,Swing 1H,LONG,Swing Low,2026-02-19 11:00,1771516800000,58.83,Flip Short,2026-02-20 19:00,1771632000000,64,172,10118.76,18,868.11,8.5707,879.12,8.6794,18.72,0.1848,21.13,2026-07-29T13:52:42.397Z
flip-only|FTI|1h|1772701200000|1773763200000,flip-only,FTI,NYSE:FTI,1h,Swing 1H,LONG,Swing Low,2026-03-05 04:00,1772701200000,66.24,Flip Short,2026-03-17 12:00,1773763200000,65.67,167,11062.08,99,-117.22,-1.0586,0,0,952.94,8.6059,22.03,2026-07-29T13:52:42.397Z
flip-only|FTI|1h|1774890000000|1775559600000,flip-only,FTI,NYSE:FTI,1h,Swing 1H,LONG,Swing Low,2026-03-30 13:00,1774890000000,68.79,Flip Short,2026-04-07 07:00,1775559600000,72.05,157,10800.03,54,489.71,4.5298,576.38,5.3315,258.86,2.3945,22.11,2026-07-29T13:52:42.397Z
flip-only|FTI|1h|1776261600000|1776866400000,flip-only,FTI,NYSE:FTI,1h,Swing 1H,LONG,Swing Low,2026-04-15 10:00,1776261600000,71.26,Flip Short,2026-04-22 10:00,1776866400000,73.54,158,11259.08,57,337.36,2.9934,390.06,3.461,436.28,3.871,22.88,2026-07-29T13:52:42.397Z
flip-only|FTI|1h|1777554000000|1777557600000,flip-only,FTI,NYSE:FTI,1h,Swing 1H,LONG,Swing Low,2026-04-30 09:00,1777554000000,75.65,Flip Short,2026-04-30 10:00,1777557600000,76.71,154,11650.1,1,139.78,1.1986,314.83,2.6997,168.73,1.4469,23.46,2026-07-29T13:52:42.397Z
flip-only|FTI|1h|1778068800000|1778673600000,flip-only,FTI,NYSE:FTI,1h,Swing 1H,LONG,Swing Low,2026-05-06 08:00,1778068800000,73.11,Flip Short,2026-05-13 08:00,1778673600000,73.4,164,11990.04,63,23.53,0.1961,224.17,1.8678,531.87,4.4315,24.03,2026-07-29T13:52:42.397Z
flip-only|FTI|1h|1778875200000|1779116400000,flip-only,FTI,NYSE:FTI,1h,Swing 1H,LONG,Swing Low,2026-05-15 16:00,1778875200000,71.47,Flip Short,2026-05-18 11:00,1779116400000,73.96,165,11792.55,6,386.85,3.2772,427.11,3.6182,62.94,0.5332,24,2026-07-29T13:52:42.397Z
flip-only|FTI|1h|1779458400000|1780426800000,flip-only,FTI,NYSE:FTI,1h,Swing 1H,LONG,Swing Low,2026-05-22 10:00,1779458400000,71.38,Flip Short,2026-06-02 15:00,1780426800000,69.79,170,12134.6,75,-294.3,-2.4229,304.07,2.5033,942.03,7.7555,24,2026-07-29T13:52:42.397Z
flip-only|FTI|1h|1780581600000|1781100000000,flip-only,FTI,NYSE:FTI,1h,Swing 1H,LONG,Swing Low,2026-06-04 10:00,1780581600000,67.03,Flip Short,2026-06-10 10:00,1781100000000,69.41,177,11864.31,42,397.11,3.3438,453.65,3.8198,203.02,1.7095,24.15,2026-07-29T13:52:42.397Z
flip-only|FTI|1h|1781636400000|1783022400000,flip-only,FTI,NYSE:FTI,1h,Swing 1H,LONG,Swing Low,2026-06-16 15:00,1781636400000,67.27,Flip Short,2026-07-02 16:00,1783022400000,66.77,181,12175.87,124,-114.76,-0.9416,179.68,1.4743,674.64,5.5352,24.26,2026-07-29T13:52:42.397Z
flip-only|FTI|1h|1784296800000|1784721600000,flip-only,FTI,NYSE:FTI,1h,Swing 1H,LONG,Swing Low,2026-07-17 10:00,1784296800000,71.76,Flip Short,2026-07-22 08:00,1784721600000,74.85,169,12127.44,30,497.43,4.0976,525.29,4.3271,147.33,1.2136,24.78,2026-07-29T13:52:42.397Z
flip-only|FTV|1h|1756810800000|1757599200000,flip-only,FTV,NYSE:FTV,1h,Swing 1H,LONG,Swing Low,2025-09-02 07:00,1756810800000,47.1,Flip Short,2025-09-11 10:00,1757599200000,48.46,202,9514.2,57,255.42,2.6819,279.35,2.9332,122.63,1.2877,19.3,2026-07-29T13:52:45.466Z
flip-only|FTV|1h|1758740400000|1759172400000,flip-only,FTV,NYSE:FTV,1h,Swing 1H,LONG,Swing Low,2025-09-24 15:00,1758740400000,47.8,Flip Short,2025-09-29 15:00,1759172400000,49.22,203,9703.4,22,268.56,2.765,278.56,2.8678,109.17,1.124,19.7,2026-07-29T13:52:45.466Z
flip-only|FTV|1h|1760036400000|1761058800000,flip-only,FTV,NYSE:FTV,1h,Swing 1H,LONG,Swing Low,2025-10-09 15:00,1760036400000,49.24,Flip Short,2025-10-21 11:00,1761058800000,49.95,202,9946.48,65,123.38,1.2392,135.49,1.3609,327.09,3.2852,20.04,2026-07-29T13:52:45.466Z
flip-only|FTV|1h|1763409600000|1763740800000,flip-only,FTV,NYSE:FTV,1h,Swing 1H,LONG,Swing Low,2025-11-17 15:00,1763409600000,50.66,Flip Short,2025-11-21 11:00,1763740800000,52.61,199,10081.34,27,367.5,3.6417,389.91,3.8638,141.42,1.4014,20.55,2026-07-29T13:52:45.466Z
flip-only|FTV|1h|1767355200000|1768316400000,flip-only,FTV,NYSE:FTV,1h,Swing 1H,LONG,Swing Low,2026-01-02 07:00,1767355200000,55.35,Flip Short,2026-01-13 10:00,1768316400000,55.61,189,10461.15,60,28.17,0.269,99.16,0.9469,520.76,4.9731,20.97,2026-07-29T13:52:45.466Z
flip-only|FTV|1h|1768575600000|1770159600000,flip-only,FTV,NYSE:FTV,1h,Swing 1H,LONG,Swing Low,2026-01-16 10:00,1768575600000,54.37,Flip Short,2026-02-03 18:00,1770159600000,54,192,10439.04,94,-91.85,-0.879,216.12,2.0682,381,3.6461,20.81,2026-07-29T13:52:45.466Z
flip-only|FTV|1h|1770912000000|1772118000000,flip-only,FTV,NYSE:FTV,1h,Swing 1H,LONG,Swing Low,2026-02-12 11:00,1770912000000,56.39,Flip Short,2026-02-26 10:00,1772118000000,58.67,184,10375.76,66,398.35,3.8354,458.82,4.4177,271.66,2.6156,21.17,2026-07-29T13:52:45.466Z
flip-only|FTV|1h|1772809200000|1774270800000,flip-only,FTV,NYSE:FTV,1h,Swing 1H,LONG,Swing Low,2026-03-06 10:00,1772809200000,55.84,Flip Short,2026-03-23 09:00,1774270800000,56.39,192,10721.28,84,84.05,0.7832,288.8,2.691,442.72,4.1252,21.55,2026-07-29T13:52:45.466Z
flip-only|FTV|1h|1774638000000|1775142000000,flip-only,FTV,NYSE:FTV,1h,Swing 1H,LONG,Swing Low,2026-03-27 15:00,1774638000000,54.07,Flip Short,2026-04-02 11:00,1775142000000,55.97,200,10814,26,357.99,3.3071,499.19,4.6115,126.81,1.1715,22.01,2026-07-29T13:52:45.466Z
flip-only|FTV|1h|1777557600000|1779804000000,flip-only,FTV,NYSE:FTV,1h,Swing 1H,LONG,Swing Low,2026-04-30 10:00,1777557600000,58.51,Flip Short,2026-05-26 10:00,1779804000000,59.5,191,11175.41,144,166.55,1.4888,559.91,5.0052,227.01,2.0293,22.54,2026-07-29T13:52:45.466Z
flip-only|FTV|1h|1781118000000|1782921600000,flip-only,FTV,NYSE:FTV,1h,Swing 1H,LONG,Swing Low,2026-06-10 15:00,1781118000000,60.22,Flip Short,2026-07-01 12:00,1782921600000,62.27,188,11321.36,111,362.37,3.1976,511.32,4.5119,289.56,2.5551,23.03,2026-07-29T13:52:45.466Z
flip-only|FTV|1h|1784041200000|1784296800000,flip-only,FTV,NYSE:FTV,1h,Swing 1H,LONG,Swing Low,2026-07-14 11:00,1784041200000,60.59,Flip Short,2026-07-17 10:00,1784296800000,62.68,192,11633.28,24,377.61,3.2427,593.17,5.0938,351.47,3.0183,23.67,2026-07-29T13:52:45.466Z
flip-only|BUSE|1h|1753293600000|1755007200000,flip-only,BUSE,NASDAQ:BUSE,1h,Swing 1H,LONG,Swing Low,2025-07-23 14:00,1753293600000,23.46,Flip Short,2025-08-12 10:00,1755007200000,22.66,404,9477.84,98,-341.83,-3.603,200.6,2.1144,752.84,7.9352,18.63,2026-07-29T13:52:48.502Z
flip-only|BUSE|1h|1757959200000|1758135600000,flip-only,BUSE,NASDAQ:BUSE,1h,Swing 1H,LONG,Swing Low,2025-09-15 14:00,1757959200000,24.44,Flip Short,2025-09-17 15:00,1758135600000,24.67,374,9140.56,16,67.65,0.7394,237.7,2.5979,162.48,1.7758,18.37,2026-07-29T13:52:48.502Z
flip-only|BUSE|1h|1758808800000|1760533200000,flip-only,BUSE,NASDAQ:BUSE,1h,Swing 1H,LONG,Swing Low,2025-09-25 10:00,1758808800000,23.95,Flip Short,2025-10-15 09:00,1760533200000,23.8,385,9220.75,104,-76.13,-0.8249,106.28,1.1515,598.27,6.4818,18.38,2026-07-29T13:52:48.502Z
flip-only|BUSE|1h|1760641200000|1762786800000,flip-only,BUSE,NASDAQ:BUSE,1h,Swing 1H,LONG,Swing Low,2025-10-16 15:00,1760641200000,22.18,Flip Short,2025-11-10 10:00,1762786800000,23.03,412,9138.16,122,331.57,3.6248,575.9,6.2959,83.3,0.9106,18.63,2026-07-29T13:52:48.502Z
flip-only|BUSE|1h|1763409600000|1763751600000,flip-only,BUSE,NASDAQ:BUSE,1h,Swing 1H,LONG,Swing Low,2025-11-17 15:00,1763409600000,22.39,Flip Short,2025-11-21 14:00,1763751600000,23.45,421,9426.19,28,426.96,4.525,449.46,4.7635,190.46,2.0185,19.3,2026-07-29T13:52:48.502Z
flip-only|BUSE|1h|1766412000000|1767888000000,flip-only,BUSE,NASDAQ:BUSE,1h,Swing 1H,LONG,Swing Low,2025-12-22 09:00,1766412000000,25.25,Flip Short,2026-01-08 11:00,1767888000000,24.43,395,9973.75,76,-343.52,-3.4408,0,0,697.27,6.9841,19.62,2026-07-29T13:52:48.502Z
flip-only|BUSE|1h|1768338000000|1768492800000,flip-only,BUSE,NASDAQ:BUSE,1h,Swing 1H,LONG,Swing Low,2026-01-13 16:00,1768338000000,23.72,Flip Short,2026-01-15 11:00,1768492800000,24.77,402,9535.44,10,402.61,4.218,412.56,4.3223,41.7,0.4368,19.49,2026-07-29T13:52:48.502Z
flip-only|BUSE|1h|1769623200000|1770130800000,flip-only,BUSE,NASDAQ:BUSE,1h,Swing 1H,LONG,Swing Low,2026-01-28 13:00,1769623200000,24.24,Flip Short,2026-02-03 10:00,1770130800000,25.7,409,9914.16,26,576.71,5.8113,705.84,7.1124,50.81,0.512,20.43,2026-07-29T13:52:48.502Z
flip-only|BUSE|1h|1771862400000|1774281600000,flip-only,BUSE,NASDAQ:BUSE,1h,Swing 1H,LONG,Swing Low,2026-02-23 11:00,1771862400000,25.43,Flip Short,2026-03-23 12:00,1774281600000,25.22,412,10477.16,151,-107.39,-1.0239,393.28,3.75,673.8,6.4247,20.87,2026-07-29T13:52:48.502Z
flip-only|BUSE|1h|1776416400000|1776438000000,flip-only,BUSE,NASDAQ:BUSE,1h,Swing 1H,LONG,Swing Low,2026-04-17 05:00,1776416400000,26.2,Flip Short,2026-04-17 11:00,1776438000000,27.06,396,10375.2,3,319.47,3.0761,377.7,3.6368,10.38,0.0999,21.09,2026-07-29T13:52:48.502Z
flip-only|BUSE|1h|1776967200000|1778054400000,flip-only,BUSE,NASDAQ:BUSE,1h,Swing 1H,LONG,Swing Low,2026-04-23 14:00,1776967200000,26.23,Flip Short,2026-05-06 04:00,1778054400000,26.6,407,10675.61,63,129.09,1.208,457.37,4.28,348.49,3.2611,21.5,2026-07-29T13:52:48.502Z
flip-only|BUSE|1h|1778590800000|1779285600000,flip-only,BUSE,NASDAQ:BUSE,1h,Swing 1H,LONG,Swing Low,2026-05-12 09:00,1778590800000,26.38,Flip Short,2026-05-20 10:00,1779285600000,26.46,417,11000.46,46,11.33,0.1029,51.55,0.4681,348.77,3.1673,22.03,2026-07-29T13:52:48.502Z
flip-only|BUSE|1h|1780408800000|1780682400000,flip-only,BUSE,NASDAQ:BUSE,1h,Swing 1H,LONG,Swing Low,2026-06-02 10:00,1780408800000,27.3,Flip Short,2026-06-05 14:00,1780682400000,27.83,396,10810.8,25,188.05,1.7377,222.83,2.0591,200.89,1.8564,21.83,2026-07-29T13:52:48.502Z
flip-only|BUSE|1h|1781722800000|1782302400000,flip-only,BUSE,NASDAQ:BUSE,1h,Swing 1H,LONG,Swing Low,2026-06-17 15:00,1781722800000,28,Flip Short,2026-06-24 08:00,1782302400000,28.8,392,10976,26,291.33,2.6516,463.34,4.2172,101.14,0.9205,22.27,2026-07-29T13:52:48.502Z
flip-only|BUSE|1h|1783346400000|1784138400000,flip-only,BUSE,NASDAQ:BUSE,1h,Swing 1H,LONG,Swing Low,2026-07-06 10:00,1783346400000,29.7,Flip Short,2026-07-15 14:00,1784138400000,29.53,379,11256.3,61,-86.88,-0.771,0,0,500.17,4.439,22.45,2026-07-29T13:52:48.502Z
flip-only|BUSE|1h|1784818800000|1785250800000,flip-only,BUSE,NASDAQ:BUSE,1h,Swing 1H,LONG,Swing Low,2026-07-23 11:00,1784818800000,29.21,Flip Short,2026-07-28 11:00,1785250800000,30.25,383,11187.43,22,375.55,3.3535,387.13,3.457,41.83,0.3735,22.77,2026-07-29T13:52:48.502Z
flip-only|EXEL|1h|1760950800000|1761321600000,flip-only,EXEL,NASDAQ:EXEL,1h,Swing 1H,LONG,Swing Low,2025-10-20 05:00,1760950800000,35.9,Flip Short,2025-10-24 12:00,1761321600000,38.56,264,9477.6,50,682.58,7.1949,721.8,7.6083,574.44,6.0549,19.66,2026-07-29T13:52:51.484Z
flip-only|EXEL|1h|1761937200000|1762293600000,flip-only,EXEL,NASDAQ:EXEL,1h,Swing 1H,LONG,Swing Low,2025-10-31 15:00,1761937200000,38.34,Flip Short,2025-11-04 17:00,1762293600000,38.58,264,10121.76,26,43.05,0.4249,615.56,6.0755,627.88,6.1971,20.31,2026-07-29T13:52:51.484Z
flip-only|EXEL|1h|1765216800000|1766070000000,flip-only,EXEL,NASDAQ:EXEL,1h,Swing 1H,LONG,Swing Low,2025-12-08 13:00,1765216800000,42.46,Flip Short,2025-12-18 10:00,1766070000000,42.61,239,10147.94,75,15.52,0.1528,178.66,1.7588,437.96,4.3114,20.33,2026-07-29T13:52:51.484Z
flip-only|EXEL|1h|1767132000000|1767812400000,flip-only,EXEL,NASDAQ:EXEL,1h,Swing 1H,LONG,Swing Low,2025-12-30 17:00,1767132000000,44.11,Flip Short,2026-01-07 14:00,1767812400000,45.65,231,10189.41,44,335.01,3.2845,407.92,3.9994,590,5.7845,20.73,2026-07-29T13:52:51.484Z
flip-only|EXEL|1h|1769540400000|1770303600000,flip-only,EXEL,NASDAQ:EXEL,1h,Swing 1H,LONG,Swing Low,2026-01-27 14:00,1769540400000,43.39,Flip Short,2026-02-05 10:00,1770303600000,43.58,242,10500.38,65,24.93,0.2372,246.02,2.3406,697.78,6.6386,21.05,2026-07-29T13:52:51.484Z
flip-only|EXEL|1h|1770760800000|1771340400000,flip-only,EXEL,NASDAQ:EXEL,1h,Swing 1H,LONG,Swing Low,2026-02-10 17:00,1770760800000,42.99,Flip Short,2026-02-17 10:00,1771340400000,44.32,245,10532.55,35,304.46,2.8878,386.37,3.6647,512.78,4.8637,21.39,2026-07-29T13:52:51.484Z
flip-only|EXEL|1h|1772229600000|1773064800000,flip-only,EXEL,NASDAQ:EXEL,1h,Swing 1H,LONG,Swing Low,2026-02-27 17:00,1772229600000,43.2,Flip Short,2026-03-09 10:00,1773064800000,41.69,249,10756.8,59,-397.13,-3.6882,0,0,879.77,8.1705,21.14,2026-07-29T13:52:51.484Z
flip-only|EXEL|1h|1774872000000|1775052000000,flip-only,EXEL,NASDAQ:EXEL,1h,Swing 1H,LONG,Swing Low,2026-03-30 08:00,1774872000000,41.5,Flip Short,2026-04-01 10:00,1775052000000,43.76,256,10624,21,556.73,5.2351,601.22,5.6534,10.62,0.0999,21.83,2026-07-29T13:52:51.484Z
flip-only|EXEL|1h|1776722400000|1776866400000,flip-only,EXEL,NASDAQ:EXEL,1h,Swing 1H,LONG,Swing Low,2026-04-20 18:00,1776722400000,43.63,Flip Short,2026-04-22 10:00,1776866400000,46.33,251,10951.13,12,655.12,5.9762,794.76,7.2501,10.95,0.0999,22.58,2026-07-29T13:52:51.484Z
flip-only|EXEL|1h|1777471200000|1778014800000,flip-only,EXEL,NASDAQ:EXEL,1h,Swing 1H,LONG,Swing Low,2026-04-29 10:00,1777471200000,45.05,Flip Short,2026-05-05 17:00,1778014800000,45.02,257,11577.85,46,-30.86,-0.2663,91.22,0.7871,409.93,3.5371,23.15,2026-07-29T13:52:51.484Z
flip-only|EXEL|1h|1779199200000|1779782400000,flip-only,EXEL,NASDAQ:EXEL,1h,Swing 1H,LONG,Swing Low,2026-05-19 10:00,1779199200000,49,Flip Short,2026-05-26 04:00,1779782400000,50.93,236,11564,39,431.9,3.7311,460.44,3.9777,247.56,2.1387,23.58,2026-07-29T13:52:51.484Z
flip-only|EXEL|1h|1780412400000|1780599600000,flip-only,EXEL,NASDAQ:EXEL,1h,Swing 1H,LONG,Swing Low,2026-06-02 11:00,1780412400000,49.16,Flip Short,2026-06-04 15:00,1780599600000,52.64,242,11896.72,27,817.52,6.865,835.1,7.0126,212.76,1.7866,24.64,2026-07-29T13:52:51.484Z
flip-only|EXEL|1h|1781643600000|1782399600000,flip-only,EXEL,NASDAQ:EXEL,1h,Swing 1H,LONG,Swing Low,2026-06-16 17:00,1781643600000,52,Flip Short,2026-06-25 11:00,1782399600000,53.45,244,12688,61,328.07,2.5831,394.79,3.1084,317.69,2.5013,25.73,2026-07-29T13:52:51.484Z
flip-only|EXEL|1h|1784124000000|1785164400000,flip-only,EXEL,NASDAQ:EXEL,1h,Swing 1H,LONG,Swing Low,2026-07-15 10:00,1784124000000,55.46,Flip Short,2026-07-27 11:00,1785164400000,56.24,235,13033.1,72,157.05,1.2038,285.42,2.1878,297.38,2.2795,26.25,2026-07-29T13:52:51.484Z
flip-only|NVST|1h|1756828800000|1757084400000,flip-only,NVST,NYSE:NVST,1h,Swing 1H,LONG,Swing Low,2025-09-02 12:00,1756828800000,20.62,Flip Short,2025-09-05 11:00,1757084400000,20.99,460,9485.2,23,151.06,1.591,372.31,3.9213,267.09,2.813,19.14,2026-07-29T13:52:54.335Z
flip-only|NVST|1h|1758722400000|1759500000000,flip-only,NVST,NYSE:NVST,1h,Swing 1H,LONG,Swing Low,2025-09-24 10:00,1758722400000,20.86,Flip Short,2025-10-03 10:00,1759500000000,20.96,461,9616.46,58,26.82,0.2786,50.31,0.5227,553.6,5.751,19.28,2026-07-29T13:52:54.335Z
flip-only|NVST|1h|1760101200000|1760961600000,flip-only,NVST,NYSE:NVST,1h,Swing 1H,LONG,Swing Low,2025-10-10 09:00,1760101200000,19.92,Flip Short,2025-10-20 08:00,1760961600000,20.27,479,9541.68,52,148.4,1.5537,210.8,2.207,560.39,5.8672,19.25,2026-07-29T13:52:54.335Z
flip-only|NVST|1h|1761742800000|1761771600000,flip-only,NVST,NYSE:NVST,1h,Swing 1H,LONG,Swing Low,2025-10-29 09:00,1761742800000,20,Flip Short,2025-10-29 17:00,1761771600000,20.99,497,9940,8,471.66,4.7403,482.09,4.8452,44.73,0.4496,20.37,2026-07-29T13:52:54.335Z
flip-only|NVST|1h|1761847200000|1764000000000,flip-only,NVST,NYSE:NVST,1h,Swing 1H,LONG,Swing Low,2025-10-30 14:00,1761847200000,19.78,Flip Short,2025-11-24 11:00,1764000000000,20.2,518,10246.04,127,196.85,1.9193,445.59,4.3446,523.07,5.1,20.71,2026-07-29T13:52:54.335Z
flip-only|NVST|1h|1764864000000|1765303200000,flip-only,NVST,NYSE:NVST,1h,Swing 1H,LONG,Swing Low,2025-12-04 11:00,1764864000000,20.3,Flip Short,2025-12-09 13:00,1765303200000,20.98,514,10434.2,25,328.3,3.1433,339.09,3.2465,221.17,2.1176,21.22,2026-07-29T13:52:54.335Z
flip-only|NVST|1h|1767366000000|1767625200000,flip-only,NVST,NYSE:NVST,1h,Swing 1H,LONG,Swing Low,2026-01-02 10:00,1767366000000,21.78,Flip Short,2026-01-05 10:00,1767625200000,22.16,494,10759.32,8,166.01,1.5414,241.18,2.2394,109.56,1.0173,21.71,2026-07-29T13:52:54.335Z
flip-only|NVST|1h|1769436000000|1770303600000,flip-only,NVST,NYSE:NVST,1h,Swing 1H,LONG,Swing Low,2026-01-26 09:00,1769436000000,23.93,Flip Short,2026-02-05 10:00,1770303600000,25.05,457,10936.01,64,489.46,4.4712,514.61,4.701,545.63,4.9843,22.38,2026-07-29T13:52:54.335Z
flip-only|NVST|1h|1771344000000|1771945200000,flip-only,NVST,NYSE:NVST,1h,Swing 1H,LONG,Swing Low,2026-02-17 11:00,1771344000000,28.49,Flip Short,2026-02-24 10:00,1771945200000,29.5,398,11339.02,42,378.9,3.3382,418.5,3.6871,222.28,1.9583,23.08,2026-07-29T13:52:54.335Z
flip-only|NVST|1h|1772550000000|1774274400000,flip-only,NVST,NYSE:NVST,1h,Swing 1H,LONG,Swing Low,2026-03-03 10:00,1772550000000,28.07,Flip Short,2026-03-23 10:00,1774274400000,26.22,417,11705.19,108,-794.09,-6.7773,376.1,3.2099,1608.82,13.7307,22.64,2026-07-29T13:52:54.335Z
flip-only|NVST|1h|1774638000000|1775656800000,flip-only,NVST,NYSE:NVST,1h,Swing 1H,LONG,Swing Low,2026-03-27 15:00,1774638000000,24.58,Flip Short,2026-04-08 10:00,1775656800000,26.96,446,10962.68,51,1038.49,9.4635,1104.04,10.0608,269.64,2.4572,22.99,2026-07-29T13:52:54.335Z
flip-only|NVST|1h|1776967200000|1778068800000,flip-only,NVST,NYSE:NVST,1h,Swing 1H,LONG,Swing Low,2026-04-23 14:00,1776967200000,26.78,Flip Short,2026-05-06 08:00,1778068800000,26.7,446,11943.88,65,-59.53,-0.4979,398.38,3.3321,614.04,5.1359,23.85,2026-07-29T13:52:54.335Z
flip-only|NVST|1h|1778162400000|1781031600000,flip-only,NVST,NYSE:NVST,1h,Swing 1H,LONG,Swing Low,2026-05-07 10:00,1778162400000,25.67,Flip Short,2026-06-09 15:00,1781031600000,25.02,463,11885.21,190,-324.42,-2.7269,113.12,0.9509,1706.47,14.3435,23.47,2026-07-29T13:52:54.335Z
flip-only|NVST|1h|1783522800000|1784210400000,flip-only,NVST,NYSE:NVST,1h,Swing 1H,LONG,Swing Low,2026-07-08 11:00,1783522800000,25.46,Flip Short,2026-07-16 10:00,1784210400000,27.06,454,11558.84,56,702.56,6.072,746.62,6.4529,120.52,1.0416,23.84,2026-07-29T13:52:54.335Z
flip-only|NVST|1h|1784815200000|1785247200000,flip-only,NVST,NYSE:NVST,1h,Swing 1H,LONG,Swing Low,2026-07-23 10:00,1784815200000,26.12,Flip Short,2026-07-28 10:00,1785247200000,27.11,468,12224.16,27,438.41,3.5828,549.38,4.4897,171.34,1.4003,24.91,2026-07-29T13:52:54.335Z
flip-only|FAST|1h|1762459200000|1764111600000,flip-only,FAST,NASDAQ:FAST,1h,Swing 1H,LONG,Swing Low,2025-11-06 15:00,1762459200000,40.69,Flip Short,2025-11-25 18:00,1764111600000,40.2,233,9480.77,144,-133.02,-1.4016,176.92,1.8642,407.91,4.2982,18.85,2026-07-29T13:52:57.319Z
flip-only|FAST|1h|1765314000000|1765551600000,flip-only,FAST,NASDAQ:FAST,1h,Swing 1H,LONG,Swing Low,2025-12-09 16:00,1765314000000,40.32,Flip Short,2025-12-12 10:00,1765551600000,41.92,232,9354.24,25,352.12,3.7605,424.49,4.5334,74.31,0.7937,19.08,2026-07-29T13:52:57.319Z
flip-only|FAST|1h|1766415600000|1767733200000,flip-only,FAST,NASDAQ:FAST,1h,Swing 1H,LONG,Swing Low,2025-12-22 10:00,1766415600000,41.39,Flip Short,2026-01-06 16:00,1767733200000,40.83,234,9685.26,79,-150.28,-1.5501,130.71,1.3483,367.71,3.7928,19.24,2026-07-29T13:52:57.319Z
flip-only|FAST|1h|1768914000000|1769025600000,flip-only,FAST,NASDAQ:FAST,1h,Swing 1H,LONG,Swing Low,2026-01-20 08:00,1768914000000,40.9,Flip Short,2026-01-21 15:00,1769025600000,44.64,233,9529.7,18,851.49,8.9262,903.83,9.4749,58.46,0.6128,19.93,2026-07-29T13:52:57.319Z
flip-only|FAST|1h|1769709600000|1770048000000,flip-only,FAST,NASDAQ:FAST,1h,Swing 1H,LONG,Swing Low,2026-01-29 13:00,1769709600000,43.2,Flip Short,2026-02-02 11:00,1770048000000,44.25,239,10324.8,25,230.05,2.2259,254.97,2.467,120.26,1.1637,20.9,2026-07-29T13:52:57.319Z
flip-only|FAST|1h|1770735600000|1772467200000,flip-only,FAST,NASDAQ:FAST,1h,Swing 1H,LONG,Swing Low,2026-02-10 10:00,1770735600000,46.62,Flip Short,2026-03-02 11:00,1772467200000,46.26,227,10582.74,131,-102.8,-0.9705,264.09,2.493,489.55,4.6213,21.08,2026-07-29T13:52:57.319Z
flip-only|FAST|1h|1773345600000|1774440000000,flip-only,FAST,NASDAQ:FAST,1h,Swing 1H,LONG,Swing Low,2026-03-12 16:00,1773345600000,45.01,Flip Short,2026-03-25 08:00,1774440000000,45.11,231,10397.31,85,2.28,0.0219,255.25,2.4525,366.14,3.5179,20.82,2026-07-29T13:52:57.319Z
flip-only|FAST|1h|1775588400000|1775656800000,flip-only,FAST,NASDAQ:FAST,1h,Swing 1H,LONG,Swing Low,2026-04-07 15:00,1775588400000,45.16,Flip Short,2026-04-08 10:00,1775656800000,47.48,232,10477.12,6,516.75,4.9272,532.4,5.0765,24.4,0.2326,21.49,2026-07-29T13:52:57.319Z
flip-only|FAST|1h|1776175200000|1776445200000,flip-only,FAST,NASDAQ:FAST,1h,Swing 1H,LONG,Swing Low,2026-04-14 10:00,1776175200000,44.57,Flip Short,2026-04-17 13:00,1776445200000,45.87,246,10964.22,42,297.55,2.7111,318.68,2.9036,269.26,2.4534,22.25,2026-07-29T13:52:57.319Z
flip-only|FAST|1h|1777060800000|1777989600000,flip-only,FAST,NASDAQ:FAST,1h,Swing 1H,LONG,Swing Low,2026-04-24 16:00,1777060800000,44.94,Flip Short,2026-05-05 10:00,1777989600000,44.87,252,11324.88,71,-40.27,-0.3553,142.4,1.2561,500.2,4.4125,22.63,2026-07-29T13:52:57.319Z
flip-only|FAST|1h|1778252400000|1778853600000,flip-only,FAST,NASDAQ:FAST,1h,Swing 1H,LONG,Swing Low,2026-05-08 11:00,1778252400000,43.96,Flip Short,2026-05-15 10:00,1778853600000,43.49,255,11209.8,51,-142.15,-1.2668,134.14,1.1954,363.11,3.236,22.3,2026-07-29T13:52:57.319Z
flip-only|FAST|1h|1779372000000|1779804000000,flip-only,FAST,NASDAQ:FAST,1h,Swing 1H,LONG,Swing Low,2026-05-21 10:00,1779372000000,43.21,Flip Short,2026-05-26 10:00,1779804000000,44.43,256,11061.76,23,289.88,2.618,319.18,2.8825,52.02,0.4698,22.44,2026-07-29T13:52:57.319Z
flip-only|FAST|1h|1780322400000|1780495200000,flip-only,FAST,NASDAQ:FAST,1h,Swing 1H,LONG,Swing Low,2026-06-01 10:00,1780322400000,43.88,Flip Short,2026-06-03 10:00,1780495200000,46.13,258,11321.04,24,557.28,4.9176,569.18,5.0226,168.7,1.4887,23.22,2026-07-29T13:52:57.319Z
flip-only|FAST|1h|1781121600000|1781521200000,flip-only,FAST,NASDAQ:FAST,1h,Swing 1H,LONG,Swing Low,2026-06-10 16:00,1781121600000,46.01,Flip Short,2026-06-15 07:00,1781521200000,46.87,258,11870.58,18,197.92,1.6656,434.47,3.6564,50.57,0.4256,23.96,2026-07-29T13:52:57.319Z
flip-only|FAST|1h|1781618400000|1782396000000,flip-only,FAST,NASDAQ:FAST,1h,Swing 1H,LONG,Swing Low,2026-06-16 10:00,1781618400000,46.27,Flip Short,2026-06-25 10:00,1782396000000,47.53,260,12030.2,61,303.21,2.5179,336.37,2.7933,435.83,3.6192,24.39,2026-07-29T13:52:57.319Z
flip-only|FAST|1h|1783447200000|1784037600000,flip-only,FAST,NASDAQ:FAST,1h,Swing 1H,LONG,Swing Low,2026-07-07 14:00,1783447200000,47.1,Flip Short,2026-07-14 10:00,1784037600000,48.73,262,12340.2,55,401.95,3.254,430.44,3.4846,578.26,4.6813,25.11,2026-07-29T13:52:57.319Z
flip-only|FAST|1h|1784041200000|1784836800000,flip-only,FAST,NASDAQ:FAST,1h,Swing 1H,LONG,Swing Low,2026-07-14 11:00,1784041200000,45.33,Flip Short,2026-07-23 16:00,1784836800000,45.94,280,12692.4,88,145.24,1.1432,477.31,3.7568,368.29,2.8988,25.56,2026-07-29T13:52:57.319Z
flip-only|KMT|1h|1756911600000|1757080800000,flip-only,KMT,NYSE:KMT,1h,Swing 1H,LONG,Swing Low,2025-09-03 11:00,1756911600000,21.14,Flip Short,2025-09-05 10:00,1757080800000,22.05,448,9470.72,14,388.33,4.0962,443.01,4.673,13.95,0.1472,19.35,2026-07-29T13:53:00.180Z
flip-only|KMT|1h|1757433600000|1758218400000,flip-only,KMT,NYSE:KMT,1h,Swing 1H,LONG,Swing Low,2025-09-09 12:00,1757433600000,21.09,Flip Short,2025-09-18 14:00,1758218400000,21.4,467,9849.03,56,124.93,1.2672,186.29,1.8896,308.73,3.1315,19.84,2026-07-29T13:53:00.180Z
flip-only|KMT|1h|1758808800000|1759431600000,flip-only,KMT,NYSE:KMT,1h,Swing 1H,LONG,Swing Low,2025-09-25 10:00,1758808800000,20.55,Flip Short,2025-10-02 15:00,1759431600000,21.36,486,9987.3,42,373.29,3.7339,388.53,3.8864,9.99,0.0999,20.37,2026-07-29T13:53:00.180Z
flip-only|KMT|1h|1760112000000|1760468400000,flip-only,KMT,NYSE:KMT,1h,Swing 1H,LONG,Swing Low,2025-10-10 12:00,1760112000000,20.65,Flip Short,2025-10-14 15:00,1760468400000,22.1,500,10325,20,703.63,6.808,714.67,6.9149,145.32,1.4061,21.38,2026-07-29T13:53:00.180Z
flip-only|KMT|1h|1761843600000|1762344000000,flip-only,KMT,NYSE:KMT,1h,Swing 1H,LONG,Swing Low,2025-10-30 13:00,1761843600000,22.22,Flip Short,2025-11-05 07:00,1762344000000,24.11,494,10976.68,28,910.77,8.2891,1357.4,12.3539,519.8,4.7307,22.89,2026-07-29T13:53:00.180Z
flip-only|KMT|1h|1763413200000|1764003600000,flip-only,KMT,NYSE:KMT,1h,Swing 1H,LONG,Swing Low,2025-11-17 16:00,1763413200000,25.71,Flip Short,2025-11-24 12:00,1764003600000,27.34,457,11749.47,33,720.67,6.1275,733.16,6.2337,235.68,2.0039,24.24,2026-07-29T13:53:00.180Z
flip-only|KMT|1h|1766156400000|1766584800000,flip-only,KMT,NYSE:KMT,1h,Swing 1H,LONG,Swing Low,2025-12-19 10:00,1766156400000,28.37,Flip Short,2025-12-24 09:00,1766584800000,29.13,443,12567.91,20,311.21,2.4737,465.87,3.7031,70.16,0.5577,25.47,2026-07-29T13:53:00.180Z
flip-only|KMT|1h|1770994800000|1771945200000,flip-only,KMT,NYSE:KMT,1h,Swing 1H,LONG,Swing Low,2026-02-13 10:00,1770994800000,38.9,Flip Short,2026-02-24 10:00,1771945200000,40.33,330,12837,50,445.75,3.4689,459.06,3.5725,309.84,2.4112,26.15,2026-07-29T13:53:00.180Z
flip-only|KMT|1h|1772809200000|1775052000000,flip-only,KMT,NYSE:KMT,1h,Swing 1H,LONG,Swing Low,2026-03-06 10:00,1772809200000,37.64,Flip Short,2026-04-01 10:00,1775052000000,37.04,353,13286.92,150,-238.16,-1.7907,1056.3,7.942,1400.58,10.5305,26.36,2026-07-29T13:53:00.180Z
flip-only|KMT|1h|1777644000000|1778065200000,flip-only,KMT,NYSE:KMT,1h,Swing 1H,LONG,Swing Low,2026-05-01 10:00,1777644000000,38.25,Flip Short,2026-05-06 07:00,1778065200000,41,339,12966.75,24,905.38,6.9754,1258.28,9.6942,548.59,4.2265,26.87,2026-07-29T13:53:00.180Z
flip-only|KMT|1h|1778266800000|1779469200000,flip-only,KMT,NYSE:KMT,1h,Swing 1H,LONG,Swing Low,2026-05-08 15:00,1778266800000,36.74,Flip Short,2026-05-22 13:00,1779469200000,36.01,378,13887.72,78,-303.44,-2.1828,330.09,2.3745,1079.85,7.7678,27.5,2026-07-29T13:53:00.180Z
flip-only|KMT|1h|1779976800000|1780664400000,flip-only,KMT,NYSE:KMT,1h,Swing 1H,LONG,Swing Low,2026-05-28 10:00,1779976800000,33.48,Flip Short,2026-06-05 09:00,1780664400000,32.46,406,13592.88,50,-440.89,-3.2403,303.09,2.2275,724.09,5.3217,26.77,2026-07-29T13:53:00.180Z
flip-only|KMT|1h|1782324000000|1784037600000,flip-only,KMT,NYSE:KMT,1h,Swing 1H,LONG,Swing Low,2026-06-24 14:00,1782324000000,34.53,Flip Short,2026-07-14 10:00,1784037600000,34.28,382,13190.46,102,-121.79,-0.9224,769.91,5.831,727.53,5.5101,26.29,2026-07-29T13:53:00.180Z
flip-only|KMT|1h|1784296800000|1785160800000,flip-only,KMT,NYSE:KMT,1h,Swing 1H,LONG,Swing Low,2026-07-17 10:00,1784296800000,33.93,Flip Short,2026-07-27 10:00,1785160800000,35.61,385,13063.05,45,620.03,4.7417,883.99,6.7603,317.21,2.4259,26.77,2026-07-29T13:53:00.180Z
flip-only|COGT|1h|1761141600000|1761739200000,flip-only,COGT,NASDAQ:COGT,1h,Swing 1H,LONG,Swing Low,2025-10-22 10:00,1761141600000,15.02,Flip Short,2025-10-29 08:00,1761739200000,15.91,631,9477.62,47,542.07,5.7138,1056.91,11.1405,514.28,5.4208,19.52,2026-07-29T14:48:41.463Z
flip-only|COGT|1h|1762210800000|1762779600000,flip-only,COGT,NASDAQ:COGT,1h,Swing 1H,LONG,Swing Low,2025-11-03 18:00,1762210800000,15.38,Flip Short,2025-11-10 08:00,1762779600000,33.5,647,9950.86,35,11692.01,117.3802,16747.35,168.1324,1032.21,10.3627,31.63,2026-07-29T14:48:41.463Z
flip-only|COGT|1h|1765393200000|1768402800000,flip-only,COGT,NASDAQ:COGT,1h,Swing 1H,LONG,Swing Low,2025-12-10 14:00,1765393200000,38.19,Flip Short,2026-01-14 10:00,1768402800000,37.89,552,21080.88,206,-207.6,-0.9838,2578.84,12.2209,2924.6,13.8594,42,2026-07-29T14:48:41.463Z
flip-only|COGT|1h|1769194800000|1771354800000,flip-only,COGT,NASDAQ:COGT,1h,Swing 1H,LONG,Swing Low,2026-01-23 14:00,1769194800000,37.07,Flip Short,2026-02-17 14:00,1771354800000,38.38,564,20907.48,131,696.29,3.327,1417.29,6.7721,895.11,4.277,42.55,2026-07-29T14:48:41.463Z
flip-only|COGT|1h|1772550000000|1774447200000,flip-only,COGT,NASDAQ:COGT,1h,Swing 1H,LONG,Swing Low,2026-03-03 10:00,1772550000000,36.66,Flip Short,2026-03-25 10:00,1774447200000,36.26,588,21556.08,179,-278.08,-1.2887,784,3.6334,2338.28,10.8366,42.88,2026-07-29T14:48:41.463Z
flip-only|COGT|1h|1775062800000|1776679200000,flip-only,COGT,NASDAQ:COGT,1h,Swing 1H,LONG,Swing Low,2026-04-01 13:00,1775062800000,34.88,Flip Short,2026-04-20 06:00,1776679200000,36.75,611,21311.68,114,1098.8,5.1507,2104.97,9.8672,668.97,3.1359,43.77,2026-07-29T14:48:41.463Z
flip-only|COGT|1h|1776967200000|1778076000000,flip-only,COGT,NASDAQ:COGT,1h,Swing 1H,LONG,Swing Low,2026-04-23 14:00,1776967200000,35.75,Flip Short,2026-05-06 10:00,1778076000000,36.71,624,22308,84,553.82,2.4801,1256.89,5.6286,377.99,1.6927,45.22,2026-07-29T14:48:41.463Z
flip-only|COGT|1h|1778162400000|1779890400000,flip-only,COGT,NASDAQ:COGT,1h,Swing 1H,LONG,Swing Low,2026-05-07 10:00,1778162400000,35.17,Flip Short,2026-05-27 10:00,1779890400000,34.23,650,22860.5,120,-656.11,-2.8672,185.14,0.8091,2811.36,12.2856,45.11,2026-07-29T14:48:41.463Z
flip-only|COGT|1h|1780408800000|1781276400000,flip-only,COGT,NASDAQ:COGT,1h,Swing 1H,LONG,Swing Low,2026-06-02 10:00,1780408800000,32.08,Flip Short,2026-06-12 11:00,1781276400000,33.3,692,22199.36,73,799,3.5956,1036.56,4.6647,811.08,3.65,45.24,2026-07-29T14:48:41.463Z
flip-only|COGT|1h|1783951200000|1784552400000,flip-only,COGT,NASDAQ:COGT,1h,Swing 1H,LONG,Swing Low,2026-07-13 10:00,1783951200000,37.79,Flip Short,2026-07-20 09:00,1784552400000,39.5,608,22976.32,43,992.69,4.3162,1199.1,5.2137,594.5,2.5848,46.99,2026-07-29T14:48:41.463Z
flip-only|APA|1h|1767625200000|1767970800000,flip-only,APA,NASDAQ:APA,1h,Swing 1H,LONG,Swing Low,2026-01-05 10:00,1767625200000,23.81,Flip Short,2026-01-09 10:00,1767970800000,25.55,398,9476.38,53,672.87,7.0935,746.72,7.872,232.36,2.4495,19.65,2026-07-29T14:48:44.521Z
flip-only|APA|1h|1768996800000|1769072400000,flip-only,APA,NASDAQ:APA,1h,Swing 1H,LONG,Swing Low,2026-01-21 07:00,1768996800000,25.04,Flip Short,2026-01-22 04:00,1769072400000,26.5,404,10116.16,12,569.02,5.6192,668.6,6.6027,18.2,0.1797,20.82,2026-07-29T14:48:44.521Z
flip-only|APA|1h|1769443200000|1769691600000,flip-only,APA,NASDAQ:APA,1h,Swing 1H,LONG,Swing Low,2026-01-26 11:00,1769443200000,25.09,Flip Short,2026-01-29 08:00,1769691600000,26.55,425,10663.25,37,598.55,5.6076,609.84,5.7133,48.91,0.4583,21.95,2026-07-29T14:48:44.521Z
flip-only|APA|1h|1770026400000|1770217200000,flip-only,APA,NASDAQ:APA,1h,Swing 1H,LONG,Swing Low,2026-02-02 05:00,1770026400000,25.37,Flip Short,2026-02-04 10:00,1770217200000,27.01,445,11289.65,29,706.49,6.2516,847.56,7.4999,51.34,0.4543,23.31,2026-07-29T14:48:44.521Z
flip-only|APA|1h|1770915600000|1771434000000,flip-only,APA,NASDAQ:APA,1h,Swing 1H,LONG,Swing Low,2026-02-12 12:00,1770915600000,27.05,Flip Short,2026-02-18 12:00,1771434000000,28.52,440,11902,40,622.35,5.2237,696.5,5.8461,271.5,2.2789,24.45,2026-07-29T14:48:44.521Z
flip-only|APA|1h|1772031600000|1772125200000,flip-only,APA,NASDAQ:APA,1h,Swing 1H,LONG,Swing Low,2026-02-25 10:00,1772031600000,28.02,Flip Short,2026-02-26 12:00,1772125200000,28.86,446,12496.92,16,349.27,2.7921,763.54,6.1037,387.14,3.0948,25.37,2026-07-29T14:48:44.521Z
flip-only|APA|1h|1773165600000|1773410400000,flip-only,APA,NASDAQ:APA,1h,Swing 1H,LONG,Swing Low,2026-03-10 14:00,1773165600000,31.73,Flip Short,2026-03-13 10:00,1773410400000,34.18,404,12818.92,34,963.17,7.5062,976.98,7.6138,85.54,0.6666,26.63,2026-07-29T14:48:44.521Z
flip-only|APA|1h|1774980000000|1775570400000,flip-only,APA,NASDAQ:APA,1h,Swing 1H,LONG,Swing Low,2026-03-31 14:00,1774980000000,41.74,Flip Short,2026-04-07 10:00,1775570400000,43.85,329,13732.46,56,666.03,4.8452,821.93,5.9793,461.17,3.3549,28.16,2026-07-29T14:48:44.521Z
flip-only|APA|1h|1775602800000|1776866400000,flip-only,APA,NASDAQ:APA,1h,Swing 1H,LONG,Swing Low,2026-04-07 19:00,1775602800000,39.51,Flip Short,2026-04-22 10:00,1776866400000,37.95,362,14302.62,154,-592.76,-4.1403,268.06,1.8723,2211.64,15.4478,28.04,2026-07-29T14:48:44.521Z
flip-only|APA|1h|1778065200000|1778839200000,flip-only,APA,NASDAQ:APA,1h,Swing 1H,LONG,Swing Low,2026-05-06 07:00,1778065200000,38.36,Flip Short,2026-05-15 06:00,1778839200000,37.55,360,13809.6,102,-318.93,-2.3072,504.59,3.6503,1162.21,8.4075,27.33,2026-07-29T14:48:44.521Z
flip-only|APA|1h|1779386400000|1780480800000,flip-only,APA,NASDAQ:APA,1h,Swing 1H,LONG,Swing Low,2026-05-21 14:00,1779386400000,38.03,Flip Short,2026-06-03 06:00,1780480800000,38.27,355,13500.65,97,58.11,0.43,387.65,2.8685,819.35,6.0629,27.09,2026-07-29T14:48:44.521Z
flip-only|APA|1h|1780675200000|1781110800000,flip-only,APA,NASDAQ:APA,1h,Swing 1H,LONG,Swing Low,2026-06-05 12:00,1780675200000,36.92,Flip Short,2026-06-10 13:00,1781110800000,38.5,368,13586.56,35,553.69,4.0712,578.89,4.2565,495.67,3.6446,27.75,2026-07-29T14:48:44.521Z
flip-only|APA|1h|1781514000000|1783440000000,flip-only,APA,NASDAQ:APA,1h,Swing 1H,LONG,Swing Low,2026-06-15 05:00,1781514000000,35.69,Flip Short,2026-07-07 12:00,1783440000000,33.16,392,13990.48,175,-1018.75,-7.2745,91.85,0.6559,1550.63,11.0724,26.99,2026-07-29T14:48:44.521Z
flip-only|FRO|1h|1769097600000|1769187600000,flip-only,FRO,NYSE:FRO,1h,Swing 1H,LONG,Swing Low,2026-01-22 11:00,1769097600000,25.56,Flip Short,2026-01-23 12:00,1769187600000,26.52,371,9482.76,15,336.84,3.5486,346.68,3.6522,183.85,1.9369,19.32,2026-07-29T14:48:47.503Z
flip-only|FRO|1h|1770303600000|1770400800000,flip-only,FRO,NYSE:FRO,1h,Swing 1H,LONG,Swing Low,2026-02-05 10:00,1770303600000,28.28,Flip Short,2026-02-06 13:00,1770400800000,29.24,347,9813.16,15,313.16,3.188,371.89,3.7859,221.48,2.2547,19.96,2026-07-29T14:48:47.503Z
flip-only|FRO|1h|1772622000000|1773158400000,flip-only,FRO,NYSE:FRO,1h,Swing 1H,LONG,Swing Low,2026-03-04 06:00,1772622000000,35.65,Flip Short,2026-03-10 12:00,1773158400000,36.26,282,10053.3,65,151.74,1.5079,336.81,3.3469,588.15,5.8445,20.28,2026-07-29T14:48:47.503Z
flip-only|FRO|1h|1773252000000|1773824400000,flip-only,FRO,NYSE:FRO,1h,Swing 1H,LONG,Swing Low,2026-03-11 14:00,1773252000000,33.48,Flip Short,2026-03-18 05:00,1773824400000,32.12,306,10244.88,68,-436.23,-4.2538,139.7,1.3622,1310.74,12.7814,20.07,2026-07-29T14:48:47.503Z
flip-only|FRO|1h|1774256400000|1774267200000,flip-only,FRO,NYSE:FRO,1h,Swing 1H,LONG,Swing Low,2026-03-23 05:00,1774256400000,30.73,Flip Short,2026-03-23 08:00,1774267200000,32.49,317,9741.41,3,537.88,5.5161,1042.7,10.6931,9.74,0.0999,20.04,2026-07-29T14:48:47.503Z
flip-only|FRO|1h|1774612800000|1774969200000,flip-only,FRO,NYSE:FRO,1h,Swing 1H,LONG,Swing Low,2026-03-27 08:00,1774612800000,33.22,Flip Short,2026-03-31 11:00,1774969200000,34.73,310,10298.2,32,447.04,4.3366,541.5,5.253,100.2,0.972,21.06,2026-07-29T14:48:47.503Z
flip-only|FRO|1h|1775833200000|1776254400000,flip-only,FRO,NYSE:FRO,1h,Swing 1H,LONG,Swing Low,2026-04-10 11:00,1775833200000,34.17,Flip Short,2026-04-15 08:00,1776254400000,35.96,315,10763.55,41,541.76,5.0282,553.09,5.1334,158.81,1.474,22.09,2026-07-29T14:48:47.503Z
flip-only|FRO|1h|1776866400000|1777320000000,flip-only,FRO,NYSE:FRO,1h,Swing 1H,LONG,Swing Low,2026-04-22 10:00,1776866400000,34.46,Flip Short,2026-04-27 16:00,1777320000000,35.98,327,11268.42,48,474.01,4.2023,544.63,4.8284,315.38,2.796,23.03,2026-07-29T14:48:47.503Z
flip-only|FRO|1h|1778680800000|1779181200000,flip-only,FRO,NYSE:FRO,1h,Swing 1H,LONG,Swing Low,2026-05-13 10:00,1778680800000,37.54,Flip Short,2026-05-19 05:00,1779181200000,38.39,312,11712.48,50,241.51,2.0599,253.49,2.1621,457.87,3.9054,23.69,2026-07-29T14:48:47.503Z
flip-only|FRO|1h|1779458400000|1780671600000,flip-only,FRO,NYSE:FRO,1h,Swing 1H,LONG,Swing Low,2026-05-22 10:00,1779458400000,37.57,Flip Short,2026-06-05 11:00,1780671600000,35.34,318,11947.26,124,-732.33,-6.1235,0,0,1325.29,11.0817,23.19,2026-07-29T14:48:47.503Z
flip-only|FRO|1h|1781773200000|1781809200000,flip-only,FRO,NYSE:FRO,1h,Swing 1H,LONG,Swing Low,2026-06-18 05:00,1781773200000,38.09,Flip Short,2026-06-18 15:00,1781809200000,40.55,295,11236.55,10,702.5,6.2457,770.51,6.8504,276.74,2.4604,23.2,2026-07-29T14:48:47.503Z
flip-only|FRO|1h|1782403200000|1783000800000,flip-only,FRO,NYSE:FRO,1h,Swing 1H,LONG,Swing Low,2026-06-25 12:00,1782403200000,39.6,Flip Short,2026-07-02 10:00,1783000800000,36.65,301,11919.6,70,-910.9,-7.6344,6.14,0.0515,1715.58,14.3786,22.95,2026-07-29T14:48:47.503Z
flip-only|FRO|1h|1783605600000|1783951200000,flip-only,FRO,NYSE:FRO,1h,Swing 1H,LONG,Swing Low,2026-07-09 10:00,1783605600000,36.23,Flip Short,2026-07-13 10:00,1783951200000,37.95,305,11050.15,28,501.98,4.5382,861.25,7.7862,163.55,1.4786,22.62,2026-07-29T14:48:47.503Z
flip-only|FRO|1h|1784282400000|1784646000000,flip-only,FRO,NYSE:FRO,1h,Swing 1H,LONG,Swing Low,2026-07-17 06:00,1784282400000,36.82,Flip Short,2026-07-21 11:00,1784646000000,38.06,313,11524.66,32,364.68,3.1612,495.54,4.2955,358.95,3.1116,23.44,2026-07-29T14:48:47.503Z
flip-only|CURB|1h|1753794000000|1753797600000,flip-only,CURB,NYSE:CURB,1h,Swing 1H,LONG,Swing Low,2025-07-29 09:00,1753794000000,23.03,Flip Short,2025-07-29 10:00,1753797600000,23.33,425,9787.75,1,107.8,1.1002,419.46,4.2813,9.79,0.0999,19.7,2026-07-29T14:48:50.651Z
flip-only|CURB|1h|1753966800000|1754917200000,flip-only,CURB,NYSE:CURB,1h,Swing 1H,LONG,Swing Low,2025-07-31 09:00,1753966800000,22.5,Flip Short,2025-08-11 09:00,1754917200000,22,428,9630,50,-233.05,-2.4176,195.81,2.0313,373.43,3.8739,19.05,2026-07-29T14:48:50.651Z
flip-only|CURB|1h|1756468800000|1757077200000,flip-only,CURB,NYSE:CURB,1h,Swing 1H,LONG,Swing Low,2025-08-29 08:00,1756468800000,22.03,Flip Short,2025-09-05 09:00,1757077200000,22.7,433,9538.99,30,270.74,2.8354,375.83,3.936,165.42,1.7324,19.37,2026-07-29T14:48:50.651Z
flip-only|CURB|1h|1757595600000|1759410000000,flip-only,CURB,NYSE:CURB,1h,Swing 1H,LONG,Swing Low,2025-09-11 09:00,1757595600000,22.18,Flip Short,2025-10-02 09:00,1759410000000,23.25,437,9692.66,109,447.74,4.6147,1056.59,10.89,114.57,1.1809,19.85,2026-07-29T14:48:50.651Z
flip-only|CURB|1h|1760360400000|1760709600000,flip-only,CURB,NYSE:CURB,1h,Swing 1H,LONG,Swing Low,2025-10-13 09:00,1760360400000,22.59,Flip Short,2025-10-17 10:00,1760709600000,23.18,449,10142.91,33,244.36,2.4068,353.55,3.4822,167.29,1.6477,20.55,2026-07-29T14:48:50.651Z
flip-only|CURB|1h|1764946800000|1766156400000,flip-only,CURB,NYSE:CURB,1h,Swing 1H,LONG,Swing Low,2025-12-05 10:00,1764946800000,23.8,Flip Short,2025-12-19 10:00,1766156400000,23.2,435,10353,72,-281.44,-2.7158,107.1,1.0334,649.8,6.2702,20.45,2026-07-29T14:48:50.651Z
flip-only|CURB|1h|1769630400000|1770044400000,flip-only,CURB,NYSE:CURB,1h,Swing 1H,LONG,Swing Low,2026-01-28 15:00,1769630400000,23.66,Flip Short,2026-02-02 10:00,1770044400000,24.37,423,10008.18,19,280.01,2.795,400.3,3.9958,98.84,0.9866,20.32,2026-07-29T14:48:50.651Z
flip-only|CURB|1h|1773064800000|1775142000000,flip-only,CURB,NYSE:CURB,1h,Swing 1H,LONG,Swing Low,2026-03-09 10:00,1773064800000,26.5,Flip Short,2026-04-02 11:00,1775142000000,26.17,387,10255.5,147,-148.09,-1.4426,500.58,4.8763,482.4,4.6991,20.38,2026-07-29T14:48:50.651Z
flip-only|CURB|1h|1776862800000|1776956400000,flip-only,CURB,NYSE:CURB,1h,Swing 1H,LONG,Swing Low,2026-04-22 09:00,1776862800000,27.01,Flip Short,2026-04-23 11:00,1776956400000,28.2,374,10101.74,11,424.41,4.1972,449.92,4.4494,77.42,0.7657,20.65,2026-07-29T14:48:50.651Z
flip-only|CURB|1h|1777903200000|1779303600000,flip-only,CURB,NYSE:CURB,1h,Swing 1H,LONG,Swing Low,2026-05-04 10:00,1777903200000,27.53,Flip Short,2026-05-20 15:00,1779303600000,28.32,383,10543.99,101,281.18,2.6641,334.16,3.166,282.47,2.6763,21.39,2026-07-29T14:48:50.651Z
flip-only|CURB|1h|1781787600000|1782414000000,flip-only,CURB,NYSE:CURB,1h,Swing 1H,LONG,Swing Low,2026-06-18 09:00,1781787600000,30.03,Flip Short,2026-06-25 15:00,1782414000000,31.24,367,11021.01,38,421.58,3.8215,462.41,4.1915,385.36,3.4931,22.49,2026-07-29T14:48:50.651Z
flip-only|CURB|1h|1785247200000|1785250800000,flip-only,CURB,NYSE:CURB,1h,Swing 1H,LONG,Swing Low,2026-07-28 10:00,1785247200000,31.55,Flip Short,2026-07-28 11:00,1785250800000,31.64,354,11168.7,1,9.49,0.0849,201.23,1.7999,92.59,0.8282,22.37,2026-07-29T14:48:50.651Z
flip-only|BNL|1h|1758146400000|1759500000000,flip-only,BNL,NYSE:BNL,1h,Swing 1H,LONG,Swing Low,2025-09-17 18:00,1758146400000,18.55,Flip Short,2025-10-03 10:00,1759500000000,18.65,518,9608.9,90,32.53,0.3382,119.89,1.2465,465.45,4.8391,19.27,2026-07-29T14:48:53.868Z
flip-only|BNL|1h|1760112000000|1760713200000,flip-only,BNL,NYSE:BNL,1h,Swing 1H,LONG,Swing Low,2025-10-10 12:00,1760112000000,18.17,Flip Short,2025-10-17 11:00,1760713200000,18.67,524,9521.08,38,242.7,2.5465,262.96,2.7591,109.08,1.1445,19.3,2026-07-29T14:48:53.868Z
flip-only|BNL|1h|1761660000000|1762527600000,flip-only,BNL,NYSE:BNL,1h,Swing 1H,LONG,Swing Low,2025-10-28 10:00,1761660000000,18.57,Flip Short,2025-11-07 10:00,1762527600000,17.88,525,9749.25,60,-381.39,-3.908,216,2.2133,540,5.5333,19.14,2026-07-29T14:48:53.868Z
flip-only|BNL|1h|1763571600000|1764003600000,flip-only,BNL,NYSE:BNL,1h,Swing 1H,LONG,Swing Low,2025-11-19 12:00,1763571600000,18.09,Flip Short,2025-11-24 12:00,1764003600000,18.41,519,9388.71,22,147.14,1.5656,198.21,2.1091,113.19,1.2044,18.94,2026-07-29T14:48:53.868Z
flip-only|BNL|1h|1764165600000|1765465200000,flip-only,BNL,NYSE:BNL,1h,Swing 1H,LONG,Swing Low,2025-11-26 09:00,1764165600000,17.84,Flip Short,2025-12-11 10:00,1765465200000,17.66,537,9580.08,76,-115.72,-1.2068,0,0,353.26,3.6838,19.06,2026-07-29T14:48:53.868Z
flip-only|BNL|1h|1766502000000|1767708000000,flip-only,BNL,NYSE:BNL,1h,Swing 1H,LONG,Swing Low,2025-12-23 10:00,1766502000000,17.34,Flip Short,2026-01-06 09:00,1767708000000,17.55,543,9415.62,57,95.08,1.0089,175.2,1.8589,107.16,1.1369,18.95,2026-07-29T14:48:53.868Z
flip-only|BNL|1h|1769529600000|1770213600000,flip-only,BNL,NYSE:BNL,1h,Swing 1H,LONG,Swing Low,2026-01-27 11:00,1769529600000,18.39,Flip Short,2026-02-04 09:00,1770213600000,18.75,517,9507.63,41,166.92,1.7539,176.61,1.8557,268.01,2.8161,19.2,2026-07-29T14:48:53.868Z
flip-only|BNL|1h|1771509600000|1773410400000,flip-only,BNL,NYSE:BNL,1h,Swing 1H,LONG,Swing Low,2026-02-19 09:00,1771509600000,19.51,Flip Short,2026-03-13 10:00,1773410400000,19.42,508,9911.08,120,-65.5,-0.6602,112.01,1.129,507.75,5.1179,19.78,2026-07-29T14:48:53.868Z
flip-only|BNL|1h|1774033200000|1775559600000,flip-only,BNL,NYSE:BNL,1h,Swing 1H,LONG,Swing Low,2026-03-20 15:00,1774033200000,18.76,Flip Short,2026-04-07 07:00,1775559600000,19.16,511,9586.36,78,185.02,1.9281,210.14,2.1899,346.85,3.6145,19.38,2026-07-29T14:48:53.868Z
flip-only|BNL|1h|1776949200000|1777557600000,flip-only,BNL,NYSE:BNL,1h,Swing 1H,LONG,Swing Low,2026-04-23 09:00,1776949200000,19.99,Flip Short,2026-04-30 10:00,1777557600000,20.05,492,9835.08,38,9.82,0.0998,127.92,1.2994,108.24,1.0994,19.7,2026-07-29T14:48:53.868Z
flip-only|BNL|1h|1777564800000|1779112800000,flip-only,BNL,NYSE:BNL,1h,Swing 1H,LONG,Swing Low,2026-04-30 12:00,1777564800000,19.73,Flip Short,2026-05-18 10:00,1779112800000,20.17,495,9766.35,88,198.05,2.0259,222.88,2.2799,242.42,2.4797,19.75,2026-07-29T14:48:53.868Z
flip-only|BNL|1h|1780077600000|1780678800000,flip-only,BNL,NYSE:BNL,1h,Swing 1H,LONG,Swing Low,2026-05-29 14:00,1780077600000,20.19,Flip Short,2026-06-05 13:00,1780678800000,20.55,494,9973.86,38,157.71,1.5797,177.75,1.7803,271.79,2.7223,20.13,2026-07-29T14:48:53.868Z
flip-only|BNL|1h|1781722800000|1782396000000,flip-only,BNL,NYSE:BNL,1h,Swing 1H,LONG,Swing Low,2026-06-17 15:00,1781722800000,20.39,Flip Short,2026-06-25 10:00,1782396000000,21.18,496,10113.44,31,371.22,3.6669,426.37,4.2116,69.63,0.6878,20.62,2026-07-29T14:48:53.868Z
flip-only|BNL|1h|1782849600000|1783522800000,flip-only,BNL,NYSE:BNL,1h,Swing 1H,LONG,Swing Low,2026-06-30 16:00,1782849600000,20.69,Flip Short,2026-07-08 11:00,1783522800000,21.65,506,10469.14,32,464.34,4.4309,500.59,4.7768,20.59,0.1965,21.42,2026-07-29T14:48:53.868Z
flip-only|TRNO|1h|1756843200000|1757080800000,flip-only,TRNO,NYSE:TRNO,1h,Swing 1H,LONG,Swing Low,2025-09-02 16:00,1756843200000,55.65,Flip Short,2025-09-05 10:00,1757080800000,59.17,169,9404.85,17,575.48,6.1128,609.14,6.4703,9.4,0.0999,19.4,2026-07-29T14:48:57.155Z
flip-only|TRNO|1h|1758722400000|1759500000000,flip-only,TRNO,NYSE:TRNO,1h,Swing 1H,LONG,Swing Low,2025-09-24 10:00,1758722400000,57.93,Flip Short,2025-10-03 10:00,1759500000000,58.65,173,10021.89,52,104.39,1.0406,114.54,1.1417,302.39,3.0143,20.17,2026-07-29T14:48:57.155Z
flip-only|TRNO|1h|1760112000000|1760360400000,flip-only,TRNO,NYSE:TRNO,1h,Swing 1H,LONG,Swing Low,2025-10-10 12:00,1760112000000,56.37,Flip Short,2025-10-13 09:00,1760360400000,56.22,179,10090.23,5,-47,-0.4654,709.49,7.0244,90.64,0.8974,20.15,2026-07-29T14:48:57.155Z
flip-only|TRNO|1h|1761746400000|1762527600000,flip-only,TRNO,NYSE:TRNO,1h,Swing 1H,LONG,Swing Low,2025-10-29 10:00,1761746400000,59.8,Flip Short,2025-11-07 10:00,1762527600000,59.73,168,10046.4,53,-31.84,-0.3166,33.63,0.3344,628.29,6.2476,20.08,2026-07-29T14:48:57.155Z
flip-only|TRNO|1h|1763474400000|1763751600000,flip-only,TRNO,NYSE:TRNO,1h,Swing 1H,LONG,Swing Low,2025-11-18 09:00,1763474400000,59.76,Flip Short,2025-11-21 14:00,1763751600000,61.8,167,9979.92,26,320.38,3.207,334.04,3.3438,185.33,1.8552,20.3,2026-07-29T14:48:57.155Z
flip-only|TRNO|1h|1765206000000|1765551600000,flip-only,TRNO,NYSE:TRNO,1h,Swing 1H,LONG,Swing Low,2025-12-08 10:00,1765206000000,61.99,Flip Short,2025-12-12 10:00,1765551600000,62.6,167,10352.33,30,81.06,0.7823,151.64,1.4633,200.73,1.9371,20.81,2026-07-29T14:48:57.155Z
flip-only|TRNO|1h|1769526000000|1770217200000,flip-only,TRNO,NYSE:TRNO,1h,Swing 1H,LONG,Swing Low,2026-01-27 10:00,1769526000000,60.74,Flip Short,2026-02-04 10:00,1770217200000,63.12,171,10386.54,46,385.8,3.7107,442.76,4.2586,171.13,1.6459,21.18,2026-07-29T14:48:57.155Z
flip-only|TRNO|1h|1772550000000|1773838800000,flip-only,TRNO,NYSE:TRNO,1h,Swing 1H,LONG,Swing Low,2026-03-03 10:00,1772550000000,64.81,Flip Short,2026-03-18 09:00,1773838800000,63.07,166,10758.46,83,-310.07,-2.8792,186.78,1.7344,702.98,6.5277,21.23,2026-07-29T14:48:57.155Z
flip-only|TRNO|1h|1773918000000|1775484000000,flip-only,TRNO,NYSE:TRNO,1h,Swing 1H,LONG,Swing Low,2026-03-19 07:00,1773918000000,62.72,Flip Short,2026-04-06 10:00,1775484000000,62.27,171,10725.12,86,-98.32,-0.9158,191.05,1.7796,492.95,4.5916,21.37,2026-07-29T14:48:57.155Z
flip-only|TRNO|1h|1776434400000|1776438000000,flip-only,TRNO,NYSE:TRNO,1h,Swing 1H,LONG,Swing Low,2026-04-17 10:00,1776434400000,66.43,Flip Short,2026-04-17 11:00,1776438000000,66.74,157,10429.51,1,27.76,0.2659,83.77,0.8024,41.83,0.4007,20.91,2026-07-29T14:48:57.155Z
flip-only|TRNO|1h|1777474800000|1778162400000,flip-only,TRNO,NYSE:TRNO,1h,Swing 1H,LONG,Swing Low,2026-04-29 11:00,1777474800000,64.75,Flip Short,2026-05-07 10:00,1778162400000,66.73,161,10424.75,46,297.61,2.852,364.71,3.495,113.46,1.0873,21.17,2026-07-29T14:48:57.155Z
flip-only|TRNO|1h|1778853600000|1779886800000,flip-only,TRNO,NYSE:TRNO,1h,Swing 1H,LONG,Swing Low,2026-05-15 10:00,1778853600000,65.29,Flip Short,2026-05-27 09:00,1779886800000,66.64,164,10707.56,55,199.76,1.8638,215.61,2.0116,158.31,1.477,21.64,2026-07-29T14:48:57.155Z
flip-only|TRNO|1h|1780081200000|1781017200000,flip-only,TRNO,NYSE:TRNO,1h,Swing 1H,LONG,Swing Low,2026-05-29 15:00,1780081200000,65.27,Flip Short,2026-06-09 11:00,1781017200000,66.44,167,10900.09,52,173.39,1.5892,202.86,1.8592,369.95,3.3906,22,2026-07-29T14:48:57.155Z
flip-only|TRNO|1h|1781719200000|1782723600000,flip-only,TRNO,NYSE:TRNO,1h,Swing 1H,LONG,Swing Low,2026-06-17 14:00,1781719200000,64.92,Flip Short,2026-06-29 05:00,1782723600000,66.4,170,11036.4,49,229.28,2.0754,240.56,2.1776,277.94,2.5158,22.32,2026-07-29T14:48:57.155Z
flip-only|PPL|1h|1756396800000|1756994400000,flip-only,PPL,TSX:PPL,1h,Swing 1H,LONG,Swing Low,2025-08-28 12:00,1756396800000,51.54,Flip Short,2025-09-04 10:00,1756994400000,52.24,184,9483.36,30,109.7,1.1557,169,1.7803,48.12,0.5069,19.1,2026-07-29T14:49:00.447Z
flip-only|PPL|1h|1759417200000|1759518000000,flip-only,PPL,TSX:PPL,1h,Swing 1H,LONG,Swing Low,2025-10-02 11:00,1759417200000,55.2,Flip Short,2025-10-03 15:00,1759518000000,58.42,173,9549.6,12,537.4,5.6219,573.46,5.9991,25.12,0.2628,19.66,2026-07-29T14:49:00.447Z
flip-only|PPL|1h|1760108400000|1762376400000,flip-only,PPL,TSX:PPL,1h,Swing 1H,LONG,Swing Low,2025-10-10 11:00,1760108400000,55.04,Flip Short,2025-11-05 16:00,1762376400000,53.37,183,10072.32,141,-325.45,-3.2279,30.19,0.2994,535.28,5.3091,19.84,2026-07-29T14:49:00.447Z
flip-only|PPL|1h|1762527600000|1763139600000,flip-only,PPL,TSX:PPL,1h,Swing 1H,LONG,Swing Low,2025-11-07 10:00,1762527600000,52.15,Flip Short,2025-11-14 12:00,1763139600000,54.17,187,9752.05,42,357.86,3.6659,371.73,3.808,110.73,1.1343,19.88,2026-07-29T14:49:00.447Z
flip-only|PPL|1h|1764082800000|1764601200000,flip-only,PPL,TSX:PPL,1h,Swing 1H,LONG,Swing Low,2025-11-25 10:00,1764082800000,53.2,Flip Short,2025-12-01 10:00,1764601200000,54.77,190,10108,32,277.79,2.7454,322.39,3.1863,65.21,0.6445,20.51,2026-07-29T14:49:00.447Z
flip-only|PPL|1h|1765393200000|1767020400000,flip-only,PPL,TSX:PPL,1h,Swing 1H,LONG,Swing Low,2025-12-10 14:00,1765393200000,53.8,Flip Short,2025-12-29 10:00,1767020400000,52.08,193,10383.4,81,-352.39,-3.3904,86.12,0.8285,627.98,6.0419,20.43,2026-07-29T14:49:00.447Z
flip-only|PPL|1h|1767726000000|1768334400000,flip-only,PPL,TSX:PPL,1h,Swing 1H,LONG,Swing Low,2026-01-06 14:00,1767726000000,51.11,Flip Short,2026-01-13 15:00,1768334400000,52.51,196,10017.56,41,254.09,2.5339,299.66,2.9884,198.18,1.9763,20.31,2026-07-29T14:49:00.447Z
flip-only|PPL|1h|1772204400000|1772463600000,flip-only,PPL,TSX:PPL,1h,Swing 1H,LONG,Swing Low,2026-02-27 10:00,1772204400000,60.09,Flip Short,2026-03-02 10:00,1772463600000,61.25,171,10275.39,8,177.61,1.7268,222.28,2.1611,107.75,1.0475,20.75,2026-07-29T14:49:00.447Z
flip-only|PPL|1h|1773669600000|1774015200000,flip-only,PPL,TSX:PPL,1h,Swing 1H,LONG,Swing Low,2026-03-16 10:00,1773669600000,60.07,Flip Short,2026-03-20 10:00,1774015200000,61.82,174,10452.18,32,283.29,2.7076,321.89,3.0765,41.77,0.3993,21.21,2026-07-29T14:49:00.447Z
flip-only|PPL|1h|1775052000000|1777298400000,flip-only,PPL,TSX:PPL,1h,Swing 1H,LONG,Swing Low,2026-04-01 10:00,1775052000000,61.6,Flip Short,2026-04-27 10:00,1777298400000,59.67,174,10718.4,136,-356.92,-3.3267,232.88,2.1706,785.02,7.3167,21.1,2026-07-29T14:49:00.447Z
flip-only|PPL|1h|1778162400000|1778594400000,flip-only,PPL,TSX:PPL,1h,Swing 1H,LONG,Swing Low,2026-05-07 10:00,1778162400000,60.49,Flip Short,2026-05-12 10:00,1778594400000,63.74,172,10404.28,24,537.63,5.1623,552.04,5.3006,46.52,0.4467,21.37,2026-07-29T14:49:00.447Z
flip-only|PPL|1h|1779822000000|1780502400000,flip-only,PPL,TSX:PPL,1h,Swing 1H,LONG,Swing Low,2026-05-26 15:00,1779822000000,66.72,Flip Short,2026-06-03 12:00,1780502400000,68.34,163,10875.36,45,242.05,2.2234,295.56,2.715,450.98,4.1426,22.01,2026-07-29T14:49:00.447Z
flip-only|PPL|1h|1781532000000|1782244800000,flip-only,PPL,TSX:PPL,1h,Swing 1H,LONG,Swing Low,2026-06-15 10:00,1781532000000,66.08,Flip Short,2026-06-23 16:00,1782244800000,66.98,168,11101.44,54,128.85,1.1595,150.18,1.3514,373.98,3.3654,22.35,2026-07-29T14:49:00.447Z
flip-only|PPL|1h|1783000800000|1783087200000,flip-only,PPL,TSX:PPL,1h,Swing 1H,LONG,Swing Low,2026-07-02 10:00,1783000800000,65.37,Flip Short,2026-07-03 10:00,1783087200000,66.85,172,11243.64,8,231.82,2.0597,320.72,2.8496,140.24,1.2461,22.74,2026-07-29T14:49:00.447Z
flip-only|SHO|1h|1752782400000|1755014400000,flip-only,SHO,NYSE:SHO,1h,Swing 1H,LONG,Swing Low,2025-07-17 16:00,1752782400000,8.81,Flip Short,2025-08-12 12:00,1755014400000,8.91,1077,9488.37,131,88.62,0.933,378.23,3.9823,354.13,3.7285,19.08,2026-07-29T14:49:03.503Z
flip-only|SHO|1h|1756908000000|1757080800000,flip-only,SHO,NYSE:SHO,1h,Swing 1H,LONG,Swing Low,2025-09-03 10:00,1756908000000,9.41,Flip Short,2025-09-05 10:00,1757080800000,9.73,1016,9560.56,14,305.67,3.194,325.72,3.4035,60.36,0.6307,19.45,2026-07-29T14:49:03.503Z
flip-only|SHO|1h|1758808800000|1760540400000,flip-only,SHO,NYSE:SHO,1h,Swing 1H,LONG,Swing Low,2025-09-25 10:00,1758808800000,9.53,Flip Short,2025-10-15 11:00,1760540400000,9.19,1036,9873.08,105,-371.63,-3.7604,176.61,1.787,797.23,8.0667,19.39,2026-07-29T14:49:03.503Z
flip-only|SHO|1h|1761321600000|1762441200000,flip-only,SHO,NYSE:SHO,1h,Swing 1H,LONG,Swing Low,2025-10-24 12:00,1761321600000,9.15,Flip Short,2025-11-06 10:00,1762441200000,9.23,1039,9506.85,62,64.02,0.6728,198.29,2.0837,477.06,5.013,19.1,2026-07-29T14:49:03.503Z
flip-only|SHO|1h|1763409600000|1764165600000,flip-only,SHO,NYSE:SHO,1h,Swing 1H,LONG,Swing Low,2025-11-17 15:00,1763409600000,9.2,Flip Short,2025-11-26 09:00,1764165600000,9.43,1040,9568,46,219.82,2.2952,323.23,3.3749,238.37,2.4888,19.38,2026-07-29T14:49:03.503Z
flip-only|SHO|1h|1764860400000|1765468800000,flip-only,SHO,NYSE:SHO,1h,Swing 1H,LONG,Swing Low,2025-12-04 10:00,1764860400000,9.03,Flip Short,2025-12-11 11:00,1765468800000,9.24,1083,9779.49,36,207.64,2.1211,217.65,2.2234,204.72,2.0913,19.79,2026-07-29T14:49:03.503Z
flip-only|SHO|1h|1766156400000|1766412000000,flip-only,SHO,NYSE:SHO,1h,Swing 1H,LONG,Swing Low,2025-12-19 10:00,1766156400000,9.08,Flip Short,2025-12-22 09:00,1766412000000,9.15,1097,9960.76,7,56.79,0.5696,604.36,6.0613,20.93,0.2099,20,2026-07-29T14:49:03.503Z
flip-only|SHO|1h|1766509200000|1767603600000,flip-only,SHO,NYSE:SHO,1h,Swing 1H,LONG,Swing Low,2025-12-23 12:00,1766509200000,9.05,Flip Short,2026-01-05 04:00,1767603600000,9.19,1107,10018.35,43,134.79,1.3441,178.17,1.7767,220.35,2.1973,20.19,2026-07-29T14:49:03.503Z
flip-only|SHO|1h|1768410000000|1769097600000,flip-only,SHO,NYSE:SHO,1h,Swing 1H,LONG,Swing Low,2026-01-14 12:00,1768410000000,9.04,Flip Short,2026-01-22 11:00,1769097600000,9.36,1123,10151.92,35,338.7,3.3329,461.51,4.5415,156.14,1.5365,20.66,2026-07-29T14:49:03.503Z
flip-only|SHO|1h|1769526000000|1770224400000,flip-only,SHO,NYSE:SHO,1h,Swing 1H,LONG,Swing Low,2026-01-27 10:00,1769526000000,8.91,Flip Short,2026-02-04 12:00,1770224400000,9.1,1176,10478.16,45,202.26,1.9284,212.96,2.0304,257.44,2.4544,21.18,2026-07-29T14:49:03.503Z
flip-only|SHO|1h|1772463600000|1772643600000,flip-only,SHO,NYSE:SHO,1h,Swing 1H,LONG,Swing Low,2026-03-02 10:00,1772463600000,9.24,Flip Short,2026-03-04 12:00,1772643600000,9.8,1153,10653.72,16,623.73,5.8487,635.03,5.9547,91.36,0.8567,21.95,2026-07-29T14:49:03.503Z
flip-only|SHO|1h|1773064800000|1774278000000,flip-only,SHO,NYSE:SHO,1h,Swing 1H,LONG,Swing Low,2026-03-09 10:00,1773064800000,9.11,Flip Short,2026-03-23 11:00,1774278000000,9.29,1235,11250.85,74,199.58,1.7721,421,3.7382,320,2.8414,22.72,2026-07-29T14:49:03.503Z
flip-only|SHO|1h|1775138400000|1775656800000,flip-only,SHO,NYSE:SHO,1h,Swing 1H,LONG,Swing Low,2026-04-02 10:00,1775138400000,8.91,Flip Short,2026-04-08 10:00,1775656800000,9.19,1285,11449.35,21,336.54,2.9365,476.85,4.1607,75.7,0.6605,23.26,2026-07-29T14:49:03.503Z
flip-only|SHO|1h|1782309600000|1784124000000,flip-only,SHO,NYSE:SHO,1h,Swing 1H,LONG,Swing Low,2026-06-24 10:00,1782309600000,11.76,Flip Short,2026-07-15 10:00,1784124000000,11.64,1001,11771.76,108,-143.54,-1.2182,128.37,1.0894,782.54,6.641,23.42,2026-07-29T14:49:03.503Z
flip-only|APLE|1h|1761681600000|1762246800000,flip-only,APLE,NYSE:APLE,1h,Swing 1H,LONG,Swing Low,2025-10-28 16:00,1761681600000,11.56,Flip Short,2025-11-04 04:00,1762246800000,11.41,823,9513.88,56,-142.35,-1.4948,97.48,1.0235,421.01,4.4208,18.9,2026-07-29T14:49:06.574Z
flip-only|APLE|1h|1762257600000|1762549200000,flip-only,APLE,NYSE:APLE,1h,Swing 1H,LONG,Swing Low,2025-11-04 07:00,1762257600000,11.12,Flip Short,2025-11-07 16:00,1762549200000,11.61,855,9507.6,37,399.52,4.1979,494.94,5.2006,240.36,2.5255,19.43,2026-07-29T14:49:06.574Z
flip-only|APLE|1h|1763409600000|1763755200000,flip-only,APLE,NYSE:APLE,1h,Swing 1H,LONG,Swing Low,2025-11-17 15:00,1763409600000,11.55,Flip Short,2025-11-21 15:00,1763755200000,11.77,842,9725.1,37,165.6,1.7012,217.61,2.2354,203.39,2.0893,19.64,2026-07-29T14:49:06.574Z
flip-only|APLE|1h|1764687600000|1765400400000,flip-only,APLE,NYSE:APLE,1h,Swing 1H,LONG,Swing Low,2025-12-02 10:00,1764687600000,11.71,Flip Short,2025-12-10 16:00,1765400400000,11.77,844,9883.24,64,30.82,0.3116,184.24,1.8623,220.88,2.2327,19.82,2026-07-29T14:49:06.574Z
flip-only|APLE|1h|1766502000000|1767384000000,flip-only,APLE,NYSE:APLE,1h,Swing 1H,LONG,Swing Low,2025-12-23 10:00,1766502000000,12.07,Flip Short,2026-01-02 15:00,1767384000000,12.13,821,9909.47,58,29.39,0.2963,39.35,0.3967,289.05,2.914,19.87,2026-07-29T14:49:06.574Z
flip-only|APLE|1h|1768906800000|1769025600000,flip-only,APLE,NYSE:APLE,1h,Swing 1H,LONG,Swing Low,2026-01-20 06:00,1768906800000,12.25,Flip Short,2026-01-21 15:00,1769025600000,12.44,814,9971.5,18,134.56,1.3481,226.09,2.2651,115.79,1.1601,20.1,2026-07-29T14:49:06.574Z
flip-only|APLE|1h|1769526000000|1770217200000,flip-only,APLE,NYSE:APLE,1h,Swing 1H,LONG,Swing Low,2026-01-27 10:00,1769526000000,12.03,Flip Short,2026-02-04 10:00,1770217200000,11.96,837,10069.11,67,-78.67,-0.7805,40.15,0.3984,495.53,4.9164,20.08,2026-07-29T14:49:06.574Z
flip-only|APLE|1h|1771862400000|1772118000000,flip-only,APLE,NYSE:APLE,1h,Swing 1H,LONG,Swing Low,2026-02-23 11:00,1771862400000,12.12,Flip Short,2026-02-26 10:00,1772118000000,12.65,825,9999,31,416.81,4.1644,435.5,4.3511,315.25,3.1497,20.44,2026-07-29T14:49:06.574Z
flip-only|APLE|1h|1773064800000|1774292400000,flip-only,APLE,NYSE:APLE,1h,Swing 1H,LONG,Swing Low,2026-03-09 10:00,1773064800000,11.78,Flip Short,2026-03-23 15:00,1774292400000,12.03,882,10389.96,113,199.5,1.9182,404.15,3.8859,230.89,2.22,21,2026-07-29T14:49:06.574Z
flip-only|APLE|1h|1774638000000|1775646000000,flip-only,APLE,NYSE:APLE,1h,Swing 1H,LONG,Swing Low,2026-03-27 15:00,1774638000000,11.55,Flip Short,2026-04-08 07:00,1775646000000,11.88,916,10579.8,70,280.82,2.6516,291.7,2.7544,184.62,1.7433,21.46,2026-07-29T14:49:06.574Z
flip-only|APLE|1h|1777921200000|1778007600000,flip-only,APLE,NYSE:APLE,1h,Swing 1H,LONG,Swing Low,2026-05-04 15:00,1777921200000,13.18,Flip Short,2026-05-05 15:00,1778007600000,13.64,823,10847.14,10,356.51,3.2834,384.19,3.5383,43.77,0.4031,22.07,2026-07-29T14:49:06.574Z
flip-only|APLE|1h|1783432800000|1784120400000,flip-only,APLE,NYSE:APLE,1h,Swing 1H,LONG,Swing Low,2026-07-07 10:00,1783432800000,16.52,Flip Short,2026-07-15 09:00,1784120400000,16.69,678,11200.56,58,92.74,0.8272,104.06,0.9281,377.32,3.3654,22.52,2026-07-29T14:49:06.574Z
flip-only|FR|1h|1757530800000|1758135600000,flip-only,FR,NYSE:FR,1h,Swing 1H,LONG,Swing Low,2025-09-10 15:00,1757530800000,51.31,Flip Short,2025-09-17 15:00,1758135600000,51.94,185,9492.35,36,97.45,1.0256,297.61,3.1321,52.04,0.5477,19.1,2026-07-29T14:49:09.533Z
flip-only|FR|1h|1758722400000|1759410000000,flip-only,FR,NYSE:FR,1h,Swing 1H,LONG,Swing Low,2025-09-24 10:00,1758722400000,51.21,Flip Short,2025-10-02 09:00,1759410000000,51.9,187,9576.27,42,109.75,1.1449,192.38,2.007,80.64,0.8412,19.28,2026-07-29T14:49:09.533Z
flip-only|FR|1h|1760014800000|1760464800000,flip-only,FR,NYSE:FR,1h,Swing 1H,LONG,Swing Low,2025-10-09 09:00,1760014800000,51.56,Flip Short,2025-10-14 14:00,1760464800000,52.06,191,9847.96,28,75.71,0.768,99.02,1.0045,307.81,3.1225,19.79,2026-07-29T14:49:09.533Z
flip-only|FR|1h|1761832800000|1762776000000,flip-only,FR,NYSE:FR,1h,Swing 1H,LONG,Swing Low,2025-10-30 10:00,1761832800000,55.57,Flip Short,2025-11-10 07:00,1762776000000,56.4,175,9724.75,49,125.66,1.2908,135.53,1.3922,242.47,2.4909,19.59,2026-07-29T14:49:09.533Z
flip-only|FR|1h|1763571600000|1763996400000,flip-only,FR,NYSE:FR,1h,Swing 1H,LONG,Swing Low,2025-11-19 12:00,1763571600000,54.97,Flip Short,2025-11-24 10:00,1763996400000,56.3,179,9839.63,19,218.15,2.2149,280.14,2.8442,83.23,0.845,19.92,2026-07-29T14:49:09.533Z
flip-only|FR|1h|1764788400000|1764957600000,flip-only,FR,NYSE:FR,1h,Swing 1H,LONG,Swing Low,2025-12-03 14:00,1764788400000,55.63,Flip Short,2025-12-05 13:00,1764957600000,58.22,181,10069.03,15,448.18,4.4467,464.15,4.6051,17.31,0.1717,20.61,2026-07-29T14:49:09.533Z
flip-only|FR|1h|1766502000000|1767625200000,flip-only,FR,NYSE:FR,1h,Swing 1H,LONG,Swing Low,2025-12-23 10:00,1766502000000,57.53,Flip Short,2026-01-05 10:00,1767625200000,58.61,182,10470.46,49,175.42,1.6737,304.39,2.9042,105.11,1.0029,21.14,2026-07-29T14:49:09.533Z
flip-only|FR|1h|1769022000000|1770044400000,flip-only,FR,NYSE:FR,1h,Swing 1H,LONG,Swing Low,2026-01-21 14:00,1769022000000,58.03,Flip Short,2026-02-02 10:00,1770044400000,57.95,184,10677.52,56,-36.06,-0.3374,151.24,1.415,255.4,2.3895,21.34,2026-07-29T14:49:09.533Z
flip-only|FR|1h|1770915600000|1771444800000,flip-only,FR,NYSE:FR,1h,Swing 1H,LONG,Swing Low,2026-02-12 12:00,1770915600000,57.97,Flip Short,2026-02-18 15:00,1771444800000,60.43,183,10608.51,25,428.51,4.0353,439.57,4.1394,144.2,1.3579,21.67,2026-07-29T14:49:09.533Z
flip-only|FR|1h|1772550000000|1773756000000,flip-only,FR,NYSE:FR,1h,Swing 1H,LONG,Swing Low,2026-03-03 10:00,1772550000000,61.45,Flip Short,2026-03-17 10:00,1773756000000,61.59,179,10999.55,80,3.04,0.0276,227.07,2.0623,540.84,4.912,22.02,2026-07-29T14:49:09.533Z
flip-only|FR|1h|1773842400000|1775059200000,flip-only,FR,NYSE:FR,1h,Swing 1H,LONG,Swing Low,2026-03-18 10:00,1773842400000,60.48,Flip Short,2026-04-01 12:00,1775059200000,58.57,183,11067.84,84,-371.32,-3.3516,418.98,3.7818,704.64,6.3602,21.79,2026-07-29T14:49:09.533Z
flip-only|FR|1h|1777053600000|1778151600000,flip-only,FR,NYSE:FR,1h,Swing 1H,LONG,Swing Low,2026-04-24 14:00,1777053600000,62.01,Flip Short,2026-05-07 07:00,1778151600000,62.83,172,10665.72,64,119.57,1.1199,214.65,2.0106,225.67,2.1137,21.47,2026-07-29T14:49:09.533Z
flip-only|FR|1h|1778763600000|1779368400000,flip-only,FR,NYSE:FR,1h,Swing 1H,LONG,Swing Low,2026-05-14 09:00,1778763600000,62.12,Flip Short,2026-05-21 09:00,1779368400000,61.62,174,10808.88,41,-108.53,-1.0031,159.71,1.4761,337.93,3.1233,21.53,2026-07-29T14:49:09.533Z
flip-only|FR|1h|1780322400000|1781017200000,flip-only,FR,NYSE:FR,1h,Swing 1H,LONG,Swing Low,2026-06-01 10:00,1780322400000,61.04,Flip Short,2026-06-09 11:00,1781017200000,63.07,175,10682,48,333.53,3.1192,365.57,3.4189,343.18,3.2095,21.72,2026-07-29T14:49:09.533Z
flip-only|FR|1h|1781780400000|1782396000000,flip-only,FR,NYSE:FR,1h,Swing 1H,LONG,Swing Low,2026-06-18 07:00,1781780400000,60.97,Flip Short,2026-06-25 10:00,1782396000000,63.39,181,11035.57,33,415.51,3.7614,557.3,5.045,11.04,0.0999,22.51,2026-07-29T14:49:09.533Z
flip-only|FR|1h|1782835200000|1783436400000,flip-only,FR,NYSE:FR,1h,Swing 1H,LONG,Swing Low,2026-06-30 12:00,1782835200000,62.2,Flip Short,2026-07-07 11:00,1783436400000,63.99,183,11382.6,34,304.48,2.6723,327.17,2.8714,285.88,2.5091,23.09,2026-07-29T14:49:09.533Z
flip-only|EOG|1h|1767625200000|1768316400000,flip-only,EOG,NYSE:EOG,1h,Swing 1H,LONG,Swing Low,2026-01-05 10:00,1767625200000,103.01,Flip Short,2026-01-13 10:00,1768316400000,108.55,92,9476.92,76,490.22,5.1676,525.96,5.5444,76.64,0.8079,19.46,2026-07-29T14:49:12.725Z
flip-only|EOG|1h|1768582800000|1769634000000,flip-only,EOG,NYSE:EOG,1h,Swing 1H,LONG,Swing Low,2026-01-16 12:00,1768582800000,104.91,Flip Short,2026-01-28 16:00,1769634000000,111.14,94,9861.54,87,565.31,5.7268,575.76,5.8326,95.4,0.9664,20.31,2026-07-29T14:49:12.725Z
flip-only|EOG|1h|1770044400000|1770224400000,flip-only,EOG,NYSE:EOG,1h,Swing 1H,LONG,Swing Low,2026-02-02 10:00,1770044400000,108.32,Flip Short,2026-02-04 12:00,1770224400000,113.53,96,10398.72,30,478.86,4.6004,492.64,4.7328,141.92,1.3634,21.3,2026-07-29T14:49:12.725Z
flip-only|EOG|1h|1771948800000|1771970400000,flip-only,EOG,NYSE:EOG,1h,Swing 1H,LONG,Swing Low,2026-02-24 11:00,1771948800000,121.35,Flip Short,2026-02-24 17:00,1771970400000,123.61,90,10921.5,6,181.35,1.6589,316.68,2.8967,21.72,0.1987,22.05,2026-07-29T14:49:12.725Z
flip-only|EOG|1h|1772031600000|1772445600000,flip-only,EOG,NYSE:EOG,1h,Swing 1H,LONG,Swing Low,2026-02-25 10:00,1772031600000,121.37,Flip Short,2026-03-02 05:00,1772445600000,131.04,91,11044.67,29,857,7.7517,1094.61,9.9008,183.03,1.6556,22.97,2026-07-29T14:49:12.725Z
flip-only|EOG|1h|1773165600000|1773320400000,flip-only,EOG,NYSE:EOG,1h,Swing 1H,LONG,Swing Low,2026-03-10 14:00,1773165600000,127.97,Flip Short,2026-03-12 09:00,1773320400000,134.07,93,11901.21,26,542.93,4.5574,600.97,5.0446,113.27,0.9508,24.37,2026-07-29T14:49:12.725Z
flip-only|EOG|1h|1774980000000|1776938400000,flip-only,EOG,NYSE:EOG,1h,Swing 1H,LONG,Swing Low,2026-03-31 14:00,1774980000000,143.49,Flip Short,2026-04-23 06:00,1776938400000,134.5,86,12340.14,220,-797.05,-6.4525,289.52,2.3438,1660.1,13.4394,23.91,2026-07-29T14:49:12.725Z
flip-only|EOG|1h|1778061600000|1778702400000,flip-only,EOG,NYSE:EOG,1h,Swing 1H,LONG,Swing Low,2026-05-06 06:00,1778061600000,133.46,Flip Short,2026-05-13 16:00,1778702400000,134.86,87,11611.02,75,98.46,0.8471,348.57,2.9991,416.16,3.5806,23.34,2026-07-29T14:49:12.725Z
flip-only|EOG|1h|1779786000000|1780326000000,flip-only,EOG,NYSE:EOG,1h,Swing 1H,LONG,Swing Low,2026-05-26 05:00,1779786000000,139,Flip Short,2026-06-01 11:00,1780326000000,137.78,85,11815,59,-127.23,-1.0757,167.53,1.4166,594.07,5.023,23.53,2026-07-29T14:49:12.725Z
flip-only|EOG|1h|1781010000000|1781114400000,flip-only,EOG,NYSE:EOG,1h,Swing 1H,LONG,Swing Low,2026-06-09 09:00,1781010000000,139.3,Flip Short,2026-06-10 14:00,1781114400000,141.78,84,11701.2,17,184.71,1.577,253.74,2.1663,326.7,2.7892,23.61,2026-07-29T14:49:12.725Z
flip-only|EOG|1h|1781254800000|1782230400000,flip-only,EOG,NYSE:EOG,1h,Swing 1H,LONG,Swing Low,2026-06-12 05:00,1781254800000,135.23,Flip Short,2026-06-23 12:00,1782230400000,133.98,87,11765.01,77,-132.17,-1.1223,299.69,2.5448,547.68,4.6506,23.42,2026-07-29T14:49:12.725Z
flip-only|EOG|1h|1782842400000|1783450800000,flip-only,EOG,NYSE:EOG,1h,Swing 1H,LONG,Swing Low,2026-06-30 14:00,1782842400000,130.45,Flip Short,2026-07-07 15:00,1783450800000,133.98,89,11610.05,44,290.64,2.5008,312.35,2.6877,291.07,2.5045,23.53,2026-07-29T14:49:12.725Z
flip-only|TEX|1h|1756818000000|1757098800000,flip-only,TEX,NYSE:TEX,1h,Swing 1H,LONG,Swing Low,2025-09-02 09:00,1756818000000,48.77,Flip Short,2025-09-05 15:00,1757098800000,53.11,193,9412.61,30,817.96,8.6813,847.51,8.995,20.99,0.2228,19.66,2026-07-29T14:49:15.970Z
flip-only|TEX|1h|1758549600000|1759500000000,flip-only,TEX,NYSE:TEX,1h,Swing 1H,LONG,Swing Low,2025-09-22 10:00,1758549600000,51.59,Flip Short,2025-10-03 10:00,1759500000000,52.72,198,10214.82,64,203.09,1.9862,451.13,4.412,277.51,2.7141,20.65,2026-07-29T14:49:15.970Z
flip-only|TEX|1h|1760112000000|1760533200000,flip-only,TEX,NYSE:TEX,1h,Swing 1H,LONG,Swing Low,2025-10-10 12:00,1760112000000,51.29,Flip Short,2025-10-15 09:00,1760533200000,54.87,203,10411.87,21,705.19,6.7662,823.92,7.9054,197.17,1.8918,21.55,2026-07-29T14:49:15.970Z
flip-only|TEX|1h|1761832800000|1764158400000,flip-only,TEX,NYSE:TEX,1h,Swing 1H,LONG,Swing Low,2025-10-30 10:00,1761832800000,53,Flip Short,2025-11-26 07:00,1764158400000,45.84,209,11077,148,-1517.1,-13.6822,0,0,2372.78,21.3994,20.66,2026-07-29T14:49:15.970Z
flip-only|TEX|1h|1767193200000|1767384000000,flip-only,TEX,NYSE:TEX,1h,Swing 1H,LONG,Swing Low,2025-12-31 10:00,1767193200000,53.48,Flip Short,2026-01-02 15:00,1767384000000,55.64,180,9626.4,13,369.16,3.831,386.37,4.0097,58.23,0.6043,19.64,2026-07-29T14:49:15.970Z
flip-only|TEX|1h|1769698800000|1770206400000,flip-only,TEX,NYSE:TEX,1h,Swing 1H,LONG,Swing Low,2026-01-29 10:00,1769698800000,58.18,Flip Short,2026-02-04 07:00,1770206400000,63.49,172,10006.96,32,892.39,8.9088,903.31,9.0178,405.61,4.0492,20.93,2026-07-29T14:49:15.970Z
flip-only|TEX|1h|1770757200000|1770822000000,flip-only,TEX,NYSE:TEX,1h,Swing 1H,LONG,Swing Low,2026-02-10 16:00,1770757200000,59,Flip Short,2026-02-11 10:00,1770822000000,68.87,183,10797,6,1782.81,16.4956,1923.51,17.7975,111.45,1.0312,23.4,2026-07-29T14:49:15.970Z
flip-only|TEX|1h|1772550000000|1774274400000,flip-only,TEX,NYSE:TEX,1h,Swing 1H,LONG,Swing Low,2026-03-03 10:00,1772550000000,65.12,Flip Short,2026-03-23 10:00,1774274400000,61.13,193,12568.16,123,-794.44,-6.3147,649.42,5.162,1709.04,13.5846,24.37,2026-07-29T14:49:15.970Z
flip-only|TEX|1h|1774634400000|1775653200000,flip-only,TEX,NYSE:TEX,1h,Swing 1H,LONG,Swing Low,2026-03-27 14:00,1774634400000,56.29,Flip Short,2026-04-08 09:00,1775653200000,62.6,210,11820.9,58,1300.13,10.9876,1313.28,11.0987,429.72,3.6316,24.97,2026-07-29T14:49:15.970Z
flip-only|TEX|1h|1776283200000|1776956400000,flip-only,TEX,NYSE:TEX,1h,Swing 1H,LONG,Swing Low,2026-04-15 16:00,1776283200000,58.9,Flip Short,2026-04-23 11:00,1776956400000,63.27,222,13075.8,48,943.02,7.2047,1096.92,8.3806,319.44,2.4405,27.12,2026-07-29T14:49:15.970Z
flip-only|TEX|1h|1777644000000|1778162400000,flip-only,TEX,NYSE:TEX,1h,Swing 1H,LONG,Swing Low,2026-05-01 10:00,1777644000000,63.27,Flip Short,2026-05-07 10:00,1778162400000,63.95,220,13919.4,35,121.61,0.8728,505.28,3.6264,1151.32,8.2631,27.99,2026-07-29T14:49:15.970Z
flip-only|TEX|1h|1778853600000|1779894000000,flip-only,TEX,NYSE:TEX,1h,Swing 1H,LONG,Swing Low,2026-05-15 10:00,1778853600000,60.83,Flip Short,2026-05-27 11:00,1779894000000,59.24,230,13990.9,60,-393.32,-2.8084,75.71,0.5406,1531.99,10.939,27.62,2026-07-29T14:49:15.970Z
flip-only|TEX|1h|1781121600000|1781532000000,flip-only,TEX,NYSE:TEX,1h,Swing 1H,LONG,Swing Low,2026-06-10 16:00,1781121600000,59.47,Flip Short,2026-06-15 10:00,1781532000000,65.9,230,13678.1,20,1450.07,10.5908,1718.22,12.5493,101.08,0.7382,28.84,2026-07-29T14:49:15.970Z
flip-only|TEX|1h|1782990000000|1784743200000,flip-only,TEX,NYSE:TEX,1h,Swing 1H,LONG,Swing Low,2026-07-02 07:00,1782990000000,70,Flip Short,2026-07-22 14:00,1784743200000,67.59,221,15470,134,-563.02,-3.6358,0,0,1781.26,11.5028,30.41,2026-07-29T14:49:15.970Z
flip-only|AME|1h|1761660000000|1761822000000,flip-only,AME,NYSE:AME,1h,Swing 1H,LONG,Swing Low,2025-10-28 10:00,1761660000000,185.1,Flip Short,2025-10-30 07:00,1761822000000,187.54,51,9440.1,20,105.44,1.1158,298.6,3.1599,121.64,1.2873,19,2026-07-29T15:05:38.250Z
flip-only|AME|1h|1762527600000|1762959600000,flip-only,AME,NYSE:AME,1h,Swing 1H,LONG,Swing Low,2025-11-07 10:00,1762527600000,195.33,Flip Short,2025-11-12 10:00,1762959600000,200.08,49,9571.17,30,213.37,2.2271,233.96,2.442,50.73,0.5295,19.38,2026-07-29T15:05:38.250Z
flip-only|AME|1h|1763060400000|1763744400000,flip-only,AME,NYSE:AME,1h,Swing 1H,LONG,Swing Low,2025-11-13 14:00,1763060400000,194.36,Flip Short,2025-11-21 12:00,1763744400000,195.62,50,9718,59,43.5,0.4472,55.78,0.5734,291.22,2.9937,19.5,2026-07-29T15:05:38.250Z
flip-only|AME|1h|1765321200000|1765396800000,flip-only,AME,NYSE:AME,1h,Swing 1H,LONG,Swing Low,2025-12-09 18:00,1765321200000,195.97,Flip Short,2025-12-10 15:00,1765396800000,201.49,50,9798.5,8,256.13,2.6113,273.2,2.7854,9.8,0.0999,19.87,2026-07-29T15:05:38.250Z
flip-only|AME|1h|1767225600000|1767625200000,flip-only,AME,NYSE:AME,1h,Swing 1H,LONG,Swing Low,2025-12-31 19:00,1767225600000,205.4,Flip Short,2026-01-05 10:00,1767625200000,210.54,49,10064.6,15,231.48,2.2976,266.79,2.6481,10.06,0.0999,20.38,2026-07-29T15:05:38.250Z
flip-only|AME|1h|1770123600000|1770735600000,flip-only,AME,NYSE:AME,1h,Swing 1H,LONG,Swing Low,2026-02-03 08:00,1770123600000,221,Flip Short,2026-02-10 10:00,1770735600000,234.64,46,10166,53,606.48,5.9598,632.45,6.2151,56.63,0.5565,20.96,2026-07-29T15:05:38.250Z
flip-only|AME|1h|1770991200000|1771948800000,flip-only,AME,NYSE:AME,1h,Swing 1H,LONG,Swing Low,2026-02-13 09:00,1770991200000,228.47,Flip Short,2026-02-24 11:00,1771948800000,234.55,47,10738.09,51,264,2.4561,328.13,3.0527,85,0.7908,21.76,2026-07-29T15:05:38.250Z
flip-only|AME|1h|1772722800000|1774378800000,flip-only,AME,NYSE:AME,1h,Swing 1H,LONG,Swing Low,2026-03-05 10:00,1772722800000,231.02,Flip Short,2026-03-24 15:00,1774378800000,217.03,48,11088.96,126,-693.03,-6.2435,13.87,0.125,1128.05,10.1626,21.51,2026-07-29T15:05:38.250Z
flip-only|AME|1h|1774879200000|1775062800000,flip-only,AME,NYSE:AME,1h,Swing 1H,LONG,Swing Low,2026-03-30 10:00,1774879200000,208.47,Flip Short,2026-04-01 13:00,1775062800000,220.47,50,10423.5,21,578.55,5.5449,589.58,5.6506,58.92,0.5647,21.45,2026-07-29T15:05:38.250Z
flip-only|AME|1h|1777384800000|1777557600000,flip-only,AME,NYSE:AME,1h,Swing 1H,LONG,Swing Low,2026-04-28 10:00,1777384800000,229.81,Flip Short,2026-04-30 10:00,1777557600000,234.07,47,10801.07,22,178.42,1.6502,442.75,4.095,275.88,2.5516,21.8,2026-07-29T15:05:38.250Z
flip-only|AME|1h|1778853600000|1779804000000,flip-only,AME,NYSE:AME,1h,Swing 1H,LONG,Swing Low,2026-05-15 10:00,1778853600000,229.54,Flip Short,2026-05-26 10:00,1779804000000,226.79,48,11017.92,64,-153.9,-1.3955,0,0,506.86,4.5957,21.9,2026-07-29T15:05:38.250Z
flip-only|AME|1h|1779976800000|1780498800000,flip-only,AME,NYSE:AME,1h,Swing 1H,LONG,Swing Low,2026-05-28 10:00,1779976800000,222.06,Flip Short,2026-06-03 11:00,1780498800000,230.01,49,10880.94,38,367.4,3.3732,391.41,3.5936,104.96,0.9637,22.15,2026-07-29T15:05:38.250Z
flip-only|AME|1h|1781103600000|1781532000000,flip-only,AME,NYSE:AME,1h,Swing 1H,LONG,Swing Low,2026-06-10 11:00,1781103600000,224.51,Flip Short,2026-06-15 10:00,1781532000000,231.91,50,11225.5,28,347.18,3.0897,398.27,3.5444,196.73,1.7507,22.82,2026-07-29T15:05:38.250Z
flip-only|AME|1h|1783004400000|1784232000000,flip-only,AME,NYSE:AME,1h,Swing 1H,LONG,Swing Low,2026-07-02 11:00,1783004400000,234.57,Flip Short,2026-07-16 16:00,1784232000000,236.82,49,11493.93,87,87.15,0.7575,192.35,1.6718,354.98,3.0854,23.1,2026-07-29T15:05:38.250Z
flip-only|AME|1h|1784296800000|1784300400000,flip-only,AME,NYSE:AME,1h,Swing 1H,LONG,Swing Low,2026-07-17 10:00,1784296800000,235.04,Flip Short,2026-07-17 11:00,1784300400000,237.27,50,11752,1,87.88,0.7471,136.25,1.1582,11.75,0.0999,23.62,2026-07-29T15:05:38.250Z
flip-only|AKR|1h|1753884000000|1754485200000,flip-only,AKR,NYSE:AKR,1h,Swing 1H,LONG,Swing Low,2025-07-30 10:00,1753884000000,18.69,Flip Short,2025-08-06 09:00,1754485200000,19.18,508,9494.52,35,229.68,2.4167,320.71,3.3744,177.13,1.8638,19.24,2026-07-29T15:05:41.560Z
flip-only|AKR|1h|1754920800000|1755615600000,flip-only,AKR,NYSE:AKR,1h,Swing 1H,LONG,Swing Low,2025-08-11 10:00,1754920800000,18.53,Flip Short,2025-08-19 11:00,1755615600000,19.32,524,9709.72,49,394.13,4.055,498.57,5.1296,83.07,0.8547,19.83,2026-07-29T15:05:41.560Z
flip-only|AKR|1h|1757358000000|1757674800000,flip-only,AKR,NYSE:AKR,1h,Swing 1H,LONG,Swing Low,2025-09-08 15:00,1757358000000,19.6,Flip Short,2025-09-12 07:00,1757674800000,19.97,514,10074.4,24,169.84,1.6842,786.63,7.8004,148.85,1.4761,20.34,2026-07-29T15:05:41.560Z
flip-only|AKR|1h|1758722400000|1759334400000,flip-only,AKR,NYSE:AKR,1h,Swing 1H,LONG,Swing Low,2025-09-24 10:00,1758722400000,20.02,Flip Short,2025-10-01 12:00,1759334400000,20.29,511,10230.22,39,117.37,1.1462,137.96,1.3472,91.99,0.8983,20.6,2026-07-29T15:05:41.560Z
flip-only|AKR|1h|1759845600000|1761145200000,flip-only,AKR,NYSE:AKR,1h,Swing 1H,LONG,Swing Low,2025-10-07 10:00,1759845600000,19.81,Flip Short,2025-10-22 11:00,1761145200000,19.75,522,10340.82,85,-51.97,-0.5021,67.96,0.6565,454.04,4.3864,20.65,2026-07-29T15:05:41.560Z
flip-only|AKR|1h|1761681600000|1762365600000,flip-only,AKR,NYSE:AKR,1h,Swing 1H,LONG,Swing Low,2025-10-28 16:00,1761681600000,19,Flip Short,2025-11-05 13:00,1762365600000,19.91,539,10241,43,469.52,4.5801,496.42,4.8425,177.33,1.7298,20.97,2026-07-29T15:05:41.560Z
flip-only|AKR|1h|1763409600000|1764082800000,flip-only,AKR,NYSE:AKR,1h,Swing 1H,LONG,Swing Low,2025-11-17 15:00,1763409600000,19.69,Flip Short,2025-11-25 10:00,1764082800000,20.36,545,10731.05,38,343.32,3.1961,365.32,3.4009,76.13,0.7087,21.83,2026-07-29T15:05:41.560Z
flip-only|AKR|1h|1764784800000|1766073600000,flip-only,AKR,NYSE:AKR,1h,Swing 1H,LONG,Swing Low,2025-12-03 13:00,1764784800000,19.84,Flip Short,2025-12-18 11:00,1766073600000,20.44,557,11050.88,80,311.76,2.8184,367.71,3.3241,189.29,1.7112,22.44,2026-07-29T15:05:41.560Z
flip-only|AKR|1h|1767366000000|1767891600000,flip-only,AKR,NYSE:AKR,1h,Swing 1H,LONG,Swing Low,2026-01-02 10:00,1767366000000,20.29,Flip Short,2026-01-08 12:00,1767891600000,21.09,560,11362.4,31,424.83,3.7352,436.64,3.839,39.36,0.3461,23.17,2026-07-29T15:05:41.560Z
flip-only|AKR|1h|1769011200000|1770217200000,flip-only,AKR,NYSE:AKR,1h,Swing 1H,LONG,Swing Low,2026-01-21 11:00,1769011200000,20.59,Flip Short,2026-02-04 10:00,1770217200000,20.34,571,11756.89,69,-166.12,-1.4116,119.57,1.016,754.06,6.4073,23.37,2026-07-29T15:05:41.560Z
flip-only|AKR|1h|1770984000000|1772204400000,flip-only,AKR,NYSE:AKR,1h,Swing 1H,LONG,Swing Low,2026-02-13 07:00,1770984000000,20.21,Flip Short,2026-02-27 10:00,1772204400000,20.79,574,11600.54,69,309.39,2.6643,430.38,3.7063,166.58,1.4345,23.53,2026-07-29T15:05:41.560Z
flip-only|AKR|1h|1773064800000|1775570400000,flip-only,AKR,NYSE:AKR,1h,Swing 1H,LONG,Swing Low,2026-03-09 10:00,1773064800000,20.37,Flip Short,2026-04-07 10:00,1775570400000,19.5,584,11896.08,152,-531.36,-4.4623,986.74,8.2864,1039.74,8.7314,23.28,2026-07-29T15:05:41.560Z
flip-only|AKR|1h|1776888000000|1777471200000,flip-only,AKR,NYSE:AKR,1h,Swing 1H,LONG,Swing Low,2026-04-22 16:00,1776888000000,20.76,Flip Short,2026-04-29 10:00,1777471200000,21.34,549,11397.24,36,295.31,2.5885,630.93,5.5303,11.4,0.0999,23.11,2026-07-29T15:05:41.560Z
flip-only|AKR|1h|1778680800000|1779386400000,flip-only,AKR,NYSE:AKR,1h,Swing 1H,LONG,Swing Low,2026-05-13 10:00,1778680800000,21.28,Flip Short,2026-05-21 14:00,1779386400000,21.81,549,11682.72,47,267.31,2.2858,279.29,2.3882,236.77,2.0247,23.66,2026-07-29T15:05:41.560Z
flip-only|AKR|1h|1781089200000|1782392400000,flip-only,AKR,NYSE:AKR,1h,Swing 1H,LONG,Swing Low,2026-06-10 07:00,1781089200000,22.01,Flip Short,2026-06-25 09:00,1782392400000,21.95,552,12149.52,80,-57.39,-0.4719,114.81,0.944,591.75,4.8657,24.27,2026-07-29T15:05:41.560Z
flip-only|AKR|1h|1782813600000|1784206800000,flip-only,AKR,NYSE:AKR,1h,Swing 1H,LONG,Swing Low,2026-06-30 06:00,1782813600000,20.66,Flip Short,2026-07-16 09:00,1784206800000,21.5,545,11259.7,103,434.82,3.8579,604.59,5.3641,93.01,0.8252,22.98,2026-07-29T15:05:41.560Z
flip-only|CVE|1h|1756911600000|1757527200000,flip-only,CVE,TSX:CVE,1h,Swing 1H,LONG,Swing Low,2025-09-03 11:00,1756911600000,22.71,Flip Short,2025-09-10 14:00,1757527200000,23.56,418,9492.78,43,335.96,3.5356,349.99,3.6832,381.51,4.015,19.34,2026-07-29T15:05:44.708Z
flip-only|CVE|1h|1759330800000|1759935600000,flip-only,CVE,TSX:CVE,1h,Swing 1H,LONG,Swing Low,2025-10-01 11:00,1759330800000,23.48,Flip Short,2025-10-08 11:00,1759935600000,24.44,417,9791.16,40,380.34,3.8806,469.76,4.793,143.23,1.4614,19.98,2026-07-29T15:05:44.708Z
flip-only|CVE|1h|1760644800000|1762527600000,flip-only,CVE,TSX:CVE,1h,Swing 1H,LONG,Swing Low,2025-10-16 16:00,1760644800000,23.52,Flip Short,2025-11-07 10:00,1762527600000,24.55,432,10160.64,122,424.19,4.1707,434.8,4.275,148.4,1.4591,20.77,2026-07-29T15:05:44.708Z
flip-only|CVE|1h|1763740800000|1764781200000,flip-only,CVE,TSX:CVE,1h,Swing 1H,LONG,Swing Low,2025-11-21 11:00,1763740800000,24.99,Flip Short,2025-12-03 12:00,1764781200000,25.27,423,10570.77,65,97.18,0.9184,179.78,1.699,395.5,3.7377,21.26,2026-07-29T15:05:44.708Z
flip-only|CVE|1h|1765378800000|1767128400000,flip-only,CVE,TSX:CVE,1h,Swing 1H,LONG,Swing Low,2025-12-10 10:00,1765378800000,24.35,Flip Short,2025-12-30 16:00,1767128400000,23.35,437,10640.95,99,-457.84,-4.2984,212.23,1.9925,775.39,7.2796,20.84,2026-07-29T15:05:44.708Z
flip-only|CVE|1h|1767625200000|1768320000000,flip-only,CVE,TSX:CVE,1h,Swing 1H,LONG,Swing Low,2026-01-05 10:00,1767625200000,22.2,Flip Short,2026-01-13 11:00,1768320000000,24.01,460,10212,49,811.34,7.9371,863.79,8.4501,277.01,2.7099,21.26,2026-07-29T15:05:44.708Z
flip-only|CVE|1h|1772118000000|1772463600000,flip-only,CVE,TSX:CVE,1h,Swing 1H,LONG,Swing Low,2026-02-26 10:00,1772118000000,29.96,Flip Short,2026-03-02 10:00,1772463600000,31.8,367,10995.32,16,652.61,5.9295,825.76,7.5026,40.36,0.3667,22.67,2026-07-29T15:05:44.708Z
flip-only|CVE|1h|1773165600000|1773324000000,flip-only,CVE,TSX:CVE,1h,Swing 1H,LONG,Swing Low,2026-03-10 14:00,1773165600000,30.38,Flip Short,2026-03-12 10:00,1773324000000,32.33,382,11605.16,12,720.94,6.2061,889.91,7.6606,23.07,0.1986,23.96,2026-07-29T15:05:44.708Z
flip-only|CVE|1h|1775656800000|1776952800000,flip-only,CVE,TSX:CVE,1h,Swing 1H,LONG,Swing Low,2026-04-08 10:00,1775656800000,35.52,Flip Short,2026-04-23 10:00,1776952800000,35.75,346,12289.92,88,54.92,0.4464,409.83,3.3314,1074.51,8.7343,24.66,2026-07-29T15:05:44.708Z
flip-only|CVE|1h|1778166000000|1778785200000,flip-only,CVE,TSX:CVE,1h,Swing 1H,LONG,Swing Low,2026-05-07 11:00,1778166000000,37.76,Flip Short,2026-05-14 15:00,1778785200000,41.43,327,12347.52,44,1174.19,9.5001,1230.25,9.9536,18.89,0.1528,25.9,2026-07-29T15:05:44.708Z
flip-only|CVE|1h|1779717600000|1780495200000,flip-only,CVE,TSX:CVE,1h,Swing 1H,LONG,Swing Low,2026-05-25 10:00,1779717600000,40.52,Flip Short,2026-06-03 10:00,1780495200000,41.19,332,13452.64,56,195.31,1.4504,208.99,1.552,939.73,6.9785,27.13,2026-07-29T15:05:44.708Z
flip-only|CVE|1h|1781017200000|1783454400000,flip-only,CVE,TSX:CVE,1h,Swing 1H,LONG,Swing Low,2026-06-09 11:00,1781017200000,38.55,Flip Short,2026-07-07 16:00,1783454400000,35.8,354,13646.7,157,-999.82,-7.3191,821.79,6.0159,1468.59,10.7507,26.32,2026-07-29T15:05:44.708Z
flip-only|OVV|1h|1762268400000|1762358400000,flip-only,OVV,NYSE:OVV,1h,Swing 1H,LONG,Swing Low,2025-11-04 10:00,1762268400000,36.84,Flip Short,2025-11-05 11:00,1762358400000,38.6,257,9467.88,10,432.93,4.5681,445.42,4.6999,482.35,5.0895,19.39,2026-07-29T15:05:48.039Z
flip-only|OVV|1h|1763413200000|1763650800000,flip-only,OVV,NYSE:OVV,1h,Swing 1H,LONG,Swing Low,2025-11-17 16:00,1763413200000,38.01,Flip Short,2025-11-20 10:00,1763650800000,39.91,259,9844.59,25,471.92,4.7889,497.8,5.0515,97.9,0.9935,20.18,2026-07-29T15:05:48.039Z
flip-only|OVV|1h|1765472400000|1767106800000,flip-only,OVV,NYSE:OVV,1h,Swing 1H,LONG,Swing Low,2025-12-11 12:00,1765472400000,40.97,Flip Short,2025-12-30 10:00,1767106800000,39.39,252,10324.44,101,-418.41,-4.0486,30,0.2902,995.64,9.6339,20.25,2026-07-29T15:05:48.039Z
flip-only|OVV|1h|1767726000000|1768320000000,flip-only,OVV,NYSE:OVV,1h,Swing 1H,LONG,Swing Low,2026-01-06 14:00,1767726000000,37.72,Flip Short,2026-01-13 11:00,1768320000000,40.21,263,9920.36,37,634.37,6.3883,729.11,7.3423,249.25,2.51,20.5,2026-07-29T15:05:48.039Z
flip-only|OVV|1h|1772031600000|1772445600000,flip-only,OVV,NYSE:OVV,1h,Swing 1H,LONG,Swing Low,2026-02-25 10:00,1772031600000,49.33,Flip Short,2026-03-02 05:00,1772445600000,54.2,213,10507.29,31,1015.26,9.6528,1199.33,11.4029,293.8,2.7933,22.05,2026-07-29T15:05:48.039Z
flip-only|OVV|1h|1774980000000|1775570400000,flip-only,OVV,NYSE:OVV,1h,Swing 1H,LONG,Swing Low,2026-03-31 14:00,1774980000000,58.64,Flip Short,2026-04-07 10:00,1775570400000,61.14,196,11493.44,50,466.52,4.055,484.39,4.2103,505.41,4.393,23.48,2026-07-29T15:05:48.039Z
flip-only|OVV|1h|1775656800000|1776945600000,flip-only,OVV,NYSE:OVV,1h,Swing 1H,LONG,Swing Low,2026-04-08 10:00,1775656800000,56.35,Flip Short,2026-04-23 08:00,1776945600000,56.08,212,11946.2,104,-81.08,-0.678,314.53,2.6303,1133.43,9.4783,23.84,2026-07-29T15:05:48.039Z
flip-only|OVV|1h|1778068800000|1779102000000,flip-only,OVV,NYSE:OVV,1h,Swing 1H,LONG,Swing Low,2026-05-06 08:00,1778068800000,58.98,Flip Short,2026-05-18 07:00,1779102000000,60.49,201,11854.98,78,279.5,2.3553,458.49,3.8636,464.1,3.9109,24.01,2026-07-29T15:05:48.039Z
flip-only|OVV|1h|1779472800000|1780329600000,flip-only,OVV,NYSE:OVV,1h,Swing 1H,LONG,Swing Low,2026-05-22 14:00,1779472800000,58.82,Flip Short,2026-06-01 12:00,1780329600000,58.19,206,12116.92,52,-153.88,-1.2687,39.38,0.3247,897.92,7.403,24.1,2026-07-29T15:05:48.039Z
flip-only|OVV|1h|1781017200000|1782230400000,flip-only,OVV,NYSE:OVV,1h,Swing 1H,LONG,Swing Low,2026-06-09 11:00,1781017200000,55.86,Flip Short,2026-06-23 12:00,1782230400000,55.1,214,11954.04,92,-186.39,-1.5576,632.19,5.2832,833.71,6.9674,23.75,2026-07-29T15:05:48.039Z
flip-only|OVV|1h|1782918000000|1783432800000,flip-only,OVV,NYSE:OVV,1h,Swing 1H,LONG,Swing Low,2026-07-01 11:00,1782918000000,51.88,Flip Short,2026-07-07 10:00,1783432800000,53.91,227,11776.76,23,436.8,3.7053,557.99,4.7334,11.78,0.0999,24.01,2026-07-29T15:05:48.039Z
flip-only|MUR|1h|1761832800000|1762527600000,flip-only,MUR,NYSE:MUR,1h,Swing 1H,LONG,Swing Low,2025-10-30 10:00,1761832800000,27.94,Flip Short,2025-11-07 10:00,1762527600000,28.79,339,9471.66,53,268.92,2.8364,288.85,3.0466,660.35,6.9649,19.23,2026-07-29T16:06:42.093Z
flip-only|MUR|1h|1765821600000|1767380400000,flip-only,MUR,NYSE:MUR,1h,Swing 1H,LONG,Swing Low,2025-12-15 13:00,1765821600000,32.15,Flip Short,2026-01-02 14:00,1767380400000,32.27,303,9741.45,99,16.84,0.1727,129.64,1.3295,443.03,4.5434,19.52,2026-07-29T16:06:42.093Z
flip-only|MUR|1h|1767625200000|1768327200000,flip-only,MUR,NYSE:MUR,1h,Swing 1H,LONG,Swing Low,2026-01-05 10:00,1767625200000,30.76,Flip Short,2026-01-13 13:00,1768327200000,33.36,317,9750.92,65,803.87,8.2358,820.79,8.4091,406,4.1596,20.33,2026-07-29T16:06:42.093Z
flip-only|MUR|1h|1768914000000|1770393600000,flip-only,MUR,NYSE:MUR,1h,Swing 1H,LONG,Swing Low,2026-01-20 08:00,1768914000000,32.26,Flip Short,2026-02-06 11:00,1770393600000,31.95,328,10581.28,133,-122.74,-1.1588,18.94,0.1788,1181.54,11.1552,21.06,2026-07-29T16:06:42.093Z
flip-only|MUR|1h|1771344000000|1771513200000,flip-only,MUR,NYSE:MUR,1h,Swing 1H,LONG,Swing Low,2026-02-17 11:00,1771344000000,31.78,Flip Short,2026-02-19 10:00,1771513200000,34.09,328,10423.84,20,736.07,7.0544,901.42,8.639,138.34,1.3259,21.61,2026-07-29T16:06:42.093Z
flip-only|MUR|1h|1771945200000|1772445600000,flip-only,MUR,NYSE:MUR,1h,Swing 1H,LONG,Swing Low,2026-02-24 10:00,1771945200000,31.67,Flip Short,2026-03-02 05:00,1772445600000,35.94,350,11084.5,38,1470.84,13.2561,1486.92,13.401,480.08,4.3268,23.66,2026-07-29T16:06:42.093Z
flip-only|MUR|1h|1773151200000|1773421200000,flip-only,MUR,NYSE:MUR,1h,Swing 1H,LONG,Swing Low,2026-03-10 10:00,1773151200000,33.19,Flip Short,2026-03-13 13:00,1773421200000,35.91,377,12512.63,33,999.39,7.9791,1031.78,8.2376,257.56,2.0564,26.05,2026-07-29T16:06:42.093Z
flip-only|MUR|1h|1775034000000|1775570400000,flip-only,MUR,NYSE:MUR,1h,Swing 1H,LONG,Swing Low,2026-04-01 05:00,1775034000000,39.79,Flip Short,2026-04-07 10:00,1775570400000,43.07,338,13449.02,37,1080.63,8.027,1098.57,8.1602,277.09,2.0582,28.01,2026-07-29T16:06:42.093Z
flip-only|MUR|1h|1775656800000|1776952800000,flip-only,MUR,NYSE:MUR,1h,Swing 1H,LONG,Swing Low,2026-04-08 10:00,1775656800000,38.43,Flip Short,2026-04-23 10:00,1776952800000,39.06,376,14449.68,114,207.74,1.4363,662.35,4.5793,1176.29,8.1325,29.14,2026-07-29T16:06:42.093Z
flip-only|MUR|1h|1778068800000|1778778000000,flip-only,MUR,NYSE:MUR,1h,Swing 1H,LONG,Swing Low,2026-05-06 08:00,1778068800000,38.02,Flip Short,2026-05-14 13:00,1778778000000,38.96,386,14675.72,66,333.13,2.2676,892.42,6.0749,728.78,4.9609,29.71,2026-07-29T16:06:42.093Z
flip-only|MUR|1h|1779386400000|1780423200000,flip-only,MUR,NYSE:MUR,1h,Swing 1H,LONG,Swing Low,2026-05-21 14:00,1779386400000,37.21,Flip Short,2026-06-02 14:00,1780423200000,37.92,402,14958.42,62,255.22,1.7045,431.26,2.8802,822.98,5.4963,30.2,2026-07-29T16:06:42.093Z
flip-only|MUR|1h|1781272800000|1783504800000,flip-only,MUR,NYSE:MUR,1h,Swing 1H,LONG,Swing Low,2026-06-12 10:00,1781272800000,39.15,Flip Short,2026-07-08 06:00,1783504800000,34.07,388,15190.2,158,-1999.45,-13.1496,58.53,0.3849,3018.31,19.8503,28.41,2026-07-29T16:06:42.093Z
flip-only|VLO|1h|1769443200000|1769698800000,flip-only,VLO,NYSE:VLO,1h,Swing 1H,LONG,Swing Low,2026-01-26 11:00,1769443200000,183.05,Flip Short,2026-01-29 10:00,1769698800000,188.08,51,9335.55,42,237.6,2.5426,573.59,6.1381,104.71,1.1205,18.93,2026-07-29T16:07:35.949Z
flip-only|VLO|1h|1769767200000|1770152400000,flip-only,VLO,NYSE:VLO,1h,Swing 1H,LONG,Swing Low,2026-01-30 05:00,1769767200000,181.15,Flip Short,2026-02-03 16:00,1770152400000,193.24,53,9600.95,41,620.93,6.4609,631.17,6.5675,323.89,3.3702,19.84,2026-07-29T16:07:35.949Z
flip-only|VLO|1h|1770919200000|1771858800000,flip-only,VLO,NYSE:VLO,1h,Swing 1H,LONG,Swing Low,2026-02-12 13:00,1770919200000,197.39,Flip Short,2026-02-23 10:00,1771858800000,201.62,52,10264.28,79,199.21,1.9389,348.54,3.3922,98.66,0.9603,20.75,2026-07-29T16:07:35.949Z
flip-only|VLO|1h|1771869600000|1772125200000,flip-only,VLO,NYSE:VLO,1h,Swing 1H,LONG,Swing Low,2026-02-23 13:00,1771869600000,196.6,Flip Short,2026-02-26 12:00,1772125200000,204.44,53,10419.8,39,394.26,3.78,486.19,4.6614,116.42,1.1162,21.26,2026-07-29T16:07:35.949Z
flip-only|VLO|1h|1773075600000|1773259200000,flip-only,VLO,NYSE:VLO,1h,Swing 1H,LONG,Swing Low,2026-03-09 13:00,1773075600000,217.45,Flip Short,2026-03-11 16:00,1773259200000,229.99,49,10655.05,35,592.54,5.5555,664.56,6.2309,200.78,1.8824,21.92,2026-07-29T16:07:35.949Z
flip-only|VLO|1h|1774270800000|1774540800000,flip-only,VLO,NYSE:VLO,1h,Swing 1H,LONG,Swing Low,2026-03-23 09:00,1774270800000,232.25,Flip Short,2026-03-26 12:00,1774540800000,246.83,49,11380.25,49,690.95,6.0654,709.41,6.2275,62.34,0.5472,23.47,2026-07-29T16:07:35.949Z
flip-only|VLO|1h|1774980000000|1775570400000,flip-only,VLO,NYSE:VLO,1h,Swing 1H,LONG,Swing Low,2026-03-31 14:00,1774980000000,244.59,Flip Short,2026-04-07 10:00,1775570400000,252.08,49,11984.91,58,342.67,2.8563,356.01,2.9675,451.02,3.7595,24.34,2026-07-29T16:07:35.949Z
flip-only|VLO|1h|1775638800000|1776942000000,flip-only,VLO,NYSE:VLO,1h,Swing 1H,LONG,Swing Low,2026-04-08 05:00,1775638800000,237.02,Flip Short,2026-04-23 07:00,1776942000000,236.42,52,12325.04,169,-55.82,-0.4524,432.79,3.508,1172.45,9.5032,24.62,2026-07-29T16:07:35.949Z
flip-only|VLO|1h|1778065200000|1778515200000,flip-only,VLO,NYSE:VLO,1h,Swing 1H,LONG,Swing Low,2026-05-06 07:00,1778065200000,240.85,Flip Short,2026-05-11 12:00,1778515200000,247.61,51,12283.35,49,319.85,2.6013,335.54,2.7289,705.88,5.7409,24.91,2026-07-29T16:07:35.949Z
flip-only|VLO|1h|1779386400000|1780322400000,flip-only,VLO,NYSE:VLO,1h,Swing 1H,LONG,Swing Low,2026-05-21 14:00,1779386400000,242.81,Flip Short,2026-06-01 10:00,1780322400000,252.68,52,12626.12,80,487.47,3.857,522.97,4.1379,504.03,3.9879,25.77,2026-07-29T16:07:35.949Z
flip-only|VLO|1h|1781017200000|1781186400000,flip-only,VLO,NYSE:VLO,1h,Swing 1H,LONG,Swing Low,2026-06-09 11:00,1781017200000,249.81,Flip Short,2026-06-11 10:00,1781186400000,259.82,52,12990.12,26,494.02,3.7992,755.05,5.8067,184.59,1.4196,26.5,2026-07-29T16:07:35.949Z
flip-only|VLO|1h|1781517600000|1782223200000,flip-only,VLO,NYSE:VLO,1h,Swing 1H,LONG,Swing Low,2026-06-15 06:00,1781517600000,250.72,Flip Short,2026-06-23 10:00,1782223200000,242.45,54,13538.88,74,-473.21,-3.4917,103.1,0.7608,986.62,7.28,26.63,2026-07-29T16:07:35.949Z
flip-only|VLO|1h|1784833200000|1785333600000,flip-only,VLO,NYSE:VLO,1h,Swing 1H,LONG,Swing Low,2026-07-23 15:00,1784833200000,308.17,Flip Short,2026-07-29 10:00,1785333600000,306.34,42,12943.14,55,-102.67,-0.7924,63.08,0.4869,692.08,5.3418,25.81,2026-07-29T16:07:35.949Z
flip-only|APA|1h|1785142800000|1785405600000,flip-only,APA,NASDAQ:APA,1h,Swing 1H,LONG,Swing Low,2026-07-27 05:00,1785142800000,34.42,Flip Short,2026-07-30 06:00,1785405600000,36.67,374,12873.08,45,814.91,6.324,884.73,6.8658,121.33,0.9416,26.59,2026-07-30T15:11:24.486Z
flip-only|INGM|1h|1785243600000|1785423600000,flip-only,INGM,NYSE:INGM,1h,Swing 1H,LONG,Swing Low,2026-07-28 09:00,1785243600000,28.96,Flip Short,2026-07-30 11:00,1785423600000,30.5,414,11989.44,19,612.94,5.1073,803.59,6.6958,20.27,0.1689,24.62,2026-07-30T15:12:20.677Z
flip-only|CVE|1h|1785254400000|1785441600000,flip-only,CVE,TSX:CVE,1h,Swing 1H,LONG,Swing Low,2026-07-28 12:00,1785254400000,38.81,Flip Short,2026-07-30 16:00,1785441600000,42.48,327,12690.87,20,1173.51,9.2376,1236.45,9.7331,107.52,0.8464,26.58,2026-07-31T17:26:55.618Z
flip-only|EOG|1h|1785142800000|1785506400000,flip-only,EOG,NYSE:EOG,1h,Swing 1H,LONG,Swing Low,2026-07-27 05:00,1785142800000,140.27,Flip Short,2026-07-31 10:00,1785506400000,145.83,85,11922.95,54,448.28,3.7561,585.63,4.9069,127.52,1.0685,24.32,2026-07-31T17:27:02.360Z
flip-only|SPXL|1h|1784811600000|1785445200000,flip-only,SPXL,AMEX:SPXL,1h,Swing 1H,LONG,Swing Low,2026-07-23 09:00,1784811600000,262.35,Flip Short,2026-07-30 17:00,1785445200000,262.97,40,10494,88,3.79,0.0361,227.11,2.162,594.09,5.6556,21.01,2026-07-31T17:28:27.407Z
flip-only|UPRO|1h|1784811600000|1785445200000,flip-only,UPRO,AMEX:UPRO,1h,Swing 1H,LONG,Swing Low,2026-07-23 09:00,1784811600000,137.32,Flip Short,2026-07-30 17:00,1785445200000,137.75,77,10573.64,88,11.93,0.1127,234.29,2.2135,602.7,5.6944,21.18,2026-07-31T17:28:45.965Z
flip-only|URTY|1h|1784296800000|1785495600000,flip-only,URTY,AMEX:URTY,1h,Swing 1H,LONG,Swing Low,2026-07-17 10:00,1784296800000,82.03,Flip Short,2026-07-31 07:00,1785495600000,81.09,169,13863.07,137,-186.43,-1.3434,249.78,1.7999,1075.18,7.748,27.57,2026-07-31T17:28:49.612Z
flip-only|VLO|1h|1785412800000|1785441600000,flip-only,VLO,NYSE:VLO,1h,Swing 1H,LONG,Swing Low,2026-07-30 08:00,1785412800000,297.1,Flip Short,2026-07-30 16:00,1785441600000,308.5,43,12775.3,8,464.16,3.6296,702.74,5.4953,103.08,0.806,26.04,2026-07-31T17:28:53.207Z
flip-only|AME|1h|1785337200000|1785506400000,flip-only,AME,NYSE:AME,1h,Swing 1H,LONG,Swing Low,2026-07-29 11:00,1785337200000,236.57,Flip Short,2026-07-31 10:00,1785506400000,241.87,50,11828.5,20,241.08,2.0361,408.17,3.4473,140.33,1.1852,23.92,2026-07-31T17:28:57.487Z
